ts_iso_utc,ts_unix,disk_read_bytes_per_s,disk_write_bytes_per_s,disk_read_ops_per_s,disk_write_ops_per_s,disk_usage_percent_c,net_bytes_sent_per_s,net_bytes_recv_per_s,net_packets_sent_per_s,net_packets_recv_per_s
2026-03-05T21:21:39+00:00,1772745699.3298538,0.0,0.0,0.0,0.0,35.0,0.0,0.0,0.0,0.0
2026-03-05T21:21:40+00:00,1772745700.3297367,278560.6092861079,0.0,13.00152200396155,0.0,35.0,3510.4109410696187,3663.4288538854735,3.0003512316834344,8.000936617822493
2026-03-05T21:21:41+00:00,1772745701.3297067,467982.05852779734,438285.16641115374,15.0004506246516,36.00108149916384,35.0,1055.0316939338293,657.0197373597401,7.0002102915040805,5.0001502082172005
2026-03-05T21:21:42+00:00,1772745702.3297093,408574.9284696071,995325.3896552834,15.999958038440127,54.99985575713794,35.0,3367.9911670916467,5996.98427228284,7.9999790192200635,10.999971151427587
2026-03-05T21:21:43+00:00,1772745703.3301687,380753.0696265291,200611.8323838702,10.994948562174008,36.98300880003985,35.0,0.0,2704.7573462948058,0.0,1.9990815567589106
2026-03-05T21:21:44+00:00,1772745704.329998,1176776.8848785337,36870.29404319165,27.004609894915763,3.0005122105461957,35.0,0.0,704.1201987415072,0.0,4.000682947394927
2026-03-05T21:21:45+00:00,1772745705.3298068,684162.8199361775,1646906.9078703194,33.006311192888425,163.03117346790344,35.0,756.1445836916257,1043.199471944928,5.0009562413467314,8.00152998615477
2026-03-05T21:21:46+00:00,1772745706.3295934,426074.9178379691,925893.5714555866,31.006616335301423,75.01600726282602,35.0,0.0,0.0,0.0,0.0
2026-03-05T21:21:47+00:00,1772745707.3298817,97251.96730888452,0.0,11.996542020010425,0.0,35.0,0.0,0.0,0.0,0.0
2026-03-05T21:21:48+00:00,1772745708.3296292,356441.9963555671,757951.3715606887,24.00606117696438,57.0143952952904,35.0,0.0,0.0,0.0,0.0
2026-03-05T21:21:49+00:00,1772745709.3296547,360438.8049220737,892905.221284228,17.999540817530757,54.99859694245509,35.0,14850.621148952738,7849.799745423135,8.999770408765379,14.999617347942298
2026-03-05T21:21:50+00:00,1772745710.3301756,467212.6081169282,454419.27273585135,23.987503839519178,34.98177643263214,35.0,185.90315475627364,976.4913021337599,2.9984379799398972,4.997396633233162
2026-03-05T21:21:51+00:00,1772745711.3297606,245349.84146737927,0.0,19.00788992318064,0.0,35.0,0.0,0.0,0.0,0.0
2026-03-05T21:21:52+00:00,1772745712.3296573,341027.20602708095,946273.6887958642,19.001961672163976,48.00495580336162,35.0,0.0,0.0,0.0,0.0
2026-03-05T21:21:53+00:00,1772745713.3297179,1061311.7287456747,520160.4999544648,46.99715393135582,31.998062251135877,35.0,0.0,0.0,0.0,0.0
2026-03-05T21:21:54+00:00,1772745714.32977,1429941.3375165663,479206.97884550877,41.99780714040667,45.99759829663587,35.0,4885.744897333976,8421.560279440595,19.998955781146034,20.998903570203336
2026-03-05T21:21:55+00:00,1772745715.329716,3734218.099682958,65539.54706697087,581.0314460130322,1.0000541239466991,35.0,592.0320413764459,753.0407553318645,7.000378867626893,5.000270619733495
2026-03-05T21:21:56+00:00,1772745716.329711,3674130.395599915,258049.29199865626,159.00079608362145,25.00012517038073,35.0,2399.012011349735,1337.0066941119615,17.000085115858898,14.000070095413209
2026-03-05T21:21:57+00:00,1772745717.3299851,3753466.8693266567,4463416.214445445,157.95669121863807,161.95559479379347,35.0,0.0,0.0,0.0,0.0
2026-03-05T21:21:58+00:00,1772745718.32962,1690217.3641686216,2097918.2798892953,79.02886586725919,208.07600127075835,35.0,618.2258114679262,787.2875625004174,5.001826953623999,5.001826953623999
2026-03-05T21:21:59+00:00,1772745719.3300173,544551.5713697735,2587643.557185691,21.99125971080353,156.93762611800702,35.0,0.0,0.0,0.0,0.0
2026-03-05T21:22:00+00:00,1772745720.3297493,180272.30982118583,606370.4966712614,8.002144434534172,33.00884579245346,35.0,360.09649955403773,360.09649955403773,5.0013402715838575,5.0013402715838575
2026-03-05T21:22:01+00:00,1772745721.3298583,32764.430076469194,172013.25790146328,1.9997821091594967,7.999128436637987,35.0,0.0,0.0,0.0,0.0
2026-03-05T21:22:02+00:00,1772745722.3299367,0.0,0.0,0.0,0.0,35.0,89.99294097958034,89.99294097958034,0.9999215664397815,0.9999215664397815
2026-03-05T21:22:03+00:00,1772745723.3297796,0.0,16386.574623269255,0.0,2.0003142850670477,35.0,0.0,0.0,0.0,0.0
2026-03-05T21:22:04+00:00,1772745724.329694,16385.40246379006,122890.51847842544,1.0000855995965612,6.000513597579367,35.0,0.0,86.00736156530427,0.0,1.0000855995965612
2026-03-05T21:22:05+00:00,1772745725.3299189,0.0,8190.158617120756,0.0,1.9995504436329972,35.0,0.0,133.9698797234108,0.0,0.9997752218164986
2026-03-05T21:22:06+00:00,1772745726.329753,0.0,0.0,0.0,0.0,35.0,0.0,0.0,0.0,0.0
2026-03-05T21:22:07+00:00,1772745727.3297286,81921.99223594858,270342.5743786303,1.0000243192864817,8.000194554291854,35.0,0.0,688.0167316690994,0.0,4.000097277145927
2026-03-05T21:22:08+00:00,1772745728.3296883,0.0,4096.165045712644,0.0,1.0000402943634386,35.0,0.0,0.0,0.0,0.0
2026-03-05T21:22:09+00:00,1772745729.3298194,81909.2592209407,249823.24062386915,0.9998688869743738,6.999082208820617,35.0,41.994493252923704,447.9412613645195,0.9998688869743738,5.999213321846243
2026-03-05T21:22:10+00:00,1772745730.3297384,0.0,110600.96557051993,0.0,4.000324275554106,35.0,0.0,148.01199819550192,0.0,2.000162137777053
2026-03-05T21:22:11+00:00,1772745731.3300066,98277.6398828344,45043.91827963243,1.9994637020433428,3.9989274040866856,35.0,0.0,0.0,0.0,0.0
2026-03-05T21:22:12+00:00,1772745732.3297546,32776.259894063005,131105.03957625202,2.000504143924744,11.002772791586091,35.0,0.0,148.03730665043105,0.0,2.000504143924744
2026-03-05T21:22:13+00:00,1772745733.3298965,0.0,36858.77124955809,0.0,1.999716322133143,35.0,0.0,0.0,0.0,0.0
2026-03-05T21:22:14+00:00,1772745734.3296628,4096.957254912809,135199.5894121227,1.0002337048126975,3.0007011144380926,35.0,0.0,0.0,0.0,0.0
2026-03-05T21:22:15+00:00,1772745735.3298626,0.0,487326.63468745514,0.0,18.99620465767309,35.0,0.0,0.0,0.0,0.0
2026-03-05T21:22:16+00:00,1772745736.3298583,589826.531260863,1744903.4883133864,36.00015449590228,200.00085831056825,35.0,0.0,148.00063514982048,0.0,2.000008583105682
2026-03-05T21:22:17+00:00,1772745737.329792,0.0,98310.51605688663,0.0,2.0001325695167362,35.0,0.0,134.00888215762134,0.0,1.0000662847583681
2026-03-05T21:22:18+00:00,1772745738.3296072,0.0,69644.86858872324,0.0,2.0003696170933836,35.0,0.0,0.0,0.0,0.0
2026-03-05T21:22:19+00:00,1772745739.3297584,65526.095247176476,159719.85716499266,0.9998488654659496,6.9989420582616475,35.0,0.0,0.0,0.0,0.0
2026-03-05T21:22:20+00:00,1772745740.3297844,0.0,69630.19047671271,0.0,1.999948026100434,35.0,54.998570717761936,65.99828486131432,0.999974013050217,0.999974013050217
2026-03-05T21:22:21+00:00,1772745741.3298116,0.0,0.0,0.0,0.0,35.0,54.99850515613847,65.99820618736616,0.9999728210206994,0.9999728210206994
2026-03-05T21:22:22+00:00,1772745742.3297262,0.0,4096.349639218054,0.0,1.0000853611372202,35.0,0.0,0.0,0.0,0.0
2026-03-05T21:22:23+00:00,1772745743.32982,0.0,131059.71990062691,0.0,2.999718930830999,35.0,0.0,0.0,0.0,0.0
2026-03-05T21:22:24+00:00,1772745744.3300278,0.0,20475.743072519483,0.0,4.998960711064327,35.0,0.0,147.9692370475041,0.0,1.999584284425731
2026-03-05T21:22:25+00:00,1772745745.329874,0.0,32773.03983752613,0.0,1.000153803635441,35.0,0.0,0.0,0.0,0.0
2026-03-05T21:22:26+00:00,1772745746.3296406,0.0,139296.51344839716,0.0,5.001167331413615,35.0,0.0,0.0,0.0,0.0
2026-03-05T21:22:27+00:00,1772745747.3299983,0.0,69607.1065588383,0.0,1.9992849999666333,35.0,0.0,0.0,0.0,0.0
2026-03-05T21:22:28+00:00,1772745748.3297894,65549.69035929555,4096.855647455972,1.0002088983046806,1.0002088983046806,35.0,0.0,0.0,0.0,0.0
2026-03-05T21:22:29+00:00,1772745749.3297231,65540.34403792441,122888.14507110829,2.0001325695167362,5.000331423791841,35.0,0.0,0.0,0.0,0.0
2026-03-05T21:22:30+00:00,1772745750.3300877,16378.029520240676,53228.5959407822,0.9996355908350022,4.998177954175011,35.0,0.0,0.0,0.0,0.0
2026-03-05T21:22:31+00:00,1772745751.329851,0.0,69648.48925538793,0.0,2.0004736114254347,35.0,0.0,0.0,0.0,0.0
2026-03-05T21:22:32+00:00,1772745752.329659,0.0,0.0,0.0,0.0,35.0,0.0,60.01151782795227,0.0,1.0001919637992045
2026-03-05T21:22:33+00:00,1772745753.3300114,0.0,16378.228596242607,0.0,3.9985909658795427,35.0,0.0,59.978864488193146,0.0,0.9996477414698857
2026-03-05T21:22:34+00:00,1772745754.3298047,32774.77483791935,110614.8650779778,1.000206751645488,6.001240509872928,35.0,0.0,60.012405098729275,0.0,1.000206751645488
2026-03-05T21:22:35+00:00,1772745755.3296585,0.0,77835.37568600071,0.0,4.000584687808424,35.0,0.0,0.0,0.0,0.0
2026-03-05T21:22:36+00:00,1772745756.3296478,0.0,0.0,0.0,0.0,35.0,0.0,0.0,0.0,0.0
2026-03-05T21:22:37+00:00,1772745757.3296947,0.0,69628.729645791,0.0,1.9999060674916993,35.0,0.0,133.99370652194386,0.0,0.9999530337458497
2026-03-05T21:22:38+00:00,1772745758.3298612,0.0,69620.41403746649,0.0,1.9996672230430403,35.0,426.9289521196891,0.0,4.9991680576076005,0.0
2026-03-05T21:22:39+00:00,1772745759.3300643,147426.05295822135,409516.81377283705,1.9995938172501808,9.997969086250905,35.0,481.9021099572936,65.98659596925597,5.998781451750543,0.9997969086250904
2026-03-05T21:22:40+00:00,1772745760.3297925,595105.7480642303,0.0,36.00978735866281,0.0,35.0,428.1163608196579,148.04023691894713,6.001631226443802,2.000543742147934
2026-03-05T21:22:41+00:00,1772745761.3301342,0.0,49135.212766672455,0.0,4.99829231431808,35.0,481.83537910026297,0.0,5.997950777181696,0.0
2026-03-05T21:22:42+00:00,1772745762.3301265,174081.32813513288,413699.15627408045,8.000061035621915,13.000099182885611,35.0,2.0000152589054787,66.0005035438808,2.0000152589054787,1.0000076294527394
2026-03-05T21:22:43+00:00,1772745763.329795,225354.73669975981,725232.516288318,12.00398100318323,60.019905015916144,35.0,4638.538325980053,100709.39928970623,30.009952507958072,79.02620827095626
2026-03-05T21:22:44+00:00,1772745764.3295124,7287306.853774481,1393545.7129187128,209.0590646246863,41.011586840249464,35.0,12252.461639175994,39267.09397563007,51.0144128988469,65.0183693808833
2026-03-05T21:22:45+00:00,1772745765.3297234,2253860.434450987,8845493.596936872,159.96624705108638,112.97616197982975,35.0,15017.831230964803,134056.71397403072,51.98903029160307,137.970888081562
2026-03-05T21:22:46+00:00,1772745766.33003,1010890.0547479616,1167002.1897849885,48.98498089660811,65.97977018726806,35.0,16587.914041171804,107259.11368079341,55.982835310409264,115.96444457156204
2026-03-05T21:22:47+00:00,1772745767.3300493,2341842.7745550303,299002.2256974503,148.99712258173724,15.999691015488564,35.0,0.0,0.0,0.0,0.0
2026-03-05T21:22:48+00:00,1772745768.32973,360563.10705956287,1868372.4638540985,13.004151477534394,61.01948000996908,35.0,0.0,0.0,0.0,0.0
2026-03-05T21:22:49+00:00,1772745769.3301353,32754.724130863557,339830.2628577094,1.9991897052529026,26.989061020914185,35.0,0.9995948526264513,0.0,0.9995948526264513,0.0
2026-03-05T21:22:50+00:00,1772745770.3296463,0.0,155724.14856450696,0.0,4.001956942961219,35.0,1.0004892357403048,0.0,1.0004892357403048,0.0
2026-03-05T21:22:51+00:00,1772745771.330128,845928.5961103098,233359.61272008548,35.98267054688818,4.9975931315122475,35.0,0.9995186263024495,0.0,0.9995186263024495,0.0
2026-03-05T21:22:52+00:00,1772745772.3300693,16384.960993863224,143368.4086963032,1.0000586544105972,21.00123174262254,35.0,73.00428177197358,304.0178309408215,2.0001173088211943,2.0001173088211943
2026-03-05T21:22:53+00:00,1772745773.3297553,163891.46147126143,331880.2094793044,4.0012563835757184,9.002826863045366,35.0,4153.3041261515955,5318.670047868023,10.003140958939296,9.002826863045366
2026-03-05T21:22:54+00:00,1772745774.330083,343951.32597306086,917203.5359281623,14.995087802257466,61.97969624933086,35.0,378.87588513703867,6598.838305513435,7.997380161203981,35.988210725417915
2026-03-05T21:22:55+00:00,1772745775.3296576,0.0,98345.83029204393,0.0,4.001702078940589,35.0,0.0,4968.113131004742,0.0,11.004680717086622
2026-03-05T21:22:56+00:00,1772745776.3297613,114676.10670222867,425939.8248939922,2.999688896019514,27.997096362848797,35.0,0.0,2513.739294864353,0.0,3.9995851946926853
2026-03-05T21:22:57+00:00,1772745777.3299255,163813.0903579577,462771.9802612305,4.999178782896658,20.996550888165963,35.0,0.0,757.8755034871333,0.0,2.999507269737995
2026-03-05T21:22:58+00:00,1772745778.3300605,0.0,32763.578721629037,0.0,5.999190439751411,35.0,0.9998650732919018,1295.8251349863046,0.9998650732919018,3.999460293167607
2026-03-05T21:22:59+00:00,1772745779.3296485,0.0,69660.69932375704,0.0,2.0008243142163673,35.0,1.0004121571081837,254.10468790547864,1.0004121571081837,3.001236471324551
2026-03-05T21:23:00+00:00,1772745780.3298647,0.0,139233.8912765055,0.0,2.9993514033024797,35.0,0.9997838011008267,59.9870280660496,0.9997838011008267,0.9997838011008267
2026-03-05T21:23:01+00:00,1772745781.3297117,0.0,4096.6270491041005,0.0,1.0001530881601808,35.0,55.00841984880994,2919.4468643395676,2.0003061763203616,5.000765440800904
2026-03-05T21:23:02+00:00,1772745782.3297267,0.0,65535.01563978545,0.0,1.9999699597102494,35.0,0.9999849798551247,59.99909879130748,0.9999849798551247,0.9999849798551247
2026-03-05T21:23:03+00:00,1772745783.329626,16385.648603370337,147470.83743033305,1.0001006227643028,7.00070435935012,35.0,1.0001006227643028,130.01308095935937,1.0001006227643028,2.0002012455286056
2026-03-05T21:23:04+00:00,1772745784.3297608,98290.75959606844,233440.55404066254,0.999865311646204,5.999191869877224,35.0,0.0,0.0,0.0,0.0
2026-03-05T21:23:05+00:00,1772745785.3300602,65516.38087502026,69611.15467970903,1.9994012718206866,1.9994012718206866,35.0,54.983534975068885,545.8365472070475,0.9997006359103433,2.99910190773103
2026-03-05T21:23:06+00:00,1772745786.3299282,0.0,65544.65739350223,0.0,1.0001321013412816,35.0,0.0,0.0,0.0,0.0
2026-03-05T21:23:07+00:00,1772745787.3297784,0.0,53255.9738501496,0.0,4.000598997156671,35.0,0.0,0.0,0.0,0.0
2026-03-05T21:23:08+00:00,1772745788.3300261,0.0,53234.81283699569,0.0,6.998266411113465,35.0,0.0,183.95443137783965,0.0,1.9995046888895616
2026-03-05T21:23:09+00:00,1772745789.3298917,0.0,8193.101710644914,0.0,2.0002689723254186,35.0,0.0,0.0,0.0,0.0
2026-03-05T21:23:10+00:00,1772745790.3300235,0.0,65527.36051407712,0.0,0.9998681719066943,35.0,0.0,183.97574363083174,0.0,1.9997363438133886
2026-03-05T21:23:11+00:00,1772745791.3300433,69630.62209757946,114685.73051366028,2.9999406349485636,4.999901058247605,35.0,0.0,1570.9689125013977,0.0,3.9999208465980844
2026-03-05T21:23:12+00:00,1772745792.3297684,1646020.4854707117,290895.96631840826,39.0107239162148,15.004124583159538,35.0,0.0,332.0912907739311,0.0,4.0010998888425435
2026-03-05T21:23:13+00:00,1772745793.329727,0.0,102404.24822311182,0.0,3.000124459661479,35.0,0.0,0.0,0.0,0.0
2026-03-05T21:23:14+00:00,1772745794.3297782,262130.56318877087,1920925.5333677116,6.999641198430619,81.99579689590153,35.0,0.0,0.0,0.0,0.0
2026-03-05T21:23:15+00:00,1772745795.3295577,81938.07039144327,442465.58011379367,2.0004411716660955,25.005514645826196,35.0,0.0,0.0,0.0,0.0
2026-03-05T21:23:16+00:00,1772745796.3299913,16376.897611437988,376668.6450630737,0.9995665046043694,15.99306407366991,35.0,0.0,0.0,0.0,0.0
2026-03-05T21:23:17+00:00,1772745797.3299186,0.0,65540.76597157033,0.0,1.0000727229548696,35.0,7076.514587628657,7909.575165850063,28.00203624273635,33.002399857510696
2026-03-05T21:23:18+00:00,1772745798.329843,0.0,73733.57268680136,0.0,3.000226753206436,35.0,0.0,134.01012830988748,0.0,1.0000755844021452
2026-03-05T21:23:19+00:00,1772745799.3298821,0.0,12287.519550035904,0.0,2.9998827026454844,35.0,0.0,0.0,0.0,0.0
2026-03-05T21:23:20+00:00,1772745800.3300934,0.0,69617.2941220779,0.0,1.999577611502697,35.0,0.0,0.0,0.0,0.0
2026-03-05T21:23:21+00:00,1772745801.330088,0.0,0.0,0.0,0.0,35.0,0.0,0.0,0.0,0.0
2026-03-05T21:23:22+00:00,1772745802.3297431,4097.412596372212,4097.412596372212,1.0003448721611845,1.0003448721611845,35.0,0.0,0.0,0.0,0.0
2026-03-05T21:23:23+00:00,1772745803.3296597,16385.367301596536,86023.17833338182,1.0000834534665854,13.001084895065611,35.0,0.0,0.0,0.0,0.0
2026-03-05T21:23:24+00:00,1772745804.3300972,49130.50549755382,139203.09890973583,0.9995626932282272,5.997376159369363,35.0,54.97594812755249,65.97113775306299,0.9995626932282272,0.9995626932282272
2026-03-05T21:23:25+00:00,1772745805.329852,0.0,0.0,0.0,0.0,35.0,0.0,220.0539339647569,0.0,2.0004903087705173
2026-03-05T21:23:26+00:00,1772745806.329796,0.0,69635.90158578698,0.0,2.000112063010885,35.0,0.0,306.01714564066543,0.0,2.000112063010885
2026-03-05T21:23:27+00:00,1772745807.3300352,0.0,73710.37335575203,0.0,1.999521846672961,35.0,124.97011541706006,285.9316240742334,1.999521846672961,3.999043693345922
2026-03-05T21:23:28+00:00,1772745808.3300447,0.0,69631.33594383294,0.0,1.999980926695569,35.0,0.0,0.0,0.0,0.0
2026-03-05T21:23:29+00:00,1772745809.329652,0.0,4097.609030264102,0.0,1.0003928296543219,35.0,0.0,366.1437756534818,0.0,3.0011784889629656
2026-03-05T21:23:30+00:00,1772745810.3296866,0.0,4095.858403332595,0.0,0.9999654305011219,35.0,0.0,133.99536768715032,0.0,0.9999654305011219
2026-03-05T21:23:31+00:00,1772745811.3297882,0.0,61433.760399358245,0.0,1.9997968879999428,35.0,997.8986471119714,311.9683145279911,3.9995937759998856,2.9996953319999142
2026-03-05T21:23:32+00:00,1772745812.3298547,77818.82358651623,0.0,2.999800456922655,0.0,35.0,517.9655455619784,1080.9280979777966,2.999800456922655,4.9996674282044244
2026-03-05T21:23:33+00:00,1772745813.3300846,65520.940961101885,94186.35263158397,0.9997702173019697,4.998851086509848,35.0,0.0,0.0,0.0,0.0
2026-03-05T21:23:34+00:00,1772745814.3301325,65532.85952549824,225269.2046189002,0.9999520801620215,7.999616641296172,35.0,0.0,0.0,0.0,0.0
2026-03-05T21:23:35+00:00,1772745815.3298173,0.0,135210.61694803365,0.0,3.0009458662116844,35.0,108.03405118362063,231.0728316982997,2.000630577474456,3.0009458662116844
2026-03-05T21:23:36+00:00,1772745816.3296235,0.0,0.0,0.0,0.0,35.0,0.0,0.0,0.0,0.0
2026-03-05T21:23:37+00:00,1772745817.330159,32750.46251611443,786011.1003867462,1.9989295969308123,23.987155163169746,35.0,0.0,0.0,0.0,0.0
2026-03-05T21:23:38+00:00,1772745818.330005,0.0,69642.72626141664,0.0,2.000308084254844,35.0,0.0,0.0,0.0,0.0
2026-03-05T21:23:39+00:00,1772745819.3300939,131060.34478649966,352224.6766137178,0.9999110777778599,5.999466466667159,35.0,0.0,0.0,0.0,0.0
2026-03-05T21:23:40+00:00,1772745820.3297472,0.0,0.0,0.0,0.0,35.0,0.0,0.0,0.0,0.0
2026-03-05T21:23:41+00:00,1772745821.3297193,0.0,16384.45704399923,0.0,3.0000836872557186,35.0,0.0,0.0,0.0,0.0
2026-03-05T21:23:42+00:00,1772745822.3299987,0.0,20474.278942365538,0.0,3.998882605930769,35.0,0.0,0.0,0.0,0.0
2026-03-05T21:23:43+00:00,1772745823.329639,0.0,12292.422489532639,0.0,3.0010797093585544,35.0,0.0,0.0,0.0,0.0
2026-03-05T21:23:44+00:00,1772745824.329934,131033.35514728613,728873.0380067792,3.9988206526881753,22.99321875295701,35.0,0.0,0.0,0.0,0.0
2026-03-05T21:23:45+00:00,1772745825.3296313,40460.2413745652,549030.1108042265,4.001210578972033,24.0072634738322,35.0,0.0,0.0,0.0,0.0
2026-03-05T21:23:46+00:00,1772745826.3300471,32754.380662947613,311166.6162980023,1.9991687416349861,12.99459682062741,35.0,54.97714039496212,59.97506224904958,0.9995843708174931,0.9995843708174931
2026-03-05T21:23:47+00:00,1772745827.330032,0.0,315396.7373758446,0.0,33.000495679671246,35.0,0.0,0.0,0.0,0.0
2026-03-05T21:23:48+00:00,1772745828.3300004,0.0,69634.20807782993,0.0,2.0000634213531114,35.0,0.0,0.0,0.0,0.0
2026-03-05T21:23:49+00:00,1772745829.329791,0.0,196649.1648671039,0.0,6.001256252047848,35.0,0.0,0.0,0.0,0.0
2026-03-05T21:23:50+00:00,1772745830.3301077,0.0,135125.21667105219,0.0,2.9990504410301,35.0,0.0,0.0,0.0,0.0
2026-03-05T21:23:51+00:00,1772745831.3296952,0.0,0.0,0.0,0.0,35.0,42.01733064222599,60.024758060322846,1.000412634338714,1.000412634338714
2026-03-05T21:23:52+00:00,1772745832.330036,2157856.817859478,16378.41986990116,33.98842014017575,2.9989782476625657,35.0,189.93528901862916,151.94823121490333,2.9989782476625657,1.9993188317750439
2026-03-05T21:23:53+00:00,1772745833.3298438,1900909.2889458872,77838.95795252555,17.003267439259538,4.000768809237539,35.0,1921.369220636328,5339.025975927495,13.002498630022,14.002690832331385
2026-03-05T21:23:54+00:00,1772745834.330095,245698.25770291832,810804.2504196304,9.997487699500256,47.98794095760123,35.0,812.795749969371,891.7759027954229,5.998492619700154,5.998492619700154
2026-03-05T21:23:55+00:00,1772745835.3300726,0.0,0.0,0.0,0.0,35.0,0.0,0.0,0.0,0.0
2026-03-05T21:23:56+00:00,1772745836.3298187,0.0,462965.55426294566,0.0,13.003301743592482,35.0,6615.679825547745,1503.3817323553462,17.00431766469786,16.004063684421517
2026-03-05T21:23:57+00:00,1772745837.3297327,0.0,405538.90437137557,0.0,13.0011189947026,35.0,0.0,0.0,0.0,0.0
2026-03-05T21:23:58+00:00,1772745838.3297613,16383.531263410661,233465.32050360192,0.9999713905890296,6.999799734123207,35.0,0.0,0.0,0.0,0.0
2026-03-05T21:23:59+00:00,1772745839.3298728,0.0,4095.5430197398096,0.0,0.9998884325536644,35.0,0.0,133.98504996219103,0.0,0.9998884325536644
2026-03-05T21:24:00+00:00,1772745840.3296983,0.0,4096.714968528024,0.0,1.000174552863287,35.0,0.0,0.0,0.0,0.0
2026-03-05T21:24:01+00:00,1772745841.3298903,0.0,69618.63830665663,0.0,1.9996162197454226,35.0,0.0,0.0,0.0,0.0
2026-03-05T21:24:02+00:00,1772745842.3295655,0.0,0.0,0.0,0.0,35.0,0.0,0.0,0.0,0.0
2026-03-05T21:24:03+00:00,1772745843.3299916,0.0,69602.3456421703,0.0,1.9991482548877038,35.0,0.0,0.0,0.0,0.0
2026-03-05T21:24:04+00:00,1772745844.3301597,65524.98622625124,151526.530648206,0.9998319431495856,5.998991658897514,35.0,0.0,0.0,0.0,0.0
2026-03-05T21:24:05+00:00,1772745845.3298066,0.0,65559.14879879261,0.0,2.0007064452756533,35.0,54.01907402244264,60.02119335826959,1.0003532226378267,1.0003532226378267
2026-03-05T21:24:06+00:00,1772745846.3300512,0.0,0.0,0.0,0.0,35.0,0.0,0.0,0.0,0.0
2026-03-05T21:24:07+00:00,1772745847.3297613,0.0,438399.09934826073,0.0,12.0034800128211,35.0,0.0,0.0,0.0,0.0
2026-03-05T21:24:08+00:00,1772745848.329752,16384.152345166556,167937.5615379572,1.0000092984110447,7.000065088877312,35.0,0.0,0.0,0.0,0.0
2026-03-05T21:24:09+00:00,1772745849.3299596,61427.24385991049,73712.6926318926,0.9997923805323974,2.999377141597192,35.0,0.0,0.0,0.0,0.0
2026-03-05T21:24:10+00:00,1772745850.3296545,0.0,65556.00610537884,0.0,2.0006105378838757,35.0,390.1190548873558,390.1190548873558,5.001526344709689,5.001526344709689
2026-03-05T21:24:11+00:00,1772745851.329623,0.0,73730.32038552544,0.0,3.000094416728737,35.0,0.0,235.0073959770844,0.0,1.0000314722429122
2026-03-05T21:24:12+00:00,1772745852.3300126,491328.5901936587,1678706.0164950006,27.989096121058033,195.92367284740624,35.0,0.0,0.0,0.0,0.0
2026-03-05T21:24:13+00:00,1772745853.330156,0.0,24572.473162449885,0.0,5.999138955676242,35.0,0.0,234.96627576398612,0.0,0.9998564926127069
2026-03-05T21:24:14+00:00,1772745854.3300142,49158.97364552476,192539.31344497198,1.000141879181412,5.00070939590706,35.0,0.0,0.0,0.0,0.0
2026-03-05T21:24:15+00:00,1772745855.3296995,0.0,16389.15787324731,0.0,4.001259246398269,35.0,60.018888695974034,60.018888695974034,1.0003148115995673,1.0003148115995673
2026-03-05T21:24:16+00:00,1772745856.3297353,0.0,16383.414083454009,0.0,1.999928476984132,35.0,0.0,0.0,0.0,0.0
2026-03-05T21:24:17+00:00,1772745857.3300104,0.0,131035.94741932824,0.0,1.9994498812763708,35.0,0.0,234.93536104997358,0.0,0.9997249406381854
2026-03-05T21:24:18+00:00,1772745858.3298326,0.0,77837.84425921855,0.0,4.000711567599637,35.0,0.0,0.0,0.0,0.0
2026-03-05T21:24:19+00:00,1772745859.3298163,0.0,94209.52736851241,0.0,8.000129701809817,35.0,0.0,0.0,0.0,0.0
2026-03-05T21:24:20+00:00,1772745860.329857,0.0,12287.49904386127,0.0,2.9998776962551927,35.0,0.0,0.0,0.0,0.0
2026-03-05T21:24:21+00:00,1772745861.3297324,0.0,0.0,0.0,0.0,35.0,0.0,0.0,0.0,0.0
2026-03-05T21:24:22+00:00,1772745862.3297448,0.0,69631.13672945263,0.0,1.9999752047751789,35.0,0.0,0.0,0.0,0.0
2026-03-05T21:24:23+00:00,1772745863.330115,32755.871678181597,4094.4839597726996,1.9992597459827635,0.9996298729913817,35.0,0.0,0.0,0.0,0.0
2026-03-05T21:24:24+00:00,1772745864.3298213,180276.95305399,405623.14437147754,2.0005876359862174,9.002644361937978,35.0,0.0,0.0,0.0,0.0
2026-03-05T21:24:25+00:00,1772745865.3297749,0.0,0.0,0.0,0.0,35.0,0.0,0.0,0.0,0.0
2026-03-05T21:24:26+00:00,1772745866.3299835,0.0,81902.91372072563,0.0,3.9991657090198056,35.0,0.0,0.0,0.0,0.0
2026-03-05T21:24:27+00:00,1772745867.3297436,0.0,69648.7051785969,0.0,2.000479813263927,35.0,0.0,0.0,0.0,0.0
2026-03-05T21:24:28+00:00,1772745868.3297198,0.0,24576.585951470173,0.0,6.000143054558148,35.0,0.0,134.00319488513196,0.0,1.000023842426358
2026-03-05T21:24:29+00:00,1772745869.329871,49144.57143538236,184292.14288268384,0.9998488654659496,5.999093192795698,35.0,0.0,0.0,0.0,0.0
2026-03-05T21:24:30+00:00,1772745870.329682,2048.386791786932,8193.547167147728,1.000188863177213,1.000188863177213,35.0,0.0,0.0,0.0,0.0
2026-03-05T21:24:31+00:00,1772745871.3301673,0.0,16376.054636195979,0.0,2.9985451604362754,35.0,0.0,0.0,0.0,0.0
2026-03-05T21:24:32+00:00,1772745872.3302243,32766.132918890093,65532.265837780185,0.9999430212063627,0.9999430212063627,35.0,0.0,0.0,0.0,0.0
2026-03-05T21:24:33+00:00,1772745873.329681,40469.989609317694,69669.85552996464,2.001087302675914,2.001087302675914,35.0,150.0815477006936,682.3707702124868,3.0016309540138715,9.004892862041615
2026-03-05T21:24:34+00:00,1772745874.329773,0.0,90103.70779437813,0.0,5.999447873382777,35.0,107.99006172088998,469.95675008165085,1.999815957794259,5.999447873382777
2026-03-05T21:24:35+00:00,1772745875.3300967,0.0,4094.6742573639153,0.0,0.9996763323642371,35.0,0.0,0.0,0.0,0.0
2026-03-05T21:24:36+00:00,1772745876.32979,0.0,65556.09991275973,0.0,1.0003067003289754,35.0,0.0,148.04539164868837,0.0,2.000613400657951
2026-03-05T21:24:37+00:00,1772745877.329784,0.0,36864.22851704155,0.0,2.000012397842966,35.0,0.0,184.0011406015529,0.0,2.000012397842966
2026-03-05T21:24:38+00:00,1772745878.3296397,0.0,61448.86358319946,0.0,2.000288528098941,35.0,469.0676598392016,60.008655842968224,6.000865584296823,1.0001442640494704
2026-03-05T21:24:39+00:00,1772745879.3296318,65536.51562905687,811014.3809095788,1.0000078678750133,15.0001180181252,35.0,427.0033595826307,0.0,5.000039339375067,0.0
2026-03-05T21:24:40+00:00,1772745880.3297412,0.0,0.0,0.0,0.0,35.0,427.953167318392,147.98380552131312,5.999343467080262,1.9997811556934206
2026-03-05T21:24:41+00:00,1772745881.3297184,0.0,36864.84376931235,0.0,2.0000457774149494,35.0,482.0110323570028,66.00151065469333,6.000137332244848,1.0000228887074747
2026-03-05T21:24:42+00:00,1772745882.3297703,819157.4240878937,2146192.4511102815,47.997505317650024,152.99204820000944,35.0,85.99553036078962,59.99688164706252,2.9998440823531265,0.999948027451042
2026-03-05T21:24:43+00:00,1772745883.329789,0.0,69630.70510220576,0.0,1.999962807393318,35.0,0.999981403696659,0.0,0.999981403696659,0.0
2026-03-05T21:24:44+00:00,1772745884.3297644,0.0,69633.71000293024,0.0,2.0000491154334283,35.0,0.0,0.0,0.0,0.0
2026-03-05T21:24:45+00:00,1772745885.3299243,0.0,61430.17247063451,0.0,14.997600700838504,35.0,0.0,0.0,0.0,0.0
2026-03-05T21:24:46+00:00,1772745886.3296452,0.0,4097.143874043585,0.0,1.0002792661239222,35.0,108.0301607413836,1933.5398214175416,2.0005585322478443,13.003630459610989
2026-03-05T21:24:47+00:00,1772745887.3297944,0.0,0.0,0.0,0.0,35.0,0.0,1762.7369114621697,0.0,8.998656950175569
2026-03-05T21:24:48+00:00,1772745888.3299792,0.0,4095.2433038805707,0.0,0.9998152597364675,35.0,0.0,1185.7808980474504,0.0,7.99852207789174
2026-03-05T21:24:49+00:00,1772745889.3298662,49157.55531530844,163858.5177176948,1.0001130231792896,8.000904185434317,35.0,1.0001130231792896,1225.1384533946298,1.0001130231792896,5.000565115896448
2026-03-05T21:24:50+00:00,1772745890.329993,16381.922138553211,118768.93550451078,0.9998731774019294,4.999365887009647,35.0,55.99289793450805,65.99162970852734,1.9997463548038588,0.9998731774019294
2026-03-05T21:24:51+00:00,1772745891.3301628,0.0,131049.75377638607,0.0,1.999660549566438,35.0,0.999830274783219,0.0,0.999830274783219,0.0
2026-03-05T21:24:52+00:00,1772745892.330134,0.0,221190.38104345946,0.0,2.0000576989606795,35.0,1.0000288494803398,60.00173096882039,1.0000288494803398,1.0000288494803398
2026-03-05T21:24:53+00:00,1772745893.3298428,0.0,69652.2764104598,0.0,2.000582387708519,35.0,1.0002911938542596,919.2676071520644,1.0002911938542596,3.0008735815627787
2026-03-05T21:24:54+00:00,1772745894.3299704,0.0,12286.432817087854,0.0,2.9996173869843394,35.0,0.9998724623281132,0.0,0.9998724623281132,0.0
2026-03-05T21:24:55+00:00,1772745895.3297803,0.0,65548.45549178767,0.0,1.0001900557218577,35.0,0.0,0.0,0.0,0.0
2026-03-05T21:24:56+00:00,1772745896.3300457,32759.306994274943,24569.480245706207,0.9997347105186445,3.998938842074578,35.0,0.0,133.96445120949838,0.0,0.9997347105186445
2026-03-05T21:24:57+00:00,1772745897.3298807,0.0,12290.027678287834,0.0,3.0004950386444906,35.0,0.0,0.0,0.0,0.0
2026-03-05T21:24:58+00:00,1772745898.330029,0.0,69621.67535923161,0.0,1.9997034512646945,35.0,0.9998517256323473,0.0,0.9998517256323473,0.0
2026-03-05T21:24:59+00:00,1772745899.3297377,0.0,0.0,0.0,0.0,35.0,1.0002914324117678,0.0,1.0002914324117678,0.0
2026-03-05T21:25:00+00:00,1772745900.3296926,131077.90651615418,229386.33640326982,2.000090126284091,7.000315441994318,35.0,1.0000450631420454,0.0,1.0000450631420454,0.0
2026-03-05T21:25:01+00:00,1772745901.329628,0.0,53251.44065199296,0.0,13.00084000292797,35.0,1.0000646156098438,60.00387693659063,1.0000646156098438,1.0000646156098438
2026-03-05T21:25:02+00:00,1772745902.3297884,0.0,65525.486062021315,0.0,0.999839570038167,35.0,0.999839570038167,4530.273091842935,0.999839570038167,18.996951830725173
2026-03-05T21:25:03+00:00,1772745903.330005,0.0,4095.1134731689363,0.0,0.9997835627853848,35.0,0.9997835627853848,5020.913052308203,0.9997835627853848,9.99783562785385
2026-03-05T21:25:04+00:00,1772745904.329967,32769.242234591315,86019.2608658022,1.00003790999119,4.00015163996476,35.0,0.0,2542.096367197605,0.0,4.00015163996476
2026-03-05T21:25:05+00:00,1772745905.3298655,16385.664231529863,159760.22625741616,1.0001015766314614,9.000914189683153,35.0,0.0,698.07090048876,0.0,2.0002031532629228
2026-03-05T21:25:06+00:00,1772745906.3298528,0.0,65536.82813546447,0.0,1.0000126363443675,35.0,0.0,3502.044252477975,0.0,5.0000631817218375
2026-03-05T21:25:07+00:00,1772745907.3299794,0.0,4095.481510953351,0.0,0.9998734157600955,35.0,0.0,0.0,0.0,0.0
2026-03-05T21:25:08+00:00,1772745908.329729,0.0,364635.2826172705,0.0,7.001752815355331,35.0,0.0,0.0,0.0,0.0
2026-03-05T21:25:09+00:00,1772745909.329657,65540.71908978584,376859.1347662686,2.000144015191218,10.000720075956092,35.0,42.00302431901559,2766.199173009455,1.000072007595609,3.0002160227868275
2026-03-05T21:25:10+00:00,1772745910.329972,49136.52440530314,122841.31101325786,0.9996851482198719,4.99842574109936,35.0,0.0,0.0,0.0,0.0
2026-03-05T21:25:11+00:00,1772745911.3296325,0.0,8194.782194577474,0.0,2.000679246723016,35.0,0.0,204.06928316574763,0.0,2.000679246723016
2026-03-05T21:25:12+00:00,1772745912.3300219,2093265.0133498192,360307.71867928427,320.8750712892019,10.99571895383558,35.0,0.0,183.9283897732497,0.0,1.9992216279701054
2026-03-05T21:25:13+00:00,1772745913.329626,0.0,135221.51727454085,0.0,4.001583726164205,35.0,0.0,617.2442897608287,0.0,5.001979657705257
2026-03-05T21:25:14+00:00,1772745914.3297272,0.0,0.0,0.0,0.0,35.0,0.0,518.9475398643249,0.0,2.9996967622215314
2026-03-05T21:25:15+00:00,1772745915.3298495,0.0,20477.49542351907,0.0,3.9995108249060687,35.0,5543.322003319811,73203.04662825578,33.99584201170158,69.9914394358562
2026-03-05T21:25:16+00:00,1772745916.3299918,0.0,4095.417075158627,0.0,0.9998576843648992,35.0,0.0,478.9318308107867,0.0,2.999573053094698
2026-03-05T21:25:17+00:00,1772745917.3299928,65535.937500059605,0.0,0.9999990463265931,0.0,35.0,0.0,208.99980068225796,0.0,1.9999980926531862
2026-03-05T21:25:18+00:00,1772745918.3298855,32771.51600222611,176146.89851196538,2.000214599745246,16.00171679796197,35.0,0.0,266.02854176611777,0.0,2.000214599745246
2026-03-05T21:25:19+00:00,1772745919.32987,0.0,8192.12695509245,0.0,2.0000309948956176,35.0,0.0,246.00381237216095,0.0,2.0000309948956176
2026-03-05T21:25:20+00:00,1772745920.329656,65550.03425473231,229425.11989156308,1.0002141457326097,8.001713165860878,35.0,0.0,389.0833026899852,0.0,3.000642437197829
2026-03-05T21:25:21+00:00,1772745921.3299723,0.0,65515.27218289692,0.0,0.9996837186110981,35.0,0.0,122.96109738916506,0.0,0.9996837186110981
2026-03-05T21:25:22+00:00,1772745922.3297675,12290.517117072002,69646.26366340801,1.0002048435117188,2.0004096870234376,35.0,0.0,123.02519575194142,0.0,1.0002048435117188
2026-03-05T21:25:23+00:00,1772745923.329889,65528.0322188302,4095.5020136768876,0.9998784213078339,0.9998784213078339,35.0,12748.449871674882,2619.681463826525,22.99720369008018,18.997690004848845
2026-03-05T21:25:24+00:00,1772745924.3301256,0.0,8190.0629581321555,0.0,0.9997635446938666,35.0,358.9151125450981,1408.6668344736581,5.9985812681632,14.996453170408
2026-03-05T21:25:25+00:00,1772745925.3299036,0.0,73744.36886773487,0.0,3.0006660509332224,35.0,0.0,0.0,0.0,0.0
2026-03-05T21:25:26+00:00,1772745926.3299081,0.0,69631.68457174138,0.0,1.9999909401350349,35.0,0.0,0.0,0.0,0.0
2026-03-05T21:25:27+00:00,1772745927.3300376,0.0,49145.63754244195,0.0,3.9994822218784143,35.0,0.0,0.0,0.0,0.0
2026-03-05T21:25:28+00:00,1772745928.3297539,0.0,77846.08634442088,0.0,4.001135194511764,35.0,0.0,110.0312178490735,0.0,1.000283798627941
2026-03-05T21:25:29+00:00,1772745929.3300593,0.0,0.0,0.0,0.0,35.0,0.0,852.7395612292446,0.0,5.998168074297148
2026-03-05T21:25:30+00:00,1772745930.3299034,49159.665257711065,192542.02225936833,1.0001559500673638,7.001091650471547,35.0,0.0,0.0,0.0,0.0
2026-03-05T21:25:31+00:00,1772745931.3297653,0.0,69641.61363179512,0.0,2.000276126832351,35.0,0.0,404.05577762013485,0.0,3.000414190248526
2026-03-05T21:25:32+00:00,1772745932.329725,0.0,4096.165045712644,0.0,1.0000402943634386,35.0,70.00282060544069,1244.0501261881175,1.0000402943634386,10.000402943634384
2026-03-05T21:25:33+00:00,1772745933.3299043,0.0,0.0,0.0,0.0,35.0,0.0,1287.769114881899,0.0,8.998386672311407
2026-03-05T21:25:34+00:00,1772745934.329747,114706.04971523573,340021.50451302016,7.001101667189681,34.005350954921305,35.0,0.0,892.1403838761707,0.0,5.000786905135486
2026-03-05T21:25:35+00:00,1772745935.329951,81903.28466137168,286661.49631480087,3.9991838213560387,21.995511017458213,35.0,0.0,881.8200326090066,0.0,3.9991838213560387
2026-03-05T21:25:36+00:00,1772745936.3298297,0.0,65543.95409026908,0.0,1.0001213697856,35.0,2430.294928579008,5723.694599282989,9.0010923280704,13.001577807212799
2026-03-05T21:25:37+00:00,1772745937.329627,0.0,102420.75615948094,0.0,3.000608090609793,35.0,5938.203411316781,8715.76630052458,13.002635059309105,21.004256634268554
2026-03-05T21:25:38+00:00,1772745938.3297389,0.0,4095.542043395435,0.0,0.9998881941883386,35.0,6967.220937104344,623.9302331735233,4.999440970941693,8.998993747695048
2026-03-05T21:25:39+00:00,1772745939.329657,16385.33995332813,49156.01985998439,1.0000817842607501,4.0003271370430005,35.0,0.0,0.0,0.0,0.0
2026-03-05T21:25:40+00:00,1772745940.3298888,0.0,12285.153003521104,0.0,1.9995366216668462,35.0,0.0,0.0,0.0,0.0
2026-03-05T21:25:41+00:00,1772745941.3300457,0.0,593826.8407866388,0.0,16.997333468098162,35.0,0.0,611.9040048515338,0.0,1.9996862903644896
2026-03-05T21:25:42+00:00,1772745942.3301144,0.0,4095.718769310579,0.0,0.9999313401637155,35.0,0.0,887.9390300653794,0.0,1.999862680327431
2026-03-05T21:25:43+00:00,1772745943.3300383,65540.9847541181,4096.311547132381,1.0000760613116164,1.0000760613116164,35.0,0.0,480.0365094295759,0.0,2.000152122623233
2026-03-05T21:25:44+00:00,1772745944.3299785,16384.980527427764,65539.92210971106,1.000059846644761,1.000059846644761,35.0,0.0,182.0108920893465,0.0,2.000119693289522
2026-03-05T21:25:45+00:00,1772745945.329949,114691.39072524308,204806.0548665055,2.0000591295557175,9.00026608300073,35.0,74.00218779356156,246.00727293535328,1.0000295647778588,1.0000295647778588
2026-03-05T21:25:46+00:00,1772745946.329803,0.0,4096.597743468047,0.0,1.0001459334638787,35.0,0.0,0.0,0.0,0.0
2026-03-05T21:25:47+00:00,1772745947.3299959,0.0,65523.36181266154,0.0,1.9996143131305402,35.0,4883.058152664779,5404.95748839185,11.99768587878324,15.996914505044321
2026-03-05T21:25:48+00:00,1772745948.3299994,65535.76562583819,0.0,0.9999964237341032,0.0,35.0,0.0,219.9992132215027,0.0,1.9999928474682065
2026-03-05T21:25:49+00:00,1772745949.3300548,0.0,323566.1025524635,0.0,5.9996681396941165,35.0,0.0,133.9925884531686,0.0,0.9999446899490194
2026-03-05T21:25:50+00:00,1772745950.329826,0.0,127005.03886610808,0.0,12.002744348485518,35.0,0.0,0.0,0.0,0.0
2026-03-05T21:25:51+00:00,1772745951.3297653,0.0,0.0,0.0,0.0,35.0,0.0,60.00364802604834,0.0,1.000060800434139
2026-03-05T21:25:52+00:00,1772745952.329973,0.0,73712.6926318926,0.0,1.9995847610647948,35.0,0.0,0.0,0.0,0.0
2026-03-05T21:25:53+00:00,1772745953.3298144,0.0,69643.0417897201,0.0,2.000317146993339,35.0,0.0,60.009514409800175,0.0,1.0001585734966696
2026-03-05T21:25:54+00:00,1772745954.3297665,0.0,4096.196298469542,0.0,1.0000479244310405,35.0,0.0,0.0,0.0,0.0
2026-03-05T21:25:55+00:00,1772745955.329734,65538.12506890521,155653.04703864985,1.0000324259781679,5.000162129890839,35.0,0.0,0.0,0.0,0.0
2026-03-05T21:25:56+00:00,1772745956.3296392,32771.10967007844,159759.1596416324,1.0000948995995618,8.000759196796494,35.0,0.0,0.0,0.0,0.0
2026-03-05T21:25:57+00:00,1772745957.3297062,12287.176812962427,86010.23769073699,0.999933008867385,4.999665044336925,35.0,0.0,279.9812424828678,0.0,2.999799026602155
2026-03-05T21:25:58+00:00,1772745958.3296235,0.0,4096.338895224724,0.0,1.0000827380919737,35.0,0.0,220.01820238023421,0.0,2.0001654761839474
2026-03-05T21:25:59+00:00,1772745959.329924,0.0,0.0,0.0,0.0,35.0,0.0,403.87857559113013,0.0,3.9987977781300015
2026-03-05T21:26:00+00:00,1772745960.3298388,0.0,28674.447474526376,0.0,3.0002560834116605,35.0,55.00469486254711,568.048485125941,1.0000853611372202,6.000512166823321
2026-03-05T21:26:01+00:00,1772745961.3300712,0.0,4095.0480728456914,0.0,0.9997675959095926,35.0,0.0,607.8586983130324,0.0,5.998605575457556
2026-03-05T21:26:02+00:00,1772745962.329709,0.0,69657.22690956011,0.0,2.0007245780549203,35.0,0.0,0.0,0.0,0.0
2026-03-05T21:26:03+00:00,1772745963.329944,0.0,65520.61298852117,0.0,0.9997652128375423,35.0,0.0,239.94365108101016,0.0,1.9995304256750845
2026-03-05T21:26:04+00:00,1772745964.330098,0.0,4095.3692377739903,0.0,0.9998460053159156,35.0,0.0,0.0,0.0,0.0
2026-03-05T21:26:05+00:00,1772745965.3297486,81948.62327888097,180286.97121353814,1.0003494052597774,6.002096431558664,35.0,5002.747375704147,0.0,27.00943394201399,0.0
2026-03-05T21:26:06+00:00,1772745966.3299446,0.0,65523.15876662584,0.0,0.9998040583286414,35.0,2992.4135465776235,0.0,17.996473049915544,0.0
2026-03-05T21:26:07+00:00,1772745967.3297188,0.0,53260.02517601053,0.0,13.002935833986946,35.0,1651.3728509163423,0.0,9.0020325004525,0.0
2026-03-05T21:26:08+00:00,1772745968.3298676,0.0,69621.64216596805,0.0,1.9997024978736226,35.0,5000.256095932993,0.0,26.995983721293907,0.0
2026-03-05T21:26:09+00:00,1772745969.330034,0.0,4095.3184727921466,0.0,0.9998336115215202,35.0,2992.5019992839098,183.9693845199597,17.99700500738736,1.9996672230430403
2026-03-05T21:26:10+00:00,1772745970.3300176,49152.8086070523,122882.02151763075,1.000016451152594,5.00008225576297,35.0,1651.0271608529326,184.0030270120773,9.000148060373347,2.000032902305188
2026-03-05T21:26:11+00:00,1772745971.3299923,0.0,536589.5608895908,0.0,16.000404368129498,35.0,5001.126390313476,182.00459968747302,27.000682371218527,2.0000505460161873
2026-03-05T21:26:12+00:00,1772745972.3296957,0.0,8194.430408341403,0.0,2.0005933614114753,35.0,2993.8879653522727,184.05458924985572,18.005340252703277,2.0005933614114753
2026-03-05T21:26:13+00:00,1772745973.3297384,0.0,69629.02844712924,0.0,1.9999146497911662,35.0,1650.9295434026076,0.0,8.999615924060247,0.0
2026-03-05T21:26:14+00:00,1772745974.3300478,0.0,65515.72502444226,0.0,0.9996906284247171,35.0,0.0,0.0,0.0,0.0
2026-03-05T21:26:15+00:00,1772745975.3297384,0.0,86042.6273809291,0.0,6.001857378692041,35.0,0.0,0.0,0.0,0.0
2026-03-05T21:26:16+00:00,1772745976.3299227,163809.81025139705,348095.84678421874,5.998894418386123,18.996498991556056,35.0,154.9714391416415,226.95817216227496,1.9996314727953741,0.9998157363976871
2026-03-05T21:26:17+00:00,1772745977.3296542,131107.196948949,270408.5937072073,4.001074125639312,14.003759439737593,35.0,9507.552391050416,11175.000032910599,27.00725034806536,26.00698181665553
2026-03-05T21:26:18+00:00,1772745978.3296404,0.0,65536.90626253205,0.0,1.0000138284688118,35.0,108.00149347463167,216.00298694926335,2.0000276569376236,3.0000414854064354
2026-03-05T21:26:19+00:00,1772745979.3297565,0.0,73719.4404469734,0.0,2.9996517108957277,35.0,0.0,0.0,0.0,0.0
2026-03-05T21:26:20+00:00,1772745980.3300173,49139.18303054919,257980.71091038323,0.9997392380889727,7.9979139047117815,35.0,0.0,0.0,0.0,0.0
2026-03-05T21:26:21+00:00,1772745981.3296714,315501.1461570439,549053.9426629075,8.00276852062307,15.005190976168256,35.0,0.0,0.0,0.0,0.0
2026-03-05T21:26:22+00:00,1772745982.329795,374737.71958285716,540605.2348080563,17.997777259678717,52.99345526460956,35.0,41.99481360591701,59.99259086559573,0.9998765144265954,0.9998765144265954
2026-03-05T21:26:23+00:00,1772745983.3296268,278574.82427671313,761984.0781686566,10.001681133556165,49.00823755442521,35.0,510.0857378113644,68.01143170818192,47.007901327713974,3.0005043400668496
2026-03-05T21:26:24+00:00,1772745984.329769,294870.0997039262,896896.5532661089,10.998437149872464,49.99289613578393,35.0,0.9998579227156785,0.0,0.9998579227156785,0.0
2026-03-05T21:26:25+00:00,1772745985.32966,65543.14140310793,147472.06815699284,1.0001089691636342,5.000544845818172,35.0,1.0001089691636342,0.0,1.0001089691636342,0.0
2026-03-05T21:26:26+00:00,1772745986.3297503,180207.71631515422,483284.33011791355,10.999006122751112,43.99602449100445,35.0,0.9999096475228283,0.0,0.9999096475228283,0.0
2026-03-05T21:26:27+00:00,1772745987.3301456,65510.103986642396,192435.93046076203,3.9984194327784666,22.990911738476182,35.0,2.9988145745838497,1.9992097163892333,2.9988145745838497,1.9992097163892333
2026-03-05T21:26:28+00:00,1772745988.3297813,131119.7674018359,286824.49119151605,9.00327992718905,27.009839781567152,35.0,1.000364436354339,0.0,1.000364436354339,0.0
2026-03-05T21:26:29+00:00,1772745989.3298676,0.0,65530.344238134814,0.0,0.9999136999227114,35.0,0.9999136999227114,0.0,0.9999136999227114,0.0
2026-03-05T21:26:30+00:00,1772745990.3300438,114667.79652842652,282574.2128736225,6.99876687795572,26.995243672114924,35.0,0.9998238397079601,219.96124473575122,0.9998238397079601,1.9996476794159201
2026-03-05T21:26:31+00:00,1772745991.330047,65535.796875629574,196607.39062688872,3.999987602272313,19.999938011361564,35.0,0.9999969005680782,219.9993181249772,0.9999969005680782,1.9999938011361564
2026-03-05T21:26:32+00:00,1772745992.329656,16390.408755865006,86049.64596829128,1.0003911594155888,13.005085072402654,35.0,145.05671811526037,608.237824924678,3.0011734782467663,4.001564637662355
2026-03-05T21:26:33+00:00,1772745993.3296714,0.0,65534.984390739104,0.0,0.9999845030325181,35.0,0.9999845030325181,219.99659066715398,0.9999845030325181,1.9999690060650361
2026-03-05T21:26:34+00:00,1772745994.329755,98295.77412588162,4095.657255245068,3.9996652883252617,0.9999163220813154,35.0,0.9999163220813154,0.0,0.9999163220813154,0.0
2026-03-05T21:26:35+00:00,1772745995.3299775,118757.58302474926,184279.0081418523,4.998888024681323,10.99755365429891,35.0,0.9997776049362647,0.0,0.9997776049362647,0.0
2026-03-05T21:26:36+00:00,1772745996.3298867,0.0,0.0,0.0,0.0,35.0,1.0000908457308348,0.0,1.0000908457308348,0.0
2026-03-05T21:26:37+00:00,1772745997.329718,0.0,4096.690546087285,0.0,1.000168590353341,35.0,1.000168590353341,0.0,1.000168590353341,0.0
2026-03-05T21:26:38+00:00,1772745998.329766,65532.85952549824,479209.0352802059,0.9999520801620215,23.998849923888518,35.0,427.9794903093452,441.9788194316135,5.999712480972129,3.999808320648086
2026-03-05T21:26:39+00:00,1772745999.3298569,0.0,69625.67537920011,0.0,3.9996366830882413,35.0,427.96112509044184,249.9772926930151,5.999455024632362,1.9998183415441206
2026-03-05T21:26:40+00:00,1772746000.3298328,0.0,4096.098635187663,0.0,1.000024080856363,35.0,428.01030660652333,0.0,6.000144485138177,0.0
2026-03-05T21:26:41+00:00,1772746001.3299608,0.0,4095.4756530700447,0.0,0.9998719856128039,35.0,427.94520984228006,0.0,5.999231913676823,0.0
2026-03-05T21:26:42+00:00,1772746002.3297513,0.0,69646.59583228506,0.0,2.000419227719585,35.0,1.0002096138597925,250.0524034649481,1.0002096138597925,2.000419227719585
2026-03-05T21:26:43+00:00,1772746003.3297265,0.0,135171.35164560584,0.0,3.0000743884411807,35.0,1.0000247961470603,2512.062287921415,1.0000247961470603,13.000322349911784
2026-03-05T21:26:44+00:00,1772746004.3296769,0.0,65539.25016117895,0.0,1.0000495935238487,35.0,1.0000495935238487,6276.311248955675,1.0000495935238487,14.000694309333882
2026-03-05T21:26:45+00:00,1772746005.329721,65533.109502492436,393198.6570149546,0.9999558945082464,9.999558945082464,35.0,235.98959110394617,3076.864287401874,3.9998235780329856,8.999603050574217
2026-03-05T21:26:46+00:00,1772746006.3298712,49144.61829625925,147433.85488877774,2.999549456558792,12.9980476450881,35.0,0.0,697.8951735593456,0.0,1.9996996377058613
2026-03-05T21:26:47+00:00,1772746007.3297234,0.0,4096.605558263332,0.0,1.0001478413728837,35.0,0.0,3958.5851561538734,0.0,13.001921937847486
2026-03-05T21:26:48+00:00,1772746008.3296468,0.0,0.0,0.0,0.0,35.0,55.004209602184844,586.044851397824,1.0000765382215426,8.000612305772341
2026-03-05T21:26:49+00:00,1772746009.3299265,0.0,4094.8548124563667,0.0,0.9997204131973552,35.0,0.0,0.0,0.0,0.0
2026-03-05T21:26:50+00:00,1772746010.329918,0.0,73728.63281793152,0.0,3.000025749427552,35.0,0.0,2706.023225983652,0.0,2.000017166285035
2026-03-05T21:26:51+00:00,1772746011.3299792,65531.98462103662,65531.98462103662,0.9999387301793918,0.9999387301793918,35.0,0.0,191.98823619444323,0.0,1.9998774603587837
2026-03-05T21:26:52+00:00,1772746012.329726,0.0,69649.63532464857,0.0,2.0005065293155035,35.0,0.0,70.01772852604262,0.0,1.0002532646577518
2026-03-05T21:26:53+00:00,1772746013.3298187,0.0,4095.6201524163985,0.0,0.9999072637735348,35.0,41.99610507848846,59.99443582641209,0.9999072637735348,0.9999072637735348
2026-03-05T21:26:54+00:00,1772746014.3297403,0.0,69637.46234252708,0.0,3.000235337597387,35.0,5988.469733844384,11832.928171484093,27.00211803837648,26.002039592510684
2026-03-05T21:26:55+00:00,1772746015.3296278,262173.50332011393,282655.8082669978,6.000675277407392,19.002138378456742,35.0,1817.2044965082055,2785.313441263265,17.001913285987612,18.002025832222177
2026-03-05T21:26:56+00:00,1772746016.3299813,229294.92710282956,348036.94292393775,7.997172401744893,31.988689606979573,35.0,5284.131664452938,2999.939297204553,19.992931004362234,19.992931004362234
2026-03-05T21:26:57+00:00,1772746017.3299372,0.0,409618.06720314804,0.0,25.00110273456714,35.0,143.00630764172405,694.0306119115838,2.000088218765371,9.000396984444171
2026-03-05T21:26:58+00:00,1772746018.3297827,0.0,454726.2530412604,0.0,16.0024723057876,35.0,0.0,250.03862977793125,0.0,2.00030903822345
2026-03-05T21:26:59+00:00,1772746019.3300118,0.0,65520.98781459574,0.0,0.9997709322295493,35.0,2955.3228756705475,605.8611849311069,2.9993127966886477,5.998625593377295
2026-03-05T21:27:00+00:00,1772746020.329986,0.0,40961.054714658065,0.0,3.000077249608745,35.0,60.0015449921749,120.0030899843498,1.0000257498695817,2.0000514997391634
2026-03-05T21:27:01+00:00,1772746021.3301208,0.0,520121.93619586213,0.0,24.9966327911551,35.0,0.0,0.0,0.0,0.0
2026-03-05T21:27:02+00:00,1772746022.330084,81923.00792294029,290826.678126438,2.0000734356186594,12.000440613711955,35.0,0.0,167.00613187415806,0.0,1.0000367178093297
2026-03-05T21:27:03+00:00,1772746023.3298502,0.0,0.0,0.0,0.0,35.0,0.0,148.03462361473228,0.0,2.000467886685571
2026-03-05T21:27:04+00:00,1772746024.329755,81927.79371015796,286747.27798555285,1.0000951380634515,7.000665966444161,35.0,0.0,0.0,0.0,0.0
2026-03-05T21:27:05+00:00,1772746025.329647,81928.84861193209,192532.7942380404,1.000108015282374,6.000648091694245,35.0,0.0,0.0,0.0,0.0
2026-03-05T21:27:06+00:00,1772746026.3297393,0.0,0.0,0.0,0.0,35.0,0.0,0.0,0.0,0.0
2026-03-05T21:27:07+00:00,1772746027.3297174,0.0,4096.089845720722,0.0,1.0000219349904107,35.0,0.0,250.00548374760265,0.0,2.0000438699808214
2026-03-05T21:27:08+00:00,1772746028.329975,0.0,4094.9455840037526,0.0,0.9997425742196662,35.0,0.0,249.93564355491654,0.0,1.9994851484393323
2026-03-05T21:27:09+00:00,1772746029.3298519,0.0,69640.56746025312,0.0,2.00024607824716,35.0,0.0,0.0,0.0,0.0
2026-03-05T21:27:10+00:00,1772746030.3299904,0.0,4095.4326957711596,0.0,0.9998614979910058,35.0,0.0,0.0,0.0,0.0
2026-03-05T21:27:11+00:00,1772746031.3297403,0.0,4097.024670333667,0.0,1.0002501636556804,35.0,0.0,148.0370242210407,0.0,2.000500327311361
2026-03-05T21:27:12+00:00,1772746032.3299763,147421.20352566472,720725.8839032496,7.998112170446219,88.97899789621418,35.0,0.0,0.0,0.0,0.0
2026-03-05T21:27:13+00:00,1772746033.330183,0.0,69617.60941997358,0.0,1.999586667623322,35.0,0.0,133.9723067307626,0.0,0.999793333811661
2026-03-05T21:27:14+00:00,1772746034.3297067,0.0,0.0,0.0,0.0,35.0,0.0,1008.4804000471339,0.0,6.002859524090083
2026-03-05T21:27:15+00:00,1772746035.3297346,65534.17192599407,217081.94450485538,0.9999721058043529,7.999776846434823,35.0,0.0,1007.9718826507878,0.0,5.9998326348261175
2026-03-05T21:27:16+00:00,1772746036.3298495,0.0,4095.529350960931,0.0,0.999885095449446,35.0,0.0,921.8940580043893,0.0,4.999425477247231
2026-03-05T21:27:17+00:00,1772746037.330025,0.0,4095.281376101301,0.0,0.9998245547122316,35.0,0.0,0.0,0.0,0.0
2026-03-05T21:27:18+00:00,1772746038.329721,0.0,0.0,0.0,0.0,35.0,0.0,612.1860945869919,0.0,2.0006081522450714
2026-03-05T21:27:19+00:00,1772746039.330146,0.0,4094.259528937317,0.0,0.9995750803069622,35.0,0.0,0.0,0.0,0.0
2026-03-05T21:27:20+00:00,1772746040.3296583,0.0,86057.97946214188,0.0,5.002440212410591,35.0,208.1015128362806,225.1098095584766,2.0009760849642366,1.0004880424821183
2026-03-05T21:27:21+00:00,1772746041.3297613,0.0,65529.25069515698,0.0,0.9998970137810819,35.0,0.0,0.0,0.0,0.0
2026-03-05T21:27:22+00:00,1772746042.3300445,0.0,4094.8401722610843,0.0,0.9997168389309288,35.0,0.0,611.8267054257284,0.0,1.9994336778618576
2026-03-05T21:27:23+00:00,1772746043.3299074,0.0,4096.561600427686,0.0,1.0001371094794156,35.0,108.01480782377688,1108.1519173031925,2.000274218958831,5.000685547397078
2026-03-05T21:27:24+00:00,1772746044.3299975,0.0,4095.630892639776,0.0,0.9999098858983828,35.0,0.0,0.0,0.0,0.0
2026-03-05T21:27:25+00:00,1772746045.3296368,49169.73686692229,192581.46939544566,1.0003608574813292,6.002165144887975,35.0,0.0,0.0,0.0,0.0
2026-03-05T21:27:26+00:00,1772746046.3298361,0.0,147426.61523191122,0.0,5.998804330725553,35.0,0.0,0.0,0.0,0.0
2026-03-05T21:27:27+00:00,1772746047.3297825,0.0,20481.098691750918,0.0,4.000214588232601,35.0,0.0,148.00793976460625,0.0,2.0001072941163005
2026-03-05T21:27:28+00:00,1772746048.3297231,0.0,184330.94303245904,0.0,21.001246764765842,35.0,0.0,480.0284974803621,0.0,2.0001187395015085
2026-03-05T21:27:29+00:00,1772746049.3301575,0.0,0.0,0.0,0.0,35.0,0.0,0.0,0.0,0.0
2026-03-05T21:27:30+00:00,1772746050.3296814,65567.21798856811,163918.04497142028,1.0004763487025163,6.002858092215098,35.0,0.0,134.06383072613718,0.0,1.0004763487025163
2026-03-05T21:27:31+00:00,1772746051.3296998,0.0,307194.36045509455,0.0,3.9999265684257104,35.0,0.0,0.0,0.0,0.0
2026-03-05T21:27:32+00:00,1772746052.3297527,0.0,290800.6082365445,0.0,12.99931196039791,35.0,41.99777710282402,59.996824432605735,0.9999470738767622,0.9999470738767622
2026-03-05T21:27:33+00:00,1772746053.3299212,0.0,0.0,0.0,0.0,35.0,0.0,0.0,0.0,0.0
2026-03-05T21:27:34+00:00,1772746054.329731,0.0,4096.7794451707,0.0,1.0001902942311278,35.0,0.0,0.0,0.0,0.0
2026-03-05T21:27:35+00:00,1772746055.3299158,0.0,77809.62277373084,0.0,3.99926103894587,35.0,0.0,0.0,0.0,0.0
2026-03-05T21:27:36+00:00,1772746056.329632,0.0,0.0,0.0,0.0,35.0,0.0,0.0,0.0,0.0
2026-03-05T21:27:37+00:00,1772746057.3297086,0.0,4095.6865474267665,0.0,0.9999234734928629,35.0,69.9946431445004,219.98316416842982,0.9999234734928629,2.9997704204785887
2026-03-05T21:27:38+00:00,1772746058.3300352,0.0,4094.662546232143,0.0,0.9996734732012068,35.0,0.0,0.0,0.0,0.0
2026-03-05T21:27:39+00:00,1772746059.3297253,0.0,4097.269924855784,0.0,1.000310040247994,35.0,55.01705221363967,66.02046265636761,1.000310040247994,1.000310040247994
2026-03-05T21:27:40+00:00,1772746060.329638,49156.2894368014,253974.16209014057,1.0000872688151328,7.000610881705929,35.0,0.0,0.0,0.0,0.0
2026-03-05T21:27:41+00:00,1772746061.3297439,16382.265808577775,57337.93033002221,0.9998941533555771,5.999364920133462,35.0,0.0,0.0,0.0,0.0
2026-03-05T21:27:42+00:00,1772746062.3297238,0.0,77825.55862496483,0.0,4.000080110246959,35.0,0.0,0.0,0.0,0.0
2026-03-05T21:27:43+00:00,1772746063.3297582,0.0,16383.437519311243,0.0,2.9998970067098223,35.0,0.0,0.0,0.0,0.0
2026-03-05T21:27:44+00:00,1772746064.329945,0.0,0.0,0.0,0.0,35.0,54.98972131216318,315.9409442662466,0.9998131147666032,2.9994393442998097
2026-03-05T21:27:45+00:00,1772746065.3297267,163875.78906602488,385108.1043051585,4.000873756494748,22.004805660721114,35.0,74.01616449515285,528.1153358573068,1.000218439123687,3.0006553173710615
2026-03-05T21:27:46+00:00,1772746066.3301957,16376.320007930852,327526.400158617,0.9995312504840608,5.997187502904365,35.0,0.0,0.0,0.0,0.0
2026-03-05T21:27:47+00:00,1772746067.3301654,0.0,4096.124027192939,0.0,1.0000302800764012,35.0,0.0,0.0,0.0,0.0
2026-03-05T21:27:48+00:00,1772746068.3296556,0.0,65569.42328715036,0.0,1.0005099988884028,35.0,0.0,250.1274997221007,0.0,2.0010199977768055
2026-03-05T21:27:49+00:00,1772746069.329637,16384.304693166272,94209.75198570607,1.0000185969950117,9.000167372955106,35.0,0.0,0.0,0.0,0.0
2026-03-05T21:27:50+00:00,1772746070.3300824,65506.82549333059,163767.06373332647,0.9995548323567289,5.997328994140374,35.0,0.0,279.8753530598841,0.0,2.998664497070187
2026-03-05T21:27:51+00:00,1772746071.3301163,0.0,0.0,0.0,0.0,35.0,0.0,219.9925520557423,0.0,1.9999322914158388
2026-03-05T21:27:52+00:00,1772746072.3302379,81910.04027353776,184297.59061545995,0.9998784213078339,3.9995136852313355,35.0,0.0,0.0,0.0,0.0
2026-03-05T21:27:53+00:00,1772746073.3300855,0.0,81932.48237043254,0.0,4.000609490743777,35.0,0.0,3552.5412277804735,0.0,17.00259033566105
2026-03-05T21:27:54+00:00,1772746074.3297744,0.0,69653.67178193937,0.0,2.0006224661632404,35.0,0.0,3311.0301815001626,0.0,10.0031123308162
2026-03-05T21:27:55+00:00,1772746075.3297262,0.0,4096.197275125879,0.0,1.000048162872529,35.0,0.0,2736.1317736192395,0.0,3.0001444886175874
2026-03-05T21:27:56+00:00,1772746076.329646,0.0,4096.328151287754,0.0,1.0000801150604868,35.0,0.0,698.0559203122199,0.0,2.0001602301209735
2026-03-05T21:27:57+00:00,1772746077.329833,0.0,69618.98680742811,0.0,1.9996262295332063,35.0,0.0,3325.3784197137225,0.0,5.9988786885996195
2026-03-05T21:27:58+00:00,1772746078.3297536,0.0,4096.325221132907,0.0,1.0000793996906512,35.0,0.0,130.01032195978465,0.0,2.0001587993813024
2026-03-05T21:27:59+00:00,1772746079.3300536,0.0,0.0,0.0,0.0,35.0,0.0,147.95562358511208,0.0,1.9994003187177307
2026-03-05T21:28:00+00:00,1772746080.329842,49162.39672992216,225327.6516788099,1.0002115220117627,8.001692176094101,35.0,0.0,2706.5723785638297,0.0,2.0004230440235253
2026-03-05T21:28:01+00:00,1772746081.3299396,0.0,557001.684983931,0.0,23.997659911417063,35.0,0.0,0.0,0.0,0.0
2026-03-05T21:28:02+00:00,1772746082.3296776,0.0,151591.72036854865,0.0,6.001572544151789,35.0,0.0,70.01834634843753,0.0,1.0002620906919648
2026-03-05T21:28:03+00:00,1772746083.3297372,0.0,65532.09398281677,0.0,1.9998807978154531,35.0,0.0,219.98688775969984,0.0,1.9998807978154531
2026-03-05T21:28:04+00:00,1772746084.3300421,0.0,69610.7730744452,0.0,1.9993903111915554,35.0,0.0,0.0,0.0,0.0
2026-03-05T21:28:05+00:00,1772746085.329765,49165.6209610836,127011.1874827993,1.000277119162671,6.0016627149760255,35.0,0.0,0.0,0.0,0.0
2026-03-05T21:28:06+00:00,1772746086.3300722,0.0,0.0,0.0,0.0,35.0,0.0,939.7114304727438,0.0,1.9993860222824336
2026-03-05T21:28:07+00:00,1772746087.3297458,16389.34940226834,122920.12051701255,1.0003265016032923,6.001959009619753,35.0,0.0,0.0,0.0,0.0
2026-03-05T21:28:08+00:00,1772746088.3299272,0.0,4095.2569707501552,0.0,0.9998185963745496,35.0,0.0,85.98439928821126,0.0,0.9998185963745496
2026-03-05T21:28:09+00:00,1772746089.3301783,0.0,69614.52294238607,0.0,1.9994980164977616,35.0,0.0,0.0,0.0,0.0
2026-03-05T21:28:10+00:00,1772746090.329605,0.0,8196.698005200506,0.0,2.0011469739259047,35.0,0.0,0.0,0.0,0.0
2026-03-05T21:28:11+00:00,1772746091.3297243,0.0,4095.511776950723,0.0,0.9998808049196101,35.0,0.0,0.0,0.0,0.0
2026-03-05T21:28:12+00:00,1772746092.3300142,0.0,4094.8128441766457,0.0,0.9997101670353139,35.0,0.0,133.96116238273206,0.0,0.9997101670353139
2026-03-05T21:28:13+00:00,1772746093.3301313,0.0,94196.97297055041,0.0,5.999297701079552,35.0,0.0,0.0,0.0,0.0
2026-03-05T21:28:14+00:00,1772746094.3297548,0.0,0.0,0.0,0.0,35.0,0.0,0.0,0.0,0.0
2026-03-05T21:28:15+00:00,1772746095.3297772,65534.53128291593,155644.51179692533,0.9999775891558217,6.999843124090751,35.0,0.0,0.0,0.0,0.0
2026-03-05T21:28:16+00:00,1772746096.3299494,0.0,69620.015734825,0.0,1.9996557828247072,35.0,0.0,0.0,0.0,0.0
2026-03-05T21:28:17+00:00,1772746097.3295186,0.0,49173.184908182404,0.0,12.00517209672422,35.0,0.0,0.0,0.0,0.0
2026-03-05T21:28:18+00:00,1772746098.3297307,0.0,0.0,0.0,0.0,35.0,0.0,0.0,0.0,0.0
2026-03-05T21:28:19+00:00,1772746099.3297884,0.0,4095.763685509707,0.0,0.9999423060326433,35.0,0.0,0.0,0.0,0.0
2026-03-05T21:28:20+00:00,1772746100.330086,0.0,16379.126450107162,0.0,3.998810168483194,35.0,0.0,0.0,0.0,0.0
2026-03-05T21:28:21+00:00,1772746101.3296533,0.0,65564.37165225716,0.0,1.0004329170571467,35.0,0.0,0.0,0.0,0.0
2026-03-05T21:28:22+00:00,1772746102.3297677,0.0,4095.531303638042,0.0,0.9998855721772564,35.0,2896.6685025975116,310.96441294712673,4.999427860886281,1.9997711443545128
2026-03-05T21:28:23+00:00,1772746103.3296235,0.0,69642.04539429273,0.0,2.000288528098941,35.0,1900.2741016939938,4840.698237999437,6.000865584296823,12.001731168593645
2026-03-05T21:28:24+00:00,1772746104.330031,0.0,4094.331734434569,0.0,0.9995927086021897,35.0,54.977598973120436,737.699418948416,0.9995927086021897,4.997963543010949
2026-03-05T21:28:25+00:00,1772746105.3297122,49167.672964752644,188476.07969821847,1.0003188672841927,6.001913203705157,35.0,0.0,948.3022861854148,0.0,4.001275469136771
2026-03-05T21:28:26+00:00,1772746106.32987,0.0,4095.3536176455304,0.0,0.9998421918079908,35.0,89.98579726271917,701.8892186492095,0.9998421918079908,2.9995265754239724
2026-03-05T21:28:27+00:00,1772746107.3299072,0.0,4095.847661915956,0.0,0.9999628080849502,35.0,42.99840074765286,59.99776848509701,1.9999256161699004,0.9999628080849502
2026-03-05T21:28:28+00:00,1772746108.3298419,0.0,69636.5491253043,0.0,2.0001306619170585,35.0,0.0,612.0399825466199,0.0,2.0001306619170585
2026-03-05T21:28:29+00:00,1772746109.3302069,0.0,0.0,0.0,0.0,35.0,56.97920151769552,65.97591754680535,2.9989053430366064,0.9996351143455355
2026-03-05T21:28:30+00:00,1772746110.3298757,0.0,12292.07068399908,0.0,3.000993819335713,35.0,1.0003312731119043,0.0,1.0003312731119043,0.0
2026-03-05T21:28:31+00:00,1772746111.3296373,0.0,4096.976795386168,0.0,1.0002384754360762,35.0,300.0715426308229,300.0715426308229,4.000953901744305,4.000953901744305
2026-03-05T21:28:32+00:00,1772746112.3300586,16377.100562883707,605952.7208266972,0.99957889177757,26.98863007799439,35.0,59.9747335066542,671.7170152745271,0.99957889177757,2.9987366753327103
2026-03-05T21:28:33+00:00,1772746113.3297234,0.0,0.0,0.0,0.0,35.0,0.0,940.3152091942136,0.0,2.000670657860029
2026-03-05T21:28:34+00:00,1772746114.3297899,0.0,12287.182671555194,0.0,1.9998669712817698,35.0,0.0,212.98583244150848,0.0,0.9999334856408849
2026-03-05T21:28:35+00:00,1772746115.329736,49154.648580212386,126982.84216554866,1.000053885502368,6.000323313014207,35.0,0.0,827.0445633104582,0.0,4.000215542009472
2026-03-05T21:28:36+00:00,1772746116.3296428,0.0,65542.1099445792,0.0,1.0000932303555177,35.0,1.0000932303555177,213.01985806572526,1.0000932303555177,1.0000932303555177
2026-03-05T21:28:37+00:00,1772746117.3298204,0.0,65524.36144226206,0.0,1.99964481940497,35.0,0.999822409702485,212.9621732666293,0.999822409702485,0.999822409702485
2026-03-05T21:28:38+00:00,1772746118.3298924,0.0,69626.98668909547,0.0,1.9998560055461705,35.0,427.9691851868805,0.0,5.999568016638511,0.0
2026-03-05T21:28:39+00:00,1772746119.3299277,0.0,4095.8554738497423,0.0,0.9999647152953473,35.0,427.9848981464086,0.0,5.9997882917720835,0.0
2026-03-05T21:28:40+00:00,1772746120.329714,0.0,8193.75037392021,0.0,2.0004273373828636,35.0,428.09145019993286,0.0,6.001282012148591,0.0
2026-03-05T21:28:41+00:00,1772746121.3298008,0.0,69625.95755563969,0.0,1.9998264463361581,35.0,427.96285951593785,0.0,5.999479339008475,0.0
2026-03-05T21:28:42+00:00,1772746122.3296456,0.0,69642.8092949035,0.0,2.000310469178065,35.0,0.0,0.0,0.0,0.0
2026-03-05T21:28:43+00:00,1772746123.3298573,0.0,225232.31478320897,0.0,7.998306632926455,35.0,0.0,0.0,0.0,0.0
2026-03-05T21:28:44+00:00,1772746124.3296263,0.0,65551.1441237106,0.0,1.0002310809892365,35.0,0.0,310.07163510666334,0.0,3.0006932429677096
2026-03-05T21:28:45+00:00,1772746125.3296766,49149.52746813398,135161.20053736845,0.9999496962104081,7.999597569683265,35.0,0.9999496962104081,249.98742405260202,0.9999496962104081,1.9998993924208162
2026-03-05T21:28:46+00:00,1772746126.3296502,0.0,69633.8428222068,0.0,2.000052930325333,35.0,1.0000264651626665,60.00158790976,1.0000264651626665,1.0000264651626665
2026-03-05T21:28:47+00:00,1772746127.3298793,0.0,69616.04955300798,0.0,1.9995418644590985,35.0,0.9997709322295493,0.0,0.9997709322295493,0.0
2026-03-05T21:28:48+00:00,1772746128.3300755,32761.57157387607,81903.92893469018,0.9998038200035422,3.9992152800141687,35.0,0.9998038200035422,0.0,0.9998038200035422,0.0
2026-03-05T21:28:49+00:00,1772746129.330113,0.0,4095.846685426328,0.0,0.9999625696841621,35.0,0.9999625696841621,249.99064242104052,0.9999625696841621,1.9999251393683242
2026-03-05T21:28:50+00:00,1772746130.330011,0.0,16385.672045620806,0.0,3.000306160697169,35.0,1.000102053565723,0.0,1.000102053565723,0.0
2026-03-05T21:28:51+00:00,1772746131.3297231,0.0,0.0,0.0,0.0,35.0,0.0,0.0,0.0,0.0
2026-03-05T21:28:52+00:00,1772746132.3299592,0.0,73710.60176283236,0.0,3.9990560852231094,35.0,0.0,0.0,0.0,0.0
2026-03-05T21:28:53+00:00,1772746133.329722,0.0,4096.971910250353,0.0,1.0002372827759651,35.0,0.0,0.0,0.0,0.0
2026-03-05T21:28:54+00:00,1772746134.3300452,0.0,4094.6762092257236,0.0,0.9996768088929989,35.0,0.0,426.8619973973106,0.0,3.9987072355719957
2026-03-05T21:28:55+00:00,1772746135.3298736,65547.25193152206,122901.09737160386,2.0003433816992815,5.0008584542482035,35.0,0.0,202.03468155162744,0.0,2.0003433816992815
2026-03-05T21:28:56+00:00,1772746136.3298154,0.0,4096.238295112612,0.0,1.0000581775177275,35.0,0.0,0.0,0.0,0.0
2026-03-05T21:28:57+00:00,1772746137.3301346,0.0,4094.6928001262263,0.0,0.999680859405817,35.0,0.0,249.92021485145423,0.0,1.999361718811634
2026-03-05T21:28:58+00:00,1772746138.3301466,0.0,4095.95117245707,0.0,0.9999880792131518,35.0,0.0,201.99759200105666,0.0,1.9999761584263036
2026-03-05T21:28:59+00:00,1772746139.3298764,0.0,65553.70790840632,0.0,1.00027020123911,35.0,0.0,0.0,0.0,0.0
2026-03-05T21:29:00+00:00,1772746140.3299263,0.0,16383.183634429075,0.0,2.999850518999464,35.0,0.0,0.0,0.0,0.0
2026-03-05T21:29:01+00:00,1772746141.3296561,8194.21348855079,4097.106744275395,1.00027020123911,1.00027020123911,35.0,0.0,0.0,0.0,0.0
2026-03-05T21:29:02+00:00,1772746142.32995,0.0,217024.20137207705,0.0,4.998530581424976,35.0,0.0,0.0,0.0,0.0
2026-03-05T21:29:03+00:00,1772746143.3299694,0.0,65534.73439944116,0.0,0.9999806884680352,35.0,41.99918891565748,359.99304784849267,0.9999806884680352,4.999903442340176
2026-03-05T21:29:04+00:00,1772746144.3299584,0.0,352259.86332362005,0.0,21.000230314873335,35.0,0.0,148.00162317148826,0.0,2.0000219347498414
2026-03-05T21:29:05+00:00,1772746145.3296843,49165.480258535696,127010.82400121722,1.0002742565620055,6.001645539372033,35.0,0.0,0.0,0.0,0.0
2026-03-05T21:29:06+00:00,1772746146.3298547,0.0,0.0,0.0,0.0,35.0,53.990796227621374,207.9645484323194,0.9998295597707663,2.999488679312299
2026-03-05T21:29:07+00:00,1772746147.3301275,0.0,102372.07792826892,0.0,2.9991819705547536,35.0,0.0,2966.1909688786513,0.0,16.99536449981027
2026-03-05T21:29:08+00:00,1772746148.3299947,0.0,16386.176070230274,0.0,3.000398450359547,35.0,0.0,3531.468976073187,0.0,9.00119535107864
2026-03-05T21:29:09+00:00,1772746149.3298252,36870.25008292412,69643.80571219,2.00033908870031,2.00033908870031,35.0,0.0,5122.868406161494,0.0,7.0011868104510855
2026-03-05T21:29:10+00:00,1772746150.32983,0.0,73727.64843917637,0.0,2.9999856949534656,35.0,0.0,845.9959659768773,0.0,3.999980926604621
2026-03-05T21:29:11+00:00,1772746151.32971,385070.1793661645,94219.29920661471,28.00335829000947,3.000359816786729,35.0,0.0,3294.3950788318284,0.0,5.000599694644548
2026-03-05T21:29:12+00:00,1772746152.32992,4095.1398291136147,1019689.8174492901,0.9997899973421911,2.9993699920265735,35.0,0.0,249.94749933554777,0.0,3.9991599893687644
2026-03-05T21:29:13+00:00,1772746153.3300805,49144.114546515986,159718.37227617696,1.999679140076334,11.998074840458004,35.0,0.0,0.0,0.0,0.0
2026-03-05T21:29:14+00:00,1772746154.3296738,0.0,0.0,0.0,0.0,35.0,0.0,2707.1010919720898,0.0,2.0008138152047965
2026-03-05T21:29:15+00:00,1772746155.329876,65522.752678329656,266186.1827557142,1.9995957238259783,15.996765790607826,35.0,0.0,0.0,0.0,0.0
2026-03-05T21:29:16+00:00,1772746156.3297393,0.0,8193.119293535994,0.0,2.000273265023436,35.0,0.0,70.00956427582027,0.0,1.000136632511718
2026-03-05T21:29:17+00:00,1772746157.3298814,0.0,12286.254154330258,0.0,2.9995737681470356,35.0,0.0,0.0,0.0,0.0
2026-03-05T21:29:18+00:00,1772746158.3297207,0.0,114706.43264951844,0.0,5.000803599745328,35.0,0.0,148.0237865524617,0.0,2.0003214398981313
2026-03-05T21:29:19+00:00,1772746159.329996,0.0,126941.04380569563,0.0,7.997797618806429,35.0,0.0,0.0,0.0,0.0
2026-03-05T21:29:20+00:00,1772746160.3297226,0.0,28679.842965097658,0.0,6.001641245486396,35.0,0.0,1102.301442087668,0.0,3.000820622743198
2026-03-05T21:29:21+00:00,1772746161.3299026,0.0,65524.205248126425,0.0,0.9998200263691166,35.0,0.0,0.0,0.0,0.0
2026-03-05T21:29:22+00:00,1772746162.3299844,0.0,4095.6650664525523,0.0,0.9999182291143927,35.0,0.0,0.0,0.0,0.0
2026-03-05T21:29:23+00:00,1772746163.3298485,0.0,69641.46417679328,0.0,2.00027183412205,35.0,0.0,250.03397926525622,0.0,2.00027183412205
2026-03-05T21:29:24+00:00,1772746164.3297336,131087.06423114764,327717.66057786904,1.0001149309627353,15.001723964441029,35.0,0.0,310.0356285984479,0.0,3.0003447928882054
2026-03-05T21:29:25+00:00,1772746165.3299532,49141.20940068769,192469.7368193601,0.9997804646949806,5.998682788169884,35.0,0.0,59.98682788169884,0.0,0.9997804646949806
2026-03-05T21:29:26+00:00,1772746166.3298452,8192.884861193208,69639.52132014227,1.000108015282374,2.000216030564748,35.0,0.0,60.00648091694245,0.0,1.000108015282374
2026-03-05T21:29:27+00:00,1772746167.3297873,0.0,4096.237318436713,0.0,1.0000579390714632,35.0,42.00243344100146,250.0144847678658,1.0000579390714632,2.0001158781429265
2026-03-05T21:29:28+00:00,1772746168.3300881,16379.071795319154,7284592.180968193,0.9996992062572726,17.994585712630904,35.0,5440916.913812344,0.0,40.987667456548174,0.0
2026-03-05T21:29:29+00:00,1772746169.3300726,0.0,0.0,0.0,0.0,35.0,7605901.870240585,0.0,7.000108482134661,0.0
2026-03-05T21:29:30+00:00,1772746170.3298395,0.0,16387.8212035029,0.0,3.0006996832585875,35.0,7362508.740977448,0.0,7.0016325942700375,0.0
2026-03-05T21:29:31+00:00,1772746171.3301754,81892.48971033053,196541.97530479325,0.9996641810343081,5.997985086205849,35.0,5685636.014184955,0.0,5.997985086205849,0.0
2026-03-05T21:29:32+00:00,1772746172.3299918,0.0,4096.752091195636,0.0,1.0001836160145596,35.0,5481410.289940656,310.05692096451344,5.000918080072798,3.000550848043679
2026-03-05T21:29:33+00:00,1772746173.3300986,0.0,0.0,0.0,0.0,35.0,5385960.717330608,369.96048395709687,4.999465999420228,3.9995727995361823
2026-03-05T21:29:34+00:00,1772746174.3299959,0.0,528438.3014783709,0.0,15.001541534519523,35.0,6254700.723086273,208.0213759453374,16.001644303487492,3.000308306903905
2026-03-05T21:29:35+00:00,1772746175.3296793,147502.70228687214,413827.02586039127,2.000633440305883,12.003800641835298,35.0,8080710.5135369245,0.0,12.003800641835298,0.0
2026-03-05T21:29:36+00:00,1772746176.3296113,0.0,0.0,0.0,0.0,35.0,5058341.7107533375,194.0131830590181,32.00217452519886,2.000135907824929
2026-03-05T21:29:37+00:00,1772746177.3298464,0.0,69615.63470653995,0.0,1.9995299490619243,35.0,5698318.435205194,85.97978780966274,7.998119796247697,0.9997649745309621
2026-03-05T21:29:38+00:00,1772746178.3299992,131051.97181083423,282580.8142171113,0.9998471970431079,3.9993887881724315,35.0,8705131.62686233,0.0,7.998777576344863,0.0
2026-03-05T21:29:39+00:00,1772746179.3299396,0.0,4096.244155177783,0.0,1.000059608197701,35.0,7530532.854735776,422.02515465942975,7.000417257383906,3.0001788245931027
2026-03-05T21:29:40+00:00,1772746180.3297257,81937.52327880409,188456.3035412494,1.000213907211964,5.00106953605982,35.0,6509844.204821521,1370.2930528803906,7.001497350483747,8.001711257695712
2026-03-05T21:29:41+00:00,1772746181.329754,32767.07033887617,163835.35169438084,1.9999432579880474,15.99954606390438,35.0,4435618.153480466,1003.9715155099998,3.999886515976095,3.999886515976095
2026-03-05T21:29:42+00:00,1772746182.3298419,0.0,4095.640656528091,0.0,0.9999122696601784,35.0,6942042.918780778,1153.8987591878458,16.998508584223032,5.999473617961071
2026-03-05T21:29:43+00:00,1772746183.3299112,0.0,303082.9721620323,0.0,2.999791875020115,35.0,8351858.549669754,623.956710004184,36.99743312524809,5.99958375004023
2026-03-05T21:29:44+00:00,1772746184.3297231,0.0,0.0,0.0,0.0,35.0,9112292.133857159,1040.1956735578626,24.00451554364298,5.000940738258954
2026-03-05T21:29:45+00:00,1772746185.3295853,114703.80686577997,348207.9851282606,2.00027564986363,10.001378249318147,35.0,8700090.924196765,0.0,12.001653899181777,0.0
2026-03-05T21:29:46+00:00,1772746186.3296695,0.0,12286.965907343556,0.0,2.999747535972548,35.0,8242760.274801015,0.0,10.99907429856601,0.0
2026-03-05T21:29:47+00:00,1772746187.3298225,0.0,69621.3434280203,0.0,1.9996939173948842,35.0,8167783.800396,969.8515499365188,54.99158272835932,2.9995408760923263
2026-03-05T21:29:48+00:00,1772746188.3298442,0.0,0.0,0.0,0.0,35.0,8871295.527567623,611.9867222805673,43.999045392720525,1.9999566087600238
2026-03-05T21:29:49+00:00,1772746189.3298805,0.0,151546.5080115276,0.0,2.9998912850677177,35.0,9511289.314451266,0.0,86.99684726696383,0.0
2026-03-05T21:29:50+00:00,1772746190.3297307,0.0,12289.840119265295,0.0,3.0004492478675036,35.0,8700194.652893547,0.0,15.002246239337516,0.0
2026-03-05T21:29:51+00:00,1772746191.329613,0.0,65543.71965921203,0.0,1.0001177926515508,35.0,5241809.373902966,0.0,9.001060133863957,0.0
2026-03-05T21:29:52+00:00,1772746192.3300517,0.0,4094.203912925772,0.0,0.9995615021791435,35.0,7803777.559374511,545.7605801898123,11.994738026149722,2.9986845065374306
2026-03-05T21:29:53+00:00,1772746193.329803,0.0,86037.39496873674,0.0,2.00049746486088,35.0,8399970.82560041,0.0,48.01193915666113,0.0
2026-03-05T21:29:54+00:00,1772746194.3303034,0.0,4093.951220604885,0.0,0.9994998097179895,35.0,7697313.95160665,0.0,15.991996955487831,0.0
2026-03-05T21:29:55+00:00,1772746195.3299317,0.0,57365.32237853721,0.0,2.0007436655460804,35.0,8085699.410523655,0.0,12.00446199327648,0.0
2026-03-05T21:29:56+00:00,1772746196.3299894,0.0,86011.03739570385,0.0,1.9998846120652867,35.0,8910337.897595592,0.0,29.9982691809793,0.0
2026-03-05T21:29:57+00:00,1772746197.3300426,65532.51581024511,200693.32966887567,1.9998936709669528,16.9990962032191,35.0,8382160.342804803,85.99542785157898,26.998564558053864,0.9999468354834764
2026-03-05T21:29:58+00:00,1772746198.3302364,0.0,204760.3104275757,0.0,11.997674439115762,35.0,10195841.696112886,65.98720941513669,68.98662802491563,0.9998062032596469
2026-03-05T21:29:59+00:00,1772746199.3296509,0.0,0.0,0.0,0.0,35.0,9227585.268198656,3457.024281414784,57.03339624910063,5.0029294955351435
2026-03-05T21:30:00+00:00,1772746200.3297071,1159102.7810134126,569311.9666461638,9.99943736381105,9.99943736381105,35.0,10853456.31091085,3772.787717365909,79.9954989104884,15.99909978209768
2026-03-05T21:30:01+00:00,1772746201.3299658,131038.1025187414,712519.6824456564,2.9992241482255877,5.998448296451175,35.0,10221544.848274142,3242.1613042318604,53.986034668060576,13.996379358386076
2026-03-05T21:30:02+00:00,1772746202.329979,2401248.5123757883,471033.8233231824,102.99864937646015,94.99875427925936,35.0,9373763.081639888,1385.9818255900366,19.99973774300197,9.999868871500984
2026-03-05T21:30:03+00:00,1772746203.329979,0.0,81920.0,0.0,1.0,35.0,11322839.0,15716.0,63.0,18.0
2026-03-05T21:30:04+00:00,1772746204.3297555,90132.13535757782,204845.7621763132,5.001117240632647,6.001340688759176,35.0,10022149.93034094,2310.516165172283,32.00715034004894,11.002457929391824
2026-03-05T21:30:05+00:00,1772746205.3301108,32756.363508789993,343941.81684229494,0.9996448824703977,12.99538347211517,35.0,9106812.862259682,942.665124169585,20.992542531878353,7.997159059763182
2026-03-05T21:30:06+00:00,1772746206.3299177,770196.739661962,512098.8960518365,17.003283657971135,10.001931563512432,35.0,11771875.373377904,3061.5912515911555,33.006374159591026,12.002317876214917
2026-03-05T21:30:07+00:00,1772746207.32995,16383.468767225184,114684.28137057628,0.999967576124584,1.999935152249168,35.0,9283194.99308227,2067.9329474256397,53.998249110727535,4.99983788062292
2026-03-05T21:30:08+00:00,1772746208.3295689,0.0,4097.562118966157,0.0,1.000381376700722,35.0,10416435.071166705,382.14568589967575,43.01639919813104,4.001525506802888
2026-03-05T21:30:09+00:00,1772746209.3298018,98281.10689510428,159706.79870454446,1.9995342385885475,4.998835596471369,35.0,10036444.161363209,249.94177982356842,11.997205431531285,1.9995342385885475
2026-03-05T21:30:10+00:00,1772746210.3299875,114666.70317416842,331714.39132527297,0.9998143064153916,5.998885838492349,35.0,10515253.022317795,0.0,76.98570159398516,0.0
2026-03-05T21:30:11+00:00,1772746211.330063,0.0,8191.380906165301,0.0,1.999848854044263,35.0,8091166.480240289,0.0,11.999093124265578,0.0
2026-03-05T21:30:12+00:00,1772746212.3296402,45075.064704128534,86052.3962533363,5.0021156676279,10.0042313352558,35.0,10528953.268789968,0.0,12.00507760230696,0.0
2026-03-05T21:30:13+00:00,1772746213.3300068,49133.983169051644,323465.3891962567,2.9989003399079373,57.97873990488679,35.0,7652981.74515437,0.0,46.98277199189102,0.0
2026-03-05T21:30:14+00:00,1772746214.3297129,159790.9737698217,147499.36040291234,3.000882169655606,2.000588113103737,35.0,6979801.853104801,1008.2964090042835,30.008821696556055,5.0014702827593425
2026-03-05T21:30:15+00:00,1772746215.3297439,131067.93762591091,155643.1759307692,1.9999380130906816,6.999783045817385,35.0,7128653.05156691,4675.855074606014,7.999752052362727,18.999411124361476
2026-03-05T21:30:16+00:00,1772746216.3301232,85983.38444217503,12283.340634596432,7.996966558982053,1.9992416397455133,35.0,5413528.518928143,3779.566319938893,9.996208198727565,10.995829018600322
2026-03-05T21:30:17+00:00,1772746217.329793,57362.94180164224,4097.352985831589,1.0003303188065402,1.0003303188065402,35.0,5223975.007387455,4434.464303269393,19.006276057324264,15.004954782098103
2026-03-05T21:30:18+00:00,1772746218.329866,36861.31074307266,114679.63342289272,0.999927049236997,1.999854098473994,35.0,9493997.355120024,1229.9102705615064,35.997373772531894,12.99905164008096
2026-03-05T21:30:19+00:00,1772746219.3296106,49164.55398686408,180270.03128516828,1.0002554115166031,8.002043292132825,35.0,7066904.507905953,9795.501244982093,26.006640699431678,15.003831172749045
2026-03-05T21:30:20+00:00,1772746220.3298712,64495.19310043841,126942.91975324386,1.9994789527665677,8.997655287449556,35.0,8828853.275820144,10384.29394119317,23.993747433198813,10.997134240216123
2026-03-05T21:30:21+00:00,1772746221.3297174,118802.26941103223,81932.59959381534,6.0009228218126465,5.0007690181772055,35.0,7506669.375492857,21680.334001405456,49.007536378136614,24.003691287250586
2026-03-05T21:30:22+00:00,1772746222.329887,0.0,0.0,0.0,0.0,35.0,7611025.812318669,17932.96008333701,19.99661026241861,21.99627128866047
2026-03-05T21:30:23+00:00,1772746223.3296602,53260.075980247784,151586.37009762833,4.000907149958517,3.0006803624688883,35.0,8147289.284343102,68258.47665865478,15.00340181234444,47.01065901201258
2026-03-05T21:30:24+00:00,1772746224.3300571,0.0,36849.37201776276,0.0,1.9992063811720249,35.0,8213487.517041236,45250.03723144761,23.9904765740643,31.987302098752398
2026-03-05T21:30:25+00:00,1772746225.3301508,1245067.3390559556,131059.71990062691,20.998032515816995,4.999531551384999,35.0,6494837.443463497,31179.078567057408,13.998688343877996,21.997938826093993
2026-03-05T21:30:26+00:00,1772746226.3298757,0.0,307284.544745597,0.0,14.003852950645696,35.0,7593258.171392867,574.1579709764735,11.003027318364476,4.001100843041628
2026-03-05T21:30:27+00:00,1772746227.3300626,0.0,376761.57566372864,0.0,9.998131147666033,35.0,8697413.278066158,59.98878688599619,12.997570491965842,0.9998131147666032
2026-03-05T21:30:28+00:00,1772746228.3297293,0.0,4097.365689571862,0.0,1.0003334203056304,35.0,9828583.957196275,1054.3514250021346,10.003334203056305,3.0010002609168915
2026-03-05T21:30:29+00:00,1772746229.3297222,0.0,0.0,0.0,0.0,35.0,10558161.517856011,134.00095844954336,14.000100136519455,1.0000071526085326
2026-03-05T21:30:30+00:00,1772746230.3296926,49153.45316796132,262151.750229127,1.0000295647778588,20.000591295557175,35.0,7500026.730068809,0.0,10.000295647778588,0.0
2026-03-05T21:30:31+00:00,1772746231.3297892,0.0,12286.813591121578,0.0,1.999806899596611,35.0,5576761.510560089,0.0,5.999420698789833,0.0
2026-03-05T21:30:32+00:00,1772746232.3296099,0.0,98321.62816056651,0.0,4.000717291689718,35.0,7861545.502558213,132.0236706257607,17.0030484896813,2.000358645844859
2026-03-05T21:30:33+00:00,1772746233.3299508,0.0,0.0,0.0,0.0,35.0,7672812.04244883,0.0,25.991138618415754,0.0
2026-03-05T21:30:34+00:00,1772746234.3300357,114678.26645115456,356321.75647323026,6.9994059113253515,35.99694468681609,35.0,7546097.509774809,0.0,9.99915130189336,0.0
2026-03-05T21:30:35+00:00,1772746235.329721,0.0,106529.52617610752,0.0,12.003777739194808,35.0,7387340.8886997895,0.0,8.002518492796538,0.0
2026-03-05T21:30:36+00:00,1772746236.3300934,0.0,94172.92907638138,0.0,2.9988831864506635,35.0,10009041.534638142,0.0,14.994415932253318,0.0
2026-03-05T21:30:37+00:00,1772746237.3296425,0.0,0.0,0.0,0.0,35.0,4351408.830639538,0.0,5.00225526445033,0.0
2026-03-05T21:30:38+00:00,1772746238.3300724,0.0,4094.2400143752293,0.0,0.9995703160095775,35.0,7693808.672482375,0.0,12.994414108124507,0.0
2026-03-05T21:30:39+00:00,1772746239.3297827,49166.24240697014,110624.0454156828,1.0002897625115994,4.001159050046398,35.0,7666176.727139347,0.0,16.00463620018559,0.0
2026-03-05T21:30:40+00:00,1772746240.3297293,49154.62514019761,204810.93808415672,1.0000534086140465,6.000320451684279,35.0,8289468.705390455,0.0,29.001548849807346,0.0
2026-03-05T21:30:41+00:00,1772746241.3301687,0.0,221086.85323369273,0.0,1.9991215751021116,35.0,10487287.828663772,479.7891780245068,36.98374913938906,1.9991215751021116
2026-03-05T21:30:42+00:00,1772746242.3301005,0.0,8192.558631841828,0.0,2.000136384727009,35.0,9176427.719625428,0.0,51.003477810538726,0.0
2026-03-05T21:30:43+00:00,1772746243.3297536,0.0,16389.68556606737,0.0,3.0010410582398745,35.0,7944647.990702265,134.04650060138107,8.002776155306332,1.0003470194132915
2026-03-05T21:30:44+00:00,1772746244.3299243,0.0,81906.01801183308,0.0,0.9998293214335092,35.0,8978963.221816344,0.0,24.99573303583773,0.0
2026-03-05T21:30:45+00:00,1772746245.3297398,0.0,8193.51199776799,0.0,2.0003691400800756,35.0,9354391.221753512,0.0,41.00756737164155,0.0
2026-03-05T21:30:46+00:00,1772746246.3299525,0.0,118758.74365250158,0.0,9.997873758460868,35.0,8698557.083322925,0.0,11.997448510153042,0.0
2026-03-05T21:30:47+00:00,1772746247.329699,0.0,4097.038349095604,0.0,1.0002535031971689,35.0,7720053.56226556,0.0,8.002028025577351,0.0
2026-03-05T21:30:48+00:00,1772746248.3299828,0.0,81896.76440485912,0.0,0.9997163623640029,35.0,8738805.642587023,0.0,8.997447261276026,0.0
2026-03-05T21:30:49+00:00,1772746249.3296492,0.0,4097.366666785916,0.0,1.0003336588832803,35.0,5289615.338459612,0.0,21.007006836548886,0.0
2026-03-05T21:30:50+00:00,1772746250.3297033,65532.453316950094,176118.4682893034,1.9998917638229399,8.99951293720323,35.0,7784346.703236191,65.99642820615702,8.99951293720323,0.9999458819114699
2026-03-05T21:30:51+00:00,1772746251.329767,0.0,4095.7392744097074,0.0,0.9999363462914325,35.0,6556164.6492401725,0.0,5.999618077748594,0.0
2026-03-05T21:30:52+00:00,1772746252.3297627,0.0,81920.35156400874,0.0,1.000004291552841,35.0,5421381.266044328,0.0,5.0000214577642055,0.0
2026-03-05T21:30:53+00:00,1772746253.3298235,49149.011900416706,65532.015867222275,2.999817620875043,2.999817620875043,35.0,6333693.932071524,565.9655911384248,22.998601760041996,2.999817620875043
2026-03-05T21:30:54+00:00,1772746254.329938,0.0,49146.3756436565,0.0,5.999313433063538,35.0,8697896.604728159,0.0,52.99393532539459,0.0
2026-03-05T21:30:55+00:00,1772746255.3298876,0.0,155655.83047204724,0.0,4.000201235404174,35.0,6738877.008104494,134.00674138603983,6.0003018531062615,1.0000503088510435
2026-03-05T21:30:56+00:00,1772746256.3300433,0.0,634781.1726127347,0.0,14.997665053539285,35.0,9976668.759057125,0.0,8.998599032123572,0.0
2026-03-05T21:30:57+00:00,1772746257.3296287,0.0,4097.69894658759,0.0,1.000414781881736,35.0,8787319.309659839,0.0,8.003318255053887,0.0
2026-03-05T21:30:58+00:00,1772746258.3296318,0.0,86015.73339926382,0.0,1.9999938011361564,35.0,7648194.294868986,0.0,7.999975204544626,0.0
2026-03-05T21:30:59+00:00,1772746259.3299735,0.0,0.0,0.0,0.0,35.0,8287280.618887218,0.0,7.997267702908929,0.0
2026-03-05T21:31:00+00:00,1772746260.3299375,49153.76959495755,126980.57145364034,1.0000360025015778,6.0002160150094666,35.0,6405412.602575061,0.0,35.001260087555224,0.0
2026-03-05T21:31:01+00:00,1772746261.329998,0.0,86010.79133105323,0.0,1.9998788906959923,35.0,5723811.375604295,219.98667797655915,22.99860724300391,1.9998788906959923
2026-03-05T21:31:02+00:00,1772746262.3298614,0.0,16386.238587071988,0.0,4.000546530046872,35.0,7325180.721109675,220.030059152578,7.000956427582026,2.000273265023436
2026-03-05T21:31:03+00:00,1772746263.329894,0.0,0.0,0.0,0.0,35.0,8698797.868161216,310.98984203139344,38.998726171139374,1.9999346754430447
2026-03-05T21:31:04+00:00,1772746264.3296752,0.0,4096.896680629925,0.0,1.0002189161694153,35.0,8164449.938916189,5197.137488416282,11.002408077863569,8.001751329355322
2026-03-05T21:31:05+00:00,1772746265.329588,81927.14906133567,290841.37916774163,2.0001745376302655,11.00095995696646,35.0,7434922.780283351,7460.65102536089,14.001221763411857,12.001047225781592
2026-03-05T21:31:06+00:00,1772746266.3298433,0.0,4094.9543685606172,0.0,0.9997447188868694,35.0,8900220.361677323,430.8899738402407,16.995660221076783,5.998468313321217
2026-03-05T21:31:07+00:00,1772746267.329554,0.0,0.0,0.0,0.0,35.0,9882670.085349448,0.0,9.002603568584608,0.0
2026-03-05T21:31:08+00:00,1772746268.3299391,0.0,4094.4234586034668,0.0,0.999615102198112,35.0,7533239.35627928,0.0,6.997305715386784,0.0
2026-03-05T21:31:09+00:00,1772746269.330046,0.0,86006.81348122607,0.0,2.999679599652137,35.0,7385507.142730726,59.993591993042735,7.9991455990723646,0.9998931998840456
2026-03-05T21:31:10+00:00,1772746270.3297896,0.0,8194.100147642783,0.0,2.0005127313581013,35.0,6295090.431504695,66.01692013481734,7.001794559753355,1.0002563656790506
2026-03-05T21:31:11+00:00,1772746271.3298717,0.0,4095.6640900499874,0.0,0.9999179907348602,35.0,8890440.841682067,0.0,16.998605842492623,0.0
2026-03-05T21:31:12+00:00,1772746272.329946,0.0,40956.9533516298,0.0,9.999256189362745,35.0,6583344.287423688,279.9791733021569,18.998586759789216,2.9997768568088237
2026-03-05T21:31:13+00:00,1772746273.3299258,90113.82620888419,86017.74319938944,3.000060797969777,2.000040531979851,35.0,7236514.652160986,220.00445851778363,6.000121595939554,2.000040531979851
2026-03-05T21:31:14+00:00,1772746274.329635,0.0,0.0,0.0,0.0,35.0,8480590.755085278,0.0,6.00174573178119,0.0
2026-03-05T21:31:15+00:00,1772746275.3296819,0.0,8191.615252446,0.0,1.9999060674916993,35.0,4569999.354167755,133.99370652194386,4.999765168729248,0.9999530337458497
2026-03-05T21:31:16+00:00,1772746276.3300507,49133.87777783339,225196.9398150697,0.9996313024461545,9.996313024461546,35.0,10187938.346615264,219.918886538154,26.990045166046173,1.999262604892309
2026-03-05T21:31:17+00:00,1772746277.3298645,0.0,12290.288512069685,0.0,2.0003724791780084,35.0,5855452.313972762,2306.429468492244,6.001117437534026,12.002234875068051
2026-03-05T21:31:18+00:00,1772746278.3301246,0.0,0.0,0.0,0.0,35.0,5701203.033455491,6439.325037094242,25.99323877727842,16.995579200528198
2026-03-05T21:31:19+00:00,1772746279.3299718,0.0,77835.89537261339,0.0,15.002292745029822,35.0,10214453.037158208,120.01834196023857,24.003668392047715,2.00030569933731
2026-03-05T21:31:20+00:00,1772746280.3299978,0.0,12287.680672361066,0.0,1.999948026100434,35.0,8706235.745609218,2732.928977666243,9.99974013050217,2.999922039150651
2026-03-05T21:31:21+00:00,1772746281.3300533,0.0,159735.12646950068,0.0,4.999722257784351,35.0,8707492.28549039,0.0,5.999666709341222,0.0
2026-03-05T21:31:22+00:00,1772746282.3297188,0.0,65557.92921034864,0.0,1.000334613195017,35.0,8710889.803671492,2181.7297913783323,7.002342292365119,4.001338452780068
2026-03-05T21:31:23+00:00,1772746283.3297396,0.0,4095.9150408247588,0.0,0.9999792580138571,35.0,9700958.77867371,0.0,46.99902512665128,0.0
2026-03-05T21:31:24+00:00,1772746284.3300295,0.0,85991.06972770956,0.0,1.9994203340706278,35.0,7712555.998962703,2705.215711997559,6.997971169247197,1.9994203340706278
2026-03-05T21:31:25+00:00,1772746285.3300824,16383.132858396872,57340.96500438905,0.9999470738767622,3.9997882955070487,35.0,10039764.60605656,219.98835625288768,26.99857099467258,1.9998941477535244
2026-03-05T21:31:26+00:00,1772746286.3297896,65555.19311932338,221248.7767777164,1.0002928637592068,7.002050046314448,35.0,9970598.171942508,66.01932900810765,31.00907877653541,1.0002928637592068
2026-03-05T21:31:27+00:00,1772746287.3298852,0.0,610245.6569451249,0.0,6.999330823025695,35.0,10894388.432731265,69.99330823025696,40.99608053486479,0.9999044032893851
2026-03-05T21:31:28+00:00,1772746288.3298306,0.0,4096.223645023038,0.0,1.0000546008357027,35.0,11055003.579478193,0.0,47.00256623927803,0.0
2026-03-05T21:31:29+00:00,1772746289.3302712,0.0,0.0,0.0,0.0,35.0,6870256.981714676,133.94098593187283,7.996476772052109,0.9995595965065136
2026-03-05T21:31:30+00:00,1772746290.3299568,0.0,610495.985179055,0.0,4.00125829212363,35.0,2954467.1034005606,1160.3649047158528,3.0009437190927226,4.00125829212363
2026-03-05T21:31:31+00:00,1772746291.3298373,0.0,73736.80769268371,0.0,3.000358385932768,35.0,5073744.047098064,120.01433543731072,6.000716771865536,1.0001194619775893
2026-03-05T21:31:32+00:00,1772746292.3298488,983028.7501287445,2256870.172170576,40.99953079760592,147.998306293797,35.0,6414468.592232603,0.0,6.999919892274182,0.0
2026-03-05T21:31:33+00:00,1772746293.3300457,0.0,81903.87036396965,0.0,1.9996062100578529,35.0,7795012.898907066,0.0,44.99113972630169,0.0
2026-03-05T21:31:34+00:00,1772746294.3298051,0.0,8193.971177319983,0.0,2.0004812444628866,35.0,10036378.394807901,0.0,12.00288746677732,0.0
2026-03-05T21:31:35+00:00,1772746295.330053,16379.93850706879,65519.75402827516,0.9997521061443353,9.997521061443353,35.0,6991156.50553566,219.94546335175374,45.98859688263942,1.9995042122886706
2026-03-05T21:31:36+00:00,1772746296.329871,49160.9547561249,208934.0577135308,1.0001821849797545,7.001275294858282,35.0,7216541.50598492,260.0473680947362,67.01220639364355,3.000546554939264
2026-03-05T21:31:37+00:00,1772746297.3297741,0.0,0.0,0.0,0.0,35.0,8705790.702633206,0.0,59.00571163151798,0.0
2026-03-05T21:31:38+00:00,1772746298.3298078,0.0,4095.8623093162505,0.0,0.9999663841104127,35.0,9878020.930376248,65.99778135128724,48.99835282141022,0.9999663841104127
2026-03-05T21:31:39+00:00,1772746299.3296618,0.0,221216.2781472745,0.0,3.000437800391636,35.0,8503312.736817105,0.0,9.001313401174908,0.0
2026-03-05T21:31:40+00:00,1772746300.3296266,0.0,0.0,0.0,0.0,35.0,6550757.1496873265,0.0,31.001093903040324,0.0
2026-03-05T21:31:41+00:00,1772746301.3297868,0.0,98288.252523018,0.0,3.9993592335212407,35.0,4348749.255200506,479.9231080225489,4.999199041901551,1.9996796167606203
2026-03-05T21:31:42+00:00,1772746302.329904,32764.156700826454,86005.91133966944,0.9998827118172136,3.999530847268854,35.0,5538800.287975864,0.0,6.999178982720495,0.0
2026-03-05T21:31:43+00:00,1772746303.3296723,8193.898877551312,86035.93821428878,1.0002317965760879,2.0004635931521757,35.0,8707007.78687688,0.0,10.002317965760879,0.0
2026-03-05T21:31:44+00:00,1772746304.3296673,0.0,0.0,0.0,0.0,35.0,8704991.584066216,0.0,43.00021529305486,0.0
2026-03-05T21:31:45+00:00,1772746305.3297193,0.0,86011.52952922884,0.0,1.999896054902084,35.0,7496386.373442314,0.0,6.999636192157294,0.0
2026-03-05T21:31:46+00:00,1772746306.3296027,57350.68632641163,200727.40214244073,2.0002332005584416,9.001049402512987,35.0,5559780.196343425,0.0,5.0005830013961035,0.0
2026-03-05T21:31:47+00:00,1772746307.3296459,0.0,8191.646499629871,0.0,0.9999568480993495,35.0,6427890.612333099,149.99352721490243,5.999741088596097,1.999913696198699
2026-03-05T21:31:48+00:00,1772746308.3297338,0.0,0.0,0.0,0.0,35.0,4311216.714433759,69.99384218984412,18.998328594386262,0.9999120312834874
2026-03-05T21:31:49+00:00,1772746309.3299575,0.0,4095.084189183842,0.0,0.9997764133749615,35.0,5447185.809737793,0.0,47.98926784199815,0.0
2026-03-05T21:31:50+00:00,1772746310.3297167,0.0,86036.71787954768,0.0,2.0004817215296615,35.0,8700987.2217803,0.0,40.00963443059323,0.0
2026-03-05T21:31:51+00:00,1772746311.329948,0.0,20475.264766973505,0.0,3.9990751497995123,35.0,8696880.706997445,230.94658990092185,9.997687874498782,2.9993063623496345
2026-03-05T21:31:52+00:00,1772746312.3297303,0.0,0.0,0.0,0.0,35.0,5586193.981270051,60.013063413356875,7.001524064891635,1.000217723555948
2026-03-05T21:31:53+00:00,1772746313.3299959,0.0,4094.912398240175,0.0,0.9997344722266053,35.0,5398728.107008169,279.9256522234495,4.998672361133027,2.999203416679816
2026-03-05T21:31:54+00:00,1772746314.329729,0.0,4097.0930650567525,0.0,1.0002668615861212,35.0,9780983.472395327,220.0587095489467,9.002401754275091,2.0005337231722424
2026-03-05T21:31:55+00:00,1772746315.3297858,0.0,81915.35182625422,0.0,0.9999432595978297,35.0,9048344.564157898,191.98910584278332,11.999319115173957,2.9998297787934893
2026-03-05T21:31:56+00:00,1772746316.3297718,180226.53519191177,196610.76566390376,3.0000422006821252,8.000112535152335,35.0,4992712.230966003,16912.237899312033,74.00104095015908,48.000675210914004
2026-03-05T21:31:57+00:00,1772746317.3301299,0.0,626463.660415186,0.0,24.99105058718158,35.0,41.98496498646506,799.7136187898105,0.9996420234872633,9.996420234872632
2026-03-05T21:31:58+00:00,1772746318.329747,0.0,102439.22400325518,0.0,3.0011491407203668,35.0,2364.905522887649,1668.638922240524,17.00651179741541,18.0068948443222
2026-03-05T21:31:59+00:00,1772746319.3298965,0.0,0.0,0.0,0.0,35.0,142.97862634689344,492.92631320991933,1.9997010677887193,5.9991032033661575
2026-03-05T21:32:00+00:00,1772746320.3296158,0.0,159788.83973130316,0.0,4.001122789746173,35.0,0.0,148.0415432206084,0.0,2.0005613948730865
2026-03-05T21:32:01+00:00,1772746321.3298576,0.0,61425.15007444013,0.0,4.998791509964203,35.0,0.0,0.0,0.0,0.0
2026-03-05T21:32:02+00:00,1772746322.3299603,0.0,4095.5791448089094,0.0,0.9998972521506126,35.0,0.0,0.0,0.0,0.0
2026-03-05T21:32:03+00:00,1772746323.3301804,0.0,0.0,0.0,0.0,35.0,0.0,529.8833936757177,0.0,5.998679928404351
2026-03-05T21:32:04+00:00,1772746324.330017,0.0,36870.02149122274,0.0,2.000326686806789,35.0,0.0,398.06501067455105,0.0,4.000653373613578
2026-03-05T21:32:05+00:00,1772746325.330121,16382.297052022295,159727.39625721736,0.9998960603040952,6.999272422128666,35.0,0.0,0.0,0.0,0.0
2026-03-05T21:32:06+00:00,1772746326.3299377,65548.01782839537,286772.5779992298,1.0001833775084743,8.001467020067794,35.0,0.0,220.04034305186437,0.0,2.0003667550169486
2026-03-05T21:32:07+00:00,1772746327.3298545,0.0,0.0,0.0,0.0,35.0,0.0,178.01481227147167,0.0,2.000166430016536
2026-03-05T21:32:08+00:00,1772746328.3300397,16380.965405912306,122857.24054434229,0.9998147830757023,14.997221746135533,35.0,0.0,0.0,0.0,0.0
2026-03-05T21:32:09+00:00,1772746329.3297822,131105.7586925955,282696.792180909,1.0002575583846702,4.001030233538681,35.0,0.0,134.0345128235458,0.0,1.0002575583846702
2026-03-05T21:32:10+00:00,1772746330.3301196,0.0,0.0,0.0,0.0,35.0,0.0,0.0,0.0,0.0
2026-03-05T21:32:11+00:00,1772746331.3299203,49161.79882808215,127001.31363921223,1.000199357667687,6.001196146006122,35.0,0.0,280.0558201469523,0.0,4.000797430670748
2026-03-05T21:32:12+00:00,1772746332.3296902,0.0,36872.483397121,0.0,2.0004602537500547,35.0,0.0,552.1270300350151,0.0,6.0013807612501635
2026-03-05T21:32:13+00:00,1772746333.329732,0.0,36862.46197823377,0.0,1.9999165569788286,35.0,0.0,201.9915722548617,0.0,1.9999165569788286
2026-03-05T21:32:14+00:00,1772746334.3299944,0.0,0.0,0.0,0.0,35.0,0.0,0.0,0.0,0.0
2026-03-05T21:32:15+00:00,1772746335.3298018,0.0,12290.367643608102,0.0,2.0003853586601728,35.0,0.0,0.0,0.0,0.0
2026-03-05T21:32:16+00:00,1772746336.32998,32762.16510168768,172001.3667838603,0.9998219330349023,8.99839739731412,35.0,0.0,379.9323345532629,0.0,3.999287732139609
2026-03-05T21:32:17+00:00,1772746337.329743,0.0,4096.970933224588,0.0,1.0002370442442843,35.0,0.0,0.0,0.0,0.0
2026-03-05T21:32:18+00:00,1772746338.3296962,0.0,0.0,0.0,0.0,35.0,0.0,8732.408065791344,0.0,26.00121503785787
2026-03-05T21:32:19+00:00,1772746339.3300674,0.0,77795.12107193256,0.0,2.998886760071413,35.0,0.0,2573.0448401412727,0.0,4.998144600119022
2026-03-05T21:32:20+00:00,1772746340.329968,0.0,139277.84707980926,0.0,4.0003977217316535,35.0,0.0,698.0694024421736,0.0,2.0001988608658268
2026-03-05T21:32:21+00:00,1772746341.329656,49167.34463265518,192572.0998112328,1.0003121873505691,7.002185311453984,35.0,0.0,3321.03646200389,0.0,5.001560936752846
2026-03-05T21:32:22+00:00,1772746342.3297727,0.0,0.0,0.0,0.0,35.0,0.0,69.99182319799256,0.0,0.9998831885427508
2026-03-05T21:32:23+00:00,1772746343.3302228,0.0,4094.15707956166,0.0,0.9995500682523584,35.0,0.0,0.0,0.0,0.0
2026-03-05T21:32:24+00:00,1772746344.3298397,0.0,28682.989562088555,0.0,6.002299713048665,35.0,0.0,2707.037170584948,0.0,2.000766571016222
2026-03-05T21:32:25+00:00,1772746345.3298562,0.0,0.0,0.0,0.0,35.0,0.0,0.0,0.0,0.0
2026-03-05T21:32:26+00:00,1772746346.329855,49152.05859381985,143360.17089864123,1.0000011920943166,9.00001072884885,35.0,0.0,70.00008344660216,0.0,1.0000011920943166
2026-03-05T21:32:27+00:00,1772746347.3299253,0.0,237551.29219074338,0.0,8.99936704319054,35.0,0.9999296714656156,339.9760882983093,0.9999296714656156,4.999648357328078
2026-03-05T21:32:28+00:00,1772746348.3299792,0.0,397290.59295034246,0.0,4.999730601521505,35.0,0.0,207.98879302329462,0.0,2.999838360912903
2026-03-05T21:32:29+00:00,1772746349.3297446,8193.922325985139,32775.689303940555,1.0002346589337328,1.0002346589337328,35.0,2.0004693178674655,0.0,2.0004693178674655,0.0
2026-03-05T21:32:30+00:00,1772746350.329901,16381.437900718958,57335.032652516355,0.9998436218700536,4.999218109350268,35.0,0.9998436218700536,967.8486259702119,0.9998436218700536,1.9996872437401072
2026-03-05T21:32:31+00:00,1772746351.3301733,0.0,73707.93124545043,0.0,2.9991834002868827,35.0,0.0,212.94202142036866,0.0,0.9997278000956275
2026-03-05T21:32:32+00:00,1772746352.3296068,0.0,8196.643255323088,0.0,2.0011336072566133,35.0,0.0,273.1547373905277,0.0,2.0011336072566133
2026-03-05T21:32:33+00:00,1772746353.329754,0.0,0.0,0.0,0.0,35.0,0.0,686.8987904900258,0.0,5.999116074148697
2026-03-05T21:32:34+00:00,1772746354.32976,0.0,61439.63379124527,0.0,1.9999880791420988,35.0,0.0,492.99706150852734,0.0,3.9999761582841975
2026-03-05T21:32:35+00:00,1772746355.329979,0.0,4095.1037117940364,0.0,0.9997811796372159,35.0,0.0,0.0,0.0,0.0
2026-03-05T21:32:36+00:00,1772746356.3297472,49163.393265307874,409694.9438775656,1.0002317965760879,8.001854372608703,35.0,1.0002317965760879,0.0,1.0002317965760879,0.0
2026-03-05T21:32:37+00:00,1772746357.3299258,0.0,65524.29896451844,0.0,0.9998214563677741,35.0,0.9998214563677741,219.9607204009103,0.9998214563677741,1.9996429127355482
2026-03-05T21:32:38+00:00,1772746358.3296337,0.0,4097.196638556059,0.0,1.0002921480849754,35.0,428.1250393803694,0.0,6.001752888509851,0.0
2026-03-05T21:32:39+00:00,1772746359.3299372,0.0,135126.98803335035,0.0,2.999089755711789,35.0,427.87013848154857,0.0,5.998179511423578,0.0
2026-03-05T21:32:40+00:00,1772746360.3296182,0.0,0.0,0.0,0.0,35.0,428.13657730589756,0.0,6.001914635129404,0.0
2026-03-05T21:32:41+00:00,1772746361.3301396,0.0,24563.192225123323,0.0,4.997394251530624,35.0,699.6351952142874,131.93120824040847,10.994267353367373,1.9989577006122496
2026-03-05T21:32:42+00:00,1772746362.3297186,0.0,4097.725335822835,0.0,1.000421224566122,35.0,90.03791021095098,0.0,1.000421224566122,0.0
2026-03-05T21:32:43+00:00,1772746363.3299131,0.0,16380.813120006102,0.0,3.9992219531264896,35.0,299.94164648448674,389.92414042983273,3.9992219531264896,4.999027441408113
2026-03-05T21:32:44+00:00,1772746364.3302085,0.0,65516.64634208254,0.0,0.9997046866162497,35.0,96.97135460177621,365.8919153015474,1.9994093732324993,4.998523433081249
2026-03-05T21:32:45+00:00,1772746365.3302171,0.0,57343.50781672444,0.0,4.9999570850241035,35.0,0.9999914170048207,281.99757959535947,0.9999914170048207,2.9999742510144625
2026-03-05T21:32:46+00:00,1772746366.329625,81968.5443745199,209019.78815502574,2.001185165393552,10.005925826967761,35.0,1.000592582696776,0.0,1.000592582696776,0.0
2026-03-05T21:32:47+00:00,1772746367.3297684,0.0,4095.4121937416476,0.0,0.9998564926127069,35.0,0.9998564926127069,147.97876090668063,0.9998564926127069,1.9997129852254139
2026-03-05T21:32:48+00:00,1772746368.3299043,0.0,98290.64244027353,0.0,1.999728239751659,35.0,60.99171131242559,59.99184719254976,1.999728239751659,0.9998641198758295
2026-03-05T21:32:49+00:00,1772746369.3296678,32775.751833395654,151587.8522294549,1.0002365671812639,5.001182835906319,35.0,1.0002365671812639,0.0,1.0002365671812639,0.0
2026-03-05T21:32:50+00:00,1772746370.3298402,0.0,8190.588133997708,0.0,1.999655306151784,35.0,0.999827653075892,0.0,0.999827653075892,0.0
2026-03-05T21:32:51+00:00,1772746371.3300538,0.0,81902.50373760489,0.0,3.9991456903127385,35.0,0.0,233.9500228832952,0.0,2.9993592677345537
2026-03-05T21:32:52+00:00,1772746372.3297734,0.0,32777.190076716,0.0,1.0002804588841552,35.0,0.0,0.0,0.0,0.0
2026-03-05T21:32:53+00:00,1772746373.3300261,0.0,4094.965105292413,0.0,0.9997473401592806,35.0,0.0,1007.7453188805548,0.0,5.998484040955684
2026-03-05T21:32:54+00:00,1772746374.33,0.0,4096.1074246923245,0.0,1.0000262267315245,35.0,0.0,612.016050759693,0.0,2.000052453463049
2026-03-05T21:32:55+00:00,1772746375.3297613,0.0,0.0,0.0,0.0,35.0,0.0,612.1460929486851,0.0,2.0004774279368793
2026-03-05T21:32:56+00:00,1772746376.3298821,49146.05931184981,126960.65322227866,0.9998791363901735,5.999274818341041,35.0,0.0,0.0,0.0,0.0
2026-03-05T21:32:57+00:00,1772746377.3301768,0.0,69611.48651377414,0.0,16.99499182465189,35.0,0.0,1579.5345342911758,0.0,3.9988216058004453
2026-03-05T21:32:58+00:00,1772746378.329947,0.0,348240.03792680777,0.0,11.002528771814353,35.0,0.0,0.0,0.0,0.0
2026-03-05T21:32:59+00:00,1772746379.3298235,0.0,65544.09474970825,0.0,1.000123516078312,35.0,0.0,296.03656075918036,0.0,4.000494064313248
2026-03-05T21:33:00+00:00,1772746380.3298917,0.0,282604.7298296139,0.0,8.999386352420618,35.0,0.0,147.98990890647238,0.0,1.9998636338712485
2026-03-05T21:33:01+00:00,1772746381.329717,49160.59134518052,159771.92187183668,1.0001747913651635,7.001223539556144,35.0,0.0,1092.1908721707584,0.0,4.000699165460654
2026-03-05T21:33:02+00:00,1772746382.329731,0.0,12287.827150868916,0.0,2.9999578005051064,35.0,0.0,443.99375447475575,0.0,3.9999437340068087
2026-03-05T21:33:03+00:00,1772746383.3298483,16382.078350413227,0.0,0.9998827118172136,0.0,35.0,1705.7999063601662,4428.480530638439,10.998709829989348,11.998592541806563
2026-03-05T21:33:04+00:00,1772746384.3297079,16386.301104390735,45062.32803707453,1.000140448266036,4.000561793064144,35.0,867.1217686466534,1563.2195206398146,7.000983137862254,7.000983137862254
2026-03-05T21:33:05+00:00,1772746385.3297458,0.0,73725.20518407243,0.0,7.9996967430634145,35.0,0.0,0.0,0.0,0.0
2026-03-05T21:33:06+00:00,1772746386.3296845,0.0,458780.1110974674,0.0,15.000919159942653,35.0,6614.40528825738,1542.0944896421047,17.001041714601673,17.001041714601673
2026-03-05T21:33:07+00:00,1772746387.3297434,0.0,0.0,0.0,0.0,35.0,0.0,59.996466844723074,0.0,0.9999411140787179
2026-03-05T21:33:08+00:00,1772746388.330074,0.0,438127.11724671815,0.0,12.995702495727164,35.0,0.0,0.0,0.0,0.0
2026-03-05T21:33:09+00:00,1772746389.3296316,0.0,65565.01283832263,0.0,2.0008854015601387,35.0,0.0,0.0,0.0,0.0
2026-03-05T21:33:10+00:00,1772746390.3297577,0.0,65527.73541735749,0.0,0.9998738924767684,35.0,0.0,1570.8018850810033,0.0,3.9994955699070736
2026-03-05T21:33:11+00:00,1772746391.3297477,98304.98438485722,303107.0351866431,2.0000200273611903,10.000100136805951,35.0,0.0,0.0,0.0,0.0
2026-03-05T21:33:12+00:00,1772746392.3302686,0.0,73689.61179500291,0.0,1.9989586532932648,35.0,0.0,3352.2536615728054,0.0,13.992710573052854
2026-03-05T21:33:13+00:00,1772746393.3298206,114739.4019337257,508131.637135071,7.0031373250565006,60.02689135762715,35.0,0.0,5081.276353423138,0.0,13.005826460819216
2026-03-05T21:33:14+00:00,1772746394.329584,0.0,0.0,0.0,0.0,35.0,0.0,2528.5986448417493,0.0,3.000710417138152
2026-03-05T21:33:15+00:00,1772746395.329899,0.0,77799.47843206234,0.0,12.995903829368967,35.0,0.0,845.7334338189343,0.0,3.998739639805836
2026-03-05T21:33:16+00:00,1772746396.329596,651461.412360933,245834.49523054075,23.006971802988435,13.00394058429781,35.0,0.0,3555.0772951226477,0.0,7.002121853083437
2026-03-05T21:33:17+00:00,1772746397.3297298,65527.23554727029,69622.68776897469,0.9998662650645491,1.9997325301290982,35.0,13975.130786807204,1503.7988626570818,7.998930120516393,12.99826144583914
2026-03-05T21:33:18+00:00,1772746398.3297937,516063.0255444417,0.0,53.99654982677613,0.0,35.0,0.0,0.0,0.0,0.0
2026-03-05T21:33:19+00:00,1772746399.3297381,32769.82041362676,106501.91634428698,1.0000555546150744,5.000277773075372,35.0,0.0,1343.074609848045,0.0,1.0000555546150744
2026-03-05T21:33:20+00:00,1772746400.3299525,49141.46710135362,135139.03452872243,2.999357122885353,11.997428491541411,35.0,0.0,0.0,0.0,0.0
2026-03-05T21:33:21+00:00,1772746401.3296978,16388.17293755944,98329.03762535665,1.000254695895962,9.002292263063659,35.0,0.0,156.03973255977007,0.0,2.000509391791924
2026-03-05T21:33:22+00:00,1772746402.3298917,0.0,65523.29933682422,0.0,0.9998062032596469,35.0,0.0,0.0,0.0,0.0
2026-03-05T21:33:23+00:00,1772746403.3296566,0.0,528508.2420975466,0.0,25.00587839987332,35.0,0.0,0.0,0.0,0.0
2026-03-05T21:33:24+00:00,1772746404.329504,0.0,4096.625095381985,0.0,1.0001526111772425,35.0,0.0,0.0,0.0,0.0
2026-03-05T21:33:25+00:00,1772746405.3301144,0.0,0.0,0.0,0.0,35.0,0.0,1159.2924240575821,0.0,3.9975600829571794
2026-03-05T21:33:26+00:00,1772746406.32971,49171.88303986445,127027.36451964983,1.000404521481617,6.002427128889703,35.0,110.04449736297789,132.05339683557347,2.000809042963234,2.000809042963234
2026-03-05T21:33:27+00:00,1772746407.329796,16382.589965110445,4095.647491277611,0.999913938300198,0.999913938300198,35.0,0.0,0.0,0.0,0.0
2026-03-05T21:33:28+00:00,1772746408.3297508,0.0,4096.185555280567,0.0,1.0000453015821698,35.0,0.0,0.0,0.0,0.0
2026-03-05T21:33:29+00:00,1772746409.3300877,0.0,65513.92931029428,0.0,0.9996632280013166,35.0,0.0,0.0,0.0,0.0
2026-03-05T21:33:30+00:00,1772746410.3298326,0.0,32776.3615080866,0.0,8.002041383810205,35.0,0.0,0.0,0.0,0.0
2026-03-05T21:33:31+00:00,1772746411.3298438,49151.4492249218,126974.57716438134,0.9999887944523479,5.999932766714087,35.0,0.0,0.0,0.0,0.0
2026-03-05T21:33:32+00:00,1772746412.329909,0.0,69627.45146901548,0.0,1.9998693551532478,35.0,0.0,0.0,0.0,0.0
2026-03-05T21:33:33+00:00,1772746413.3297973,0.0,0.0,0.0,0.0,35.0,0.0,0.0,0.0,0.0
2026-03-05T21:33:34+00:00,1772746414.3295605,0.0,69648.48925538793,0.0,2.0004736114254347,35.0,0.0,0.0,0.0,0.0
2026-03-05T21:33:35+00:00,1772746415.33003,0.0,4094.0780506892665,0.0,0.9995307740940592,35.0,0.0,0.0,0.0,0.0
2026-03-05T21:33:36+00:00,1772746416.330188,32762.821131131663,98288.463393395,1.9996839069294228,8.998577581182403,35.0,0.0,193.96933897215402,0.0,1.9996839069294228
2026-03-05T21:33:37+00:00,1772746417.3299181,0.0,65553.69227496511,0.0,1.0002699626917284,35.0,0.0,0.0,0.0,0.0
2026-03-05T21:33:38+00:00,1772746418.330101,0.0,221143.56012949484,0.0,2.999451499152219,35.0,0.0,133.9755002954658,0.0,0.9998171663840731
2026-03-05T21:33:39+00:00,1772746419.3300815,0.0,69633.36135473993,0.0,2.000039101411418,35.0,0.0,0.0,0.0,0.0
2026-03-05T21:33:40+00:00,1772746420.3297098,0.0,0.0,0.0,0.0,35.0,0.0,0.0,0.0,0.0
2026-03-05T21:33:41+00:00,1772746421.329816,49146.773993205796,126962.4994824483,0.999893676619584,5.999362059717504,35.0,0.0,0.0,0.0,0.0
2026-03-05T21:33:42+00:00,1772746422.3296685,0.0,131091.34660519328,0.0,3.0004428086515795,35.0,0.0,0.0,0.0,0.0
2026-03-05T21:33:43+00:00,1772746423.3297055,0.0,8191.697276812099,0.0,0.9999630464858519,35.0,0.0,1007.9627508577388,0.0,5.9997782789151115
2026-03-05T21:33:44+00:00,1772746424.3300846,0.0,65511.16566433756,0.0,0.9996210581106195,35.0,0.0,611.7680875636992,0.0,1.999242116221239
2026-03-05T21:33:45+00:00,1772746425.3298454,0.0,4096.979726473249,0.0,1.000239191033508,35.0,0.0,5114.222983754326,0.0,14.00334867446911
2026-03-05T21:33:46+00:00,1772746426.329747,0.0,20482.016800150504,0.0,5.000492382849244,35.0,0.0,2450.2412675961295,0.0,5.000492382849244
2026-03-05T21:33:47+00:00,1772746427.3296905,0.0,77828.39770943097,0.0,4.000226033585062,35.0,0.0,3123.176475721537,0.0,9.00050857556639
2026-03-05T21:33:48+00:00,1772746428.330065,16377.865578931689,85983.79428939137,0.9996255846515923,4.998127923257962,35.0,0.0,2476.0725731819944,0.0,4.998127923257962
2026-03-05T21:33:49+00:00,1772746429.3299618,0.0,69639.18921874325,0.0,2.0002064918067344,35.0,0.0,11315.168124150696,0.0,23.002374655777444
2026-03-05T21:33:50+00:00,1772746430.329931,0.0,69634.14166743161,0.0,2.000061513885329,35.0,6154.189278225157,6482.199366502351,13.000399840254639,16.000492111082632
2026-03-05T21:33:51+00:00,1772746431.3298252,110603.70827066235,348196.8593706037,6.00063521433715,16.001693904899067,35.0,0.0,832.0880830547515,0.0,4.000423476224767
2026-03-05T21:33:52+00:00,1772746432.329749,0.0,0.0,0.0,0.0,35.0,167.01270223903995,1506.1145483352946,3.0002281839348495,9.000684551804548
2026-03-05T21:33:53+00:00,1772746433.3296566,0.0,307228.4205978374,0.0,17.001572754437618,35.0,0.0,0.0,0.0,0.0
2026-03-05T21:33:54+00:00,1772746434.3301492,0.0,4093.983415189795,0.0,0.999507669724071,35.0,0.0,0.0,0.0,0.0
2026-03-05T21:33:55+00:00,1772746435.3298268,0.0,0.0,0.0,0.0,35.0,0.0,0.0,0.0,0.0
2026-03-05T21:33:56+00:00,1772746436.3298366,0.0,12287.879883986654,0.0,2.999970674801429,35.0,0.0,479.99530796822864,0.0,1.9999804498676195
2026-03-05T21:33:57+00:00,1772746437.3299356,0.0,69625.11103318243,0.0,1.9998021321571242,35.0,0.0,0.0,0.0,0.0
2026-03-05T21:33:58+00:00,1772746438.3297443,0.0,4096.783352911242,0.0,1.0001912482693462,35.0,0.0,0.0,0.0,0.0
2026-03-05T21:33:59+00:00,1772746439.3300548,0.0,0.0,0.0,0.0,35.0,0.0,0.0,0.0,0.0
2026-03-05T21:34:00+00:00,1772746440.3298385,0.0,4096.885933766825,0.0,1.0002162924235412,35.0,0.0,0.0,0.0,0.0
2026-03-05T21:34:01+00:00,1772746441.3300946,49139.41728444969,192462.717697428,0.9997440039967793,6.998208027977455,35.0,0.0,0.0,0.0,0.0
2026-03-05T21:34:02+00:00,1772746442.3298903,0.0,4096.837085099681,0.0,1.0002043664794142,35.0,0.0,0.0,0.0,0.0
2026-03-05T21:34:03+00:00,1772746443.3297403,0.0,0.0,0.0,0.0,35.0,0.0,0.0,0.0,0.0
2026-03-05T21:34:04+00:00,1772746444.3296885,0.0,77828.02657550976,0.0,5.000258697542517,35.0,0.0,0.0,0.0,0.0
2026-03-05T21:34:05+00:00,1772746445.3296156,0.0,4096.298849927921,0.0,1.0000729614081838,35.0,0.0,134.00977682869663,0.0,1.0000729614081838
2026-03-05T21:34:06+00:00,1772746446.3297396,0.0,69623.36825764323,0.0,1.9997520754148446,35.0,0.0,0.0,0.0,0.0
2026-03-05T21:34:07+00:00,1772746447.3298793,496058.69400913967,8190.855628633885,11.998323674756668,1.9997206124594447,35.0,53.99245653640501,59.99161837378334,0.9998603062297223,0.9998603062297223
2026-03-05T21:34:08+00:00,1772746448.329832,1354303.9324614112,90116.25410707311,66.00311580107895,16.000755345716108,35.0,211.00996112163116,284.0134073864609,3.0001416273217703,2.0000944182145135
2026-03-05T21:34:09+00:00,1772746449.3301132,98276.37495277659,278449.729032867,1.9994379669754352,10.996908818364894,35.0,3852.9169623616635,9806.243509031023,22.993536620217505,21.993817636729787
2026-03-05T21:34:10+00:00,1772746450.3295596,0.0,4098.268834169612,0.0,1.0005539145921905,35.0,1539.8524745573811,1111.6153991119236,11.006093060514095,11.006093060514095
2026-03-05T21:34:11+00:00,1772746451.3297322,0.0,65524.68945237076,0.0,0.9998274147395441,35.0,0.0,59.989644884372645,0.0,0.9998274147395441
2026-03-05T21:34:12+00:00,1772746452.330173,98260.68315812126,245651.70789530315,1.9991187165958915,8.996034224681512,35.0,0.0,0.0,0.0,0.0
2026-03-05T21:34:13+00:00,1772746453.329832,0.0,106532.32097697188,0.0,10.003410548468663,35.0,0.0,0.0,0.0,0.0
2026-03-05T21:34:14+00:00,1772746454.3297217,0.0,0.0,0.0,0.0,35.0,0.0,0.0,0.0,0.0
2026-03-05T21:34:15+00:00,1772746455.3300285,0.0,28663.204847183628,0.0,5.998159496480949,35.0,0.0,0.0,0.0,0.0
2026-03-05T21:34:16+00:00,1772746456.3301458,0.0,77814.87216446282,0.0,3.999530847268854,35.0,0.0,0.0,0.0,0.0
2026-03-05T21:34:17+00:00,1772746457.3300445,0.0,65542.64129794875,0.0,3.0003040144935036,35.0,0.0,0.0,0.0,0.0
2026-03-05T21:34:18+00:00,1772746458.329944,0.0,0.0,0.0,0.0,35.0,0.0,0.0,0.0,0.0
2026-03-05T21:34:19+00:00,1772746459.3306944,0.0,53208.06512903542,0.0,8.993250190830056,35.0,0.0,0.0,0.0,0.0
2026-03-05T21:34:20+00:00,1772746460.3296182,16401.651809756575,246024.7771463486,1.0010773809665878,35.03770833383057,35.0,0.0,0.0,0.0,0.0
2026-03-05T21:34:21+00:00,1772746461.3297606,0.0,479163.7977935594,0.0,21.996869056027784,35.0,0.0,0.0,0.0,0.0
2026-03-05T21:34:22+00:00,1772746462.3302045,49130.18937001062,131013.83832002833,0.9995562615968958,4.9977813079844795,35.0,0.0,0.0,0.0,0.0
2026-03-05T21:34:23+00:00,1772746463.3297834,0.0,127029.48541050791,0.0,10.00421224566122,35.0,0.0,0.0,0.0,0.0
2026-03-05T21:34:24+00:00,1772746464.3299344,122861.45787648301,4095.3819292161,3.999396415250098,0.9998491038125245,35.0,0.0,0.0,0.0,0.0
2026-03-05T21:34:25+00:00,1772746465.3298838,0.0,69635.51970915278,0.0,2.0001010945873388,35.0,0.0,0.0,0.0,0.0
2026-03-05T21:34:26+00:00,1772746466.3296697,0.0,0.0,0.0,0.0,35.0,0.0,0.0,0.0,0.0
2026-03-05T21:34:27+00:00,1772746467.3298676,0.0,12285.568840470889,0.0,2.999406455193088,35.0,0.9998021517310294,0.0,0.9998021517310294,0.0
2026-03-05T21:34:28+00:00,1772746468.329722,0.0,7664732.550347391,0.0,9.001311254781884,35.0,0.0,0.0,0.0,0.0
2026-03-05T21:34:29+00:00,1772746469.3298445,0.0,0.0,0.0,0.0,35.0,1.999754935732611,0.0,1.999754935732611,0.0
2026-03-05T21:34:30+00:00,1772746470.3301187,0.0,221123.3720917927,0.0,1.9994517875776971,35.0,0.9997258937888486,0.0,0.9997258937888486,0.0
2026-03-05T21:34:31+00:00,1772746471.3297737,0.0,4097.41357360864,0.0,1.0003451107442969,35.0,0.0,0.0,0.0,0.0
2026-03-05T21:34:32+00:00,1772746472.3299608,49142.80250264059,204761.67709433578,0.9998128764371864,8.998315887934679,35.0,0.0,0.0,0.0,0.0
2026-03-05T21:34:33+00:00,1772746473.3298721,0.0,65541.8130155663,0.0,1.0000886995783431,35.0,0.0,134.011885743498,0.0,1.0000886995783431
2026-03-05T21:34:34+00:00,1772746474.3296554,0.0,69647.09409154158,0.0,2.0004335389344434,35.0,0.0,0.0,0.0,0.0
2026-03-05T21:34:35+00:00,1772746475.3297582,32764.633158471275,114676.21605464946,1.9997945043012253,6.999280765054288,35.0,0.0,309.9681481666899,0.0,2.999691756451838
2026-03-05T21:34:36+00:00,1772746476.3298752,0.0,57337.28789511764,0.0,13.998361302518955,35.0,0.9998829501799253,249.97073754498135,0.9998829501799253,1.9997659003598507
2026-03-05T21:34:37+00:00,1772746477.3299134,65533.500095363794,147450.37521456854,0.9999618544824798,4.999809272412399,35.0,55.99786385101887,65.99748239584366,1.9999237089649595,0.9999618544824798
2026-03-05T21:34:38+00:00,1772746478.3300521,208867.01769344864,81908.6343895877,3.999445038554087,7.998890077108174,35.0,427.9406191252873,3995.445593515533,5.9991675578311305,15.997780154216349
2026-03-05T21:34:39+00:00,1772746479.330014,0.0,69634.65635133177,0.0,2.0000762968558066,35.0,428.0163275271426,3901.1488170172506,6.00022889056742,13.000495929562742
2026-03-05T21:34:40+00:00,1772746480.3299487,0.0,69636.5491253043,0.0,2.0001306619170585,35.0,428.02796165025046,2394.156402314719,6.0003919857511745,2.0001306619170585
2026-03-05T21:34:41+00:00,1772746481.330004,32766.18760024947,0.0,0.9999446899490194,0.0,35.0,427.9763272981803,697.9613935844155,5.9996681396941165,1.9998893798980388
2026-03-05T21:34:42+00:00,1772746482.3298073,32774.44658051227,90129.72809640874,1.0001967340244222,6.001180404146533,35.0,84.01652565805146,3364.661813258156,1.0001967340244222,6.001180404146533
2026-03-05T21:34:43+00:00,1772746483.329655,0.0,12289.872355564881,0.0,3.0004571180578323,35.0,0.0,0.0,0.0,0.0
2026-03-05T21:34:44+00:00,1772746484.3300383,0.0,0.0,0.0,0.0,35.0,0.0,0.0,0.0,0.0
2026-03-05T21:34:45+00:00,1772746485.32993,0.0,8192.886814740632,0.0,1.0001082537525186,35.0,1.0001082537525186,2706.292934654315,1.0001082537525186,2.000216507505037
2026-03-05T21:34:46+00:00,1772746486.3302748,0.0,4094.58837728654,0.0,0.9996553655484717,35.0,0.9996553655484717,69.97587558839302,0.9996553655484717,0.9996553655484717
2026-03-05T21:34:47+00:00,1772746487.329698,49180.364014757084,139344.36470847842,1.0005770673575254,8.004616538860203,35.0,43.02481389637359,60.03462404145152,2.0011541347150508,1.0005770673575254
2026-03-05T21:34:48+00:00,1772746488.3298464,0.0,196578.84807312454,0.0,2.999555176897042,35.0,0.9998517256323473,191.97153132141068,0.9998517256323473,1.9997034512646945
2026-03-05T21:34:49+00:00,1772746489.3296106,65551.45676964406,4096.966048102754,1.0002358515875864,1.0002358515875864,35.0,1.0002358515875864,0.0,1.0002358515875864,0.0
2026-03-05T21:34:50+00:00,1772746490.329737,32763.859898150917,4095.4824872688646,1.9997473082367503,0.9998736541183751,35.0,0.9998736541183751,0.0,0.9998736541183751,0.0
2026-03-05T21:34:51+00:00,1772746491.3300183,0.0,270259.9667032457,0.0,9.997187452031756,35.0,0.0,967.727745356674,0.0,1.9994374904063512
2026-03-05T21:34:52+00:00,1772746492.3298664,0.0,69642.57680163924,0.0,2.0003037914073767,35.0,55.00835426370286,66.01002511644344,1.0001518957036883,1.0001518957036883
2026-03-05T21:34:53+00:00,1772746493.3297238,0.0,364595.9820206757,0.0,25.003564866015882,35.0,55.00784270523494,66.00941124628193,1.0001425946406353,1.0001425946406353
2026-03-05T21:34:54+00:00,1772746494.3297255,0.0,135167.774414439,0.0,2.999994993218195,35.0,0.0,0.0,0.0,0.0
2026-03-05T21:34:55+00:00,1772746495.3297582,16383.464861229422,4095.8662153073556,0.9999673377215224,0.9999673377215224,35.0,0.0,133.995623254684,0.0,0.9999673377215224
2026-03-05T21:34:56+00:00,1772746496.3301816,0.0,0.0,0.0,0.0,35.0,0.0,0.0,0.0,0.0
2026-03-05T21:34:57+00:00,1772746497.3295243,49184.32984480431,127059.51876574449,1.00065775237639,6.003946514258339,35.0,0.0,86.05656670436953,0.0,1.00065775237639
2026-03-05T21:34:58+00:00,1772746498.3297658,0.0,12285.032943160195,0.0,2.9992756208887195,35.0,0.0,0.0,0.0,0.0
2026-03-05T21:34:59+00:00,1772746499.3297226,0.0,0.0,0.0,0.0,35.0,0.0,0.0,0.0,0.0
2026-03-05T21:35:00+00:00,1772746500.3297985,0.0,4095.689476667981,0.0,0.9999241886396438,35.0,0.0,0.0,0.0,0.0
2026-03-05T21:35:01+00:00,1772746501.3296359,0.0,69643.32410694145,0.0,2.0003252558289706,35.0,0.0,0.0,0.0,0.0
2026-03-05T21:35:02+00:00,1772746502.3296697,0.0,77821.36532357312,0.0,3.9998645828316777,35.0,0.0,0.0,0.0,0.0
2026-03-05T21:35:03+00:00,1772746503.3296626,65536.46875335279,65536.46875335279,1.0000071526085326,1.0000071526085326,35.0,0.0,770.00550750857,0.0,9.000064373476793
2026-03-05T21:35:04+00:00,1772746504.3296547,32768.257814528435,98304.7734435853,1.0000078678750133,4.000031471500053,35.0,0.0,250.00196696875332,0.0,2.0000157357500266
2026-03-05T21:35:05+00:00,1772746505.3295367,0.0,8192.966910987125,0.0,2.000236062252716,35.0,0.0,0.0,0.0,0.0
2026-03-05T21:35:06+00:00,1772746506.3300073,0.0,4094.073172463788,0.0,0.999529583121042,35.0,0.0,0.0,0.0,0.0
2026-03-05T21:35:07+00:00,1772746507.3299003,49157.26228207699,319522.20483350044,1.0001070614029335,8.000856491223468,35.0,0.0,250.0267653507334,0.0,2.000214122805867
2026-03-05T21:35:08+00:00,1772746508.3297668,0.0,20482.734740127198,0.0,4.000534128931093,35.0,0.0,0.0,0.0,0.0
2026-03-05T21:35:09+00:00,1772746509.3298373,49148.531494779,131062.750652744,0.9999294330806274,9.999294330806276,35.0,0.0,1679.881447575454,0.0,8.999364897725647
2026-03-05T21:35:10+00:00,1772746510.3296611,0.0,16386.887227454445,0.0,3.000528667136434,35.0,0.0,612.1078480958325,0.0,2.0003524447576226
2026-03-05T21:35:11+00:00,1772746511.3296716,0.0,4095.9570317007556,0.0,0.9999895096925673,35.0,0.0,0.0,0.0,0.0
2026-03-05T21:35:12+00:00,1772746512.3295934,98311.68810121946,262164.5016032519,3.000234622229598,14.001094903738123,35.0,0.0,612.047862934838,0.0,2.000156414819732
2026-03-05T21:35:13+00:00,1772746513.3300493,0.0,12282.400989844184,0.0,1.9990887027741184,35.0,0.0,0.0,0.0,0.0
2026-03-05T21:35:14+00:00,1772746514.3296921,0.0,0.0,0.0,0.0,35.0,0.0,134.0478753369462,0.0,1.0003572786339268
2026-03-05T21:35:15+00:00,1772746515.3297617,0.0,73722.86754481243,0.0,2.9997911598637867,35.0,0.0,459.96797784578064,0.0,5.9995823197275735
2026-03-05T21:35:16+00:00,1772746516.3296535,0.0,69639.53792529537,0.0,2.000216507505037,35.0,0.0,862.093314734671,0.0,4.000433015010074
2026-03-05T21:35:17+00:00,1772746517.3298492,0.0,16380.793596376747,0.0,2.9994128899615626,35.0,0.0,379.92563272846456,0.0,1.9996085933077083
2026-03-05T21:35:18+00:00,1772746518.3298042,0.0,65538.95325807709,0.0,1.0000450631420454,35.0,0.0,1123.0506059085171,0.0,3.0001351894261363
2026-03-05T21:35:19+00:00,1772746519.3296754,0.0,4096.527411652158,0.0,1.00012876261039,35.0,0.0,213.0274264360131,0.0,1.00012876261039
2026-03-05T21:35:20+00:00,1772746520.329738,0.0,507872.2754191971,0.0,21.99862584114781,35.0,0.0,212.98669564384014,0.0,0.9999375382339913
2026-03-05T21:35:21+00:00,1772746521.3302016,0.0,94164.33372566785,0.0,3.998145963216196,35.0,0.0,0.0,0.0,0.0
2026-03-05T21:35:22+00:00,1772746522.3297262,98350.75660340003,217191.25416584173,3.00142689829712,9.00428069489136,35.0,0.0,480.22830372753924,0.0,2.0009512655314134
2026-03-05T21:35:23+00:00,1772746523.330194,0.0,4094.0848802244664,0.0,0.9995324414610514,35.0,0.0,0.0,0.0,0.0
2026-03-05T21:35:24+00:00,1772746524.3297198,0.0,135232.12904373836,0.0,4.001897758159871,35.0,5416.5686156693855,79393.64962413369,44.02087533975858,72.03415964687768
2026-03-05T21:35:25+00:00,1772746525.3297832,0.0,36861.662257633085,0.0,8.999429262117452,35.0,0.0,1987.8739303432772,0.0,6.999556092758018
2026-03-05T21:35:26+00:00,1772746526.3297343,0.0,0.0,0.0,0.0,35.0,0.0,6440.314775593041,0.0,14.000684294767481
2026-03-05T21:35:27+00:00,1772746527.3300421,65515.83433196007,122842.18937242513,1.9993845926501486,4.998461481625371,35.0,0.0,119.96307555900891,0.0,1.9993845926501486
2026-03-05T21:35:28+00:00,1772746528.3302207,0.0,298954.6140256154,0.0,4.999107281838871,35.0,0.0,1990.6445196282384,0.0,3.9992858254710963
2026-03-05T21:35:29+00:00,1772746529.3298864,0.0,16389.47839372349,0.0,3.001003123850736,35.0,0.0,3235.081367511094,0.0,4.001337498467649
2026-03-05T21:35:30+00:00,1772746530.3300643,0.0,221144.66715200056,0.0,2.9994665141059107,35.0,0.0,69.98755199580458,0.0,0.9998221713686368
2026-03-05T21:35:31+00:00,1772746531.3299634,0.0,16385.652510407424,0.0,2.000201722461844,35.0,55.00554736770071,200.0201722461844,1.000100861230922,2.000201722461844
2026-03-05T21:35:32+00:00,1772746532.3295417,0.0,77856.83709164026,0.0,11.004641344675715,35.0,0.0,2707.141770790226,0.0,2.00084388085013
2026-03-05T21:35:33+00:00,1772746533.3297243,0.0,65524.03343543731,0.0,0.9998174047155352,35.0,0.0,0.0,0.0,0.0
2026-03-05T21:35:34+00:00,1772746534.330084,81890.53794342121,241577.0869330926,4.998201778773267,22.99172818235703,35.0,0.0,69.97482490282574,0.0,0.9996403557546535
2026-03-05T21:35:35+00:00,1772746535.3298047,49165.73821382203,135205.7800880106,3.0008385140272233,15.004192570136118,35.0,0.0,0.0,0.0,0.0
2026-03-05T21:35:36+00:00,1772746536.3297868,0.0,69633.24513945232,0.0,2.0000357634263652,35.0,0.0,194.00346905235742,0.0,2.0000357634263652
2026-03-05T21:35:37+00:00,1772746537.3299987,81902.64039818908,176090.6768561065,0.9997880907982064,4.9989404539910325,35.0,0.0,0.0,0.0,0.0
2026-03-05T21:35:38+00:00,1772746538.3296585,0.0,4097.394028968653,0.0,1.0003403391036751,35.0,0.0,968.3294482523576,0.0,2.0006806782073503
2026-03-05T21:35:39+00:00,1772746539.32996,0.0,4094.76502090658,0.0,0.9996984914322705,35.0,0.0,0.0,0.0,0.0
2026-03-05T21:35:40+00:00,1772746540.3297076,16388.13776347435,49164.41329042305,1.0002525490401826,4.00101019616073,35.0,0.0,0.0,0.0,0.0
2026-03-05T21:35:41+00:00,1772746541.3297424,0.0,131067.43765881105,0.0,1.9999303841981666,35.0,0.0,0.0,0.0,0.0
2026-03-05T21:35:42+00:00,1772746542.3296902,49154.566540258485,188425.8384043242,1.0000522163952328,21.001096544299887,35.0,0.0,0.0,0.0,0.0
2026-03-05T21:35:43+00:00,1772746543.329935,32759.978526604933,159704.89531719906,0.9997552040589884,6.998286428412919,35.0,0.0,0.0,0.0,0.0
2026-03-05T21:35:44+00:00,1772746544.329951,0.0,0.0,0.0,0.0,35.0,0.0,0.0,0.0,0.0
2026-03-05T21:35:45+00:00,1772746545.329973,0.0,135165.03522128097,0.0,2.9999341979155045,35.0,0.0,0.0,0.0,0.0
2026-03-05T21:35:46+00:00,1772746546.3297532,0.0,8193.801177188245,0.0,2.000439740524474,35.0,0.0,0.0,0.0,0.0
2026-03-05T21:35:47+00:00,1772746547.329614,0.0,94221.11901414496,0.0,4.000557023358736,35.0,0.0,0.0,0.0,0.0
2026-03-05T21:35:48+00:00,1772746548.3297403,16381.929949075458,53241.27233449524,0.9998736541183751,3.9994946164735006,35.0,0.0,479.9393539768201,0.0,1.9997473082367503
2026-03-05T21:35:49+00:00,1772746549.3298812,0.0,12286.268798623089,0.0,2.99957734341384,35.0,0.0,0.0,0.0,0.0
2026-03-05T21:35:50+00:00,1772746550.330017,0.0,4095.4434350113975,0.0,0.9998641198758295,35.0,0.0,0.0,0.0,0.0
2026-03-05T21:35:51+00:00,1772746551.329672,20487.0678680432,249942.22799012702,1.0003451107442969,9.003105996698672,35.0,0.0,0.0,0.0,0.0
2026-03-05T21:35:52+00:00,1772746552.32971,49150.13678938162,122875.34197345405,0.9999620928829268,4.999810464414634,35.0,0.0,133.9949204463122,0.0,0.9999620928829268
2026-03-05T21:35:53+00:00,1772746553.3299766,0.0,348067.2219957849,0.0,11.996802228715014,35.0,0.0,0.0,0.0,0.0
2026-03-05T21:35:54+00:00,1772746554.3300433,0.0,4095.7265807527037,0.0,0.9999332472540781,35.0,0.0,0.0,0.0,0.0
2026-03-05T21:35:55+00:00,1772746555.3296418,0.0,69659.9682604195,0.0,2.000803316303409,35.0,0.0,0.0,0.0,0.0
2026-03-05T21:35:56+00:00,1772746556.32995,0.0,0.0,0.0,0.0,35.0,0.0,0.0,0.0,0.0
2026-03-05T21:35:57+00:00,1772746557.3296802,0.0,8194.21153437064,0.0,2.000539925383457,35.0,70.01889738842098,220.05939179218024,1.0002699626917284,3.0008098880751852
2026-03-05T21:35:58+00:00,1772746558.3297174,0.0,131067.12518131059,0.0,3.9998512323398008,35.0,0.0,0.0,0.0,0.0
2026-03-05T21:35:59+00:00,1772746559.3300097,0.0,0.0,0.0,0.0,35.0,0.0,0.0,0.0,0.0
2026-03-05T21:36:00+00:00,1772746560.3300433,0.0,69629.65925837625,0.0,1.9999327682208254,35.0,0.0,0.0,0.0,0.0
2026-03-05T21:36:01+00:00,1772746561.329866,0.0,4096.726691403009,0.0,1.0001774148933127,35.0,0.0,0.0,0.0,0.0
2026-03-05T21:36:02+00:00,1772746562.3296132,49164.42501509571,127008.09795566392,1.0002527875792584,6.00151672547555,35.0,0.0,0.0,0.0,0.0
2026-03-05T21:36:03+00:00,1772746563.329736,0.0,0.0,0.0,0.0,35.0,0.0,0.0,0.0,0.0
2026-03-05T21:36:04+00:00,1772746564.329886,0.0,69621.55918294762,0.0,1.99970011439992,35.0,189.9715108679924,151.97720869439394,2.9995501715998802,1.99970011439992
2026-03-05T21:36:05+00:00,1772746565.3300602,212954.88537473464,397242.7669490243,3.9993029855531597,7.998605971106319,35.0,2040.6443483785,4772.168287511308,9.998257463882899,8.99843171749461
2026-03-05T21:36:06+00:00,1772746566.3300211,32769.28130009966,421904.49673878314,1.000039102175893,23.00089935004554,35.0,342.01337294415544,892.0348791408966,5.000195510879466,6.000234613055358
2026-03-05T21:36:07+00:00,1772746567.330151,0.0,8190.935685170074,0.0,1.9997401575122251,35.0,0.0,0.0,0.0,0.0
2026-03-05T21:36:08+00:00,1772746568.3297117,0.0,635159.0923612646,0.0,11.004835584636327,35.0,10390.5656710939,8934.926055126094,26.011429563685862,28.01230876089247
2026-03-05T21:36:09+00:00,1772746569.329625,0.0,4096.3554996018065,0.0,1.0000867918949723,35.0,55.004773554223476,66.00572826506817,1.0000867918949723,1.0000867918949723
2026-03-05T21:36:10+00:00,1772746570.3300252,0.0,69604.13713020286,0.0,1.9991997107709922,35.0,0.0,4227.3077884252625,0.0,22.99079667386641
2026-03-05T21:36:11+00:00,1772746571.3298967,16386.10573935354,131088.84591482833,1.0001285241304652,2.0002570482609303,35.0,0.0,3892.5002159157702,0.0,16.002056386087443
2026-03-05T21:36:12+00:00,1772746572.329682,81937.58189766595,196650.19655439828,1.0002146227742426,7.001502359419698,35.0,0.0,2573.5522243981263,0.0,7.001502359419698
2026-03-05T21:36:13+00:00,1772746573.329739,0.0,12287.299844583784,0.0,1.9998860424127254,35.0,0.0,2483.858464676605,0.0,4.999715106031814
2026-03-05T21:36:14+00:00,1772746574.329615,0.0,0.0,0.0,0.0,35.0,0.0,3037.376566842737,0.0,7.000867951234493
2026-03-05T21:36:15+00:00,1772746575.32976,0.0,630692.5757527214,0.0,39.99420250055305,35.0,0.0,409.9405756306688,0.0,1.9997101250276526
2026-03-05T21:36:16+00:00,1772746576.3297431,0.0,4096.069337111219,0.0,1.0000169280056688,35.0,0.0,0.0,0.0,0.0
2026-03-05T21:36:17+00:00,1772746577.3298097,49148.73068622078,192499.19518769803,0.9999334856408849,6.999534399486194,35.0,9879.342838131943,502.96654327736513,2.999800456922655,5.99960091384531
2026-03-05T21:36:18+00:00,1772746578.3300881,0.0,0.0,0.0,0.0,35.0,0.0,53.98496664975955,0.0,0.9997216046251769
2026-03-05T21:36:19+00:00,1772746579.3297195,0.0,4097.510322322442,0.0,1.0003687310357525,35.0,0.0,0.0,0.0,0.0
2026-03-05T21:36:20+00:00,1772746580.3299804,0.0,73708.77454582378,0.0,2.9992177142669183,35.0,0.0,0.0,0.0,0.0
2026-03-05T21:36:21+00:00,1772746581.3298624,0.0,4096.483455493562,0.0,1.000118031126358,35.0,0.0,0.0,0.0,0.0
2026-03-05T21:36:22+00:00,1772746582.3298657,0.0,8191.97265634127,0.0,1.9999933243020678,35.0,0.0,309.9989652668205,0.0,2.9999899864531017
2026-03-05T21:36:23+00:00,1772746583.3296902,0.0,8193.437752291127,0.0,2.000351013742951,35.0,0.0,250.0438767178689,0.0,2.000351013742951
2026-03-05T21:36:24+00:00,1772746584.3301504,0.0,4094.116101246975,0.0,0.9995400637809998,35.0,0.0,59.97240382685999,0.0,0.9995400637809998
2026-03-05T21:36:25+00:00,1772746585.330097,0.0,77828.15647197956,0.0,3.0001602258421394,35.0,0.0,0.0,0.0,0.0
2026-03-05T21:36:26+00:00,1772746586.3300238,0.0,65540.79722613058,0.0,1.0000731998616117,35.0,0.0,250.01829996540295,0.0,2.0001463997232234
2026-03-05T21:36:27+00:00,1772746587.3296776,49169.021517573245,127019.97225373087,1.000346303661565,6.00207782196939,35.0,1.000346303661565,0.0,1.000346303661565,0.0
2026-03-05T21:36:28+00:00,1772746588.329687,0.0,221181.89064511636,0.0,2.9999713900433536,35.0,0.0,0.0,0.0,0.0
2026-03-05T21:36:29+00:00,1772746589.3301802,0.0,0.0,0.0,0.0,35.0,1.999014386713094,0.0,1.999014386713094,0.0
2026-03-05T21:36:30+00:00,1772746590.3300474,0.0,4096.544017557569,0.0,1.0001328167865158,35.0,165.0219147697751,212.02815715874132,3.000398450359547,1.0001328167865158
2026-03-05T21:36:31+00:00,1772746591.3297484,0.0,16388.899902457637,0.0,4.0011962652484465,35.0,5747.718435029394,7243.165539166001,10.002990663121118,14.004186928369563
2026-03-05T21:36:32+00:00,1772746592.3300018,49139.54612504699,126943.82748970471,0.9997466252654417,5.99847975159265,35.0,7112.197492138352,1231.687842327024,6.998226376858091,12.996706128450741
2026-03-05T21:36:33+00:00,1772746593.3300278,0.0,0.0,0.0,0.0,35.0,0.0,0.0,0.0,0.0
2026-03-05T21:36:34+00:00,1772746594.329612,0.0,131126.5226706356,0.0,3.0012479248955293,35.0,0.0,0.0,0.0,0.0
2026-03-05T21:36:35+00:00,1772746595.3299673,0.0,4094.545438598749,0.0,0.9996448824703977,35.0,0.0,249.91122061759944,0.0,1.9992897649407955
2026-03-05T21:36:36+00:00,1772746596.329921,0.0,69635.22085209974,0.0,2.0000925106876073,35.0,1.0000462553438036,0.0,1.0000462553438036,0.0
2026-03-05T21:36:37+00:00,1772746597.329902,0.0,69633.32815033245,0.0,3.000057221550399,35.0,1.000019073850133,0.0,1.000019073850133,0.0
2026-03-05T21:36:38+00:00,1772746598.3297448,0.0,16386.574623269255,0.0,3.000471427600572,35.0,428.0672570043482,0.0,6.000942855201144,0.0
2026-03-05T21:36:39+00:00,1772746599.330078,0.0,135122.9944822093,0.0,2.999001120432557,35.0,427.85749318171145,0.0,5.998002240865114,0.0
2026-03-05T21:36:40+00:00,1772746600.3299332,16386.371436944537,49159.11431083362,1.0001447410244468,4.000578964097787,35.0,428.0619491584633,0.0,6.000868446146682,0.0
2026-03-05T21:36:41+00:00,1772746601.3298917,0.0,0.0,0.0,0.0,35.0,428.01775624503773,134.00555919821275,6.000248919322958,1.0000414865538265
2026-03-05T21:36:42+00:00,1772746602.3297467,0.0,4096.593836081585,0.0,1.0001449795121058,35.0,0.0,0.0,0.0,0.0
2026-03-05T21:36:43+00:00,1772746603.3297234,49153.14846433389,315399.36931280914,1.0000233655666888,17.00039721463371,35.0,0.0,0.0,0.0,0.0
2026-03-05T21:36:44+00:00,1772746604.3297503,0.0,0.0,0.0,0.0,35.0,0.0,0.0,0.0,0.0
2026-03-05T21:36:45+00:00,1772746605.3298771,0.0,344020.36490961746,0.0,12.998351306225082,35.0,0.9998731774019294,0.0,0.9998731774019294,0.0
2026-03-05T21:36:46+00:00,1772746606.3297255,0.0,69642.5601950369,0.0,2.0003033144254623,35.0,1.0001516572127311,0.0,1.0001516572127311,0.0
2026-03-05T21:36:47+00:00,1772746607.3297775,0.0,12287.361361318406,0.0,2.9998440823531265,35.0,0.999948027451042,0.0,0.999948027451042,0.0
2026-03-05T21:36:48+00:00,1772746608.3296046,0.0,73740.74634387477,0.0,3.0005186500600085,35.0,1.000172883353336,0.0,1.000172883353336,0.0
2026-03-05T21:36:49+00:00,1772746609.3297756,65524.79878980343,12285.899773088144,0.9998290830963659,2.9994872492890976,35.0,0.9998290830963659,0.0,0.9998290830963659,0.0
2026-03-05T21:36:50+00:00,1772746610.3296375,0.0,4096.565507752654,0.0,1.0001380634161754,35.0,6091.840944267924,6431.887885829424,13.001794824410279,16.002209014658806
2026-03-05T21:36:51+00:00,1772746611.3297803,0.0,36858.73610331395,0.0,1.9997144153273627,35.0,0.0,0.0,0.0,0.0
2026-03-05T21:36:52+00:00,1772746612.3297832,0.0,16383.95312513411,0.0,2.9999914169557087,35.0,0.0,0.0,0.0,0.0
2026-03-05T21:36:53+00:00,1772746613.3300066,49141.02198371917,126947.64012460786,0.9997766516869948,5.998659910121969,35.0,0.0,0.0,0.0,0.0
2026-03-05T21:36:54+00:00,1772746614.3295486,16391.507344629536,69663.90621467552,1.0004582119524863,6.002749271714917,35.0,162.07423033630278,291.1333396781735,3.0013746358574585,4.001832847809945
2026-03-05T21:36:55+00:00,1772746615.3297436,65523.221242195104,69618.4225698323,0.9998050116301743,1.9996100232603486,35.0,567.889246605939,812.8414744553316,6.99863508141122,5.998830069781046
2026-03-05T21:36:56+00:00,1772746616.329639,0.0,0.0,0.0,0.0,35.0,4832.505797873799,7754.8116632271185,19.001988857533565,18.00188418082127
2026-03-05T21:36:57+00:00,1772746617.3302238,0.0,69591.30017010754,0.0,12.992401513835564,35.0,53.9684370574708,667.6095547109352,0.9994155010642741,2.9982465031928225
2026-03-05T21:36:58+00:00,1772746618.3299663,0.0,12291.164877430827,0.0,3.0007726751540105,35.0,0.0,0.0,0.0,0.0
2026-03-05T21:36:59+00:00,1772746619.3295937,0.0,65560.43097916136,0.0,1.0003727871576136,35.0,1623.6050335568068,354.1319666537952,5.001863935788068,4.001491148630454
2026-03-05T21:37:00+00:00,1772746620.3301187,0.0,4093.850737732771,0.0,0.9994752777667898,35.0,359.81109999604433,359.81109999604433,4.997376388833949,4.997376388833949
2026-03-05T21:37:01+00:00,1772746621.3300774,0.0,4096.168952281176,0.0,1.0000412481155214,35.0,0.0,0.0,0.0,0.0
2026-03-05T21:37:02+00:00,1772746622.329764,0.0,135210.39122020116,0.0,3.00094085627222,35.0,0.0,0.0,0.0,0.0
2026-03-05T21:37:03+00:00,1772746623.3296416,49158.01245412564,135184.5342488455,1.0001223236923347,5.000611618461673,35.0,0.0,134.01639137477284,0.0,1.0001223236923347
2026-03-05T21:37:04+00:00,1772746624.329746,0.0,53242.440033737475,0.0,12.998642586361688,35.0,0.0,0.0,0.0,0.0
2026-03-05T21:37:05+00:00,1772746625.3299375,0.0,4095.215970415057,0.0,0.9998085865271136,35.0,0.0,0.0,0.0,0.0
2026-03-05T21:37:06+00:00,1772746626.3296807,0.0,61455.780419233204,0.0,2.000513685521914,35.0,0.0,0.0,0.0,0.0
2026-03-05T21:37:07+00:00,1772746627.3300033,0.0,0.0,0.0,0.0,35.0,0.0,0.0,0.0,0.0
2026-03-05T21:37:08+00:00,1772746628.329974,49153.441448521175,126979.72374201304,1.000029326345239,6.0001759580714324,35.0,0.0,0.0,0.0,0.0
2026-03-05T21:37:09+00:00,1772746629.3300045,32767.000030516647,90109.25008392078,0.9999694833531692,4.999847416765846,35.0,0.0,0.0,0.0,0.0
2026-03-05T21:37:10+00:00,1772746630.3298142,0.0,135193.7216906331,0.0,3.0005708826933835,35.0,0.0,0.0,0.0,0.0
2026-03-05T21:37:11+00:00,1772746631.3301773,0.0,0.0,0.0,0.0,35.0,0.0,0.0,0.0,0.0
2026-03-05T21:37:12+00:00,1772746632.3295937,0.0,8196.784042199923,0.0,2.0011679790527155,35.0,0.0,0.0,0.0,0.0
2026-03-05T21:37:13+00:00,1772746633.3297205,0.0,77814.13015812775,0.0,3.9994927096077175,35.0,0.0,0.0,0.0,0.0
2026-03-05T21:37:14+00:00,1772746634.3299713,0.0,0.0,0.0,0.0,35.0,0.0,0.0,0.0,0.0
2026-03-05T21:37:15+00:00,1772746635.3297226,0.0,77843.35735266657,0.0,8.00198985944352,35.0,0.0,0.0,0.0,0.0
2026-03-05T21:37:16+00:00,1772746636.3299046,0.0,466859.07209014776,0.0,7.998544957684824,35.0,0.0,0.0,0.0,0.0
2026-03-05T21:37:17+00:00,1772746637.330013,0.0,4095.5557122590358,0.0,0.9998915313132412,35.0,0.0,0.0,0.0,0.0
2026-03-05T21:37:18+00:00,1772746638.3297586,49164.50708796093,122911.26771990232,1.0002544573559757,5.001272286779879,35.0,0.0,0.0,0.0,0.0
2026-03-05T21:37:19+00:00,1772746639.3298092,0.0,4095.7929792138116,0.0,0.999949457815872,35.0,0.0,0.0,0.0,0.0
2026-03-05T21:37:20+00:00,1772746640.3299496,0.0,20477.124427249993,0.0,4.99929795587158,35.0,0.0,0.0,0.0,0.0
2026-03-05T21:37:21+00:00,1772746641.3300402,0.0,69625.69197775089,0.0,1.999818818294775,35.0,0.0,0.0,0.0,0.0
2026-03-05T21:37:22+00:00,1772746642.3300622,0.0,0.0,0.0,0.0,35.0,0.0,0.0,0.0,0.0
2026-03-05T21:37:23+00:00,1772746643.329696,0.0,12292.501648552938,0.0,3.0010990352912446,35.0,0.0,0.0,0.0,0.0
2026-03-05T21:37:24+00:00,1772746644.3296485,0.0,69635.30386769048,0.0,2.0000948950968085,35.0,0.0,0.0,0.0,0.0
2026-03-05T21:37:25+00:00,1772746645.3301172,0.0,12282.2429328904,0.0,2.9985944660376953,35.0,0.0,0.0,0.0,0.0
2026-03-05T21:37:26+00:00,1772746646.3301249,0.0,0.0,0.0,0.0,35.0,0.0,0.0,0.0,0.0
2026-03-05T21:37:27+00:00,1772746647.330027,16385.60171907063,49156.80515721189,1.0000977611737445,6.000586567042467,35.0,0.0,0.0,0.0,0.0
2026-03-05T21:37:28+00:00,1772746648.3298762,49159.41908843112,409661.82573692594,1.0001509417405419,8.001207533924335,35.0,0.0,0.0,0.0,0.0
2026-03-05T21:37:29+00:00,1772746649.3298285,0.0,0.0,0.0,0.0,35.0,0.0,134.00638992261517,0.0,1.0000476859896654
2026-03-05T21:37:30+00:00,1772746650.3301222,0.0,4094.797228292166,0.0,0.9997063545635171,35.0,0.0,0.0,0.0,0.0
2026-03-05T21:37:31+00:00,1772746651.3296335,0.0,4098.00293207425,0.0,1.0004889970884399,35.0,0.0,0.0,0.0,0.0
2026-03-05T21:37:32+00:00,1772746652.3301044,0.0,4094.0721968200874,0.0,0.9995293449267791,35.0,0.0,119.94352139121351,0.0,1.9990586898535583
2026-03-05T21:37:33+00:00,1772746653.3297713,0.0,69655.20011009068,0.0,2.0006663634561894,35.0,0.0,60.019990903685674,0.0,1.0003331817280947
2026-03-05T21:37:34+00:00,1772746654.3295639,462944.02577744157,20484.24892820538,26.005394147135735,4.000829868790113,35.0,0.0,0.0,0.0,0.0
2026-03-05T21:37:35+00:00,1772746655.3300676,0.0,69596.93856163484,0.0,1.9989929504146038,35.0,0.0,0.0,0.0,0.0
2026-03-05T21:37:36+00:00,1772746656.3296716,32780.981703426696,143416.7949524918,1.0003961701485198,10.003961701485197,35.0,0.0,0.0,0.0,0.0
2026-03-05T21:37:37+00:00,1772746657.3299646,0.0,0.0,0.0,0.0,35.0,0.0,0.0,0.0,0.0
2026-03-05T21:37:38+00:00,1772746658.3298283,81931.17339877703,126993.3187681044,2.0002727880560798,6.000818364168239,35.0,0.0,0.0,0.0,0.0
2026-03-05T21:37:39+00:00,1772746659.3300865,0.0,4094.942655826507,0.0,0.9997418593326433,35.0,0.0,0.0,0.0,0.0
2026-03-05T21:37:40+00:00,1772746660.3297818,207423.20163051697,61458.726409042065,11.003352709952193,2.0006095836276714,35.0,0.0,0.0,0.0,0.0
2026-03-05T21:37:41+00:00,1772746661.329688,245783.0295015798,73734.90885047393,6.000562243690913,3.0002811218454566,35.0,0.0,0.0,0.0,0.0
2026-03-05T21:37:42+00:00,1772746662.3297462,0.0,4095.761732610999,0.0,0.9999418292507322,35.0,54.99680060879027,719.9581170605271,0.9999418292507322,6.999592804755125
2026-03-05T21:37:43+00:00,1772746663.3300097,67831345.66037877,85993.34483574783,537.8582998701676,5.998419701154286,35.0,0.0,201.94679660552762,0.0,1.9994732337180952
2026-03-05T21:37:44+00:00,1772746664.3298054,282584458.99110687,372812.1747440709,926.1892433599376,13.002656764232384,35.0,5506.125037469175,5589.141999886967,35.007152826779496,38.007765926217736
2026-03-05T21:37:45+00:00,1772746665.3301172,337814.651993559,151504.75301529313,5.998129474317453,9.996882457195756,35.0,1631.4912170143473,3310.9674698232343,13.995635440074059,26.991582634428543
2026-03-05T21:37:46+00:00,1772746666.3296647,106544.21322362385,1106420.6757837862,4.001810893315199,76.03440697298878,35.0,3739.692279803053,3675.66330551001,12.005432679945597,26.011770806548792
2026-03-05T21:37:47+00:00,1772746667.3300166,854739.2122942576,1510892.3081991905,56.97994842436925,34.987687628998664,35.0,17276.920151199538,222898.56069860669,82.9708020916254,202.92858824819223
2026-03-05T21:37:48+00:00,1772746668.3298821,4567654.2036845395,1294510.0702818963,136.01829011812845,35.00470701569482,35.0,25924.486015823586,170617.94266692738,90.01210375464383,197.0264937740537
2026-03-05T21:37:49+00:00,1772746669.3296993,329276.2137699035,4109039.4079155615,19.00347510943626,77.01408333824168,35.0,0.0,3092.565528335627,0.0,4.000731601986581
2026-03-05T21:37:50+00:00,1772746670.3297846,270824.88405311323,511956.30255787,21.998122375533477,47.99590336480031,35.0,0.0,0.0,0.0,0.0
2026-03-05T21:37:51+00:00,1772746671.3297293,90116.98465071653,290832.0868273125,4.000221264680244,23.001272271911404,35.0,0.0,3394.187743081187,0.0,7.000387213190427
2026-03-05T21:37:52+00:00,1772746672.329821,0.0,32764.992463565235,0.0,0.9999082172718883,35.0,0.0,0.0,0.0,0.0
2026-03-05T21:37:53+00:00,1772746673.329772,69635.42008985007,299022.68626817974,5.000245583198104,26.00127703263014,35.0,0.0,2792.137133657821,0.0,3.000147349918862
2026-03-05T21:37:54+00:00,1772746674.3301609,32755.262765509953,876203.2789773912,1.999222580902707,24.990282261283838,35.0,0.0,0.0,0.0,0.0
2026-03-05T21:37:55+00:00,1772746675.329643,0.0,77864.32166162707,0.0,4.002072453825404,35.0,0.0,250.12952836408778,0.0,2.001036226912702
2026-03-05T21:37:56+00:00,1772746676.3300836,102354.902682267,65507.137716650876,2.998678789519541,0.9995595965065136,35.0,0.0,129.94274754584677,0.0,1.9991191930130272
2026-03-05T21:37:57+00:00,1772746677.3299685,16385.886936042334,61447.07601015876,1.0001151694361776,6.000691016617066,35.0,108.01243829910719,231.02660413975704,2.0002303388723552,3.000345508308533
2026-03-05T21:37:58+00:00,1772746678.3299286,262154.437915595,815136.4553938033,8.000318539904633,49.00195105691588,35.0,216.0086005774251,462.0183956794926,4.0001592699523165,6.000238904928475
2026-03-05T21:37:59+00:00,1772746679.3297875,32772.62565288222,147476.81543796998,1.0001411637232123,14.001976292124972,35.0,0.0,148.02089223103542,0.0,2.0002823274464245
2026-03-05T21:38:00+00:00,1772746680.3298085,8761160.183544124,3579828.8922008243,206.99565705828164,437.9908105870887,35.0,0.0,909.980907840755,0.0,1.9999580392104506
2026-03-05T21:38:01+00:00,1772746681.329774,6336731.065190423,7327997.333953243,162.00560064604133,1201.0415208388617,35.0,0.0,0.0,0.0,0.0
2026-03-05T21:38:02+00:00,1772746682.3298602,1347467.703396647,6684095.112289751,37.99672059706303,1399.879179891796,35.0,69.99395899458979,219.9810139829965,0.9999136999227114,2.999741099768134
2026-03-05T21:38:03+00:00,1772746683.3300776,2006603.6886205622,7080444.444132554,50.98891308576245,1416.6919576965763,35.0,0.0,0.0,0.0,0.0
2026-03-05T21:38:04+00:00,1772746684.329682,512202.59478205285,3482977.6445179596,20.00791385867394,709.2805462899912,35.0,0.0,0.0,0.0,0.0
2026-03-05T21:38:05+00:00,1772746685.329777,1380221.0300059456,4787769.6856882805,12.998766539315547,540.9486690592084,35.0,0.0,0.0,0.0,0.0
2026-03-05T21:38:06+00:00,1772746686.3297327,303117.4420023471,2920577.515509101,11.000487826045905,601.0266530412354,35.0,0.0,134.00594260819557,0.0,1.000044347822355
2026-03-05T21:38:07+00:00,1772746687.3297775,253940.61769768543,3067766.4944446194,11.999462151793352,681.9694322935889,35.0,0.0,0.0,0.0,0.0
2026-03-05T21:38:08+00:00,1772746688.329987,397228.75279767293,2846123.5380864195,10.997695213772557,575.8793130120903,35.0,0.0,0.0,0.0,0.0
2026-03-05T21:38:09+00:00,1772746689.329718,471166.71376541315,4625627.998618708,18.004842153060114,932.2507159251126,35.0,0.0,0.0,0.0,0.0
2026-03-05T21:38:10+00:00,1772746690.3301275,589582.6456769401,5818034.302131472,32.98649649274873,1156.5265588518266,35.0,0.0,0.0,0.0,0.0
2026-03-05T21:38:11+00:00,1772746691.3298206,626880.3549215279,5494421.934312215,21.00644571677148,1086.3333356387536,35.0,0.0,0.0,0.0,0.0
2026-03-05T21:38:12+00:00,1772746692.329931,147439.7244528719,4615682.484955183,8.999006619437981,974.8923837724479,35.0,0.0,0.0,0.0,0.0
2026-03-05T21:38:13+00:00,1772746693.3299239,606212.3359685133,4370463.259989214,21.00015020477918,848.0060654120356,35.0,0.0,0.0,0.0,0.0
2026-03-05T21:38:14+00:00,1772746694.329587,1286577.4292191234,5535560.849920496,35.01179496438138,1025.3454239568832,35.0,0.0,436.14693155629374,0.0,3.001010996946975
2026-03-05T21:38:15+00:00,1772746695.3300905,0.0,167851.4800591743,0.0,8.99547042047309,35.0,0.0,207.89531638426695,0.0,2.9984901401576964
2026-03-05T21:38:16+00:00,1772746696.3296912,131124.3646618864,774453.2787842664,3.00119853199508,32.012784341280856,35.0,0.0,0.0,0.0,0.0
2026-03-05T21:38:17+00:00,1772746697.3298151,65527.87600719363,7818294.70610829,1.9997520754148446,67.99157056410472,35.0,0.0,1007.8750460090816,0.0,5.999256226244534
2026-03-05T21:38:18+00:00,1772746698.3298454,110588.65146857822,106492.77548826051,1.9999394435145077,8.999727495815284,35.0,0.0,891.9729918074704,0.0,4.9998486087862695
2026-03-05T21:38:19+00:00,1772746699.329616,65551.03469833847,803000.1750546461,3.0006882338716947,20.004588225811297,35.0,0.0,892.2046348711839,0.0,5.001147056452824
2026-03-05T21:38:20+00:00,1772746700.3299541,0.0,85986.9297498738,0.0,3.99864814685053,35.0,41.98580554193057,59.979722202757955,0.9996620367126325,0.9996620367126325
2026-03-05T21:38:21+00:00,1772746701.330267,0.0,114652.13621837652,0.0,5.998123755844196,35.0,809.7467070389664,1547.5159290078025,14.995309389610489,16.99468397489189
2026-03-05T21:38:22+00:00,1772746702.329858,0.0,0.0,0.0,0.0,35.0,0.0,250.10226378020838,0.0,2.000818110241667
2026-03-05T21:38:23+00:00,1772746703.329769,0.0,200721.89808032085,0.0,8.000713412002584,35.0,0.0,86.00766917902779,0.0,1.000089176500323
2026-03-05T21:38:24+00:00,1772746704.3297286,49153.98054855173,176135.0969656437,1.0000402943634386,6.000241766180631,35.0,0.0,220.00886475995645,0.0,2.000080588726877
2026-03-05T21:38:25+00:00,1772746705.3296487,0.0,4096.327174569006,0.0,1.0000798766037613,35.0,0.0,832.0664573343294,0.0,4.000319506415045
2026-03-05T21:38:26+00:00,1772746706.3297238,28669.8468413937,0.0,2.999774711362343,0.0,35.0,248.98130104307447,424.96808410966526,1.9998498075748954,2.999774711362343
2026-03-05T21:38:27+00:00,1772746707.3299725,0.0,4094.981698534114,0.0,0.9997513912436802,35.0,55.98607790964609,1109.724044280485,1.9995027824873604,3.9990055649747207
2026-03-05T21:38:28+00:00,1772746708.3298788,0.0,8192.76765005266,0.0,2.0001874145636376,35.0,0.0,220.02061560200013,0.0,2.0001874145636376
2026-03-05T21:38:29+00:00,1772746709.329652,98326.29411738053,196652.58823476106,3.0006803624688883,9.002041087406665,35.0,57.01292688690888,66.01496797431554,3.0006803624688883,1.0002267874896293
2026-03-05T21:38:30+00:00,1772746710.3298986,0.0,49139.88579895112,0.0,0.9997535359487126,35.0,406.899689131126,483.8807113991769,3.9990141437948505,3.9990141437948505
2026-03-05T21:38:31+00:00,1772746711.329854,0.0,4096.182625329718,0.0,1.000044586262138,35.0,0.0,480.0214014058263,0.0,2.000089172524276
2026-03-05T21:38:32+00:00,1772746712.3297174,639063.3048958075,4096.559646767997,29.003962342839824,1.000136632511718,35.0,2915.398283771658,4618.630968939114,15.002049487675771,16.00218612018749
2026-03-05T21:38:33+00:00,1772746713.3297477,0.0,65534.01568508339,0.0,0.9999697217572538,35.0,0.0,549.9833469664896,0.0,4.9998486087862695
2026-03-05T21:38:34+00:00,1772746714.3298833,49145.33293570508,147435.99880711525,2.999593074689031,16.99769408990451,35.0,0.0,0.0,0.0,0.0
2026-03-05T21:38:35+00:00,1772746715.3297603,0.0,4096.503968250184,0.0,1.00012303912358,35.0,0.0,280.0344509546024,0.0,3.00036911737074
2026-03-05T21:38:36+00:00,1772746716.3298025,0.0,4095.8271557315434,0.0,0.9999578016922713,35.0,0.9999578016922713,483.9795760190593,0.9999578016922713,3.9998312067690853
2026-03-05T21:38:37+00:00,1772746717.329952,0.0,65526.20458930075,0.0,0.9998505338943596,35.0,0.9998505338943596,59.991032033661575,0.9998505338943596,0.9998505338943596
2026-03-05T21:38:38+00:00,1772746718.3298833,65540.5003090117,860219.0665557785,4.000274677063702,23.001579393116288,35.0,428.02939044581615,4010.2753637563615,6.000412015595553,15.001030038988883
2026-03-05T21:38:39+00:00,1772746719.3298934,0.0,4095.958984785709,0.0,0.9999899865199485,35.0,427.99571423053794,4731.952616212397,5.999939919119691,9.999899865199485
2026-03-05T21:38:40+00:00,1772746720.329803,0.0,94216.51346459462,0.0,4.0003614752290515,35.0,428.03867784950853,2394.2163429245875,6.000542212843578,2.0001807376145257
2026-03-05T21:38:41+00:00,1772746721.3297346,0.0,0.0,0.0,0.0,35.0,1606933.9562753323,698.0477647086313,8.000547446517265,2.0001368616293163
2026-03-05T21:38:42+00:00,1772746722.3297567,45055.00099871328,49150.91018041449,1.9999556551275428,4.999889137818857,35.0,5975349.50900642,2180.9516419165852,3.9999113102550856,3.9999113102550856
2026-03-05T21:38:43+00:00,1772746723.3296456,0.0,4096.455128691189,0.0,1.0001111154031224,35.0,4369613.477419013,0.0,3.0003333462093673,0.0
2026-03-05T21:38:44+00:00,1772746724.32999,65513.44526506359,560958.8750821069,2.9989675261717337,18.99346099908765,35.0,5445812.135249305,859.7040241692304,6.997590894400712,5.997935052343467
2026-03-05T21:38:45+00:00,1772746725.329998,217086.24024863995,0.0,4.999959469170105,0.0,35.0,5998433.375309286,3081.9750167964526,5.999951363004126,3.999967575336084
2026-03-05T21:38:46+00:00,1772746726.3298638,61448.248177462556,299048.14113031776,5.000671238400273,29.003893182721583,35.0,6014302.297752771,386.0518196045011,8.001073981440436,2.000268495360109
2026-03-05T21:38:47+00:00,1772746727.3296778,45064.38046473562,1257705.891152167,4.0007440043266715,56.0104160605734,35.0,13093219.900169881,0.0,11.002046011898345,0.0
2026-03-05T21:38:48+00:00,1772746728.329948,0.0,139226.39101862334,0.0,10.99702939169388,35.0,994711.3003770525,569.8460684786829,4.998649723497219,3.9989197787977746
2026-03-05T21:38:49+00:00,1772746729.3297274,147488.5267045979,368721.31676149473,5.0011029291652385,15.003308787495717,35.0,6773674.847187435,844.1861744430923,53.01169104915153,3.0006617574991434
2026-03-05T21:38:50+00:00,1772746730.329751,16383.613290377678,73726.25980669954,0.9999763971177782,7.9998111769422255,35.0,4834388.8917950895,261.99381604485785,37.99910309047557,0.9999763971177782
2026-03-05T21:38:51+00:00,1772746731.3297923,0.0,4095.831061655601,0.0,0.999958755287012,35.0,5020484.922999458,1301.9462993836896,23.999010126888287,3.999835021148048
2026-03-05T21:38:52+00:00,1772746732.3296647,98316.54066211086,258080.919238041,2.000255140423805,8.00102056169522,35.0,5261124.077103913,1963.2504203259646,49.00625094038322,15.001913553178538
2026-03-05T21:38:53+00:00,1772746733.3297403,331750.92669969465,667597.543852472,4.999622135110657,10.999168697243446,35.0,5544285.970131747,599.9546562132789,25.998035102575418,9.999244270221315
2026-03-05T21:38:54+00:00,1772746734.3298812,163816.9173149745,446401.09968330554,2.99957734341384,22.99675963283944,35.0,4351099.906613157,0.0,16.99760494601176,0.0
2026-03-05T21:38:55+00:00,1772746735.3299313,0.0,4095.7949321423175,0.0,0.999949934605058,35.0,4352906.059127708,523.9737657330504,13.999299084470811,3.999799738420232
2026-03-05T21:38:56+00:00,1772746736.329698,12290.865902627174,114714.7484245203,1.0002332277528625,2.000466455505725,35.0,4353988.234111061,658.1534638613836,10.002332277528625,5.0011661387643125
2026-03-05T21:38:57+00:00,1772746737.3300462,0.0,36851.17243391192,0.0,1.9993040599995615,35.0,3147018.55077073,368.8715990699191,9.996520299997806,2.9989560899993424
2026-03-05T21:38:58+00:00,1772746738.3298101,0.0,4096.967025126189,0.0,1.0002360901186984,35.0,2410858.045416108,363.08570071308753,3.000708270356095,3.000708270356095
2026-03-05T21:38:59+00:00,1772746739.3296456,0.0,4096.673938993908,0.0,1.0001645358871847,35.0,6026679.441920978,191.03142635445226,23.003784325405245,2.0003290717743694
2026-03-05T21:39:00+00:00,1772746740.3297389,0.0,65529.89119447302,0.0,0.99990678702504,35.0,3569457.2492541173,0.0,9.9990678702504,0.0
2026-03-05T21:39:01+00:00,1772746741.329975,0.0,16380.133725073856,0.0,1.9995280426115547,35.0,5391097.5155686345,0.0,5.998584127834664,0.0
2026-03-05T21:39:02+00:00,1772746742.329789,0.0,8193.523720861023,0.0,1.0001860010816679,35.0,4350255.001660656,280.052080302867,4.0007440043266715,3.0005580032450037
2026-03-05T21:39:03+00:00,1772746743.336979,0.0,0.0,0.0,0.0,35.0,4318398.7600292675,218.4294943189202,5.957168026879642,1.9857226756265474
2026-03-05T21:39:04+00:00,1772746744.3302789,0.0,4123.628471207109,0.0,1.0067452322282981,35.0,2295464.702825259,0.0,3.0202356966848942,0.0
2026-03-05T21:39:05+00:00,1772746745.3296828,81968.85724618804,295087.8860862769,1.0005964019310063,12.007156823172076,35.0,4324915.850729662,304.18130618702594,6.003578411586038,2.0011928038620126
2026-03-05T21:39:06+00:00,1772746746.3302178,0.0,102345.24413875405,0.0,2.99839582437756,35.0,4546863.376752512,219.8823604543544,5.99679164875512,1.9989305495850398
2026-03-05T21:39:07+00:00,1772746747.3300383,0.0,0.0,0.0,0.0,35.0,4150344.107916179,0.0,5.000897807132905,0.0
2026-03-05T21:39:08+00:00,1772746748.3300445,212990.6796956844,565244.4961154702,8.999944210398324,24.99984502888423,35.0,3327615.3725014483,85.99946689936176,4.999969005776847,0.9999938011553693
2026-03-05T21:39:09+00:00,1772746749.3296647,0.0,335999.6129206139,0.0,25.00949862749901,35.0,4354269.755121209,1398.5311632497446,6.002279670599762,9.003419505899643
2026-03-05T21:39:10+00:00,1772746750.3300583,540459.2595220873,1711454.3218199431,28.988589248454762,197.9220921101394,35.0,6592317.072334665,1047.5876390476067,8.996458732279065,5.99763915485271
2026-03-05T21:39:11+00:00,1772746751.32991,0.0,81932.15023933622,0.0,1.0001483183512723,35.0,6463619.531224351,5072.752270677653,21.003114685376715,18.0026697303229
2026-03-05T21:39:12+00:00,1772746752.3296754,579720.0045634485,4096.961162992569,25.005866473343318,1.0002346589337328,35.0,4352609.139000124,1521.3569162382075,16.003754542939724,9.002111930403593
2026-03-05T21:39:13+00:00,1772746753.3298075,4648346.028361389,348114.0197451261,117.98441615902135,15.997886936816455,35.0,5383756.892431639,1767.7665065182182,15.997886936816455,11.99841520261234
2026-03-05T21:39:14+00:00,1772746754.3303025,548592.4703330013,61409.604888022535,17.991095182037853,9.995052878909918,35.0,6423816.487254253,717.6447967057321,23.9881269093838,5.99703172734595
2026-03-05T21:39:15+00:00,1772746755.3300397,16388.305818799094,0.0,1.0002628063231869,0.0,35.0,6690641.881010264,1733.455443358083,13.00341648220143,11.002890869555056
2026-03-05T21:39:16+00:00,1772746756.3301234,0.0,20478.28627622534,0.0,4.999581610406577,35.0,4322512.270900944,12871.922814152773,9.999163220813154,11.998995864975784
2026-03-05T21:39:17+00:00,1772746757.330048,69637.2464890219,86022.48095702706,2.0001506918951604,8.000602767580641,35.0,4292369.388272928,3890.293095736087,6.000452075685481,7.000527421633062
2026-03-05T21:39:18+00:00,1772746758.3301017,452071.7489815901,520164.0962234377,13.999249021761441,26.99855168482564,35.0,4293059.702331299,7993.571191425784,15.999141739155935,16.99908809785318
2026-03-05T21:39:19+00:00,1772746759.3298259,16388.520778308033,512141.27432212606,1.0002759264104024,29.008001865901672,35.0,5606788.634304497,779.2149466737036,9.002483337693622,4.00110370564161
2026-03-05T21:39:20+00:00,1772746760.3297882,32769.23442150083,65538.46884300165,1.0000376715545907,10.000376715545906,35.0,7882576.937741319,1797.0676957835992,41.00154453373821,13.000489730209678
2026-03-05T21:39:21+00:00,1772746761.3298564,81914.41444336633,135158.78383155446,2.9997954508068725,12.999113620163115,35.0,3727424.8354227706,15584.93729875864,31.997818141939977,14.998977254034363
2026-03-05T21:39:22+00:00,1772746762.3299963,118767.37830279738,98290.2441126599,5.99916040726684,8.99874061090026,35.0,6693947.170674041,13664.087687618105,15.997761086044905,10.998460746655873
2026-03-05T21:39:23+00:00,1772746763.3301008,98293.73544689995,409557.2310287498,0.9998955835662837,12.998642586361688,35.0,7410412.150388272,22887.609907832233,25.997285172723377,16.99822492062682
2026-03-05T21:39:24+00:00,1772746764.32972,0.0,86048.7634513931,0.0,2.0007617990000255,35.0,5640541.661455475,28396.812213207362,41.01561687950052,19.007237090500244
2026-03-05T21:39:25+00:00,1772746765.3297427,160764.35872505215,471029.33129633113,9.999773507479857,11.999728208975828,35.0,4349671.480963065,25629.419499670872,9.999773507479857,17.99959231346374
2026-03-05T21:39:26+00:00,1772746766.3297575,0.0,0.0,0.0,0.0,35.0,6929944.561892787,185.99725059758734,19.999704365331972,2.9999556547997956
2026-03-05T21:39:27+00:00,1772746767.3299353,622481.2853167424,1666775.546867856,37.9932425120082,160.97136959035052,35.0,7412705.574259186,5162.081870776272,12.99768822779228,6.998755199580458
2026-03-05T21:39:28+00:00,1772746768.3299146,73729.52932859697,159747.31354529344,2.000041485693277,6.000124457079831,35.0,4353446.300995871,1202.0249329016597,9.000186685619747,8.000165942773108
2026-03-05T21:39:29+00:00,1772746769.329714,0.0,94226.89343676098,0.0,4.00080220094943,35.0,6044192.921273897,2070.41513899133,13.002607153085648,7.001403851661503
2026-03-05T21:39:30+00:00,1772746770.3296654,5120.249035549939,24577.195370639707,2.000097279511695,3.0001459192675424,35.0,7013563.121405784,4411.214549963043,16.00077823609356,10.000486397558475
2026-03-05T21:39:31+00:00,1772746771.3301394,65504.952215908714,49128.71416193154,1.999052496823386,4.997631242058465,35.0,4358403.220885486,12723.969142280852,12.99384122935201,14.992893726175394
2026-03-05T21:39:32+00:00,1772746772.330156,10239.829104414628,12287.794925297554,2.999949932933973,2.999949932933973,35.0,3044653.1868679333,3268.9454435870525,10.9998164207579,6.999883176845937
2026-03-05T21:39:33+00:00,1772746773.3296597,0.0,20490.17106441405,0.0,2.0009932680091844,35.0,6670338.072317735,2680.330482498303,14.006952876064293,11.005462974050516
2026-03-05T21:39:34+00:00,1772746774.3296187,81923.35951276688,630809.868248305,3.0001230290319905,35.00143533870656,35.0,6391515.103223265,802.0328897612188,29.001189280642574,7.000287067741311
2026-03-05T21:39:35+00:00,1772746775.3296092,36352.346682993724,172033.64064064636,1.0000095368341144,9.000085831507029,35.0,4349951.484370083,5291.050459389299,9.000085831507029,9.000085831507029
2026-03-05T21:39:36+00:00,1772746776.3299394,454505.9177226911,135123.38094458383,27.9907571795717,4.998349496352089,35.0,4348363.128176564,967.6804624937645,7.997359194163343,5.9980193956225065
2026-03-05T21:39:37+00:00,1772746777.3296251,0.0,0.0,0.0,0.0,35.0,3967926.864225161,1379.4334672235968,3.000943003387085,9.002829010161255
2026-03-05T21:39:38+00:00,1772746778.3299124,65517.177282661054,188361.88468765054,0.999712788126542,7.997702305012336,35.0,4529445.715665965,9585.246212557284,34.98994758442897,32.99052200817589
2026-03-05T21:39:39+00:00,1772746779.3297756,0.0,16386.242494390437,0.0,3.00041061298653,35.0,4554120.241667442,3633.497252326688,19.00260054891469,22.00301116190122
2026-03-05T21:39:40+00:00,1772746780.3297596,0.0,36864.58887659424,0.0,2.000031948599948,35.0,4349635.481272041,4258.068018569289,6.000095845799844,7.000111820099818
2026-03-05T21:39:41+00:00,1772746781.3296814,0.0,0.0,0.0,0.0,35.0,6761989.79635172,928.0725764763556,11.000860281508526,8.000625659278928
2026-03-05T21:39:42+00:00,1772746782.3300767,675572.9473622497,4094.3814991651498,23.990516596670798,0.9996048581946166,35.0,3272016.5783770205,7826.906039663848,33.986565178616964,9.996048581946166
2026-03-05T21:39:43+00:00,1772746783.330012,1116232.1213590833,618535.9644962259,41.0026492400036,62.00400616781032,35.0,5250497.242160946,361.0233262351536,12.000775387318125,3.0001938468295313
2026-03-05T21:39:44+00:00,1772746784.3297791,151587.30998274163,69648.22350558398,6.001397935338694,2.0004659784462313,35.0,4799353.937277965,2706.630468837751,9.002096903008042,2.0004659784462313
2026-03-05T21:39:45+00:00,1772746785.3298786,192492.86225424765,0.0,8.999105304023796,0.0,35.0,4525282.093976691,360.9641127502878,11.998807072031727,2.999701768007932
2026-03-05T21:39:46+00:00,1772746786.3297377,36357.12291422899,73738.39013590105,7.000986476661613,8.001127401898986,35.0,3886757.665066732,3928.5535543324017,8.001127401898986,24.003382205696955
2026-03-05T21:39:47+00:00,1772746787.3299942,65519.19181194552,20474.747441232976,0.9997435274039539,2.9992305822118617,35.0,5629218.889242929,1195.693258775129,26.993075239906755,6.998204691827677
2026-03-05T21:39:48+00:00,1772746788.3296907,0.0,16388.974165943444,0.0,3.0009107969867146,35.0,3069901.736209439,883.2680779130897,22.006679177902573,9.002732390960142
2026-03-05T21:39:49+00:00,1772746789.329897,65522.48716178061,253899.63775189986,0.9997938104519747,10.997731914971721,35.0,4242896.978569398,360.9255655731628,8.998144294067771,2.999381431355924
2026-03-05T21:39:50+00:00,1772746790.3296368,32776.525655147976,172076.75968952687,2.0005203646940903,11.002862005817496,35.0,2064585.0288530537,1167.3036327990017,11.002862005817496,14.003642552858631
2026-03-05T21:39:51+00:00,1772746791.3297875,0.0,12286.148716452408,0.0,2.9995480264776386,35.0,2709651.7082119966,4377.340419973034,2.9995480264776386,8.998644079432916
2026-03-05T21:39:52+00:00,1772746792.3299272,0.0,32763.42251453554,0.0,2.999580918689167,35.0,3863160.2651797784,383.94635759221336,7.998882449837779,2.999580918689167
2026-03-05T21:39:53+00:00,1772746793.3296793,49676.3175073165,98328.38104540997,3.000744050458068,10.00248016819356,35.0,3488354.9561773357,4166.032990052618,19.004712319567766,19.004712319567766
2026-03-05T21:39:54+00:00,1772746794.3303845,0.0,20465.56681951234,0.0,4.996476274295005,35.0,4348373.343803651,1703.7984095345967,6.995066784013007,3.997181019436004
2026-03-05T21:39:55+00:00,1772746795.329961,0.0,86052.43730369839,0.0,2.000847221533166,35.0,6290392.549701755,1963.831547934802,28.01186110146432,6.002541664599497
2026-03-05T21:39:56+00:00,1772746796.3301833,0.0,81901.8009189471,0.0,0.9997778432488661,35.0,1051720.3013170178,0.0,16.996223335230724,0.0
2026-03-05T21:39:57+00:00,1772746797.3297632,0.0,61465.82139427584,0.0,2.00084054017825,35.0,2367376.519574044,167.07018510488388,2.00084054017825,1.000420270089125
2026-03-05T21:39:58+00:00,1772746798.3297527,1396750.6524974608,491525.1563040918,165.00173093704254,40.000419621101216,35.0,1983648.8093041442,943.0098925674613,8.000083924220244,8.000083924220244
2026-03-05T21:39:59+00:00,1772746799.3296654,327708.5962453427,745537.0564581546,13.001134494596725,44.00383982786584,35.0,4350293.611840709,1364.119034663841,11.00095995696646,13.001134494596725
2026-03-05T21:40:00+00:00,1772746800.3301456,0.0,114632.95611819695,0.0,1.9990401108781555,35.0,2315308.2468201886,361.82626006894617,1.9990401108781555,2.998560166317233
2026-03-05T21:40:01+00:00,1772746801.3297567,213074.85643836283,590053.4485985432,13.005057155661794,47.018283562777256,35.0,5544101.883353174,3361.3070802325865,28.010892335271556,25.009725299349604
2026-03-05T21:40:02+00:00,1772746802.3299012,196579.59785358922,450494.9117478086,11.998266470555983,37.994510490093944,35.0,3402651.379283942,597.9136124493732,6.99898877449099,3.9994221568519945
2026-03-05T21:40:03+00:00,1772746803.3303306,131015.74290633814,311162.3894025531,0.9995707924372722,3.998283169749089,35.0,4103004.203389572,1025.5596330406413,13.99399109412181,12.994420301684539
2026-03-05T21:40:04+00:00,1772746804.3298428,262271.9374084324,463073.88948676345,13.006344552267537,39.01903365680261,35.0,3420268.4220293695,388.1893604830619,7.0034162973748275,6.002928254892709
2026-03-05T21:40:05+00:00,1772746805.3297448,163856.05626085357,802894.6756781825,9.00088199675099,49.004801982310944,35.0,2975315.5512780133,1172.1148555769066,45.004409983754954,12.001175995667987
2026-03-05T21:40:06+00:00,1772746806.329769,131068.84382600154,409590.13695625484,7.999807362426852,34.999157210617476,35.0,4349660.25897833,2641.936381441468,8.999783282730208,16.99959064515706
2026-03-05T21:40:07+00:00,1772746807.329822,0.0,0.0,0.0,0.0,35.0,4352892.568267173,5117.727904004432,14.999202532252147,20.998883545153006
2026-03-05T21:40:08+00:00,1772746808.3299267,0.0,86006.99801251233,0.0,1.9997906903950968,35.0,7131029.625391591,5199.455795027252,14.998430177963227,20.997802249148517
2026-03-05T21:40:09+00:00,1772746809.3298721,229388.52412129016,294928.1024416588,4.000218403342811,12.000655210028434,35.0,5100615.482662566,9543.52105577511,13.000709810864135,17.000928214206947
2026-03-05T21:40:10+00:00,1772746810.3297956,65541.01600888702,167948.853522773,3.0002296146646277,12.00091845865851,35.0,6568597.710310223,19331.47948382242,17.001301149766224,33.002525761310906
2026-03-05T21:40:11+00:00,1772746811.330014,0.0,69616.79628910999,0.0,1.9995633125318815,35.0,7301201.480252287,5432.813520149122,38.99148459437169,9.997816562659407
2026-03-05T21:40:12+00:00,1772746812.3302283,114663.42323649177,348085.39196792146,6.998499953399156,23.994856983082823,35.0,7486188.423080361,9236.02036707163,29.993571228853526,14.996785614426763
2026-03-05T21:40:13+00:00,1772746813.3298523,4097.54061831357,24585.243709881423,1.0003761275179615,5.0018806375898075,35.0,8384524.464647472,4722.775698012296,17.006394167805343,15.005641912769422
2026-03-05T21:40:14+00:00,1772746814.3296325,32775.20470875298,192554.32766392376,2.000439740524474,19.004177534982503,35.0,7296626.958620035,1362.2994632971668,14.003078183671319,9.001978832360134
2026-03-05T21:40:15+00:00,1772746815.3302236,16374.322126257182,1342694.414353089,0.9994093094639394,285.8310625066867,35.0,5615812.831906725,4547.312358060924,10.993502404103333,4.997046547319697
2026-03-05T21:40:16+00:00,1772746816.32971,131139.34708633996,377025.62287322734,8.004110539937741,28.01438688978209,35.0,4283424.768293119,3668.8841687439617,35.01798361222762,13.006679627398828
2026-03-05T21:40:17+00:00,1772746817.3300018,163792.2014487807,483186.9942739031,6.997957825570465,24.992706519894515,35.0,6087731.451781993,3726.91239624667,21.993581737507174,12.996207390345148
2026-03-05T21:40:18+00:00,1772746818.3300657,0.0,65531.81276754815,0.0,0.9999361079032616,35.0,6652325.941789532,1038.9336161114888,38.9975082082272,9.999361079032617
2026-03-05T21:40:19+00:00,1772746819.3296096,176208.36770997744,508135.75804737676,2.000912605718312,16.007300845746496,35.0,6399879.951594209,4895.23268988985,15.00684454288734,22.010038662901433
2026-03-05T21:40:20+00:00,1772746820.3299656,0.0,81890.85021987479,0.0,3.998576670892324,35.0,6931577.642979391,5250.131168881621,34.987545870307834,17.99359501901546
2026-03-05T21:40:21+00:00,1772746821.3299303,0.0,86019.03526335215,0.0,2.0000705743896985,35.0,7554398.564127801,3328.1174357844584,15.000529307922738,16.000564595117588
2026-03-05T21:40:22+00:00,1772746822.3297422,0.0,32774.16522225388,0.0,1.0001881476517909,35.0,7266369.893254704,1828.343933907474,20.003762953035817,6.001128885910745
2026-03-05T21:40:23+00:00,1772746823.3298905,139243.35071846322,556973.4028738529,7.998813805058778,24.99629314080868,35.0,5791561.132587321,909.865070325436,6.9989620794264304,7.998813805058778
2026-03-05T21:40:24+00:00,1772746824.3300433,4095.37411908857,24572.244714531418,0.9998471970431079,3.9993887881724315,35.0,7255643.146836967,3085.528450075031,40.99373507876742,13.99786075860351
2026-03-05T21:40:25+00:00,1772746825.3297222,115237.00834518456,176184.58164774883,4.0012850119855745,9.002891276967544,35.0,8338451.8923747605,1777.5708665745917,18.005782553935088,15.004818794945905
2026-03-05T21:40:26+00:00,1772746826.3299627,0.0,0.0,0.0,0.0,35.0,7816055.735661201,3009.2760754680285,23.99422784426335,20.99494936373043
2026-03-05T21:40:27+00:00,1772746827.329535,131128.08648947766,311429.20541250944,8.003423247648783,28.01198136677074,35.0,5604750.280216863,2368.0128533980837,48.0205394858927,24.01026974294635
2026-03-05T21:40:28+00:00,1772746828.329674,0.0,8190.861486376152,0.0,1.9997220425723028,35.0,4349807.385335528,1476.7947284396457,38.99457983015991,15.997776340578422
2026-03-05T21:40:29+00:00,1772746829.3298714,65523.06505349534,163807.66263373833,0.9998026283797506,5.998815770278504,35.0,5812992.453767844,1732.6579549821079,10.997828912177257,12.997434168936758
2026-03-05T21:40:30+00:00,1772746830.3296936,0.0,126998.58800188289,0.0,4.000711567599637,35.0,4357509.02768866,2027.3605868811162,14.002490486598731,13.002312594698822
2026-03-05T21:40:31+00:00,1772746831.3299947,0.0,90084.87340280825,0.0,5.9981938078929495,35.0,6886617.283447982,360.89132744155916,11.996387615785899,2.9990969039464748
2026-03-05T21:40:32+00:00,1772746832.3299055,32770.922135562585,53252.7484702892,2.000178353000646,7.000624235502261,35.0,4701938.265010622,20170.798600835016,23.00205105950743,26.0023185890084
2026-03-05T21:40:33+00:00,1772746833.32976,0.0,0.0,0.0,0.0,35.0,4352295.977615916,10306.498929106416,40.00581825951059,19.00276367326753
2026-03-05T21:40:34+00:00,1772746834.3297849,98301.56256043761,348151.3674015499,5.99985123049546,32.99918176772503,35.0,4349612.1490517855,33394.17197373265,21.999454511816687,23.99940492198184
2026-03-05T21:40:35+00:00,1772746835.3300421,16379.786240255062,610147.037449501,0.9997428125155677,36.990484063076,35.0,7307639.08319598,9899.453329529151,26.993055937920328,13.996399375217948
2026-03-05T21:40:36+00:00,1772746836.329899,16386.344085324094,94221.47849061355,1.0001430716140194,9.001287644526176,35.0,5076839.247679856,1273.1821301646469,15.002146074210293,13.001859930982253
2026-03-05T21:40:37+00:00,1772746837.3300729,16381.152838606991,81905.76419303495,0.9998262230595087,0.9998262230595087,35.0,5017931.847595954,6413.885220926748,20.996350684249684,42.992527591558876
2026-03-05T21:40:38+00:00,1772746838.3297243,65558.85171537587,4097.428232210992,2.0006973790092735,1.0003486895046367,35.0,8704582.138461692,8003.789864726598,33.01150675365301,32.011158064148376
2026-03-05T21:40:39+00:00,1772746839.329882,32762.836751200546,176100.24753770293,1.9996848603027677,9.998424301513838,35.0,8702058.601852458,7168.870224185423,34.99448505529843,25.99590318393598
2026-03-05T21:40:40+00:00,1772746840.3298955,111614.48317491032,204797.2168346978,3.9999456413026917,13.999809744559421,35.0,9007796.585314427,4264.942040038995,23.99967384781615,13.999809744559421
2026-03-05T21:40:41+00:00,1772746841.3299973,0.0,81911.66100519914,0.0,0.9998982056298723,35.0,7481577.340014413,11992.77907832469,40.99582643082476,21.997760523857192
2026-03-05T21:40:42+00:00,1772746842.3298671,45061.865997990346,4096.533272544577,1.0001301934923283,1.0001301934923283,35.0,9039702.757265441,2711.352954557702,19.00247367635424,10.001301934923283
2026-03-05T21:40:43+00:00,1772746843.3300908,343987.07189144276,1249000.6777010718,20.99530468087419,149.96646200624423,35.0,8810283.697869157,3071.3131418878816,57.98703197574776,2.9993292401248843
2026-03-05T21:40:44+00:00,1772746844.3300254,65540.28152969817,151561.90103742701,1.0000653309585292,5.000326654792646,35.0,4758590.86299335,0.0,6.0003919857511745,0.0
2026-03-05T21:40:45+00:00,1772746845.32997,16384.91020681338,126983.0541028037,1.0000555546150744,6.000333327690447,35.0,5238455.004184717,1200.0666655380894,6.000333327690447,15.000833319226118
2026-03-05T21:40:46+00:00,1772746846.3300498,49148.074532277984,122870.18633069497,0.9999201361547442,4.999600680773721,35.0,5819777.17309356,735.9412202098918,34.99720476541604,9.999201361547442
2026-03-05T21:40:47+00:00,1772746847.3299766,73733.39687939691,4096.2998266331615,2.0001463997232234,1.0000731998616117,35.0,7171476.912694024,6153.450398748497,55.00402599238865,19.00139079737062
2026-03-05T21:40:48+00:00,1772746848.3301857,0.0,0.0,0.0,0.0,35.0,7340630.124936206,8807.158483984362,25.994564716039665,21.995400913572023
2026-03-05T21:40:49+00:00,1772746849.3302324,0.0,94203.59786196209,0.0,3.9998130885683634,35.0,7251514.136443438,169.99205626415545,49.99766360710454,1.9999065442841817
2026-03-05T21:40:50+00:00,1772746850.3298035,0.0,118834.97010403089,0.0,8.003432792566736,35.0,7612240.004102559,0.0,26.011156575841888,0.0
2026-03-05T21:40:51+00:00,1772746851.3298848,65530.672308145266,167922.34778962223,2.999756117621396,9.999187058737986,35.0,4349092.41558797,359.9707341145675,4.999593529368993,2.999756117621396
2026-03-05T21:40:52+00:00,1772746852.3296185,0.0,0.0,0.0,0.0,35.0,4350604.624974751,384.1022916459485,43.01145453327028,3.000799153483973
2026-03-05T21:40:53+00:00,1772746853.3300133,0.0,36849.45105673076,0.0,1.9992106693104796,35.0,4348385.165494428,867.6574304807482,13.994474685173357,9.996053346552397
2026-03-05T21:40:54+00:00,1772746854.3300285,65535.000015258556,294907.5000686635,0.9999847414437646,7.999877931550117,35.0,427.99346933793123,0.0,5.9999084486625875,0.0
2026-03-05T21:40:55+00:00,1772746855.330043,0.0,81918.80861107701,0.0,3.9999418267127442,35.0,482.9929755755639,427.99377545826366,6.999898196747303,4.999927283390931
2026-03-05T21:40:56+00:00,1772746856.3299897,16384.875046732537,65539.50018693015,1.0000534086140465,1.0000534086140465,35.0,428.0228588868119,0.0,6.000320451684279,0.0
2026-03-05T21:40:57+00:00,1772746857.3297567,49163.451886294584,114714.72106802069,1.0002329892231157,4.000931956892463,35.0,1.0002329892231157,132.03075457745126,1.0002329892231157,2.0004659784462313
2026-03-05T21:40:58+00:00,1772746858.329896,0.0,4095.429766897233,0.0,0.9998607829338948,35.0,0.0,2107.7065304246503,0.0,8.998747046405054
2026-03-05T21:40:59+00:00,1772746859.329806,16385.472788629846,90120.10033746414,1.0000898918841459,15.001348378262188,35.0,5001.449549312613,3384.3041941359493,27.002427080871936,11.000988810725604
2026-03-05T21:41:00+00:00,1772746860.3300188,122853.87274396715,65522.065463449144,1.9995747516921736,0.9997873758460868,35.0,2992.363615907338,179.96172765229562,17.996172765229563,2.9993621275382605
2026-03-05T21:41:01+00:00,1772746861.3296237,0.0,4097.618803586374,0.0,1.0003952157193297,35.0,1651.6525011526132,3093.222007004167,9.003556941473967,4.001580862877319
2026-03-05T21:41:02+00:00,1772746862.3298109,0.0,4095.2335418867156,0.0,0.9998128764371864,35.0,5000.064195062369,3233.394842397861,26.994947663804034,3.9992515057487457
2026-03-05T21:41:03+00:00,1772746863.3301249,0.0,131030.8566688936,0.0,1.9993722025893188,35.0,2994.0598733775046,69.97802709062616,19.993722025893188,0.9996861012946594
2026-03-05T21:41:04+00:00,1772746864.3300834,49154.039147093674,126981.26779665866,1.0000414865538265,6.000248919322958,35.0,1652.0685357869213,0.0,10.000414865538264,0.0
2026-03-05T21:41:05+00:00,1772746865.3299522,24579.22307889304,307240.288486163,2.0002622948317903,13.001704916406638,35.0,5056.663081334766,2772.363540636861,28.003672127645064,3.0003934422476854
2026-03-05T21:41:06+00:00,1772746866.3297148,0.0,512121.61090957304,0.0,22.005225468770718,35.0,2995.711376316741,0.0,20.004750426155198,0.0
2026-03-05T21:41:07+00:00,1772746867.3299766,0.0,0.0,0.0,0.0,35.0,1651.5676466760515,69.98167994390049,9.997382849128641,0.9997382849128641
2026-03-05T21:41:08+00:00,1772746868.3296661,0.0,4097.271879192998,0.0,1.000310517381103,35.0,0.0,0.0,0.0,0.0
2026-03-05T21:41:09+00:00,1772746869.3299115,135134.84700070292,421784.52245673945,1.9995094549109689,7.9980378196438755,35.0,65.98381201206197,65.98381201206197,0.9997547274554844,0.9997547274554844
2026-03-05T21:41:10+00:00,1772746870.329774,0.0,69641.58041951705,0.0,2.000275172895136,35.0,42.005778630797856,60.00825518685408,1.000137586447568,1.000137586447568
2026-03-05T21:41:11+00:00,1772746871.3296328,0.0,65545.25130576444,0.0,1.0001411637232123,35.0,0.0,968.1366464840695,0.0,2.0002823274464245
2026-03-05T21:41:12+00:00,1772746872.3298144,0.0,69619.35190721671,0.0,1.999636716085039,35.0,1.999636716085039,0.0,1.999636716085039,0.0
2026-03-05T21:41:13+00:00,1772746873.3300169,0.0,4095.171066228097,0.0,0.999797623590844,35.0,0.999797623590844,0.0,0.999797623590844,0.0
2026-03-05T21:41:14+00:00,1772746874.3300748,65532.20334496193,253937.28796172744,0.999942067641631,10.99936274405794,35.0,0.0,0.0,0.0,0.0
2026-03-05T21:41:15+00:00,1772746875.3299515,81930.09890106483,208921.75219771534,2.000246555201778,7.000862943206224,35.0,392.04832481954855,524.0645974628659,7.000862943206224,6.000739665605335
2026-03-05T21:41:16+00:00,1772746876.3297832,0.0,262188.1324285256,0.0,19.003198685234015,35.0,1.000168351854422,0.0,1.000168351854422,0.0
2026-03-05T21:41:17+00:00,1772746877.329762,0.0,4096.086915906791,0.0,1.0000212197038063,35.0,0.0,0.0,0.0,0.0
2026-03-05T21:41:18+00:00,1772746878.329585,0.0,0.0,0.0,0.0,35.0,0.0,0.0,0.0,0.0
2026-03-05T21:41:19+00:00,1772746879.3296614,49148.25028608047,344037.75200256327,0.9999237118750095,14.998855678125143,35.0,0.0,0.0,0.0,0.0
2026-03-05T21:41:20+00:00,1772746880.329635,16384.433605225127,122883.25203918848,1.0000264651626665,7.000185256138666,35.0,60.00158790976,60.00158790976,1.0000264651626665,1.0000264651626665
2026-03-05T21:41:21+00:00,1772746881.3298037,49143.70452527907,135145.18744451745,2.99949368440424,13.997637193886455,35.0,0.0,0.0,0.0,0.0
2026-03-05T21:41:22+00:00,1772746882.3299177,0.0,0.0,0.0,0.0,35.0,96.98894674383556,365.95829389942077,1.9997720978110425,4.9994302445276055
2026-03-05T21:41:23+00:00,1772746883.329744,0.0,49160.53273101525,0.0,4.000694395427673,35.0,431.0748211073318,216.03749735309435,40.00694395427673,5.000867994284591
2026-03-05T21:41:24+00:00,1772746884.330063,0.0,270249.7892203386,0.0,6.997767683706093,35.0,79.97448781378392,3491.8860741693406,7.9974487813783925,13.995535367412186
2026-03-05T21:41:25+00:00,1772746885.3300369,0.0,4096.1074246923245,0.0,1.0000262267315245,35.0,1.0000262267315245,1280.0335702163516,1.0000262267315245,6.000157360389148
2026-03-05T21:41:26+00:00,1772746886.3297648,49165.37473215327,221244.18629468972,2.0005442192445178,9.00244898660033,35.0,109.02965994882622,277.0753743653657,3.000816328866777,3.000816328866777
2026-03-05T21:41:27+00:00,1772746887.329771,0.0,4095.9746095323926,0.0,0.9999938011553693,35.0,0.9999938011553693,539.9966526238994,0.9999938011553693,0.9999938011553693
2026-03-05T21:41:28+00:00,1772746888.3300588,0.0,69611.96767878812,0.0,1.9994246231269563,35.0,2.9991369346904344,953.7255452315582,2.9991369346904344,2.9991369346904344
2026-03-05T21:41:29+00:00,1772746889.3298733,81935.19813159617,258095.87411452798,1.000185524067336,8.001484192538689,35.0,1.000185524067336,1242.2304208916316,1.000185524067336,9.001669716606026
2026-03-05T21:41:30+00:00,1772746890.3296733,0.0,32774.55599891736,0.0,1.000200073209148,35.0,1.000200073209148,1620.3241185988197,1.000200073209148,3.000600219627444
2026-03-05T21:41:31+00:00,1772746891.3298147,0.0,94194.68254691355,0.0,5.999151826612191,35.0,0.9998586377686985,611.9134863144435,0.9998586377686985,1.999717275537397
2026-03-05T21:41:32+00:00,1772746892.3302352,32754.224543548866,262033.79634839093,1.99915921286309,50.97855992800879,35.0,0.999579606431545,479.79821108714157,0.999579606431545,1.99915921286309
2026-03-05T21:41:33+00:00,1772746893.3297448,0.0,131136.31279073012,0.0,2.0009813353077717,35.0,56.027477388617605,66.03238406515646,2.0009813353077717,1.0004906676538858
2026-03-05T21:41:34+00:00,1772746894.3296354,69639.62095117965,131086.34531986757,3.00032833831484,6.00065667662968,35.0,1.0001094461049467,0.0,1.0001094461049467,0.0
2026-03-05T21:41:35+00:00,1772746895.3300207,16377.689931171233,315270.5311750462,0.999614863963088,9.99614863963088,35.0,0.999614863963088,0.0,0.999614863963088,0.0
2026-03-05T21:41:36+00:00,1772746896.329672,0.0,315501.9738802464,0.0,20.006973790092733,35.0,1.0003486895046367,453.15795634560044,1.0003486895046367,1.0003486895046367
2026-03-05T21:41:37+00:00,1772746897.3300097,0.0,0.0,0.0,0.0,35.0,55.98110074075486,213.9277778307418,1.999325026455531,2.9989875396832963
2026-03-05T21:41:38+00:00,1772746898.3297267,0.0,102428.98769578812,0.0,3.0008492489000425,35.0,1.000283082966681,1424.4031101445535,1.000283082966681,8.002264663733447
2026-03-05T21:41:39+00:00,1772746899.3300455,0.0,217018.82185630276,0.0,5.9980880156333685,35.0,0.9996813359388946,4303.628151216942,0.9996813359388946,11.996176031266737
2026-03-05T21:41:40+00:00,1772746900.3297064,0.0,4097.38914283779,0.0,1.0003391462006324,35.0,217.07359472553722,4509.528871072451,5.001695731003162,13.00440890060822
2026-03-05T21:41:41+00:00,1772746901.3298547,0.0,65526.28269104151,0.0,0.9998517256323473,35.0,0.9998517256323473,3091.5415356552176,0.9998517256323473,3.999406902529389
2026-03-05T21:41:42+00:00,1772746902.3296828,0.0,135191.2393464014,0.0,3.000515788050457,35.0,1.0001719293501523,134.02303853292042,1.0001719293501523,1.0001719293501523
2026-03-05T21:41:43+00:00,1772746903.3297348,0.0,4095.7871204394683,0.0,0.999948027451042,35.0,0.999948027451042,1765.9082164785405,0.999948027451042,2.9998440823531265
2026-03-05T21:41:44+00:00,1772746904.329733,65536.12500023842,315392.6015636474,2.0000038147045416,12.00002288822725,35.0,1.0000019073522708,0.0,1.0000019073522708,0.0
2026-03-05T21:41:45+00:00,1772746905.3296628,0.0,0.0,0.0,0.0,35.0,1.000070099975918,2706.1896905348344,1.000070099975918,2.000140199951836
2026-03-05T21:41:46+00:00,1772746906.3297613,0.0,4095.59671939728,0.0,0.9999015428216016,35.0,0.9999015428216016,166.98355765120746,0.9999015428216016,0.9999015428216016
2026-03-05T21:41:47+00:00,1772746907.3296492,0.0,69639.80360882191,0.0,2.0002241385805926,35.0,0.0,70.00784485032074,0.0,1.0001120692902963
2026-03-05T21:41:48+00:00,1772746908.329836,0.0,65523.76790850821,0.0,0.9998133530961336,35.0,0.0,0.0,0.0,0.0
2026-03-05T21:41:49+00:00,1772746909.329944,0.0,16382.230659845136,0.0,3.999568032188754,35.0,161.98250530364453,290.9685743417318,2.999676024141565,3.999568032188754
2026-03-05T21:41:50+00:00,1772746910.3298275,0.0,69640.10250521243,0.0,2.0002327236101918,35.0,0.0,0.0,0.0,0.0
2026-03-05T21:41:51+00:00,1772746911.3299613,0.0,12286.35666511318,0.0,2.9995987951936476,35.0,0.0,0.0,0.0,0.0
2026-03-05T21:41:52+00:00,1772746912.3298545,0.0,65543.00074776054,0.0,1.0001068229333578,35.0,0.0,1166.1245555402952,0.0,2.0002136458667157
2026-03-05T21:41:53+00:00,1772746913.3298314,0.0,114690.65240509111,0.0,5.000115635685125,35.0,0.0,148.00342281627968,0.0,2.00004625427405
2026-03-05T21:41:54+00:00,1772746914.3299024,49148.50806059788,159732.65119694313,0.9999289563109921,6.999502694176945,35.0,41.997016165061666,272.98060507290086,0.9999289563109921,1.9998579126219842
2026-03-05T21:41:55+00:00,1772746915.3297331,131094.19125647357,69643.78910500158,2.000338611701562,2.000338611701562,35.0,826.139846632745,1262.2136639836856,10.00169305850781,10.00169305850781
2026-03-05T21:41:56+00:00,1772746916.329937,0.0,131045.28669545063,0.0,1.9995923873207189,35.0,0.0,212.95658924965656,0.0,0.9997961936603594
2026-03-05T21:41:57+00:00,1772746917.3301628,98281.8096976796,327606.03232559864,0.9997742685717732,16.996162565720144,35.0,4798.916489144512,8932.983089688792,20.995259640007237,25.994130982866103
2026-03-05T21:41:58+00:00,1772746918.3297477,487626.407258758,708902.2559307994,20.008305182295413,57.023669769541925,35.0,0.0,148.06145834898604,0.0,2.000830518229541
2026-03-05T21:41:59+00:00,1772746919.3300304,245690.5274568644,618321.1607664421,14.995759732474633,51.985300405912064,35.0,5792.3621259972015,7988.741068146986,20.994063625464488,18.99462899446787
2026-03-05T21:42:00+00:00,1772746920.3299532,0.0,0.0,0.0,0.0,35.0,247.0190816360593,1015.0784123910939,4.000309014349138,9.000695282285562
2026-03-05T21:42:01+00:00,1772746921.3299775,524275.2503100558,1286112.7234168558,21.999465001718956,76.99812750601635,35.0,5293.871259959098,6479.842418688129,15.999610910341058,20.99948931982264
2026-03-05T21:42:02+00:00,1772746922.330026,380909.5643688281,827351.9570161642,20.99898367078658,63.99690261573053,35.0,5812.718670394399,5467.735367231477,13.999322447191053,10.999467637078684
2026-03-05T21:42:03+00:00,1772746923.3298535,16386.82470566325,81934.12352831625,1.0001724063515167,6.001034438109101,35.0,3569.6153182685634,989.1705098816501,8.001379250812134,12.002068876218202
2026-03-05T21:42:04+00:00,1772746924.3299046,311280.1179978248,733146.5937054032,15.999183696434251,53.9972449754656,35.0,0.0,147.9924491920168,0.0,1.9998979620542814
2026-03-05T21:42:05+00:00,1772746925.3296382,114718.5511049233,323670.1977603193,5.001331922473288,18.004794920903837,35.0,0.0,0.0,0.0,0.0
2026-03-05T21:42:06+00:00,1772746926.3298087,98287.2450437054,737154.3378277905,3.999318239083065,38.99335283105988,35.0,0.0,0.0,0.0,0.0
2026-03-05T21:42:07+00:00,1772746927.3300228,0.0,0.0,0.0,0.0,35.0,0.0,0.0,0.0,0.0
2026-03-05T21:42:08+00:00,1772746928.3296435,131121.73761666968,450730.97305730206,4.001517871602468,24.00910722961481,35.0,0.0,0.0,0.0,0.0
2026-03-05T21:42:09+00:00,1772746929.329641,81920.19531296566,278528.66406408325,5.000011920957377,21.000050068020983,35.0,0.0,672.0016021766714,0.0,4.000009536765901
2026-03-05T21:42:10+00:00,1772746930.3298373,81903.92893469018,286663.7512714156,1.9996076400070844,12.99744966004605,35.0,0.0,1081.7877332438327,0.0,4.999019100017711
2026-03-05T21:42:11+00:00,1772746931.3297677,0.0,65540.56281765527,0.0,1.0000696230721324,35.0,0.0,612.0426093201451,0.0,2.000139246144265
2026-03-05T21:42:12+00:00,1772746932.3296173,0.0,135188.3380206325,0.0,3.000451394278953,35.0,70.01053253317558,368.0553710315516,1.000150464759651,5.000752323798255
2026-03-05T21:42:13+00:00,1772746933.3298252,8073585.493494432,229328.32241221823,118.97526492333098,4.998960711064327,35.0,0.0,611.8727910342736,0.0,1.999584284425731
2026-03-05T21:42:14+00:00,1772746934.3297625,10859688.946872957,569379.702434001,435.02727798798344,61.00382518911952,35.0,0.0,60.00376248110116,0.0,1.0000627080183526
2026-03-05T21:42:15+00:00,1772746935.3300965,0.0,0.0,0.0,0.0,35.0,0.0,0.0,0.0,0.0
2026-03-05T21:42:16+00:00,1772746936.329895,49161.9043391148,503909.5194759267,3.000604512885425,22.004433094493113,35.0,136.02740458413925,86.01732936938217,2.000403008590283,1.0002015042951415
2026-03-05T21:42:17+00:00,1772746937.3295882,65556.11554734931,77847.88721247732,3.00092081668164,3.00092081668164,35.0,1624.498468763661,5508.690312488598,10.0030693889388,13.00399020562044
2026-03-05T21:42:18+00:00,1772746938.3298101,16380.364088304947,0.0,3.999112326246325,0.0,35.0,867.8073747954525,1015.7745308665665,6.998446570931068,7.99822465249265
2026-03-05T21:42:19+00:00,1772746939.3302324,245656.27426583177,867985.5024059389,4.997889694535965,36.98438373956614,35.0,0.0,1165.5078767657872,0.0,1.999155877814386
2026-03-05T21:42:20+00:00,1772746940.329713,49177.53669808589,733564.9224131145,2.0010390909051874,32.016625454483,35.0,5841.033106352243,462.2400299990983,5.002597727262969,6.003117272715563
2026-03-05T21:42:21+00:00,1772746941.3297303,0.0,69630.80470801855,0.0,1.9999656683139517,35.0,0.0,0.0,0.0,0.0
2026-03-05T21:42:22+00:00,1772746942.3298495,0.0,65528.188431211565,0.0,0.9998808049196101,35.0,54.99344427057856,65.99213312469426,0.9998808049196101,0.9998808049196101
2026-03-05T21:42:23+00:00,1772746943.3297093,0.0,12289.722897783255,0.0,2.0002804195610766,35.0,0.0,480.0673006946584,0.0,2.0002804195610766
2026-03-05T21:42:24+00:00,1772746944.3296356,86022.33738094586,339993.0477437384,6.000442060612852,26.001915595989026,35.0,5090.375014753236,5551.408979743657,13.000957797994513,16.00117882830094
2026-03-05T21:42:25+00:00,1772746945.3297336,0.0,446420.25526311086,0.0,26.99735452825758,35.0,0.0,147.98549889563415,0.0,1.9998040391301912
2026-03-05T21:42:26+00:00,1772746946.329786,0.0,32766.281340147296,0.0,0.9999475506636748,35.0,0.0,0.0,0.0,0.0
2026-03-05T21:42:27+00:00,1772746947.3300896,0.0,311201.54819801904,0.0,19.993931704745258,35.0,0.0,0.0,0.0,0.0
2026-03-05T21:42:28+00:00,1772746948.3300638,32768.84377172645,32768.84377172645,1.0000257498695817,6.00015449921749,35.0,0.0,3148.081060589443,0.0,15.000386248043725
2026-03-05T21:42:29+00:00,1772746949.3298771,0.0,36870.88312089053,0.0,2.0003734332080367,35.0,0.0,5452.017792208505,0.0,14.002614032456258
2026-03-05T21:42:30+00:00,1772746950.3297431,0.0,131089.56485353652,0.0,2.0002680183950274,35.0,0.0,2394.320818018848,0.0,2.0002680183950274
2026-03-05T21:42:31+00:00,1772746951.3297284,16384.24219108006,49152.72657324017,1.0000147821704137,4.000059128681655,35.0,0.0,964.0142500122787,0.0,6.000088693022482
2026-03-05T21:42:32+00:00,1772746952.3299212,0.0,69618.57192595289,0.0,1.9996143131305402,35.0,0.0,3501.324662291576,0.0,4.9990357828263505
2026-03-05T21:42:33+00:00,1772746953.3299081,0.0,8192.107423283644,0.0,2.0000262263876083,35.0,0.0,0.0,0.0,0.0
2026-03-05T21:42:34+00:00,1772746954.3299186,524282.5000576967,0.0,69.9992656784797,0.0,35.0,0.0,0.0,0.0,0.0
2026-03-05T21:42:35+00:00,1772746955.3301244,16380.629599727496,188377.2403968662,0.9997942870927427,7.998354296741941,35.0,0.0,2705.4433408729615,0.0,1.9995885741854853
2026-03-05T21:42:36+00:00,1772746956.3297741,16389.740291711933,45071.785802207814,1.0003503596015584,5.001751798007792,35.0,0.0,0.0,0.0,0.0
2026-03-05T21:42:37+00:00,1772746957.3298619,0.0,0.0,0.0,0.0,35.0,0.0,430.9621882235369,0.0,3.9996490786407137
2026-03-05T21:42:38+00:00,1772746958.3299916,0.0,8190.937637788068,0.0,0.9998703171128013,35.0,0.0,0.0,0.0,0.0
2026-03-05T21:42:39+00:00,1772746959.3298523,0.0,69641.69666262888,0.0,2.000278511679368,35.0,0.0,134.01866028251766,0.0,1.000139255839684
