ts_iso_utc,ts_unix,cpu_percent,cpu_percent_max,cpu_percent_min,cpu_frequency_mhz,cpu_count,memory_used,memory_available,memory_percent,memory_total,swap_used,swap_percent,disk_read_bytes_per_s,disk_write_bytes_per_s,disk_read_ops_per_s,disk_write_ops_per_s,disk_usage_percent_c,net_bytes_sent_per_s,net_bytes_recv_per_s,net_packets_sent_per_s,net_packets_recv_per_s
2026-03-04T19:48:06+00:00,1772653685.9021225,0.0,0.0,0.0,2304.0,16,14207623168,2816327680,83.5,17023950848,292753408,2.6,0.0,0.0,0.0,0.0,34.3,0.0,0.0,0.0,0.0
2026-03-04T19:48:06+00:00,1772653686.9021003,3.6125000000000003,14.1,0.0,2304.0,16,14229196800,2794754048,83.6,17023950848,292753408,2.6,0.0,405512.9914103034,0.0,41.00090911019975,34.3,0.0,0.0,0.0,0.0
2026-03-04T19:48:07+00:00,1772653687.9019532,8.025,23.1,1.5,2304.0,16,14225829888,2798120960,83.6,17023950848,292753408,2.6,122898.07883134816,278568.9786843892,4.0005885036246145,36.005296532621536,34.3,67.00985743571229,0.0,2.0002942518123072,0.0
2026-03-04T19:48:08+00:00,1772653688.9021513,2.8375,12.1,0.0,2304.0,16,14223011840,2800939008,83.5,17023950848,292753408,2.6,0.0,180188.30004183418,0.0,38.992274622866724,34.3,3476.3112529155796,5708.868925553052,8.998217220661552,9.998019134068391
2026-03-04T19:48:09+00:00,1772653689.9019227,8.025,14.9,1.6,2304.0,16,14233022464,2790928384,83.6,17023950848,292753408,2.6,0.0,520310.9656772815,0.0,53.0121208724777,34.3,340.07775654042297,733.1676339533236,5.001143478535632,3.0006860871213794
2026-03-04T19:48:10+00:00,1772653690.9022708,3.8875,10.6,1.5,2304.0,16,14235828224,2788122624,83.6,17023950848,292753408,2.6,0.0,147404.68973564767,0.0,31.988864959992984,34.3,1286.5521626097177,791.7244077598264,6.997564209998465,5.997912179998685
2026-03-04T19:48:11+00:00,1772653691.9018095,9.71875,21.5,1.6,2304.0,16,14353113088,2670837760,84.3,17023950848,292753408,2.6,65566.24832976295,0.0,1.0004615528833458,0.0,34.3,1.0004615528833458,0.0,1.0004615528833458,0.0
2026-03-04T19:48:12+00:00,1772653692.9020944,5.0375,19.0,0.0,2304.0,16,14394531840,2629419008,84.6,17023950848,292753408,2.6,45043.16674226355,290733.1671546102,10.996866880435437,30.99117029940896,34.3,0.9997151709486762,0.0,0.9997151709486762,0.0
2026-03-04T19:48:13+00:00,1772653693.9019246,3.0125,9.2,0.0,2304.0,16,14391070720,2632880128,84.5,17023950848,292753408,2.6,4096.695430552138,380992.6750413488,1.000169782849643,52.00882870818143,34.3,1.000169782849643,0.0,1.000169782849643,0.0
2026-03-04T19:48:14+00:00,1772653694.902266,1.26875,3.2,0.0,2304.0,16,14395203584,2628747264,84.6,17023950848,292753408,2.6,0.0,176067.8877107616,0.0,38.98668934365747,34.3,109.96245712313645,119.95904413433067,2.9989761033582667,1.9993174022388445
2026-03-04T19:48:15+00:00,1772653695.901966,5.11875,9.2,0.0,2304.0,16,14397566976,2626383872,84.6,17023950848,292753408,2.6,0.0,65555.66214727909,0.0,1.0003000205578474,34.3,1.0003000205578474,0.0,1.0003000205578474,0.0
2026-03-04T19:48:16+00:00,1772653696.9019144,2.34375,6.2,0.0,2304.0,16,14395727872,2628222976,84.6,17023950848,292753408,2.6,0.0,679971.1795544537,0.0,75.00388046313775,34.3,1.0000517395085033,0.0,1.0000517395085033,0.0
2026-03-04T19:48:17+00:00,1772653697.902156,1.7625,6.2,0.0,2304.0,16,14383161344,2640789504,84.5,17023950848,292753408,2.6,0.0,249795.6103027232,0.0,33.99178226775658,34.3,0.9997583019928405,0.0,0.9997583019928405,0.0
2026-03-04T19:48:18+00:00,1772653698.9019637,3.2125,7.8,1.5,2304.0,16,14380412928,2643537920,84.5,17023950848,292753408,2.6,0.0,110613.2824151299,0.0,24.00461857967229,34.3,1.0001924408196787,0.0,1.0001924408196787,0.0
2026-03-04T19:48:19+00:00,1772653699.90219,1.24375,7.7,0.0,2304.0,16,14389862400,2634088448,84.5,17023950848,292753408,2.6,0.0,65521.17522924124,0.0,0.9997737919500922,34.3,0.9997737919500922,0.0,0.9997737919500922,0.0
2026-03-04T19:48:20+00:00,1772653700.902164,5.0062500000000005,14.1,1.6,2304.0,16,14279720960,2744229888,83.9,17023950848,292753408,2.6,0.0,106498.76765004965,0.0,25.00064970751241,34.3,56.00145534482779,66.00171522783276,2.0000519766009925,1.0000259883004963
2026-03-04T19:48:21+00:00,1772653701.9023242,1.65625,7.7,0.0,2304.0,16,14283595776,2740355072,83.9,17023950848,292753408,2.6,0.0,155623.06649477853,0.0,21.996475784366822,34.3,0.9998398083803102,0.0,0.9998398083803102,0.0
2026-03-04T19:48:22+00:00,1772653702.9022171,1.38125,4.7,0.0,2304.0,16,14288445440,2735505408,83.9,17023950848,292753408,2.6,0.0,0.0,0.0,0.0,34.3,0.0,0.0,0.0,0.0
2026-03-04T19:48:23+00:00,1772653703.9019444,1.4625,4.7,0.0,2304.0,16,14286553088,2737397760,83.9,17023950848,292753408,2.6,0.0,155690.4647072852,0.0,20.005456505356342,34.3,0.0,0.0,0.0,0.0
2026-03-04T19:48:24+00:00,1772653704.9018607,2.0500000000000003,6.2,0.0,2304.0,16,14285889536,2738061312,83.9,17023950848,292753408,2.6,0.0,151564.68367862015,0.0,18.001506454650304,34.3,55.004603055875926,66.00552366705111,1.000083691925017,1.000083691925017
2026-03-04T19:48:25+00:00,1772653705.9017627,2.31875,6.2,0.0,2304.0,16,14282862592,2741088256,83.9,17023950848,292753408,2.6,0.0,69638.82391086277,0.0,17.001665993862982,34.3,0.0,0.0,0.0,0.0
2026-03-04T19:48:26+00:00,1772653706.9019675,4.5,20.3,0.0,2304.0,16,14294020096,2729930752,84.0,17023950848,292753408,2.6,32761.290436629042,18702601.678010605,0.9997952403756422,198.9592528347528,34.3,0.0,0.0,0.0,0.0
2026-03-04T19:48:27+00:00,1772653707.901829,0.9750000000000001,6.2,0.0,2304.0,16,14289924096,2734026752,83.9,17023950848,292753408,2.6,0.0,315435.6945291809,0.0,43.005957236565216,34.3,0.0,0.0,0.0,0.0
2026-03-04T19:48:28+00:00,1772653708.9022915,2.4375,6.2,0.0,2304.0,16,14280921088,2743029760,83.9,17023950848,292753408,2.6,0.0,167858.36012967787,0.0,34.98381886277347,34.3,0.0,0.0,0.0,0.0
2026-03-04T19:48:29+00:00,1772653709.9019444,0.5875,3.1,0.0,2304.0,16,14285746176,2738204672,83.9,17023950848,292753408,2.6,0.0,163896.8947502986,0.0,39.01354306189969,34.3,0.0,0.0,0.0,0.0
2026-03-04T19:48:30+00:00,1772653710.9017694,2.4250000000000003,6.2,0.0,2304.0,16,14295400448,2728550400,84.0,17023950848,292753408,2.6,0.0,0.0,0.0,0.0,34.3,0.0,0.0,0.0,0.0
2026-03-04T19:48:31+00:00,1772653711.902151,1.7875,4.7,0.0,2304.0,16,14286880768,2737070080,83.9,17023950848,292753408,2.6,0.0,131021.98784004881,0.0,26.989697812510055,34.3,0.0,0.0,0.0,0.0
2026-03-04T19:48:32+00:00,1772653712.9018824,1.76875,4.7,0.0,2304.0,16,14289895424,2734055424,83.9,17023950848,292753408,2.6,0.0,118815.9255705161,0.0,25.006719248913175,34.3,0.0,0.0,0.0,0.0
2026-03-04T19:48:33+00:00,1772653713.9019003,3.30625,7.8,0.0,2304.0,16,14292041728,2731909120,84.0,17023950848,292753408,2.6,0.0,208892.2647152296,0.0,14.999731783894589,34.3,0.0,0.0,0.0,0.0
2026-03-04T19:48:34+00:00,1772653714.9019089,4.1625,7.7,1.6,2304.0,16,14290567168,2733383680,83.9,17023950848,292753408,2.6,0.0,65535.43750482793,0.0,0.9999914170048207,34.3,150.99870396772795,161.99860955478096,2.9999742510144625,2.9999742510144625
2026-03-04T19:48:35+00:00,1772653715.902217,2.3375,7.7,0.0,2304.0,16,14284902400,2739048448,83.9,17023950848,292753408,2.6,0.0,135126.37610294222,0.0,10.996612638585793,34.3,0.0,0.0,0.0,0.0
2026-03-04T19:48:36+00:00,1772653716.9018202,1.75625,4.8,0.0,2304.0,16,14285086720,2738864128,83.9,17023950848,292753408,2.6,0.0,57366.75902915585,0.0,9.003571973744467,34.3,0.0,0.0,0.0,0.0
2026-03-04T19:48:37+00:00,1772653717.9019399,2.14375,6.2,0.0,2304.0,16,14286868480,2737082368,83.9,17023950848,292753408,2.6,0.0,53241.62771579901,0.0,1.9997606563926913,34.3,0.0,0.0,0.0,0.0
2026-03-04T19:48:38+00:00,1772653718.9023652,2.04375,4.7,0.0,2304.0,16,14284791808,2739159040,83.9,17023950848,292753408,2.6,0.0,53225.36119166233,0.0,10.995323263001158,34.3,0.0,0.0,0.0,0.0
2026-03-04T19:48:39+00:00,1772653719.9024043,4.59375,9.4,1.6,2304.0,16,14284349440,2739601408,83.9,17023950848,292753408,2.6,0.0,45054.23835013165,0.0,7.999687207054626,34.3,0.0,0.0,0.0,0.0
2026-03-04T19:48:40+00:00,1772653720.9020321,1.15625,6.1,0.0,2304.0,16,14284378112,2739572736,83.9,17023950848,292753408,2.6,0.0,45072.77479778751,0.0,9.003350789685893,34.3,0.0,0.0,0.0,0.0
2026-03-04T19:48:41+00:00,1772653721.9018197,1.075,6.2,0.0,2304.0,16,14275493888,2748456960,83.9,17023950848,292753408,2.6,0.0,77840.53573926537,0.0,4.000849904361912,34.3,0.0,0.0,0.0,0.0
2026-03-04T19:48:42+00:00,1772653722.9021478,2.1437500000000003,6.2,0.0,2304.0,16,14283636736,2740314112,83.9,17023950848,292753408,2.6,0.0,249774.05813217405,0.0,32.98917743965222,34.3,325.89308622201884,596.8042100446173,5.998032261754948,8.997048392632422
2026-03-04T19:48:43+00:00,1772653723.9021356,1.5562500000000001,4.7,0.0,2304.0,16,14292885504,2731065344,84.0,17023950848,292753408,2.6,0.0,24576.2988317586,0.0,4.000048637981543,34.3,55.000668772246215,432.00525290200665,1.0000121594953857,6.000072956972314
2026-03-04T19:48:44+00:00,1772653724.9021542,4.39375,9.2,0.0,2304.0,16,14282047488,2741903360,83.9,17023950848,292753408,2.6,0.0,102398.09573853789,0.0,22.999572285023156,34.3,109.99795440663249,131.99754528795899,1.999962807393318,1.999962807393318
2026-03-04T19:48:45+00:00,1772653725.9018106,3.875,9.2,0.0,2304.0,16,14281646080,2742304768,83.9,17023950848,292753408,2.6,0.0,0.0,0.0,0.0,34.3,0.0,0.0,0.0,0.0
2026-03-04T19:48:46+00:00,1772653726.9019175,0.89375,3.1,0.0,2304.0,16,14281572352,2742378496,83.9,17023950848,292753408,2.6,0.0,249829.3153502281,0.0,8.999038798956411,34.3,0.0,0.0,0.0,0.0
2026-03-04T19:48:47+00:00,1772653727.9019258,2.5375,6.2,1.5,2304.0,16,14282457088,2741493760,83.9,17023950848,292753408,2.6,0.0,577531.1807042778,0.0,48.99959111554884,34.3,0.0,0.0,0.0,0.0
2026-03-04T19:48:48+00:00,1772653728.902009,1.725,7.6,0.0,2304.0,16,14284857344,2739093504,83.9,17023950848,292753408,2.6,0.0,155635.04990567753,0.0,10.99908478722793,34.3,0.0,0.0,0.0,0.0
2026-03-04T19:48:49+00:00,1772653729.902207,2.73125,7.7,0.0,2304.0,16,14284632064,2739318784,83.9,17023950848,292753408,2.6,0.0,0.0,0.0,0.0,34.3,0.0,0.0,0.0,0.0
2026-03-04T19:48:50+00:00,1772653730.9021564,2.66875,4.8,0.0,2304.0,16,14284607488,2739343360,83.9,17023950848,292753408,2.6,0.0,159752.0746268799,0.0,5.0002527364683464,34.3,0.0,0.0,0.0,0.0
2026-03-04T19:48:51+00:00,1772653731.9019163,1.76875,10.9,0.0,2304.0,16,14263934976,2760015872,83.8,17023950848,292753408,2.6,0.0,69648.72178812996,0.0,3.000720435495029,34.3,0.0,0.0,0.0,0.0
2026-03-04T19:48:52+00:00,1772653732.9022067,2.1375,6.2,0.0,2304.0,16,14276300800,2747650048,83.9,17023950848,292753408,2.6,0.0,0.0,0.0,0.0,34.3,0.0,141.95877604741437,0.0,0.999709690474749
2026-03-04T19:48:53+00:00,1772653733.9021263,2.4250000000000003,7.7,0.0,2304.0,16,14277042176,2746908672,83.9,17023950848,292753408,2.6,32770.63302405574,20481.64564003484,1.0000803535173262,3.0002410605519785,34.3,0.0,0.0,0.0,0.0
2026-03-04T19:48:54+00:00,1772653734.9017618,6.24375,10.9,1.6,2304.0,16,14273343488,2750607360,83.8,17023950848,292753408,2.6,0.0,143412.2798003709,0.0,4.0014586997871335,34.3,109.0397495691994,120.04376099361401,2.0007293498935668,2.0007293498935668
2026-03-04T19:48:55+00:00,1772653735.901915,1.38125,4.8,0.0,2304.0,16,14281420800,2742530048,83.9,17023950848,292753408,2.6,0.0,73716.69899810414,0.0,2.9995401610556702,34.3,0.0,0.0,0.0,0.0
2026-03-04T19:48:56+00:00,1772653736.9018235,1.3625,6.2,0.0,2304.0,16,14278287360,2745663488,83.9,17023950848,292753408,2.6,0.0,90120.25075537921,0.0,4.000366244468182,34.3,0.0,0.0,0.0,0.0
2026-03-04T19:48:57+00:00,1772653737.9023285,2.65625,6.3,1.5,2304.0,16,14281674752,2742276096,83.9,17023950848,292753408,2.6,0.0,8187.865369116834,0.0,1.9989905686320395,34.3,0.0,0.0,0.0,0.0
2026-03-04T19:48:58+00:00,1772653738.9021003,3.5875,7.7,0.0,2304.0,16,14280732672,2743218176,83.9,17023950848,292753408,2.6,0.0,8193.869567197755,0.0,2.0004564373041394,34.3,0.0,0.0,0.0,0.0
2026-03-04T19:48:59+00:00,1772653739.9021125,4.5125,10.9,0.0,2304.0,16,14282862592,2741088256,83.9,17023950848,292753408,2.6,0.0,12287.850587754256,0.0,1.9999756816006276,34.3,0.0,0.0,0.0,0.0
2026-03-04T19:49:00+00:00,1772653740.9021668,2.2375,7.8,0.0,2304.0,16,14281289728,2742661120,83.9,17023950848,292753408,2.6,0.0,65532.43769364496,0.0,0.9999456435187525,34.3,0.0,219.98804157412556,0.0,1.999891287037505
2026-03-04T19:49:01+00:00,1772653741.902066,2.14375,6.2,0.0,2304.0,16,14282080256,2741870592,83.9,17023950848,292753408,2.6,0.0,2080977.868821743,0.0,358.03610832067005,34.3,228.02299636065018,112.01129645786325,4.000403444923688,2.000201722461844
2026-03-04T19:49:02+00:00,1772653742.9020917,2.13125,10.4,0.0,2304.0,16,14283931648,2740019200,83.9,17023950848,292753408,2.6,0.0,12287.683601897,0.0,1.9999485029129231,34.3,0.0,0.0,0.0,0.0
2026-03-04T19:49:03+00:00,1772653743.9022996,1.675,4.7,0.0,2304.0,16,14284410880,2739539968,83.9,17023950848,292753408,2.6,73712.67506107014,85998.12090458184,1.999584284425731,7.998337137702924,34.3,0.0,0.0,0.0,0.0
2026-03-04T19:49:04+00:00,1772653744.9021227,1.89375,9.0,0.0,2304.0,16,14281134080,2742816768,83.9,17023950848,292753408,2.6,0.0,163868.98950343407,0.0,4.000707751548683,34.3,55.0097315837944,66.01167790055328,1.0001769378871708,1.0001769378871708
2026-03-04T19:49:05+00:00,1772653745.9023373,3.34375,7.9,0.0,2304.0,16,14280994816,2742956032,83.9,17023950848,292753408,2.6,0.0,8190.242564604725,0.0,1.9995709386242004,34.3,481.8965962084323,65.98584097459862,5.998712815872601,0.9997854693121002
2026-03-04T19:49:06+00:00,1772653746.9018567,5.0625,15.6,0.0,2304.0,16,14218416128,2805534720,83.5,17023950848,292753408,2.6,0.0,73763.45454129105,0.0,3.0014426489783146,34.3,427.2053370379134,0.0,5.002404414963857,0.0
2026-03-04T19:49:07+00:00,1772653747.9019318,2.43125,9.2,0.0,2304.0,16,14229086208,2794864640,83.6,17023950848,292753408,2.6,0.0,0.0,0.0,0.0,34.3,426.96793391724015,0.0,4.999624518937239,0.0
2026-03-04T19:49:08+00:00,1772653748.9019973,1.16875,6.2,0.0,2304.0,16,14250770432,2773180416,83.7,17023950848,292753408,2.6,0.0,73723.16633254493,0.0,2.9998033175677463,34.3,513.9663017432739,0.0,5.999606635135493,0.0
2026-03-04T19:49:09+00:00,1772653749.9021897,1.1375,4.6,0.0,2304.0,16,14247804928,2776145920,83.7,17023950848,292753408,2.6,0.0,24571.27239398433,0.0,3.9992305328750537,34.3,0.0,0.0,0.0,0.0
2026-03-04T19:49:10+00:00,1772653750.902189,4.14375,7.9,0.0,2304.0,16,14247895040,2776055808,83.7,17023950848,292753408,2.6,0.0,8192.005859379191,0.0,2.000001430512498,34.3,0.0,0.0,0.0,0.0
2026-03-04T19:49:11+00:00,1772653751.9017913,1.375,6.2,0.0,2304.0,16,14247251968,2776698880,83.7,17023950848,292753408,2.6,0.0,65562.07286871554,0.0,1.0003978404039846,34.3,0.0,0.0,0.0,0.0
2026-03-04T19:49:12+00:00,1772653752.9020169,3.425,7.8,0.0,2304.0,16,14247755776,2776195072,83.7,17023950848,292753408,2.6,0.0,12285.229140575651,0.0,1.9995490137655683,34.3,215.95129348668138,449.89852809725284,3.9990980275311365,5.998647041296705
2026-03-04T19:49:13+00:00,1772653753.9019094,2.0500000000000003,6.2,0.0,2304.0,16,14245351424,2778599424,83.7,17023950848,292753408,2.6,0.0,16385.761908202316,0.0,4.000430153369706,34.3,108.01161414098205,225.02419612704594,2.000215076684853,3.000322615027279
2026-03-04T19:49:14+00:00,1772653754.90188,5.06875,9.4,0.0,2304.0,16,14245638144,2778312704,83.7,17023950848,292753408,2.6,0.0,114691.36337988275,0.0,6.0001759580714324,34.3,55.00161294898813,66.00193553878576,1.000029326345239,1.000029326345239
2026-03-04T19:49:15+00:00,1772653755.9017205,0.475,3.1,0.0,2304.0,16,14240227328,2783723520,83.6,17023950848,292753408,2.6,0.0,32773.227396280316,0.0,7.001116692320624,34.3,0.0,0.0,0.0,0.0
2026-03-04T19:49:16+00:00,1772653756.9019356,2.2687500000000003,7.8,0.0,2304.0,16,14241030144,2782920704,83.7,17023950848,292753408,2.6,0.0,24570.715980097284,0.0,2.9993549780392192,34.3,0.0,0.0,0.0,0.0
2026-03-04T19:49:17+00:00,1772653757.9017136,1.71875,10.4,0.0,2304.0,16,14239944704,2784006144,83.6,17023950848,292753408,2.6,0.0,622730.2259942056,0.0,71.0157632054196,34.3,0.0,0.0,0.0,0.0
2026-03-04T19:49:18+00:00,1772653758.901993,2.48125,9.5,0.0,2304.0,16,14235492352,2788458496,83.6,17023950848,292753408,2.6,32758.84630778486,98276.53892335459,0.9997206514826923,5.998323908896154,34.3,0.0,0.0,0.0,0.0
2026-03-04T19:49:19+00:00,1772653759.902085,1.45625,4.7,0.0,2304.0,16,14242861056,2781089792,83.7,17023950848,292753408,2.6,0.0,8191.2461631252845,0.0,1.999815957794259,34.3,0.0,0.0,0.0,0.0
2026-03-04T19:49:20+00:00,1772653760.902003,2.33125,6.2,0.0,2304.0,16,14247583744,2776367104,83.7,17023950848,292753408,2.6,0.0,8192.671930109014,0.0,2.000164045436771,34.3,0.0,0.0,0.0,0.0
2026-03-04T19:49:21+00:00,1772653761.9020422,1.3625,3.2,0.0,2304.0,16,14236696576,2787254272,83.6,17023950848,292753408,2.6,0.0,24575.03910007181,0.0,3.999843603527313,34.3,0.0,0.0,0.0,0.0
2026-03-04T19:49:22+00:00,1772653762.9021811,1.075,4.7,0.0,2304.0,16,14235627520,2788323328,83.6,17023950848,292753408,2.6,0.0,65526.89189100922,0.0,0.9998610212861514,34.3,0.0,0.0,0.0,0.0
2026-03-04T19:49:23+00:00,1772653763.9018264,2.03125,4.7,0.0,2304.0,16,14235254784,2788696064,83.6,17023950848,292753408,2.6,0.0,8194.907281407055,0.0,2.0007097854997693,34.3,0.0,0.0,0.0,0.0
2026-03-04T19:49:24+00:00,1772653764.9019089,4.19375,7.7,1.5,2304.0,16,14231449600,2792501248,83.6,17023950848,292753408,2.6,0.0,114678.53984289512,0.0,5.999505083856818,34.3,54.995463268687494,65.994555922425,0.9999175139761363,0.9999175139761363
2026-03-04T19:49:25+00:00,1772653765.90186,3.41875,4.7,0.0,2304.0,16,14223896576,2800054272,83.6,17023950848,292753408,2.6,0.0,81924.00410195372,0.0,4.000195512790709,34.3,0.0,0.0,0.0,0.0
2026-03-04T19:49:26+00:00,1772653766.9019177,1.08125,4.7,0.0,2304.0,16,14222643200,2801307648,83.5,17023950848,292753408,2.6,0.0,65532.21896815531,0.0,0.9999423060326433,34.3,0.0,0.0,0.0,0.0
2026-03-04T19:49:27+00:00,1772653767.9023387,2.725,7.8,0.0,2304.0,16,14222643200,2801307648,83.5,17023950848,292753408,2.6,0.0,77791.24621276575,0.0,3.9983165199817923,34.3,0.0,0.0,0.0,0.0
2026-03-04T19:49:28+00:00,1772653768.902102,0.98125,4.6,0.0,2304.0,16,14194843648,2829107200,83.4,17023950848,292753408,2.6,0.0,81939.3991239858,0.0,4.000947222850869,34.3,0.0,0.0,0.0,0.0
2026-03-04T19:49:29+00:00,1772653769.9021783,3.39375,9.2,0.0,2304.0,16,14185009152,2838941696,83.3,17023950848,292753408,2.6,0.0,28669.812666880272,0.0,4.9996185593750475,34.3,54.995804153125526,0.0,0.9999237118750095,0.0
2026-03-04T19:49:30+00:00,1772653770.9019117,3.2625,7.6,0.0,2304.0,16,14195216384,2828734464,83.4,17023950848,292753408,2.6,0.0,0.0,0.0,0.0,34.3,0.0,66.01759712066195,0.0,1.0002666230403325
2026-03-04T19:49:31+00:00,1772653771.9023015,1.975,6.3,0.0,2304.0,16,14203781120,2820169728,83.4,17023950848,292753408,2.6,0.0,143304.13798675337,0.0,5.997662025115236,34.3,0.0,0.0,0.0,0.0
2026-03-04T19:49:32+00:00,1772653772.9023974,2.2687500000000003,7.9,0.0,2304.0,16,14195208192,2828742656,83.4,17023950848,292753408,2.6,0.0,49147.28951397309,0.0,3.9996166596657785,34.3,0.0,0.0,0.0,0.0
2026-03-04T19:49:33+00:00,1772653773.901898,1.95625,6.1,0.0,2304.0,16,14195699712,2828251136,83.4,17023950848,292753408,2.6,0.0,20490.23460423848,0.0,5.0024986826754105,34.3,0.0,0.0,0.0,0.0
2026-03-04T19:49:34+00:00,1772653774.9019787,2.99375,9.2,0.0,2304.0,16,14196969472,2826981376,83.4,17023950848,292753408,2.6,0.0,40956.68972067468,0.0,2.9997575479009777,34.3,54.99555504485125,65.9946660538215,0.9999191826336592,0.9999191826336592
2026-03-04T19:49:35+00:00,1772653775.9017618,3.3000000000000003,10.8,0.0,2304.0,16,14196912128,2827038720,83.4,17023950848,292753408,2.6,0.0,81937.77729447793,0.0,4.00086803195693,34.3,0.0,0.0,0.0,0.0
2026-03-04T19:49:36+00:00,1772653776.9022622,2.05,6.3,0.0,2304.0,16,14194622464,2829328384,83.4,17023950848,292753408,2.6,0.0,73691.12197088792,0.0,2.998499429153968,34.3,0.0,0.0,0.0,0.0
2026-03-04T19:49:37+00:00,1772653777.9022696,0.8875000000000001,3.1,0.0,2304.0,16,14194483200,2829467648,83.4,17023950848,292753408,2.6,53247.60644822123,0.0,3.9999704363146957,0.0,34.3,0.0,0.0,0.0,0.0
2026-03-04T19:49:38+00:00,1772653778.9019241,4.2875,7.8,1.6,2304.0,16,14194769920,2829180928,83.4,17023950848,292753408,2.6,0.0,8194.831056165787,0.0,2.0006911758217254,34.3,0.0,0.0,0.0,0.0
2026-03-04T19:49:39+00:00,1772653779.901883,1.525,4.7,0.0,2304.0,16,14194597888,2829352960,83.4,17023950848,292753408,2.6,0.0,24577.013713687054,0.0,4.000164992462086,34.3,0.0,0.0,0.0,0.0
2026-03-04T19:49:40+00:00,1772653780.9021685,2.9875000000000003,9.5,0.0,2304.0,16,14194229248,2829721600,83.4,17023950848,292753408,2.6,0.0,8189.6608243781075,0.0,1.9994289122016864,34.3,0.0,0.0,0.0,0.0
2026-03-04T19:49:41+00:00,1772653781.9021358,1.2625,6.1,0.0,2304.0,16,14194692096,2829258752,83.4,17023950848,292753408,2.6,0.0,0.0,0.0,0.0,34.3,0.0,0.0,0.0,0.0
2026-03-04T19:49:42+00:00,1772653782.9022994,1.65625,6.2,0.0,2304.0,16,14194171904,2829778944,83.4,17023950848,292753408,2.6,0.0,77811.27356584878,0.0,2.9995094148019423,34.3,0.0,0.0,0.0,0.0
2026-03-04T19:49:43+00:00,1772653783.9018762,0.68125,6.2,0.0,2304.0,16,14193278976,2830671872,83.4,17023950848,292753408,2.6,0.0,77856.94851389222,0.0,3.0012701164380737,34.3,0.0,0.0,0.0,0.0
2026-03-04T19:49:44+00:00,1772653784.9023368,2.5500000000000003,10.9,0.0,2304.0,16,14203990016,2819960832,83.4,17023950848,292753408,2.6,0.0,114635.1961977353,0.0,5.997237524295583,34.3,95.95580038872933,95.95580038872933,1.9990791747651944,1.9990791747651944
2026-03-04T19:49:45+00:00,1772653785.9022057,1.55,4.8,0.0,2304.0,16,14192709632,2831241216,83.4,17023950848,292753408,2.6,0.0,0.0,0.0,0.0,34.3,109.01429506833257,120.01573768990743,2.0002622948317903,2.0002622948317903
2026-03-04T19:49:46+00:00,1772653786.9023309,3.64375,9.4,0.0,2304.0,16,14192340992,2831609856,83.4,17023950848,292753408,2.6,0.0,339925.4516148334,0.0,14.998122688672172,34.3,0.0,0.0,0.0,0.0
2026-03-04T19:49:47+00:00,1772653787.9019423,2.5,9.1,0.0,2304.0,16,14194200576,2829750272,83.4,17023950848,292753408,2.6,0.0,520394.23679685086,0.0,51.019827441866454,34.3,0.0,0.0,0.0,0.0
2026-03-04T19:49:48+00:00,1772653788.902187,0.1875,3.0,0.0,2304.0,16,14190456832,2833494016,83.4,17023950848,292753408,2.6,0.0,106469.93021146604,0.0,10.997307244648873,34.3,0.0,0.0,0.0,0.0
2026-03-04T19:49:49+00:00,1772653789.9017775,4.275,10.9,1.5,2304.0,16,14191464448,2832486400,83.4,17023950848,292753408,2.6,0.0,8195.356843723659,0.0,2.0008195419247214,34.3,3457.4161684459186,28294.589552128447,33.0135224417579,40.01639083849443
2026-03-04T19:49:50+00:00,1772653790.9022622,1.6625,9.4,0.0,2304.0,16,14189142016,2834808832,83.3,17023950848,292753408,2.6,0.0,110538.42147758866,0.0,11.994186358245297,34.3,23942.395002117322,1444634.7783412058,358.82607521750515,1043.494213167341
2026-03-04T19:49:51+00:00,1772653791.9018316,9.924999999999999,33.8,1.6,2304.0,16,14194561024,2829389824,83.4,17023950848,292753408,2.6,3868289.6234407267,2028393.3936474149,27.011630774779142,8.003446155490115,34.3,3048.312554472298,434779.20895084506,46.01981539406817,317.13655391129583
2026-03-04T19:49:52+00:00,1772653792.9022155,2.9375,6.3,0.0,2304.0,16,14201638912,2822311936,83.4,17023950848,292753408,2.6,0.0,147399.4201558945,0.0,20.99194216087365,34.3,0.0,0.0,0.0,0.0
2026-03-04T19:49:53+00:00,1772653793.9022543,1.7750000000000001,7.8,0.0,2304.0,16,14193672192,2830278656,83.4,17023950848,292753408,2.6,0.0,15170994.42134984,0.0,72.99716316757291,34.3,0.0,0.0,0.0,0.0
2026-03-04T19:49:54+00:00,1772653794.9022655,5.84375,9.2,1.5,2304.0,16,14192422912,2831527936,83.4,17023950848,292753408,2.6,0.0,69631.21973530589,0.0,5.999932766714087,34.3,0.0,0.0,0.0,0.0
2026-03-04T19:49:55+00:00,1772653795.902189,5.7,10.8,1.6,2304.0,16,14186348544,2837602304,83.3,17023950848,292753408,2.6,16385.254002221754,8192.627001110877,1.0000765382215426,2.0001530764430853,34.3,55.004209602184844,66.00505152262181,1.0000765382215426,1.0000765382215426
2026-03-04T19:49:56+00:00,1772653796.9018755,2.1875,6.2,0.0,2304.0,16,14190022656,2833928192,83.4,17023950848,292753408,2.6,0.0,0.0,0.0,0.0,34.3,0.0,0.0,0.0,0.0
2026-03-04T19:49:57+00:00,1772653797.9019084,1.19375,4.8,0.0,2304.0,16,14185844736,2838106112,83.3,17023950848,292753408,2.6,0.0,98300.76573141314,0.0,3.9998683972742977,34.3,0.0,0.0,0.0,0.0
2026-03-04T19:49:58+00:00,1772653798.90192,1.375,4.7,0.0,2304.0,16,14192283648,2831667200,83.4,17023950848,292753408,2.6,0.0,61439.2822349478,0.0,1.999976635252207,34.3,0.0,0.0,0.0,0.0
2026-03-04T19:49:59+00:00,1772653799.9025085,3.03125,7.7,0.0,2304.0,16,14186098688,2837852160,83.3,17023950848,292753408,2.6,0.0,81871.82522186099,0.0,4.997059644888976,34.3,5854.555079951925,79029.49769584814,51.96942030684536,68.95942309946788
2026-03-04T19:50:00+00:00,1772653800.9020324,2.5375,6.2,0.0,2304.0,16,14195449856,2828500992,83.4,17023950848,292753408,2.6,0.0,106546.72923142317,0.0,14.006668881835228,34.3,0.0,0.0,0.0,0.0
2026-03-04T19:50:01+00:00,1772653801.9021842,1.8562500000000002,4.7,0.0,2304.0,16,14191755264,2832195584,83.4,17023950848,292753408,2.6,0.0,20476.890120743057,0.0,2.9995444512807214,34.3,227.9653782973348,165.9747929708666,3.9993926017076284,2.9995444512807214
2026-03-04T19:50:02+00:00,1772653802.9018886,3.23125,9.5,0.0,2304.0,16,14194061312,2829889536,83.4,17023950848,292753408,2.6,0.0,86041.43720773162,0.0,2.000591452932748,34.3,0.0,0.0,0.0,0.0
2026-03-04T19:50:03+00:00,1772653803.9023402,1.5750000000000002,6.2,0.0,2304.0,16,14190403584,2833547264,83.4,17023950848,292753408,2.6,0.0,85977.17573479612,0.0,3.998194556119611,34.3,0.9995486390299028,0.0,0.9995486390299028,0.0
2026-03-04T19:50:04+00:00,1772653804.9023087,1.075,3.1,0.0,2304.0,16,14192828416,2831122432,83.4,17023950848,292753408,2.6,0.0,114691.60948859513,0.0,4.000125888971649,34.3,1.0000314722429122,0.0,1.0000314722429122,0.0
2026-03-04T19:50:05+00:00,1772653805.9017777,2.4562500000000003,4.7,0.0,2304.0,16,14190878720,2833072128,83.4,17023950848,292753408,2.6,69668.99132053157,73767.16728056283,2.001062480484018,3.0015937207260266,34.3,110.05843642662099,120.06374882904107,3.0015937207260266,2.001062480484018
2026-03-04T19:50:06+00:00,1772653806.9019802,1.7750000000000001,4.7,0.0,2304.0,16,14187679744,2836271104,83.3,17023950848,292753408,2.6,0.0,147426.1583842115,0.0,20.995750095407725,34.3,0.999797623590844,0.0,0.999797623590844,0.0
2026-03-04T19:50:07+00:00,1772653807.9019744,1.54375,7.8,0.0,2304.0,16,14189633536,2834317312,83.4,17023950848,292753408,2.6,65536.37500214578,102400.58594085278,1.0000057220786405,5.000028610393202,34.3,0.0,0.0,0.0,0.0
2026-03-04T19:50:08+00:00,1772653808.901811,4.875,12.1,1.6,2304.0,16,14208352256,2815598592,83.5,17023950848,292753408,2.6,0.0,12290.01009438628,0.0,2.00032716379985,34.3,0.0,0.0,0.0,0.0
2026-03-04T19:50:09+00:00,1772653809.902149,1.8562500000000002,6.2,0.0,2304.0,16,14194044928,2829905920,83.4,17023950848,292753408,2.6,0.0,45040.77272612437,0.0,3.99864814685053,34.3,0.0,0.0,0.0,0.0
2026-03-04T19:50:10+00:00,1772653810.9020078,2.3,6.2,0.0,2304.0,16,14189764608,2834186240,83.4,17023950848,292753408,2.6,0.0,8193.156413220555,0.0,2.0002823274464245,34.3,0.0,0.0,0.0,0.0
2026-03-04T19:50:11+00:00,1772653811.9020953,4.55,7.9,1.6,2304.0,16,14188978176,2834972672,83.3,17023950848,292753408,2.6,0.0,0.0,0.0,0.0,34.3,0.0,0.0,0.0,0.0
2026-03-04T19:50:12+00:00,1772653812.9018836,1.95625,4.8,0.0,2304.0,16,14188601344,2835349504,83.3,17023950848,292753408,2.6,0.0,208940.23592794038,0.0,4.000847042125084,34.3,2.000423521062542,0.0,2.000423521062542,0.0
2026-03-04T19:50:13+00:00,1772653813.9019933,1.8687500000000001,4.7,0.0,2304.0,16,14182797312,2841153536,83.3,17023950848,292753408,2.6,0.0,73719.9149492081,0.0,3.9995613579214466,34.3,0.9998903394803617,0.0,0.9998903394803617,0.0
2026-03-04T19:50:14+00:00,1772653814.9018517,5.2125,11.9,0.0,2304.0,16,14176071680,2847879168,83.3,17023950848,292753408,2.6,0.0,40965.80160287669,0.0,5.000708203476158,34.3,0.0,0.0,0.0,0.0
2026-03-04T19:50:15+00:00,1772653815.9019213,2.825,9.2,0.0,2304.0,16,14181548032,2842402816,83.3,17023950848,292753408,2.6,0.0,65531.43781761104,0.0,0.9999303866212622,34.3,55.996101650790685,65.9954055170033,1.9998607732425244,0.9999303866212622
2026-03-04T19:50:16+00:00,1772653816.9017441,1.5625,6.2,0.0,2304.0,16,14182027264,2841923584,83.3,17023950848,292753408,2.6,0.0,81934.51428988394,0.0,10.001771763901848,34.3,1.0001771763901848,0.0,1.0001771763901848,0.0
2026-03-04T19:50:17+00:00,1772653817.9022086,1.4625000000000001,4.7,0.0,2304.0,16,14180950016,2843000832,83.3,17023950848,292753408,2.6,0.0,331621.981688421,0.0,40.98096682468069,34.3,0.9995357762117242,0.0,0.9995357762117242,0.0
2026-03-04T19:50:18+00:00,1772653818.9023056,2.8625,6.2,0.0,2304.0,16,14180466688,2843484160,83.3,17023950848,292753408,2.6,0.0,290787.7830115114,0.0,22.997768380229292,34.3,0.0,0.0,0.0,0.0
2026-03-04T19:50:19+00:00,1772653819.9020405,3.40625,7.8,0.0,2304.0,16,14172860416,2851090432,83.3,17023950848,292753408,2.6,0.0,40970.86225481686,0.0,3.000795575303969,34.3,0.0,0.0,0.0,0.0
2026-03-04T19:50:20+00:00,1772653820.9021018,2.36875,9.4,0.0,2304.0,16,14172377088,2851573760,83.2,17023950848,292753408,2.6,0.0,32765.99231051831,0.0,5.999632381076351,34.3,0.0,0.0,0.0,0.0
2026-03-04T19:50:21+00:00,1772653821.9019177,3.18125,10.8,0.0,2304.0,16,14182268928,2841681920,83.3,17023950848,292753408,2.6,0.0,278579.2750626441,0.0,34.00625916292042,34.3,1.0001840930270711,0.0,1.0001840930270711,0.0
2026-03-04T19:50:22+00:00,1772653822.9019082,1.7875,4.8,0.0,2304.0,16,14171205632,2852745216,83.2,17023950848,292753408,2.6,0.0,0.0,0.0,0.0,34.3,1.0000095368341144,0.0,1.0000095368341144,0.0
2026-03-04T19:50:23+00:00,1772653823.9020877,1.13125,4.5,0.0,2304.0,16,14171615232,2852335616,83.2,17023950848,292753408,2.6,0.0,77810.0308281866,0.0,17.996769054627862,34.3,0.9998205030348812,0.0,0.9998205030348812,0.0
2026-03-04T19:50:24+00:00,1772653824.9017446,1.4875,4.8,0.0,2304.0,16,14169776128,2854174720,83.2,17023950848,292753408,2.6,0.0,135214.3899390989,0.0,21.007207243734296,34.3,5943.038963572641,5508.890013868799,11.003775222908441,10.003432020825855
2026-03-04T19:50:25+00:00,1772653825.901855,3.01875,7.8,0.0,2304.0,16,14172307456,2851643392,83.2,17023950848,292753408,2.6,0.0,16382.191605874654,0.0,2.9996688731459935,34.3,420.9535318648211,1196.8678803852515,6.999227370673985,7.999116995055983
2026-03-04T19:50:26+00:00,1772653826.9019132,2.1437500000000003,6.2,0.0,2304.0,16,14176681984,2847268864,83.3,17023950848,292753408,2.6,0.0,0.0,0.0,0.0,34.3,0.9999418292507322,0.0,0.9999418292507322,0.0
2026-03-04T19:50:27+00:00,1772653827.9021478,1.56875,6.2,0.0,2304.0,16,14174810112,2849140736,83.3,17023950848,292753408,2.6,0.0,24570.235727320745,0.0,3.9990618045769444,34.3,0.0,0.0,0.0,0.0
2026-03-04T19:50:28+00:00,1772653828.9019823,2.625,6.2,0.0,2304.0,16,14175064064,2848886784,83.3,17023950848,292753408,2.6,0.0,8193.355693066356,0.0,2.0003309797525284,34.3,0.0,0.0,0.0,0.0
2026-03-04T19:50:29+00:00,1772653829.9019802,1.85,4.7,0.0,2304.0,16,14174429184,2849521664,83.3,17023950848,292753408,2.6,65536.14062530175,94208.20214887126,1.0000021457718162,6.000012874630897,34.3,0.0,0.0,0.0,0.0
2026-03-04T19:50:30+00:00,1772653830.9021354,1.66875,7.8,0.0,2304.0,16,14174355456,2849595392,83.3,17023950848,292753408,2.6,0.0,0.0,0.0,0.0,34.3,0.0,0.0,0.0,0.0
2026-03-04T19:50:31+00:00,1772653831.9018834,1.76875,4.6,0.0,2304.0,16,14174093312,2849857536,83.3,17023950848,292753408,2.6,0.0,77843.61724839963,0.0,3.0007562158871157,34.3,0.0,0.0,0.0,0.0
2026-03-04T19:50:32+00:00,1772653832.9018452,2.325,6.2,0.0,2304.0,16,14166319104,2857631744,83.2,17023950848,292753408,2.6,12288.468767882076,73730.81260729245,1.0000381484279033,3.00011444528371,34.3,0.0,0.0,0.0,0.0
2026-03-04T19:50:33+00:00,1772653833.9019225,1.8687500000000001,7.8,0.0,2304.0,16,14174130176,2849820672,83.3,17023950848,292753408,2.6,0.0,69626.6215092256,0.0,2.9997682750413146,34.3,0.0,0.0,0.0,0.0
2026-03-04T19:50:34+00:00,1772653834.9021454,2.6125,7.8,0.0,2304.0,16,14173556736,2850394112,83.3,17023950848,292753408,2.6,0.0,65521.393881016076,0.0,0.9997771283114025,34.3,0.0,0.0,0.0,0.0
2026-03-04T19:50:35+00:00,1772653835.9020944,4.1,17.2,0.0,2304.0,16,14147743744,2876207104,83.1,17023950848,292753408,2.6,0.0,122886.26985114769,0.0,6.00030614507557,34.3,55.002806329859396,66.00336759583128,1.0000510241792617,1.0000510241792617
2026-03-04T19:50:36+00:00,1772653836.9019222,1.575,7.8,0.0,2304.0,16,14159327232,2864623616,83.2,17023950848,292753408,2.6,0.0,73740.69359130214,0.0,3.000516503552333,34.3,0.0,142.02444783481045,0.0,1.0001721678507778
2026-03-04T19:50:37+00:00,1772653837.9019234,5.48125,7.8,3.0,2304.0,16,14166679552,2857271296,83.2,17023950848,292753408,2.6,32767.960937546566,65535.92187509313,1.9999976158170512,0.9999988079085256,34.3,0.0,0.0,0.0,0.0
2026-03-04T19:50:38+00:00,1772653838.9021432,1.9875,4.8,0.0,2304.0,16,14166601728,2857349120,83.2,17023950848,292753408,2.6,0.0,8190.199614514212,0.0,1.9995604527622588,34.3,0.0,0.0,0.0,0.0
2026-03-04T19:50:39+00:00,1772653839.90215,2.2375,4.7,0.0,2304.0,16,14168707072,2855243776,83.2,17023950848,292753408,2.6,0.0,36863.75390789284,0.0,7.9999465945948005,34.3,0.0,0.0,0.0,0.0
2026-03-04T19:50:40+00:00,1772653840.9018087,1.09375,3.2,0.0,2304.0,16,14167392256,2856558592,83.2,17023950848,292753408,2.6,0.0,28681.78556517214,0.0,5.001706467140789,34.3,0.0,0.0,0.0,0.0
2026-03-04T19:50:41+00:00,1772653841.9020102,1.14375,4.7,0.0,2304.0,16,14167330816,2856620032,83.2,17023950848,292753408,2.6,0.0,0.0,0.0,0.0,34.3,0.0,0.0,0.0,0.0
2026-03-04T19:50:42+00:00,1772653842.901936,2.55625,7.7,0.0,2304.0,16,14167543808,2856407040,83.2,17023950848,292753408,2.6,0.0,12288.911200376348,0.0,3.0002224610293817,34.3,0.0,0.0,0.0,0.0
2026-03-04T19:50:43+00:00,1772653843.9018462,2.8312500000000003,9.4,0.0,2304.0,16,14164570112,2859380736,83.2,17023950848,292753408,2.6,0.0,237589.35543513275,0.0,11.000988810725604,34.3,0.0,0.0,0.0,0.0
2026-03-04T19:50:44+00:00,1772653844.902063,0.85625,1.6,0.0,2304.0,16,14170243072,2853707776,83.2,17023950848,292753408,2.6,0.0,8190.224994058704,0.0,1.9995666489401134,34.3,54.98808284585312,65.98569941502375,0.9997833244700567,0.9997833244700567
2026-03-04T19:50:45+00:00,1772653845.9019065,2.075,7.9,0.0,2304.0,16,14174937088,2849013760,83.3,17023950848,292753408,2.6,0.0,40966.40725211081,0.0,3.0004692811604596,34.3,55.00860348794176,66.01032418553011,1.0001564270534866,1.0001564270534866
2026-03-04T19:50:46+00:00,1772653846.9018455,1.6625,4.7,0.0,2304.0,16,14163324928,2860625920,83.2,17023950848,292753408,2.6,0.0,98310.00036623329,0.0,4.000244155527071,34.3,0.0,0.0,0.0,0.0
2026-03-04T19:50:47+00:00,1772653847.9023254,1.08125,6.2,0.0,2304.0,16,14163779584,2860171264,83.2,17023950848,292753408,2.6,0.0,511754.3903380035,0.0,57.97217703047696,34.3,0.0,0.0,0.0,0.0
2026-03-04T19:50:48+00:00,1772653848.9018242,2.55,6.3,0.0,2304.0,16,14167162880,2856787968,83.2,17023950848,292753408,2.6,0.0,143431.88172707325,0.0,11.005515478500321,34.3,260.1303658554621,408.20457411164824,3.0015042214091783,3.0015042214091783
2026-03-04T19:50:49+00:00,1772653849.902383,1.1875,4.7,0.0,2304.0,16,14166683648,2857267200,83.2,17023950848,292753408,2.6,0.0,0.0,0.0,0.0,34.3,0.0,0.0,0.0,0.0
2026-03-04T19:50:50+00:00,1772653850.9022257,1.45,6.2,0.0,2304.0,16,14168895488,2855055360,83.2,17023950848,292753408,2.6,0.0,20483.223163434952,0.0,4.000629524108389,34.3,0.0,0.0,0.0,0.0
2026-03-04T19:50:51+00:00,1772653851.9023488,4.6125,9.2,0.0,2304.0,16,14167166976,2856783872,83.2,17023950848,292753408,2.6,0.0,65527.93849175888,0.0,4.999384955731116,34.3,0.0,0.0,0.0,0.0
2026-03-04T19:50:52+00:00,1772653852.902138,6.05,14.1,0.0,2304.0,16,14167699456,2856251392,83.2,17023950848,292753408,2.6,0.0,0.0,0.0,0.0,34.3,0.0,0.0,0.0,0.0
2026-03-04T19:50:53+00:00,1772653853.902342,0.88125,6.1,0.0,2304.0,16,14167523328,2856427520,83.2,17023950848,292753408,2.6,0.0,77808.1204283031,0.0,2.9993878660170292,34.3,59.987757320340584,41.991430124238406,0.9997959553390097,0.9997959553390097
2026-03-04T19:50:54+00:00,1772653854.9018245,1.575,6.2,0.0,2304.0,16,14167248896,2856701952,83.2,17023950848,292753408,2.6,0.0,98354.90916342588,0.0,4.002071499162836,34.3,0.0,0.0,0.0,0.0
2026-03-04T19:50:55+00:00,1772653855.9021394,0.8875000000000001,4.7,0.0,2304.0,16,14167515136,2856435712,83.2,17023950848,292753408,2.6,0.0,143314.86284880084,0.0,11.996221778638462,34.3,54.98268315209295,65.97921978251155,0.9996851482198719,0.9996851482198719
2026-03-04T19:50:56+00:00,1772653856.9021885,5.1875,9.7,1.6,2304.0,16,14160351232,2863599616,83.2,17023950848,292753408,2.6,0.0,0.0,0.0,0.0,34.3,0.0,0.0,0.0,0.0
2026-03-04T19:50:57+00:00,1772653857.9018586,1.46875,6.2,0.0,2304.0,16,14166974464,2856976384,83.2,17023950848,292753408,2.6,0.0,16389.408034496246,0.0,3.0009902406914515,34.3,0.0,0.0,0.0,0.0
2026-03-04T19:50:58+00:00,1772653858.9018576,1.725,7.5,0.0,2304.0,16,14167158784,2856792064,83.2,17023950848,292753408,2.6,0.0,36864.03515628353,0.0,9.000008583077033,34.3,0.0,0.0,0.0,0.0
2026-03-04T19:50:59+00:00,1772653859.9018328,2.16875,6.2,0.0,2304.0,16,14165405696,2858545152,83.2,17023950848,292753408,2.6,0.0,8192.203130036718,0.0,2.0000495922941206,34.3,0.0,0.0,0.0,0.0
2026-03-04T19:51:00+00:00,1772653860.9024012,7.65625,12.5,4.6,2304.0,16,14169358336,2854592512,83.2,17023950848,292753408,2.6,0.0,106435.50313580614,0.0,3.9977277319638724,34.3,0.0,0.0,0.0,0.0
2026-03-04T19:51:01+00:00,1772653861.902351,2.825,7.7,0.0,2304.0,16,14168358912,2855591936,83.2,17023950848,292753408,2.6,0.0,151559.62440699336,0.0,6.0003018531062615,34.3,174.00875374008157,58.00291791336053,3.0001509265531308,1.0000503088510435
2026-03-04T19:51:02+00:00,1772653862.9019206,1.55625,7.8,0.0,2304.0,16,14168604672,2855346176,83.2,17023950848,292753408,2.6,0.0,8195.52690841429,0.0,2.0008610616245823,34.3,128.05510794397327,396.1704902016673,2.0008610616245823,2.0008610616245823
2026-03-04T19:51:03+00:00,1772653863.9022906,3.6875,6.2,0.0,2304.0,16,14169661440,2854289408,83.2,17023950848,292753408,2.6,0.0,77795.21377664056,0.0,3.9985204449342397,34.3,0.0,0.0,0.0,0.0
2026-03-04T19:51:04+00:00,1772653864.9022655,1.95625,7.8,0.0,2304.0,16,14169329664,2854621184,83.2,17023950848,292753408,2.6,0.0,0.0,0.0,0.0,34.3,0.0,0.0,0.0,0.0
2026-03-04T19:51:05+00:00,1772653865.9019153,1.9625000000000001,7.7,0.0,2304.0,16,14172700672,2851250176,83.3,17023950848,292753408,2.6,0.0,40974.35072927983,0.0,4.0014014384062335,34.3,482.16887332795113,66.02312373370285,6.00210215760935,1.0003503596015584
2026-03-04T19:51:06+00:00,1772653866.9017732,2.51875,6.2,0.0,2304.0,16,14171439104,2852511744,83.2,17023950848,292753408,2.6,0.0,176153.03090057772,0.0,8.001136941341649,34.3,482.0685007158343,66.00937976606859,6.000852706006236,1.000142117667706
2026-03-04T19:51:07+00:00,1772653867.9018002,3.475,10.8,0.0,2304.0,16,14173827072,2850123776,83.3,17023950848,292753408,2.6,0.0,8191.779302820869,0.0,1.9999461188527512,34.3,426.98849637506237,0.0,4.999865297131878,0.0
2026-03-04T19:51:08+00:00,1772653868.9021933,1.6812500000000001,4.7,0.0,2304.0,16,14171586560,2852364288,83.2,17023950848,292753408,2.6,0.0,0.0,0.0,0.0,34.3,426.83218996971607,0.0,4.998035011354989,0.0
2026-03-04T19:51:09+00:00,1772653869.9018612,0.9875,3.1,0.0,2304.0,16,14178770944,2845179904,83.3,17023950848,292753408,2.6,0.0,73752.4944631546,0.0,3.000996682257267,34.3,0.0,0.0,0.0,0.0
2026-03-04T19:51:10+00:00,1772653870.9020302,1.05625,4.6,0.0,2304.0,16,14169530368,2854420480,83.2,17023950848,292753408,2.6,0.0,135145.15522883958,0.0,5.998985938780166,34.3,0.0,0.0,0.0,0.0
2026-03-04T19:51:11+00:00,1772653871.9021957,1.475,6.3,0.0,2304.0,16,14170464256,2853486592,83.2,17023950848,292753408,2.6,0.0,0.0,0.0,0.0,34.3,0.0,0.0,0.0,0.0
2026-03-04T19:51:12+00:00,1772653872.9018319,1.875,4.8,0.0,2304.0,16,14171086848,2852864000,83.2,17023950848,292753408,2.6,0.0,147509.66796334076,0.0,20.00727918339583,34.3,0.0,0.0,0.0,0.0
2026-03-04T19:51:13+00:00,1772653873.9019928,1.55625,7.8,0.0,2304.0,16,14168379392,2855571456,83.2,17023950848,292753408,2.6,0.0,8190.681852757785,0.0,1.9996781867084437,34.3,0.0,0.0,0.0,0.0
2026-03-04T19:51:14+00:00,1772653874.9018314,4.08125,7.7,1.6,2304.0,16,14171684864,2852265984,83.2,17023950848,292753408,2.6,49159.93487451316,20483.306197713817,2.00032287087049,4.00064574174098,34.3,1267.2045386964553,5408.873042833805,9.001452918917204,11.001775789787695
2026-03-04T19:51:15+00:00,1772653875.902046,1.24375,4.6,0.0,2304.0,16,14171205632,2852745216,83.2,17023950848,292753408,2.6,65521.9405168378,73712.18308144252,0.9997854693121002,5.998712815872601,34.3,108.97661615501892,119.97425631745202,1.9995709386242004,1.9995709386242004
2026-03-04T19:51:16+00:00,1772653876.9018457,3.1625,6.3,0.0,2304.0,16,14171258880,2852691968,83.2,17023950848,292753408,2.6,0.0,389197.94529773,0.0,37.00741153375825,34.3,87.01742711991804,0.0,1.000200311723196,0.0
2026-03-04T19:51:17+00:00,1772653877.9020445,1.1875,3.1,0.0,2304.0,16,14171303936,2852646912,83.2,17023950848,292753408,2.6,0.0,303043.74245042715,0.0,20.995825167133955,34.3,0.0,0.0,0.0,0.0
2026-03-04T19:51:18+00:00,1772653878.901944,3.475,7.8,0.0,2304.0,16,14173782016,2850168832,83.3,17023950848,292753408,2.6,0.0,65542.59441348135,0.0,11.001106850407332,34.3,0.0,0.0,0.0,0.0
2026-03-04T19:51:19+00:00,1772653879.9019873,1.95,4.8,0.0,2304.0,16,14173790208,2850160640,83.3,17023950848,292753408,2.6,0.0,65533.15637339116,0.0,0.9999566097014032,34.3,0.0,0.0,0.0,0.0
2026-03-04T19:51:20+00:00,1772653880.9017348,2.825,6.2,0.0,2304.0,16,14166908928,2857041920,83.2,17023950848,292753408,2.6,0.0,45067.378849554465,0.0,4.00101019616073,34.3,0.0,0.0,0.0,0.0
2026-03-04T19:51:21+00:00,1772653881.9018435,0.9812500000000001,6.2,0.0,2304.0,16,14171136000,2852814848,83.2,17023950848,292753408,2.6,0.0,155631.07996452716,0.0,15.998260687143008,34.3,0.0,0.0,0.0,0.0
2026-03-04T19:51:22+00:00,1772653882.9019613,1.75625,6.2,0.0,2304.0,16,14177902592,2846048256,83.3,17023950848,292753408,2.6,0.0,0.0,0.0,0.0,34.3,0.0,0.0,0.0,0.0
2026-03-04T19:51:23+00:00,1772653883.9021394,1.24375,6.1,0.0,2304.0,16,14174064640,2849886208,83.3,17023950848,292753408,2.6,0.0,12285.81191313288,0.0,1.9996438660698046,34.3,0.0,0.0,0.0,0.0
2026-03-04T19:51:24+00:00,1772653884.9019573,4.125,9.2,1.6,2304.0,16,14168842240,2855108608,83.2,17023950848,292753408,2.6,0.0,86031.67082321856,0.0,2.000364369959509,34.3,0.0,0.0,0.0,0.0
2026-03-04T19:51:25+00:00,1772653885.9019215,3.2125,6.2,0.0,2304.0,16,14170517504,2853433344,83.2,17023950848,292753408,2.6,0.0,40961.46489613877,0.0,5.00017882032944,34.3,55.001967023623834,66.0023604283486,1.000035764065888,1.000035764065888
2026-03-04T19:51:26+00:00,1772653886.902148,4.1625,9.4,0.0,2304.0,16,14169522176,2854428672,83.2,17023950848,292753408,2.6,0.0,65521.15961131317,0.0,0.9997735536394221,34.3,0.0,0.0,0.0,0.0
2026-03-04T19:51:27+00:00,1772653887.902109,2.6375,7.8,0.0,2304.0,16,14170451968,2853498880,83.2,17023950848,292753408,2.6,0.0,12288.480487537374,0.0,3.000117306527679,34.3,0.0,0.0,0.0,0.0
2026-03-04T19:51:28+00:00,1772653888.9019809,1.0625,6.2,0.0,2304.0,16,14164746240,2859204608,83.2,17023950848,292753408,2.6,0.0,135185.30788000382,0.0,17.00217680190626,34.3,0.0,0.0,0.0,0.0
2026-03-04T19:51:29+00:00,1772653889.9022374,1.38125,6.2,0.0,2304.0,16,14168682496,2855268352,83.2,17023950848,292753408,2.6,0.0,106468.68669441147,0.0,8.997691746635585,34.3,107.97230095962702,278.9284441457031,1.9994870548079078,3.9989741096158156
2026-03-04T19:51:30+00:00,1772653890.9020882,4.8625,10.6,0.0,2304.0,16,14166794240,2857156608,83.2,17023950848,292753408,2.6,0.0,40966.11419379361,0.0,3.000447816928243,34.3,0.0,0.0,0.0,0.0
2026-03-04T19:51:31+00:00,1772653891.9022098,3.2625,6.3,0.0,2304.0,16,14164811776,2859139072,83.2,17023950848,292753408,2.6,0.0,12286.506041030663,0.0,2.9996352639235018,34.3,0.0,0.0,0.0,0.0
2026-03-04T19:51:32+00:00,1772653892.9019413,1.7937500000000002,8.8,0.0,2304.0,16,14164287488,2859663360,83.2,17023950848,292753408,2.6,0.0,90136.19790240243,0.0,7.001879719868796,34.3,0.0,0.0,0.0,0.0
2026-03-04T19:51:33+00:00,1772653893.9019156,2.9125,12.3,0.0,2304.0,16,14160605184,2863345664,83.2,17023950848,292753408,2.6,0.0,86018.21490078194,0.0,5.000128749347908,34.3,0.0,0.0,0.0,0.0
2026-03-04T19:51:34+00:00,1772653894.9019365,0.7000000000000001,3.2,0.0,2304.0,16,14168330240,2855620608,83.2,17023950848,292753408,2.6,0.0,65534.625028848044,0.0,0.9999790196052253,34.3,0.0,0.0,0.0,0.0
2026-03-04T19:51:35+00:00,1772653895.9020407,0.9750000000000001,4.7,0.0,2304.0,16,14168707072,2855243776,83.2,17023950848,292753408,2.6,0.0,20477.866433231517,0.0,3.9995832877405304,34.3,54.99427020643229,0.0,0.9998958219351326,0.0
2026-03-04T19:51:36+00:00,1772653896.902016,3.4125,9.4,0.0,2304.0,16,14167154688,2856796160,83.2,17023950848,292753408,2.6,0.0,69633.7266053121,0.0,2.0000495922941206,34.3,54.00133899194125,120.00297553764723,1.0000247961470603,2.0000495922941206
2026-03-04T19:51:37+00:00,1772653897.9020572,1.45625,4.5,0.0,2304.0,16,14166548480,2857402368,83.2,17023950848,292753408,2.6,35838.521789486505,106491.60760304562,0.999958755287012,5.999752531722072,34.3,0.0,0.0,0.0,0.0
2026-03-04T19:51:38+00:00,1772653898.901785,3.0375,7.7,1.6,2304.0,16,14167523328,2856427520,83.2,17023950848,292753408,2.6,0.0,0.0,0.0,0.0,34.3,0.0,0.0,0.0,0.0
2026-03-04T19:51:39+00:00,1772653899.9018579,1.075,4.8,0.0,2304.0,16,14163369984,2860580864,83.2,17023950848,292753408,2.6,0.0,90105.42626084428,0.0,4.999635246184985,34.3,0.0,0.0,0.0,0.0
2026-03-04T19:51:40+00:00,1772653900.9019136,3.40625,9.5,0.0,2304.0,16,14170558464,2853392384,83.2,17023950848,292753408,2.6,16383.085988492654,118777.37341657175,0.9999442131648348,5.999665278989009,34.3,0.0,0.0,0.0,0.0
2026-03-04T19:51:41+00:00,1772653901.9021947,1.3625,4.7,0.0,2304.0,16,14167793664,2856157184,83.2,17023950848,292753408,2.6,0.0,0.0,0.0,0.0,34.3,0.0,0.0,0.0,0.0
2026-03-04T19:51:42+00:00,1772653902.901959,1.95625,4.7,0.0,2304.0,16,14166667264,2857283584,83.2,17023950848,292753408,2.6,0.0,221236.16659754873,0.0,8.001886812700691,34.3,0.0,0.0,0.0,0.0
2026-03-04T19:51:43+00:00,1772653903.9017994,0.9625,3.1,0.0,2304.0,16,14164451328,2859499520,83.2,17023950848,292753408,2.6,0.0,12289.960273605118,0.0,2.0003190549487497,34.3,0.0,0.0,0.0,0.0
2026-03-04T19:51:44+00:00,1772653904.9018502,2.7875,8.1,0.0,2304.0,16,14160687104,2863263744,83.2,17023950848,292753408,2.6,0.0,548836.1283685345,0.0,55.99715628760117,34.3,0.0,0.0,0.0,0.0
2026-03-04T19:51:45+00:00,1772653905.901982,1.54375,6.2,0.0,2304.0,16,14163300352,2860650496,83.2,17023950848,292753408,2.6,0.0,8190.92006425964,0.0,1.9997363438133886,34.3,0.0,0.0,0.0,0.0
2026-03-04T19:51:46+00:00,1772653906.9022157,1.91875,7.7,0.0,2304.0,16,14179741696,2844209152,83.3,17023950848,292753408,2.6,0.0,122851.29576924947,0.0,11.997196852465768,34.3,54.987152240468106,65.98458268856173,0.9997664043721474,0.9997664043721474
2026-03-04T19:51:47+00:00,1772653907.9023976,4.7625,12.5,0.0,2304.0,16,14170750976,2853199872,83.2,17023950848,292753408,2.6,0.0,73714.59033002333,0.0,2.999454359131809,34.3,0.0,0.0,0.0,0.0
2026-03-04T19:51:48+00:00,1772653908.9022446,3.25625,7.8,1.6,2304.0,16,14168367104,2855583744,83.2,17023950848,292753408,2.6,0.0,45062.8975401451,0.0,9.001377793441627,34.3,0.0,0.0,0.0,0.0
2026-03-04T19:51:49+00:00,1772653909.9018772,3.7875,7.9,1.6,2304.0,16,14167384064,2856566784,83.2,17023950848,292753408,2.6,0.0,65560.08697462747,0.0,1.0003675380649943,34.3,0.0,0.0,0.0,0.0
2026-03-04T19:51:50+00:00,1772653910.902316,0.7875000000000001,3.1,0.0,2304.0,16,14167126016,2856824832,83.2,17023950848,292753408,2.6,0.0,192427.5380493286,0.0,13.993857695575343,34.3,0.0,0.0,0.0,0.0
2026-03-04T19:51:51+00:00,1772653911.9019885,1.725,6.2,0.0,2304.0,16,14169468928,2854481920,83.2,17023950848,292753408,2.6,0.0,81946.84473148848,0.0,5.001638472380889,34.3,0.0,0.0,0.0,0.0
2026-03-04T19:51:52+00:00,1772653912.9020317,2.6625,4.8,0.0,2304.0,16,14168678400,2855272448,83.2,17023950848,292753408,2.6,0.0,12287.469749444806,0.0,1.999913696198699,34.3,0.0,0.0,0.0,0.0
2026-03-04T19:51:53+00:00,1772653913.9021509,1.78125,4.8,0.0,2304.0,16,14170820608,2853130240,83.2,17023950848,292753408,2.6,0.0,0.0,0.0,0.0,34.3,0.0,0.0,0.0,0.0
2026-03-04T19:51:54+00:00,1772653914.901985,0.7875000000000001,4.7,0.0,2304.0,16,14170406912,2853543936,83.2,17023950848,292753408,2.6,0.0,73740.23640550094,0.0,3.0004979006144588,34.3,0.0,0.0,0.0,0.0
2026-03-04T19:51:55+00:00,1772653915.902016,1.93125,9.2,0.0,2304.0,16,14167887872,2856062976,83.2,17023950848,292753408,2.6,0.0,110588.57237186233,0.0,7.999752052362727,34.3,0.0,0.0,0.0,0.0
2026-03-04T19:51:56+00:00,1772653916.9018996,2.575,6.2,0.0,2304.0,16,14171803648,2852147200,83.2,17023950848,292753408,2.6,0.0,0.0,0.0,0.0,34.3,109.01268343675545,120.0139634166115,2.0002327236101918,2.0002327236101918
2026-03-04T19:51:57+00:00,1772653917.9017677,1.75625,7.7,0.0,2304.0,16,14165549056,2858401792,83.2,17023950848,292753408,2.6,0.0,81930.8022054719,0.0,4.000527451439058,34.3,0.0,0.0,0.0,0.0
2026-03-04T19:51:58+00:00,1772653918.9021342,0.9812500000000001,3.1,0.0,2304.0,16,14169686016,2854264832,83.2,17023950848,292753408,2.6,278425.97098221787,24566.997439607458,7.9970694790388865,5.9978021092791645,34.3,0.0,0.0,0.0,0.0
2026-03-04T19:51:59+00:00,1772653919.901997,0.6937500000000001,3.2,0.0,2304.0,16,14168584192,2855366656,83.2,17023950848,292753408,2.6,86027.7936089814,8193.123200855372,4.000548437917662,2.000274218958831,34.3,0.0,0.0,0.0,0.0
2026-03-04T19:52:00+00:00,1772653920.9023387,1.3375,6.1,0.0,2304.0,16,14168961024,2854989824,83.2,17023950848,292753408,2.6,0.0,122838.03191668114,0.0,3.9986338514544646,34.3,0.0,0.0,0.0,0.0
2026-03-04T19:52:01+00:00,1772653921.9019213,2.875,6.2,0.0,2304.0,16,14168375296,2855575552,83.2,17023950848,292753408,2.6,0.0,94247.3455271764,0.0,10.004176452867739,34.3,736.3073869310656,849.3545808484711,9.003758807580965,7.002923517007417
2026-03-04T19:52:02+00:00,1772653922.9021535,2.8312500000000003,7.9,0.0,2304.0,16,14174195712,2849755136,83.3,17023950848,292753408,2.6,2047.5245244772814,57330.68668536388,0.9997678342174225,6.998374839521958,34.3,235.94520887531172,437.89831138723105,3.99907133686969,2.9993035026522676
2026-03-04T19:52:03+00:00,1772653923.902124,1.625,7.5,0.0,2304.0,16,14171447296,2852503552,83.2,17023950848,292753408,2.6,0.0,16384.484389320438,0.0,4.000118259111435,34.3,1.0000295647778588,0.0,1.0000295647778588,0.0
2026-03-04T19:52:04+00:00,1772653924.9021144,1.76875,4.8,0.0,2304.0,16,14171500544,2852450304,83.2,17023950848,292753408,2.6,0.0,20480.195314362663,0.0,3.0000286105023433,34.3,1.0000095368341144,0.0,1.0000095368341144,0.0
2026-03-04T19:52:05+00:00,1772653925.9017937,3.4125,6.2,0.0,2304.0,16,14163546112,2860404736,83.2,17023950848,292753408,2.6,0.0,102432.84744735163,0.0,5.0016038792652155,34.3,1.0003207758530432,0.0,1.0003207758530432,0.0
2026-03-04T19:52:06+00:00,1772653926.9019623,1.8687500000000001,6.2,0.0,2304.0,16,14155612160,2868338688,83.2,17023950848,292753408,2.6,0.0,53239.02592674966,0.0,4.999157332364564,34.3,115.98045011085787,107.98179837907458,2.999494399418738,1.9996629329458253
2026-03-04T19:52:07+00:00,1772653927.9020426,0.8875000000000001,4.7,0.0,2304.0,16,14156099584,2867851264,83.2,17023950848,292753408,2.6,0.0,8191.341849755438,0.0,1.9998393187879486,34.3,0.0,0.0,0.0,0.0
2026-03-04T19:52:08+00:00,1772653928.9017515,1.175,4.7,0.0,2304.0,16,14157369344,2866581504,83.2,17023950848,292753408,2.6,0.0,131110.1673608655,0.0,2.000582387708519,34.3,0.0,0.0,0.0,0.0
2026-03-04T19:52:09+00:00,1772653929.9020698,0.48125,3.1,0.0,2304.0,16,14155890688,2868060160,83.2,17023950848,292753408,2.6,0.0,8189.39340777412,0.0,1.9993636249448534,34.3,0.0,0.0,0.0,0.0
2026-03-04T19:52:10+00:00,1772653930.9019654,3.98125,6.2,0.0,2304.0,16,14165651456,2858299392,83.2,17023950848,292753408,2.6,0.0,94217.83891807702,0.0,5.000522191219271,34.3,0.0,0.0,0.0,0.0
2026-03-04T19:52:11+00:00,1772653931.9018142,1.3875,6.3,0.0,2304.0,16,14156390400,2867560448,83.2,17023950848,292753408,2.6,0.0,0.0,0.0,0.0,34.3,0.0,0.0,0.0,0.0
2026-03-04T19:52:12+00:00,1772653932.9023774,0.8812500000000001,3.1,0.0,2304.0,16,14154702848,2869248000,83.1,17023950848,292753408,2.6,0.0,8187.389315232615,0.0,1.9988743445392128,34.3,0.9994371722696064,0.0,0.9994371722696064,0.0
2026-03-04T19:52:13+00:00,1772653933.9020188,2.7625,7.6,0.0,2304.0,16,14157389824,2866561024,83.2,17023950848,292753408,2.6,0.0,471208.96683838964,0.0,30.010761305094448,34.3,1.0003587101698148,0.0,1.0003587101698148,0.0
2026-03-04T19:52:14+00:00,1772653934.9022176,2.35625,4.7,0.0,2304.0,16,14157393920,2866556928,83.2,17023950848,292753408,2.6,0.0,131045.94268126579,0.0,8.998210785914551,34.3,0.9998011984349502,0.0,0.9998011984349502,0.0
2026-03-04T19:52:15+00:00,1772653935.9020832,1.88125,7.9,0.0,2304.0,16,14155882496,2868068352,83.2,17023950848,292753408,2.6,0.0,143379.27993628598,0.0,4.000537944650837,34.3,1.0001344861627093,0.0,1.0001344861627093,0.0
2026-03-04T19:52:16+00:00,1772653936.9018989,1.56875,4.7,0.0,2304.0,16,14156492800,2867458048,83.2,17023950848,292753408,2.6,0.0,12290.26506588362,0.0,2.0003686630669955,34.3,110.02027646868474,120.02211978401972,3.000552994600493,2.0003686630669955
2026-03-04T19:52:17+00:00,1772653937.901917,1.5625,4.7,0.0,2304.0,16,14159396864,2864553984,83.2,17023950848,292753408,2.6,0.0,184316.66021676623,0.0,26.99951077394037,34.3,0.9999818805163099,0.0,0.9999818805163099,0.0
2026-03-04T19:52:18+00:00,1772653938.9019234,1.175,6.2,0.0,2304.0,16,14157766656,2866184192,83.2,17023950848,292753408,2.6,0.0,143359.07715437814,0.0,3.9999742509592116,34.3,0.0,141.999085909052,0.0,0.9999935627398029
2026-03-04T19:52:19+00:00,1772653939.9017801,1.8687500000000001,6.3,0.0,2304.0,16,14157910016,2866040832,83.2,17023950848,292753408,2.6,0.0,32772.69598538571,0.0,7.001003170706175,34.3,0.0,0.0,0.0,0.0
2026-03-04T19:52:20+00:00,1772653940.902099,1.95625,4.7,0.0,2304.0,16,14153576448,2870374400,83.1,17023950848,292753408,2.6,0.0,69609.81078409712,0.0,5.9980880156333685,34.3,0.0,0.0,0.0,0.0
2026-03-04T19:52:21+00:00,1772653941.9019287,1.5625,6.2,0.0,2304.0,16,14144471040,2879479808,83.1,17023950848,292753408,2.6,0.0,28676.88169038938,0.0,6.0010215590937594,34.3,1.00017025984896,0.0,1.00017025984896,0.0
2026-03-04T19:52:22+00:00,1772653942.9020014,1.84375,6.2,0.0,2304.0,16,14151147520,2872803328,83.1,17023950848,292753408,2.6,0.0,8191.404340189992,0.0,1.9998545752416972,34.3,0.9999272876208486,0.0,0.9999272876208486,0.0
2026-03-04T19:52:23+00:00,1772653943.9021404,0.9750000000000001,3.1,0.0,2304.0,16,14160961536,2862989312,83.2,17023950848,292753408,2.6,0.0,0.0,0.0,0.0,34.3,0.9998610212861514,0.0,0.9998610212861514,0.0
2026-03-04T19:52:24+00:00,1772653944.902199,1.28125,3.1,0.0,2304.0,16,14148132864,2875817984,83.1,17023950848,292753408,2.6,0.0,12287.279339142458,0.0,1.9998827049385512,34.3,0.9999413524692756,0.0,0.9999413524692756,0.0
2026-03-04T19:52:25+00:00,1772653945.9021196,4.51875,7.6,0.0,2304.0,16,14150041600,2873909248,83.1,17023950848,292753408,2.6,0.0,20481.626105664534,0.0,4.000317598762605,34.3,1.0000793996906512,0.0,1.0000793996906512,0.0
2026-03-04T19:52:26+00:00,1772653946.9022338,0.59375,4.7,0.0,2304.0,16,14151147520,2872803328,83.1,17023950848,292753408,2.6,0.0,0.0,0.0,0.0,34.3,55.99360539031459,65.9924634957279,1.999771621082664,0.999885810541332
2026-03-04T19:52:27+00:00,1772653947.9019115,1.75,6.3,0.0,2304.0,16,14154207232,2869743616,83.1,17023950848,292753408,2.6,0.0,274520.48946136277,0.0,6.0019346751405696,34.3,0.0,0.0,0.0,0.0
2026-03-04T19:52:28+00:00,1772653948.9018283,2.3375,7.8,0.0,2304.0,16,14155280384,2868670464,83.1,17023950848,292753408,2.6,0.0,12289.022546021595,0.0,2.000166430016536,34.3,0.0,0.0,0.0,0.0
2026-03-04T19:52:29+00:00,1772653949.9018977,0.7875,6.3,0.0,2304.0,16,14155583488,2868367360,83.2,17023950848,292753408,2.6,0.0,8191.431680054928,0.0,1.99986125001341,34.3,107.99250750072414,185.98709625124715,1.99986125001341,2.999791875020115
2026-03-04T19:52:30+00:00,1772653950.9022853,2.05,6.2,0.0,2304.0,16,14155919360,2868031488,83.2,17023950848,292753408,2.6,0.0,40944.12724711804,0.0,2.9988374448572785,34.3,0.0,155.93954713257847,0.0,1.9992249632381855
2026-03-04T19:52:31+00:00,1772653951.9018798,0.875,3.1,0.0,2304.0,16,14154465280,2869485568,83.1,17023950848,292753408,2.6,0.0,98343.88336219767,0.0,10.004057145405849,34.3,0.0,0.0,0.0,0.0
2026-03-04T19:52:32+00:00,1772653952.9019842,2.74375,9.5,0.0,2304.0,16,14150578176,2873372672,83.1,17023950848,292753408,2.6,0.0,40955.72310287498,0.0,8.999060252096553,34.3,0.0,0.0,0.0,0.0
2026-03-04T19:52:33+00:00,1772653953.9021604,1.38125,4.7,0.0,2304.0,16,14156124160,2867826688,83.2,17023950848,292753408,2.6,0.0,114667.79652842652,0.0,12.997709916203481,34.3,0.0,0.0,0.0,0.0
2026-03-04T19:52:34+00:00,1772653954.9019167,1.5625,6.3,0.0,2304.0,16,14164561920,2859388928,83.2,17023950848,292753408,2.6,0.0,0.0,0.0,0.0,34.3,0.0,0.0,0.0,0.0
2026-03-04T19:52:35+00:00,1772653955.902028,0.86875,4.5,0.0,2304.0,16,14155440128,2868510720,83.2,17023950848,292753408,2.6,0.0,16382.175984338597,0.0,3.9995546836764153,34.3,3993.555351650901,7648.148443860225,7.999109367352831,12.99855272194835
2026-03-04T19:52:36+00:00,1772653956.9018219,2.35,6.2,0.0,2304.0,16,14162444288,2861506560,83.2,17023950848,292753408,2.6,0.0,254004.3838501049,0.0,16.00330039378181,34.3,217.0447615906658,889.1833781295019,4.0008250984454525,6.001237647668178
2026-03-04T19:52:37+00:00,1772653957.901922,2.80625,6.2,0.0,2304.0,16,14163734528,2860216320,83.2,17023950848,292753408,2.6,0.0,12286.76965445164,0.0,2.9996996226688575,34.3,0.0,0.0,0.0,0.0
2026-03-04T19:52:38+00:00,1772653958.9018433,3.64375,7.8,1.6,2304.0,16,14165577728,2858373120,83.2,17023950848,292753408,2.6,0.0,65541.15665571604,0.0,1.000078684321839,34.3,5352.421118490482,7845.617278504827,12.000944211862066,15.001180264827584
2026-03-04T19:52:39+00:00,1772653959.9021611,2.4375,6.2,0.0,2304.0,16,14170169344,2853781504,83.2,17023950848,292753408,2.6,0.0,257966.01531352688,0.0,7.997458312051305,34.3,53.98284360634631,598.8096911148415,0.9996822890064131,2.9990468670192394
2026-03-04T19:52:40+00:00,1772653960.901994,3.0,7.6,0.0,2304.0,16,14166589440,2857361408,83.2,17023950848,292753408,2.6,0.0,61450.27027117254,0.0,5.000835796807662,34.3,0.0,0.0,0.0,0.0
2026-03-04T19:52:41+00:00,1772653961.9019082,5.175,10.9,1.6,2304.0,16,14172487680,2851463168,83.3,17023950848,292753408,2.6,0.0,0.0,0.0,0.0,34.3,0.0,0.0,0.0,0.0
2026-03-04T19:52:42+00:00,1772653962.9018695,1.36875,6.2,0.0,2304.0,16,14169124864,2854825984,83.2,17023950848,292753408,2.6,0.0,12288.47462770693,0.0,2.0000772506033417,34.3,0.0,0.0,0.0,0.0
2026-03-04T19:52:43+00:00,1772653963.902017,1.25,6.2,0.0,2304.0,16,14168674304,2855276544,83.2,17023950848,292753408,2.6,0.0,475065.88925327116,0.0,39.99409762706014,34.3,0.0,0.0,0.0,0.0
2026-03-04T19:52:44+00:00,1772653964.902299,1.8687500000000001,6.2,0.0,2304.0,16,14167031808,2856919040,83.2,17023950848,292753408,2.6,0.0,65517.53645322616,0.0,7.997746149075459,34.3,0.0,0.0,0.0,0.0
2026-03-04T19:52:45+00:00,1772653965.9018054,2.5375,6.2,0.0,2304.0,16,14175567872,2848382976,83.3,17023950848,292753408,2.6,40980.22482523638,102450.56206309094,1.0004937701473724,5.002468850736863,34.3,0.0,0.0,0.0,0.0
2026-03-04T19:52:46+00:00,1772653966.9021018,2.35,6.2,0.0,2304.0,16,14170382336,2853568512,83.2,17023950848,292753408,2.6,0.0,77800.94335637284,0.0,2.999111200518073,34.3,54.98370534283134,65.98044641139761,0.9997037335060244,0.9997037335060244
2026-03-04T19:52:47+00:00,1772653967.9022648,1.4375,6.2,0.0,2304.0,16,14181380096,2842570752,83.3,17023950848,292753408,2.6,0.0,73715.97852294214,0.0,2.9995108448462786,34.3,0.0,0.0,0.0,0.0
2026-03-04T19:52:48+00:00,1772653968.9022644,6.7875,13.4,3.2,2304.0,16,14170898432,2853052416,83.2,17023950848,292753408,2.6,0.0,196608.0937500447,0.0,5.000002384186928,34.3,0.0,0.0,0.0,0.0
2026-03-04T19:52:49+00:00,1772653969.9019046,2.04375,7.8,0.0,2304.0,16,14170796032,2853154816,83.2,17023950848,292753408,2.6,0.0,0.0,0.0,0.0,34.3,0.0,0.0,0.0,0.0
2026-03-04T19:52:50+00:00,1772653970.9021454,2.51875,9.1,0.0,2304.0,16,14169223168,2854727680,83.2,17023950848,292753408,2.6,0.0,225225.7650130598,0.0,32.992055421834934,34.3,0.0,0.0,0.0,0.0
2026-03-04T19:52:51+00:00,1772653971.90201,1.4625000000000001,9.4,0.0,2304.0,16,14170570752,2853380096,83.2,17023950848,292753408,2.6,0.0,69641.43096465776,0.0,2.0002708801889293,34.3,0.0,0.0,0.0,0.0
2026-03-04T19:52:52+00:00,1772653972.9018297,2.84375,7.8,0.0,2304.0,16,14168231936,2855718912,83.2,17023950848,292753408,2.6,0.0,86031.50670124678,0.0,4.000721107758872,34.3,0.0,0.0,0.0,0.0
2026-03-04T19:52:53+00:00,1772653973.9019132,3.3312500000000003,7.9,1.6,2304.0,16,14168694784,2855256064,83.2,17023950848,292753408,2.6,0.0,65530.53170630999,0.0,0.9999165604600523,34.3,0.0,0.0,0.0,0.0
2026-03-04T19:52:54+00:00,1772653974.9021091,2.41875,6.2,0.0,2304.0,16,14169829376,2854121472,83.2,17023950848,292753408,2.6,0.0,94189.54072702465,0.0,2.999412174985924,34.3,0.0,0.0,0.0,0.0
2026-03-04T19:52:55+00:00,1772653975.9021149,1.45625,7.7,0.0,2304.0,16,14169456640,2854494208,83.2,17023950848,292753408,2.6,0.0,24575.85937580466,0.0,4.999971389934216,34.3,0.0,0.0,0.0,0.0
2026-03-04T19:52:56+00:00,1772653976.901999,3.7375,7.8,1.5,2304.0,16,14168530944,2855419904,83.2,17023950848,292753408,2.6,0.0,65543.59463000063,0.0,1.0001158848571874,34.3,55.006373667145304,66.00764840057437,1.0001158848571874,1.0001158848571874
2026-03-04T19:52:57+00:00,1772653977.9018252,4.05,9.5,0.0,2304.0,16,14167932928,2856017920,83.2,17023950848,292753408,2.6,0.0,73740.81668075568,0.0,3.0005215120750197,34.3,0.0,0.0,0.0,0.0
2026-03-04T19:52:58+00:00,1772653978.9019146,1.85,4.7,0.0,2304.0,16,14161190912,2862759936,83.2,17023950848,292753408,2.6,0.0,73721.40879242487,0.0,2.999731803077184,34.3,0.0,0.0,0.0,0.0
2026-03-04T19:52:59+00:00,1772653979.9018111,1.34375,7.6,0.0,2304.0,16,14166728704,2857222144,83.2,17023950848,292753408,2.6,0.0,8192.847743969174,0.0,1.000103484371237,34.3,0.0,0.0,0.0,0.0
2026-03-04T19:53:00+00:00,1772653980.9020603,2.15625,3.2,0.0,2304.0,16,14166183936,2857766912,83.2,17023950848,292753408,2.6,0.0,159704.21010886104,0.0,6.998256402506681,34.3,0.0,0.0,0.0,0.0
2026-03-04T19:53:01+00:00,1772653981.9018734,1.85625,6.3,0.0,2304.0,16,14170214400,2853736448,83.2,17023950848,292753408,2.6,0.0,12290.297304412523,0.0,2.0003739102233924,34.3,0.0,0.0,0.0,0.0
2026-03-04T19:53:02+00:00,1772653982.9023056,1.475,4.7,0.0,2304.0,16,14170279936,2853670912,83.2,17023950848,292753408,2.6,0.0,77790.37488611495,0.0,3.998271735511665,34.3,227.90148892416488,173.92482049475743,3.998271735511665,2.9987038016337486
2026-03-04T19:53:03+00:00,1772653983.9021592,4.3,6.2,1.6,2304.0,16,14173970432,2849980416,83.3,17023950848,292753408,2.6,0.0,8193.199394328145,0.0,2.0002928208808948,34.3,4957.725756553298,5367.785784833882,13.001903335725817,16.002342567047158
2026-03-04T19:53:04+00:00,1772653984.90192,0.9812500000000001,3.1,0.0,2304.0,16,14170402816,2853548032,83.2,17023950848,292753408,2.6,0.0,32775.83781178599,0.0,1.000239191033508,34.3,0.0,0.0,0.0,0.0
2026-03-04T19:53:05+00:00,1772653985.902157,3.30625,9.2,0.0,2304.0,16,14167998464,2855952384,83.2,17023950848,292753408,2.6,0.0,24570.177161193318,0.0,3.9990522723296413,34.3,426.8988300711892,0.0,4.998815340412052,0.0
2026-03-04T19:53:06+00:00,1772653986.9019186,1.975,4.8,0.0,2304.0,16,14166532096,2857418752,83.2,17023950848,292753408,2.6,0.0,77842.5591123372,0.0,11.002623229796837,34.3,482.1149451601887,0.0,6.0014308526164575,0.0
2026-03-04T19:53:07+00:00,1772653987.9018486,2.9375,6.5,0.0,2304.0,16,14171910144,2852040704,83.2,17023950848,292753408,2.6,0.0,4096.28712950136,0.0,1.000070099975918,34.3,427.029932689717,66.0046265984106,5.00035049987959,1.000070099975918
2026-03-04T19:53:08+00:00,1772653988.9019516,0.8812500000000001,3.1,0.0,2304.0,16,14171734016,2852216832,83.2,17023950848,292753408,2.6,0.0,0.0,0.0,0.0,34.3,426.9560248845219,0.0,4.999485068905409,0.0
2026-03-04T19:53:09+00:00,1772653989.9020245,1.43125,4.6,0.0,2304.0,16,14163660800,2860290048,83.2,17023950848,292753408,2.6,0.0,114679.63342289272,0.0,4.999635246184985,34.3,0.0,0.0,0.0,0.0
2026-03-04T19:53:10+00:00,1772653990.9018433,4.54375,11.1,0.0,2304.0,16,14175088640,2848862208,83.3,17023950848,292753408,2.6,65547.87715211764,81934.84644014704,1.0001812309588263,7.0012686167117835,34.3,0.0,0.0,0.0,0.0
2026-03-04T19:53:11+00:00,1772653991.9018297,1.8562500000000002,6.2,0.0,2304.0,16,14183825408,2840125440,83.3,17023950848,292753408,2.6,0.0,0.0,0.0,0.0,34.3,0.0,0.0,0.0,0.0
2026-03-04T19:53:12+00:00,1772653992.9019446,1.0875000000000001,6.2,0.0,2304.0,16,14173396992,2850553856,83.3,17023950848,292753408,2.6,0.0,4095.529350960931,0.0,0.999885095449446,34.3,0.0,0.0,0.0,0.0
2026-03-04T19:53:13+00:00,1772653993.9022634,2.93125,7.7,0.0,2304.0,16,14174367744,2849583104,83.3,17023950848,292753408,2.6,0.0,585541.3495368169,0.0,50.983748132883626,34.3,0.0,0.0,0.0,0.0
2026-03-04T19:53:14+00:00,1772653994.9019754,5.0375,9.2,1.6,2304.0,16,14173605888,2850344960,83.3,17023950848,292753408,2.6,0.0,184373.10123116666,0.0,7.002016648319047,34.3,0.0,0.0,0.0,0.0
2026-03-04T19:53:15+00:00,1772653995.9017985,0.7875000000000001,3.2,0.0,2304.0,16,14172315648,2851635200,83.2,17023950848,292753408,2.6,0.0,12290.174212757556,0.0,2.0003538757743415,34.3,0.0,0.0,0.0,0.0
2026-03-04T19:53:16+00:00,1772653996.9017892,1.46875,6.2,0.0,2304.0,16,14172979200,2850971648,83.3,17023950848,292753408,2.6,0.0,73728.6855532495,0.0,3.0000278952331336,34.3,0.0,0.0,0.0,0.0
2026-03-04T19:53:17+00:00,1772653997.902195,1.1375,4.6,0.0,2304.0,16,14171201536,2852749312,83.2,17023950848,292753408,2.6,0.0,8188.677129632321,0.0,1.999188752351641,34.3,96.96065448905459,107.95619262698862,1.999188752351641,1.999188752351641
2026-03-04T19:53:18+00:00,1772653998.9018543,2.3625000000000003,6.2,0.0,2304.0,16,14170161152,2853789696,83.2,17023950848,292753408,2.6,0.0,81947.91966848522,0.0,3.0010224487970665,34.3,0.0,264.08997549414187,0.0,2.0006816325313777
2026-03-04T19:53:19+00:00,1772653999.9022293,1.375,3.1,0.0,2304.0,16,14172635136,2851315712,83.3,17023950848,292753408,2.6,0.0,0.0,0.0,0.0,34.3,0.0,263.9010285573195,0.0,1.9992502163433294
2026-03-04T19:53:20+00:00,1772654000.9021816,1.45625,7.8,0.0,2304.0,16,14169235456,2854715392,83.2,17023950848,292753408,2.6,0.0,45058.148539950365,0.0,4.000190743958662,34.3,0.0,0.0,0.0,0.0
2026-03-04T19:53:21+00:00,1772654001.9019198,4.28125,10.9,1.6,2304.0,16,14169214976,2854735872,83.2,17023950848,292753408,2.6,0.0,73747.30583520104,0.0,10.002618521484516,34.3,55.01440186816484,66.0172822417978,1.0002618521484516,1.0002618521484516
2026-03-04T19:53:22+00:00,1772654002.9019823,1.65625,6.2,0.0,2304.0,16,14160166912,2863783936,83.2,17023950848,292753408,2.6,0.0,188404.2312038957,0.0,14.99906307350987,34.3,0.0,263.9835100937737,0.0,1.9998750764679827
2026-03-04T19:53:23+00:00,1772654003.901892,0.8875000000000001,4.7,0.0,2304.0,16,14169911296,2854039552,83.2,17023950848,292753408,2.6,0.0,0.0,0.0,0.0,34.3,0.0,0.0,0.0,0.0
2026-03-04T19:53:24+00:00,1772654004.9017994,1.28125,4.7,0.0,2304.0,16,14177734656,2846216192,83.3,17023950848,292753408,2.6,0.0,12289.136823913497,0.0,2.0001850299338373,34.3,55.00508832318053,66.00610598781664,1.0000925149669186,1.0000925149669186
2026-03-04T19:53:25+00:00,1772654005.901897,0.8875000000000001,3.1,0.0,2304.0,16,14168367104,2855583744,83.2,17023950848,292753408,2.6,0.0,86007.61312251876,0.0,4.999512481545222,34.3,0.0,0.0,0.0,0.0
2026-03-04T19:53:26+00:00,1772654006.9020288,2.43125,9.4,0.0,2304.0,16,14167375872,2856574976,83.2,17023950848,292753408,2.6,0.0,0.0,0.0,0.0,34.3,0.0,0.0,0.0,0.0
2026-03-04T19:53:27+00:00,1772654007.9023278,2.15,6.2,0.0,2304.0,16,14169849856,2854100992,83.2,17023950848,292753408,2.6,0.0,143317.1514825918,0.0,3.998804449849102,34.3,108.96742125838804,119.96413349547306,1.999402224924551,1.999402224924551
2026-03-04T19:53:28+00:00,1772654008.9021404,2.7375,6.2,0.0,2304.0,16,14169272320,2854678528,83.2,17023950848,292753408,2.6,0.0,12290.303165981402,0.0,2.0003748642547854,34.3,0.0,0.0,0.0,0.0
2026-03-04T19:53:29+00:00,1772654009.90221,0.95625,4.6,0.0,2304.0,16,14169452544,2854498304,83.2,17023950848,292753408,2.6,0.0,8191.42972720138,0.0,1.9998607732425244,34.3,0.0,0.0,0.0,0.0
2026-03-04T19:53:30+00:00,1772654010.9018197,2.45625,6.3,0.0,2304.0,16,14167699456,2856251392,83.2,17023950848,292753408,2.6,0.0,106537.58068169974,0.0,4.001561774402784,34.3,0.0,0.0,0.0,0.0
2026-03-04T19:53:31+00:00,1772654011.9020152,1.55625,6.2,0.0,2304.0,16,14167105536,2856845312,83.2,17023950848,292753408,2.6,0.0,73713.58875494503,0.0,2.999413604937542,34.3,0.0,0.0,0.0,0.0
2026-03-04T19:53:32+00:00,1772654012.9020786,0.8812500000000001,3.1,0.0,2304.0,16,14169542656,2854408192,83.2,17023950848,292753408,2.6,0.0,151542.38928138046,0.0,4.999682923398584,34.3,0.0,0.0,0.0,0.0
2026-03-04T19:53:33+00:00,1772654013.901832,1.45,6.1,0.0,2304.0,16,14169309184,2854641664,83.2,17023950848,292753408,2.6,0.0,8194.020029237325,0.0,2.0004931712005187,34.3,0.0,0.0,0.0,0.0
2026-03-04T19:53:34+00:00,1772654014.9019184,0.6000000000000001,3.2,0.0,2304.0,16,14169522176,2854428672,83.2,17023950848,292753408,2.6,0.0,147443.27453580333,0.0,1.9998273998454228,34.3,0.0,0.0,0.0,0.0
2026-03-04T19:53:35+00:00,1772654015.9021246,2.3125,4.6,0.0,2304.0,16,14166835200,2857115648,83.2,17023950848,292753408,2.6,8190.310895222577,20475.777238056442,0.9997938104519747,3.9991752418078987,34.3,0.0,0.0,0.0,0.0
2026-03-04T19:53:36+00:00,1772654016.9023943,3.9562500000000003,9.5,1.6,2304.0,16,14171754496,2852196352,83.2,17023950848,292753408,2.6,0.0,155606.04061128345,0.0,5.998382527675915,34.3,0.0,0.0,0.0,0.0
2026-03-04T19:53:37+00:00,1772654017.901892,4.83125,9.4,1.5,2304.0,16,14172626944,2851323904,83.3,17023950848,292753408,2.6,0.0,143432.05279713715,0.0,5.002513002132295,34.3,55.02764302345524,66.03317162814629,1.000502600426459,1.000502600426459
2026-03-04T19:53:38+00:00,1772654018.9021206,2.8375,4.8,0.0,2304.0,16,14174158848,2849792000,83.3,17023950848,292753408,2.6,0.0,81901.27381286942,0.0,0.9997714088485037,34.3,0.0,0.0,0.0,0.0
2026-03-04T19:53:39+00:00,1772654019.9018574,2.24375,7.8,0.0,2304.0,16,14176137216,2847813632,83.3,17023950848,292753408,2.6,3412866.314574072,28679.548861966996,58.01527043785176,5.001316417056186,34.3,633.1666583993132,0.0,5.001316417056186,0.0
2026-03-04T19:53:40+00:00,1772654020.90182,2.3,6.2,0.0,2304.0,16,14175059968,2848890880,83.3,17023950848,292753408,2.6,0.0,53249.99323867285,0.0,5.000187165590524,34.3,120.00449197417258,446.0166951706748,2.0000748662362096,2.0000748662362096
2026-03-04T19:53:41+00:00,1772654021.9020574,2.875,6.3,0.0,2304.0,16,14174887936,2849062912,83.3,17023950848,292753408,2.6,0.0,0.0,0.0,0.0,34.3,0.0,0.0,0.0,0.0
2026-03-04T19:53:42+00:00,1772654022.9019287,2.43125,6.2,0.0,2304.0,16,14178996224,2844954624,83.3,17023950848,292753408,2.6,0.0,208922.89799426004,0.0,4.00051505044156,34.3,0.0,0.0,0.0,0.0
2026-03-04T19:53:43+00:00,1772654023.9020743,2.9375,7.8,1.5,2304.0,16,14176555008,2847395840,83.3,17023950848,292753408,2.6,0.0,491448.408866449,0.0,52.99228041569376,34.3,0.0,0.0,0.0,0.0
2026-03-04T19:53:44+00:00,1772654024.9021246,1.7750000000000001,6.2,0.0,2304.0,16,14176624640,2847326208,83.3,17023950848,292753408,2.6,0.0,266226.6071190591,0.0,22.998843012839387,34.3,173.99124714061102,240.98787678670837,1.9998993924208162,1.9998993924208162
2026-03-04T19:53:45+00:00,1772654025.9019141,0.8812500000000001,3.1,0.0,2304.0,16,14175375360,2848575488,83.3,17023950848,292753408,2.6,0.0,69646.66226644069,0.0,2.000421135869735,34.3,120.0252681521841,0.0,2.000421135869735,0.0
2026-03-04T19:53:46+00:00,1772654026.902035,2.24375,6.2,0.0,2304.0,16,14167064576,2856886272,83.2,17023950848,292753408,2.6,0.0,61432.574139812255,0.0,3.999516545560694,34.3,59.992748183410406,141.98283736740464,0.9998791363901735,0.9998791363901735
2026-03-04T19:53:47+00:00,1772654027.9019456,1.84375,6.2,0.0,2304.0,16,14173564928,2850385920,83.3,17023950848,292753408,2.6,0.0,69638.22614259803,0.0,17.00152005434522,34.3,169.01511112849073,54.004828407920115,3.0002682448844507,1.0000894149614836
2026-03-04T19:53:48+00:00,1772654028.90191,2.5875,6.2,0.0,2304.0,16,14183194624,2840756224,83.3,17023950848,292753408,2.6,0.0,8192.291025963514,0.0,2.0000710512606235,34.3,0.0,0.0,0.0,0.0
2026-03-04T19:53:49+00:00,1772654029.9022825,4.6375,9.4,1.6,2304.0,16,14171942912,2852007936,83.2,17023950848,292753408,2.6,0.0,65511.602835743564,0.0,0.9996277288168879,34.3,201.92480122101134,107.95979471222388,2.9988831864506635,1.9992554576337758
2026-03-04T19:53:50+00:00,1772654030.901939,0.7937500000000001,3.1,0.0,2304.0,16,14171029504,2852921344,83.2,17023950848,292753408,2.6,0.0,57363.70794275892,0.0,5.001718396236653,34.3,0.0,0.0,0.0,0.0
2026-03-04T19:53:51+00:00,1772654031.9020436,1.9625,4.8,0.0,2304.0,16,14172205056,2851745792,83.2,17023950848,292753408,2.6,0.0,8191.142667858317,0.0,1.9997906903950968,34.3,0.0,0.0,0.0,0.0
2026-03-04T19:53:52+00:00,1772654032.9021049,3.70625,20.3,0.0,2304.0,16,14126141440,2897809408,83.0,17023950848,294354944,2.6,0.0,1642395.3645647303,0.0,13.999142222511486,34.3,0.0,0.0,0.0,0.0
2026-03-04T19:53:53+00:00,1772654033.9019177,1.725,3.1,0.0,2304.0,16,14130909184,2893041664,83.0,17023950848,294354944,2.6,0.0,0.0,0.0,0.0,34.3,0.0,0.0,0.0,0.0
2026-03-04T19:53:54+00:00,1772654034.9018762,0.68125,4.6,0.0,2304.0,16,14127616000,2896334848,83.0,17023950848,294354944,2.6,0.0,20480.849644622365,0.0,3.000124459661479,34.3,0.0,0.0,0.0,0.0
2026-03-04T19:53:55+00:00,1772654035.902162,2.36875,12.5,0.0,2304.0,16,14133510144,2890440704,83.0,17023950848,294354944,2.6,0.0,212931.1306815893,0.0,27.991998098916863,34.3,626.8208145721741,1618.5373186480858,4.998571089092297,2.9991426534553782
2026-03-04T19:53:56+00:00,1772654036.9020987,0.6937500000000001,3.1,0.0,2304.0,16,14130532352,2893418496,83.0,17023950848,294354944,2.6,0.0,0.0,0.0,0.0,34.3,78.0049470224161,964.0611401231939,1.000063423364309,1.000063423364309
2026-03-04T19:53:57+00:00,1772654037.9020002,3.025,7.9,0.0,2304.0,16,14132858880,2891091968,83.0,17023950848,294354944,2.6,65542.45376048161,135181.31088099332,1.0000984765698488,4.000393906279395,34.3,4686.4614612063115,1972.194195795742,8.00078781255879,6.000590859419093
2026-03-04T19:53:58+00:00,1772654038.901829,5.4,10.4,1.6,2304.0,16,14132396032,2891554816,83.0,17023950848,294354944,2.6,0.0,159771.3503850881,0.0,4.000684855395836,34.3,0.0,0.0,0.0,0.0
2026-03-04T19:53:59+00:00,1772654039.9017918,1.85625,4.8,0.0,2304.0,16,14126448640,2897502208,83.0,17023950848,294354944,2.6,0.0,73730.7422894948,0.0,3.0001115840451984,34.3,55.0020457074953,0.0,1.0000371946817328,0.0
2026-03-04T19:54:00+00:00,1772654040.902221,1.53125,4.6,0.0,2304.0,16,14134321152,2889629696,83.0,17023950848,294354944,2.6,0.0,126921.53118797818,0.0,3.9982841226051593,34.3,713.693715885021,307.8678774405973,5.997426183907739,3.9982841226051593
2026-03-04T19:54:01+00:00,1772654041.9018998,2.575,6.2,0.0,2304.0,16,14146633728,2877317120,83.1,17023950848,294354944,2.6,0.0,139308.7389772898,0.0,4.0012850119855745,34.3,211.06778438223907,2358.7575145654964,3.0009637589891813,2.0006425059927873
2026-03-04T19:54:02+00:00,1772654042.9019616,2.10625,6.2,0.0,2304.0,16,14135545856,2888404992,83.0,17023950848,294354944,2.6,0.0,303085.28435882356,0.0,5.999629520405343,34.3,4819.702381392292,4603.715718657701,9.999382534008907,6.999567773806234
2026-03-04T19:54:03+00:00,1772654043.901992,3.5500000000000003,10.8,0.0,2304.0,16,14134771712,2889179136,83.0,17023950848,294354944,2.6,0.0,139259.75012969575,0.0,6.999786383472184,34.3,651.9801031462663,0.0,3.9998779334126766,0.0
2026-03-04T19:54:04+00:00,1772654044.9021225,2.7875,7.7,0.0,2304.0,16,14136856576,2887094272,83.0,17023950848,294354944,2.6,0.0,65527.45423949504,0.0,0.9998696020430762,34.3,530.9307586848735,0.0,1.9997392040861524,0.0
2026-03-04T19:54:05+00:00,1772654045.901818,4.06875,6.2,1.6,2304.0,16,14135488512,2888462336,83.0,17023950848,294354944,2.6,0.0,81944.94900223633,0.0,6.001827319499731,34.3,718.2186692334678,1394.4245472304376,5.001522766249776,1.0003045532499553
2026-03-04T19:54:06+00:00,1772654046.9020512,3.15625,7.7,1.5,2304.0,16,14136709120,2887241728,83.0,17023950848,294354944,2.6,0.0,73710.81260139366,0.0,2.999300642960354,34.3,55.98694533525994,0.0,1.9995337619735694,0.0
2026-03-04T19:54:07+00:00,1772654047.9020922,3.34375,7.9,0.0,2304.0,16,14135009280,2888941568,83.0,17023950848,294354944,2.6,0.0,12287.496114413338,0.0,1.9999179873719626,34.3,132.9945461602355,1393.9428371982578,1.9999179873719626,0.9999589936859813
2026-03-04T19:54:08+00:00,1772654048.9019153,1.8625,6.3,0.0,2304.0,16,14135255040,2888695808,83.0,17023950848,294354944,2.6,0.0,0.0,0.0,0.0,34.3,120.02123254646051,90.01592440984538,2.0003538757743415,1.0001769378871708
2026-03-04T19:54:09+00:00,1772654049.902216,1.7625000000000002,4.7,0.0,2304.0,16,14135160832,2888790016,83.0,17023950848,294354944,2.6,0.0,8189.537849610243,0.0,1.9993988890650007,34.3,271.9182489128401,53.98377000475502,4.998497222662502,0.9996994445325004
2026-03-04T19:54:10+00:00,1772654050.9019032,3.09375,6.2,0.0,2304.0,16,14135074816,2888876032,83.0,17023950848,294354944,2.6,0.0,118821.16787630408,0.0,6.001877418320856,34.3,296.0926193038289,0.0,4.0012516122139035,0.0
2026-03-04T19:54:11+00:00,1772654051.901822,0.89375,3.1,0.0,2304.0,16,14133768192,2890182656,83.0,17023950848,294354944,2.6,0.0,0.0,0.0,0.0,34.3,280.0226992887874,1394.113010030606,4.000324275554106,1.0000810688885264
2026-03-04T19:54:12+00:00,1772654052.9021027,3.025,6.2,0.0,2304.0,16,14125674496,2898276352,83.0,17023950848,294354944,2.6,0.0,212932.2472364909,0.0,28.99186434165713,34.3,116.96717682668566,0.0,2.999158380171427,0.0
2026-03-04T19:54:13+00:00,1772654053.901818,2.05625,6.2,0.0,2304.0,16,14134128640,2889822208,83.0,17023950848,294354944,2.6,0.0,442493.9655463367,0.0,34.00968159671461,34.3,117.03331608281204,0.0,3.000854258533642,0.0
2026-03-04T19:54:14+00:00,1772654054.901862,5.1125,9.2,1.5,2304.0,16,14135808000,2888142848,83.0,17023950848,294354944,2.6,0.0,8191.640640764737,0.0,1.9999122658117034,34.3,579.9745570853939,0.0,8.999605196152665,0.0
2026-03-04T19:54:15+00:00,1772654055.9022882,1.26875,4.7,0.0,2304.0,16,14140416000,2883534848,83.1,17023950848,294354944,2.6,0.0,147393.16741005678,0.0,1.9991477784567164,34.3,116.95014503971791,0.0,2.9987216676850745,0.0
2026-03-04T19:54:16+00:00,1772654056.9021041,1.08125,4.7,0.0,2304.0,16,14137364480,2886586368,83.0,17023950848,294354944,2.6,0.0,40967.540450388835,0.0,7.0012886511894985,34.3,43.00791600016406,0.0,2.0003681860541422,0.0
2026-03-04T19:54:17+00:00,1772654057.9019248,1.26875,4.6,0.0,2304.0,16,14137921536,2886029312,83.0,17023950848,294354944,2.6,0.0,32773.876053522166,0.0,6.001075937534577,34.3,404.0724464606615,0.0,7.001255260457007,0.0
2026-03-04T19:54:18+00:00,1772654058.9022098,3.6999999999999997,9.1,0.0,2304.0,16,14137303040,2886647808,83.0,17023950848,294354944,2.6,0.0,8189.666680411556,0.0,1.9994303418973525,34.3,201.9424645316326,1393.6029483024547,2.9991455128460287,0.9997151709486762
2026-03-04T19:54:19+00:00,1772654059.902354,1.875,6.2,0.0,2304.0,16,14137733120,2886217728,83.0,17023950848,294354944,2.6,0.0,53240.32044366159,0.0,5.999134665376531,34.3,143.97923196903676,0.0,1.9997115551255105,0.0
2026-03-04T19:54:20+00:00,1772654060.9018054,0.79375,4.8,0.0,2304.0,16,14130020352,2893930496,83.0,17023950848,294354944,2.6,0.0,20491.241518672578,0.0,4.002195609115738,34.3,361.19815372269534,54.02964072306246,5.002744511394672,1.0005489022789344
2026-03-04T19:54:21+00:00,1772654061.9019794,3.2687500000000003,11.8,0.0,2304.0,16,14133940224,2890010624,83.0,17023950848,294354944,2.6,0.0,192478.49997115636,0.0,4.999129923619213,34.3,84.98520870152662,0.0,2.9994779541715277,0.0
2026-03-04T19:54:22+00:00,1772654062.9020274,1.6500000000000001,6.2,0.0,2304.0,16,14130741248,2893209600,83.0,17023950848,294354944,2.6,0.0,249844.02694096204,0.0,7.999616641296172,34.3,116.99439337895652,0.0,2.9998562404860647,0.0
2026-03-04T19:54:23+00:00,1772654063.9020648,1.66875,6.2,0.0,2304.0,16,14124941312,2899009536,83.0,17023950848,294354944,2.6,0.0,32766.773483410623,0.0,6.999737987789135,34.3,42.99839049641897,0.0,1.9999251393683242,0.0
2026-03-04T19:54:24+00:00,1772654064.9021928,0.89375,3.1,0.0,2304.0,16,14133891072,2890059776,83.0,17023950848,294354944,2.6,65527.610449120715,102386.89132675112,0.9998719856128039,3.9994879424512155,34.3,0.9998719856128039,0.0,0.9998719856128039,0.0
2026-03-04T19:54:25+00:00,1772654065.9022238,6.65,10.8,0.0,2304.0,16,14145347584,2878603264,83.1,17023950848,294354944,2.6,0.0,151547.3028799595,0.0,2.9999070196360225,34.3,0.9999690065453408,0.0,0.9999690065453408,0.0
2026-03-04T19:54:26+00:00,1772654066.9020057,2.14375,6.2,0.0,2304.0,16,14134738944,2889211904,83.0,17023950848,294354944,2.6,0.0,98325.44999188007,0.0,4.000872802403975,34.3,1.0002182006009936,0.0,1.0002182006009936,0.0
2026-03-04T19:54:27+00:00,1772654067.9018652,1.175,4.6,0.0,2304.0,16,14133592064,2890358784,83.0,17023950848,294354944,2.6,0.0,102414.38190244211,0.0,5.000702241330181,34.3,0.0,0.0,0.0,0.0
2026-03-04T19:54:28+00:00,1772654068.9018962,2.14375,7.7,0.0,2304.0,16,14136672256,2887278592,83.0,17023950848,294354944,2.6,8191.746101619432,385012.0667761133,0.9999690065453408,37.99882224872295,34.3,1257.9610102340387,264.9917867345153,14.999535098180113,1.9999380130906816
2026-03-04T19:54:29+00:00,1772654069.9018319,2.8375,9.2,0.0,2304.0,16,14137204736,2886746112,83.0,17023950848,294354944,2.6,0.0,36866.37319964502,0.0,2.0001287543210187,34.3,658.0423601716152,0.0,5.000321885802547,0.0
2026-03-04T19:54:30+00:00,1772654070.9018216,2.81875,6.2,0.0,2304.0,16,14136332288,2887618560,83.0,17023950848,294354944,2.6,0.0,65536.67188188813,0.0,1.000010252104006,34.3,192.00196840396913,0.0,3.0000307563120177,0.0
2026-03-04T19:54:31+00:00,1772654071.902172,3.88125,6.3,3.1,2304.0,16,14136963072,2886987776,83.0,17023950848,294354944,2.6,0.0,298903.24179329013,0.0,10.996146122264927,34.3,599.7897884871778,0.0,8.996846827307667,0.0
2026-03-04T19:54:32+00:00,1772654072.9018073,3.1,7.8,0.0,2304.0,16,14144491520,2879459328,83.1,17023950848,294354944,2.6,0.0,233557.1970938572,0.0,7.002554394775392,34.3,306.11166354303856,0.0,5.001824567696708,0.0
2026-03-04T19:54:33+00:00,1772654073.90182,4.58125,12.5,0.0,2304.0,16,14140047360,2883903488,83.1,17023950848,294354944,2.6,81918.96485683027,249852.8428133323,1.9999747279499576,5.999924183849872,34.3,936.9881600445551,1393.9823853811204,8.99988627577481,0.9999873639749788
2026-03-04T19:54:34+00:00,1772654074.9018183,1.56875,6.2,0.0,2304.0,16,14138511360,2885439488,83.1,17023950848,294354944,2.6,0.0,0.0,0.0,0.0,34.3,964.0016088512568,0.0,12.000020027194068,0.0
2026-03-04T19:54:35+00:00,1772654075.901899,4.05,9.4,0.0,2304.0,16,14138155008,2885795840,83.0,17023950848,294354944,2.6,0.0,114678.7312178891,0.0,4.999595913168296,34.3,681.9448825561556,0.0,7.999353461069274,0.0
2026-03-04T19:54:36+00:00,1772654076.901913,2.44375,7.8,0.0,2304.0,16,14130311168,2893639680,83.0,17023950848,294354944,2.6,0.0,65535.0937625317,0.0,6.999903203395415,34.3,831.9884950321408,0.0,10.999847891049939,0.0
2026-03-04T19:54:37+00:00,1772654077.9019532,1.4625000000000001,4.7,0.0,2304.0,16,14137733120,2886217728,83.0,17023950848,294354944,2.6,0.0,90108.36928691638,0.0,3.9998388355342853,34.3,206.99165973889927,0.0,2.999879126650714,0.0
2026-03-04T19:54:38+00:00,1772654078.9018764,2.4250000000000003,7.7,0.0,2304.0,16,14150586368,2873364480,83.1,17023950848,294354944,2.6,0.0,98311.54745442398,0.0,2.0001535533533525,34.3,492.03777412492474,0.0,3.000230330030029,0.0
2026-03-04T19:54:39+00:00,1772654079.9021828,2.66875,7.8,0.0,2304.0,16,14138671104,2885279744,83.1,17023950848,294354944,2.6,0.0,8189.491003051062,0.0,1.9993874519167631,34.3,224.93108834063585,0.0,2.9990811778751447,0.0
2026-03-04T19:54:40+00:00,1772654080.9020371,1.75,4.7,0.0,2304.0,16,14133604352,2890346496,83.0,17023950848,294354944,2.6,0.0,471108.62816138426,0.0,30.004370849272945,34.3,420.0611918898212,0.0,2.0002913899515296,0.0
2026-03-04T19:54:41+00:00,1772654081.9018538,1.65625,4.7,0.0,2304.0,16,14133911552,2890039296,83.0,17023950848,294354944,2.6,0.0,106515.52897114248,0.0,4.000733510033897,34.3,144.0264063612203,0.0,3.000550132525423,0.0
2026-03-04T19:54:42+00:00,1772654082.9018571,2.7375000000000003,6.2,1.6,2304.0,16,14131240960,2892709888,83.0,17023950848,294354944,2.6,0.0,118783.60351694841,0.0,15.999946594416542,34.3,401.9986581847156,0.0,1.9999933243020678,0.0
2026-03-04T19:54:43+00:00,1772654083.9021072,1.5375,6.2,0.0,2304.0,16,14135599104,2888351744,83.0,17023950848,294354944,2.6,0.0,204748.79210402558,0.0,3.9989998457817495,34.3,360.90973608180286,0.0,4.9987498072271865,0.0
2026-03-04T19:54:44+00:00,1772654084.9022558,4.24375,9.4,1.6,2304.0,16,14138064896,2885885952,83.0,17023950848,294354944,2.6,0.0,225246.5430554572,0.0,17.997326771121404,34.3,0.0,0.0,0.0,0.0
2026-03-04T19:54:45+00:00,1772654085.9022956,4.08125,9.2,0.0,2304.0,16,14136942592,2887008256,83.0,17023950848,294354944,2.6,0.0,65533.39072889048,0.0,0.999960185682533,34.3,41.99832779866639,0.0,0.999960185682533,0.0
2026-03-04T19:54:46+00:00,1772654086.9017823,2.6437500000000003,6.2,0.0,2304.0,16,14137102336,2886848512,83.0,17023950848,294354944,2.6,0.0,86060.17599652303,0.0,5.002567894143126,34.3,463.2377869976535,54.02773325674576,7.003595051800376,1.0005135788286252
2026-03-04T19:54:47+00:00,1772654087.9023662,0.96875,4.6,0.0,2304.0,16,14130577408,2893373440,83.0,17023950848,294354944,2.6,0.0,8187.219588095844,0.0,1.998832907249962,34.3,101.94047826974807,249.85411340624526,1.998832907249962,2.998249360874943
2026-03-04T19:54:48+00:00,1772654088.9019883,1.14375,3.1,0.0,2304.0,16,14140444672,2883506176,83.1,17023950848,294354944,2.6,0.0,12292.645310119759,0.0,3.0011341089159567,34.3,102.03855970314252,54.02041396048722,2.0007560726106375,1.0003780363053187
2026-03-04T19:54:49+00:00,1772654089.9021444,2.0812500000000003,6.2,0.0,2304.0,16,14132912128,2891038720,83.0,17023950848,294354944,2.6,0.0,0.0,0.0,0.0,34.3,504.92114940813485,53.991568451562934,7.998750881713027,0.9998438602141284
2026-03-04T19:54:50+00:00,1772654090.9021354,4.48125,9.4,1.5,2304.0,16,14140411904,2883538944,83.1,17023950848,294354944,2.6,0.0,16384.14843884484,0.0,3.0000271799642655,34.3,156.0014133581418,42.000380519499714,3.0000271799642655,1.0000090599880884
2026-03-04T19:54:51+00:00,1772654091.9019067,6.04375,13.6,3.1,2304.0,16,14138834944,2885115904,83.1,17023950848,294354944,2.6,0.0,344142.68595977675,0.0,21.004802609849655,34.3,304.0695234949664,0.0,28.00640347979954,0.0
2026-03-04T19:54:52+00:00,1772654092.9018579,4.5,7.5,0.0,2304.0,16,14134632448,2889318400,83.0,17023950848,294354944,2.6,0.0,266253.0133313496,0.0,25.001221954941933,34.3,889.0434527177351,0.0,25.001221954941933,0.0
2026-03-04T19:54:53+00:00,1772654093.9019203,2.05,7.7,0.0,2304.0,16,14133993472,2889957376,83.0,17023950848,294354944,2.6,0.0,36861.697409457855,0.0,6.999562767637939,34.3,305.98088669960134,0.0,3.9997501529359654,0.0
2026-03-04T19:54:54+00:00,1772654094.9020643,6.525,16.2,1.6,2304.0,16,14133858304,2890092544,83.0,17023950848,294354944,2.6,0.0,90099.0253059185,0.0,3.999424063650502,34.3,553.9202328155945,73.98934517753429,3.999424063650502,0.9998560159126255
2026-03-04T19:54:55+00:00,1772654095.9021022,1.95625,6.2,0.0,2304.0,16,14127808512,2896142336,83.0,17023950848,294354944,2.6,0.0,8191.689464896936,0.0,1.9999241857658536,34.3,528.9799471350683,0.0,6.999734650180488,0.0
2026-03-04T19:54:56+00:00,1772654096.9019115,2.05625,4.7,0.0,2304.0,16,14127071232,2896879616,83.0,17023950848,294354944,2.6,0.0,8193.562798080078,0.0,2.000381542500019,34.3,173.03300342625164,0.0,3.0005723137500286,0.0
2026-03-04T19:54:57+00:00,1772654097.9020224,1.175,3.2,0.0,2304.0,16,14125469696,2898481152,83.0,17023950848,294354944,2.6,0.0,8191.0918975514505,0.0,1.999778295300647,34.3,92.9896907314801,0.0,1.999778295300647,0.0
2026-03-04T19:54:58+00:00,1772654098.9019103,1.28125,3.1,0.0,2304.0,16,14126354432,2897596416,83.0,17023950848,294354944,2.6,0.0,73736.26264463496,0.0,3.0003362078708884,34.3,428.0479656562468,74.00829312748192,7.0007844850320735,1.0001120692902963
2026-03-04T19:54:59+00:00,1772654099.902254,3.46875,13.6,0.0,2304.0,16,14126436352,2897514496,83.0,17023950848,294354944,2.6,0.0,90081.03017866191,0.0,5.997937911398831,34.3,326.8876161712363,0.0,4.99828159283236,0.0
2026-03-04T19:55:00+00:00,1772654100.9022229,3.7,7.9,0.0,2304.0,16,14120341504,2903609344,82.9,17023950848,294354944,2.6,0.0,81922.55867366464,0.0,1.0000312338093826,34.3,239.00746488044246,0.0,4.0001249352375305,0.0
2026-03-04T19:55:01+00:00,1772654101.9018645,2.15625,7.8,0.0,2304.0,16,14126182400,2897768448,83.0,17023950848,294354944,2.6,0.0,163898.73198370254,0.0,15.005377073703235,34.3,1.0003584715802156,0.0,1.0003584715802156,0.0
2026-03-04T19:55:02+00:00,1772654102.9018054,1.475,4.7,0.0,2304.0,16,14134800384,2889150464,83.0,17023950848,294354944,2.6,0.0,12288.726605462589,0.0,3.000177393911765,34.3,79.0046713730098,0.0,1.0000591313039215,0.0
2026-03-04T19:55:03+00:00,1772654103.9021037,1.25625,6.1,0.0,2304.0,16,14123851776,2900099072,83.0,17023950848,294354944,2.6,0.0,143317.25396044148,0.0,3.9988073091641034,34.3,580.826761656086,0.0,3.9988073091641034,0.0
2026-03-04T19:55:04+00:00,1772654104.9017837,0.48750000000000004,3.1,0.0,2304.0,16,14123065344,2900885504,83.0,17023950848,294354944,2.6,0.0,65556.97546126104,0.0,1.0003200601388709,34.3,398.1273839352706,0.0,5.001600300694354,0.0
2026-03-04T19:55:05+00:00,1772654105.9017038,3.4312500000000004,12.3,0.0,2304.0,16,14126919680,2897031168,83.0,17023950848,294354944,2.6,0.0,73733.88914224211,0.0,4.000319506415045,34.3,484.03866027622047,1394.1113479856433,7.000559136226329,1.0000798766037613
2026-03-04T19:55:06+00:00,1772654106.9022744,1.88125,4.8,0.0,2304.0,16,14125318144,2898632704,83.0,17023950848,294354944,2.6,0.0,24561.986510820294,0.0,4.9971489483276965,34.3,467.73314156347243,73.95780443524991,6.996008527658775,0.9994297896655393
2026-03-04T19:55:07+00:00,1772654107.902033,6.0375,22.7,3.1,2304.0,16,14105444352,2918506496,82.9,17023950848,294354944,2.6,65551.81631615447,467056.6912526006,1.0002413378319468,7.001689364823628,34.3,402.0970178084426,0.0,5.001206689159734,0.0
2026-03-04T19:55:08+00:00,1772654108.901728,3.0125,9.1,0.0,2304.0,16,14115848192,2908102656,82.9,17023950848,294354944,2.6,0.0,0.0,0.0,0.0,34.3,721.2200989071372,0.0,8.002442151535503,0.0
2026-03-04T19:55:09+00:00,1772654109.902113,2.7875,9.1,0.0,2304.0,16,14120431616,2903519232,82.9,17023950848,294354944,2.6,0.0,483141.9681152091,0.0,42.983449394518814,34.3,347.866055564943,0.0,3.998460408792448,0.0
2026-03-04T19:55:10+00:00,1772654110.9019165,2.2,6.2,0.0,2304.0,16,14123311104,2900639744,83.0,17023950848,294354944,2.6,0.0,225324.26650896153,0.0,17.00334042370537,34.3,313.06150309528124,0.0,4.000785982048322,0.0
2026-03-04T19:55:11+00:00,1772654111.9019136,4.325,7.8,1.6,2304.0,16,14124290048,2899660800,83.0,17023950848,294354944,2.6,0.0,49152.14062540233,0.0,3.000008583093404,34.3,168.00048065323062,0.0,2.0000057220622693,0.0
2026-03-04T19:55:12+00:00,1772654112.9018908,5.25,12.3,0.0,2304.0,16,14123663360,2900287488,83.0,17023950848,294354944,2.6,0.0,8192.187504291633,0.0,2.0000457774149494,34.3,242.00553906720887,0.0,3.000068666122424,0.0
2026-03-04T19:55:13+00:00,1772654113.9018931,2.775,9.1,0.0,2304.0,16,14127124480,2896826368,83.0,17023950848,294354944,2.6,0.0,159743.61914153304,0.0,3.9999904632795733,34.3,0.0,0.0,0.0,0.0
2026-03-04T19:55:14+00:00,1772654114.9019005,2.6750000000000003,4.8,1.6,2304.0,16,14125924352,2898026496,83.0,17023950848,294354944,2.6,0.0,8191.939453572497,0.0,1.9999852181573479,34.3,275.997960105714,0.0,3.9999704363146957,0.0
2026-03-04T19:55:15+00:00,1772654115.9019675,1.64375,6.2,0.0,2304.0,16,14138970112,2884980736,83.1,17023950848,294354944,2.6,8388046.037649017,0.0,14.998995133010775,0.0,34.3,334.97755797057397,0.0,5.99959805320431,0.0
2026-03-04T19:55:16+00:00,1772654116.9021301,2.375,9.0,0.0,2304.0,16,14151110656,2872840192,83.1,17023950848,294354944,2.6,4193622.1108761746,81906.68185305028,4.999187124819963,4.999187124819963,34.3,15258.518942375493,0.0,3.999349699855971,0.0
2026-03-04T19:55:17+00:00,1772654117.902294,2.3625000000000003,6.2,0.0,2304.0,16,14153732096,2870218752,83.1,17023950848,294354944,2.6,0.0,180194.4853030674,0.0,12.997871032381237,34.3,0.9998362332600952,0.0,0.9998362332600952,0.0
2026-03-04T19:55:18+00:00,1772654118.9023929,4.49375,10.9,0.0,2304.0,16,14153900032,2870050816,83.1,17023950848,294354944,2.6,0.0,151537.00636633823,0.0,17.99821918941412,34.3,27250.303753839053,0.0,1.9998021321571242,0.0
2026-03-04T19:55:19+00:00,1772654119.9018636,1.65,6.2,0.0,2304.0,16,14153367552,2870583296,83.1,17023950848,294354944,2.6,0.0,0.0,0.0,0.0,34.3,1.0005295695410683,0.0,1.0005295695410683,0.0
2026-03-04T19:55:20+00:00,1772654120.9019003,3.15625,9.0,0.0,2304.0,16,14153576448,2870374400,83.1,17023950848,294354944,2.6,0.0,94204.54114262201,0.0,5.999779709321205,34.3,181.99331784940986,0.0,3.9998531395474695,0.0
2026-03-04T19:55:21+00:00,1772654121.9018207,1.4937500000000001,4.8,0.0,2304.0,16,14152478720,2871472128,83.1,17023950848,294354944,2.6,0.0,90119.17635271592,0.0,6.000477828882896,34.3,39367.134876024385,0.0,1.0000796381471493,0.0
2026-03-04T19:55:22+00:00,1772654122.9017427,1.6687500000000002,4.7,0.0,2304.0,16,14153551872,2870398976,83.1,17023950848,294354944,2.6,0.0,16385.277443343155,0.0,4.0003118758162,34.3,0.0,0.0,0.0,0.0
2026-03-04T19:55:23+00:00,1772654123.9018102,1.08125,4.6,0.0,2304.0,16,14153576448,2870374400,83.1,17023950848,294354944,2.6,0.0,0.0,0.0,0.0,34.3,181.98772084116982,0.0,3.9997301283773585,0.0
2026-03-04T19:55:24+00:00,1772654124.9023778,1.64375,9.1,0.0,2304.0,16,14147239936,2876710912,83.1,17023950848,294354944,2.6,0.0,53217.789610609325,0.0,10.993759121783027,34.3,0.0,0.0,0.0,0.0
2026-03-04T19:55:25+00:00,1772654125.9018095,2.075,4.7,0.0,2304.0,16,14147465216,2876485632,83.1,17023950848,294354944,2.6,0.0,98359.90677684688,0.0,6.003412278860283,34.3,51505.27507776866,0.0,1.0005687131433807,0.0
2026-03-04T19:55:26+00:00,1772654126.901804,2.425,9.2,0.0,2304.0,16,14157537280,2866413568,83.2,17023950848,294354944,2.6,0.0,94208.51660439536,0.0,7.000038385601727,34.3,182.00099802564492,0.0,4.000021934629559,0.0
2026-03-04T19:55:27+00:00,1772654127.902325,1.85625,4.7,0.0,2304.0,16,14150332416,2873618432,83.1,17023950848,294354944,2.6,32750.93857555685,131003.7543022274,0.9994793266466324,0.9994793266466324,34.3,0.0,0.0,0.0,0.0
2026-03-04T19:55:28+00:00,1772654128.902233,1.1875,4.8,0.0,2304.0,16,14149001216,2874949632,83.1,17023950848,294354944,2.6,0.0,36867.392890371244,0.0,8.000736304334039,34.3,0.0,0.0,0.0,0.0
2026-03-04T19:55:29+00:00,1772654129.9019356,3.2,9.4,0.0,2304.0,16,14151229440,2872721408,83.1,17023950848,294354944,2.6,0.0,98333.23525437407,0.0,5.001486981932275,34.3,63606.9108414219,0.0,1.000297396386455,0.0
2026-03-04T19:55:30+00:00,1772654130.901894,2.25,6.3,0.0,2304.0,16,14150258688,2873692160,83.1,17023950848,294354944,2.6,0.0,0.0,0.0,0.0,34.3,0.0,0.0,0.0,0.0
2026-03-04T19:55:31+00:00,1772654131.9025395,1.4375,4.6,0.0,2304.0,16,14150823936,2873126912,83.1,17023950848,294354944,2.6,0.0,126894.10266115576,0.0,4.996775085888505,34.3,0.0,0.0,0.0,0.0
2026-03-04T19:55:32+00:00,1772654132.9020119,4.00625,14.1,0.0,2304.0,16,14170001408,2853949440,83.2,17023950848,294354944,2.6,110650.38138914446,209006.27595727288,5.002639494228537,13.006862684994195,34.3,0.0,0.0,0.0,0.0
2026-03-04T19:55:33+00:00,1772654133.9024222,3.975,10.9,0.0,2304.0,16,14183075840,2840875008,83.3,17023950848,294354944,2.6,12577751.117604876,1089089.126719693,13.99425789884474,100.95857484166562,34.3,8500372.141119273,0.0,82.96595754315096,0.0
2026-03-04T19:55:34+00:00,1772654134.9020987,3.10625,9.4,0.0,2304.0,16,14182326272,2841624576,83.3,17023950848,294354944,2.6,0.0,0.0,0.0,0.0,34.3,0.0,0.0,0.0,0.0
2026-03-04T19:55:35+00:00,1772654135.9019158,1.38125,6.2,0.0,2304.0,16,14182629376,2841321472,83.3,17023950848,294354944,2.6,0.0,94225.23068998795,0.0,6.001097402979871,34.3,0.0,0.0,0.0,0.0
2026-03-04T19:55:36+00:00,1772654136.9017298,2.625,6.2,0.0,2304.0,16,14174203904,2849746944,83.3,17023950848,294354944,2.6,0.0,86031.99906904074,0.0,5.000930005408339,34.3,0.0,0.0,0.0,0.0
2026-03-04T19:55:37+00:00,1772654137.9019687,6.5625,16.7,0.0,2304.0,16,14163619840,2860331008,83.2,17023950848,294354944,2.6,12579906.717948107,1363642.232121328,14.996417424616942,69.98328131487905,34.3,13045347.526272457,0.0,47.98853575877421,0.0
2026-03-04T19:55:38+00:00,1772654138.9019039,2.8375,6.3,0.0,2304.0,16,14166827008,2857123840,83.2,17023950848,294354944,2.6,0.0,0.0,0.0,0.0,34.3,0.0,0.0,0.0,0.0
2026-03-04T19:55:39+00:00,1772654139.90205,1.71875,6.2,0.0,2304.0,16,14179504128,2844446720,83.3,17023950848,294354944,2.6,0.0,258010.29164391095,0.0,10.998392578446724,34.3,0.0,0.0,0.0,0.0
2026-03-04T19:55:40+00:00,1772654140.9022126,2.3625,9.1,0.0,2304.0,16,14170697728,2853253120,83.2,17023950848,294354944,2.6,0.0,65525.34548244023,0.0,9.998374249639927,34.3,0.0,0.0,0.0,0.0
2026-03-04T19:55:41+00:00,1772654141.9021087,1.3375,7.6,0.0,2304.0,16,14168825856,2855124992,83.2,17023950848,294354944,2.6,0.0,77832.09068478073,0.0,3.0003118839219547,34.3,0.0,0.0,0.0,0.0
2026-03-04T19:55:42+00:00,1772654142.9019012,7.45625,10.8,1.6,2304.0,16,14168469504,2855481344,83.2,17023950848,294354944,2.6,0.0,159777.14164000197,0.0,7.001452270382698,34.3,0.0,0.0,0.0,0.0
2026-03-04T19:55:43+00:00,1772654143.9019947,16.91875,21.9,9.4,2304.0,16,14209822720,2814128128,83.5,17023950848,294354944,2.6,624069.6743964283,233450.18172663765,16.99841132706637,8.999158937858667,34.3,2856.7330094958015,0.0,86.99186973263379,0.0
2026-03-04T19:55:44+00:00,1772654144.9019566,10.00625,18.8,4.7,2304.0,16,14213206016,2810744832,83.5,17023950848,294354944,2.6,8388928.012207497,757788.907352728,9.000343335851129,23.000877413841774,34.3,4414.168387160765,0.0,46.00175482768355,0.0
2026-03-04T19:55:45+00:00,1772654145.9019067,6.73125,18.8,1.6,2304.0,16,14219640832,2804310016,83.5,17023950848,294354944,2.6,61443.06167599923,929838.333363455,1.0000498319661333,14.000697647525866,34.3,215.01071387271867,0.0,4.000199327864533,0.0
2026-03-04T19:55:46+00:00,1772654146.9021895,3.79375,9.4,0.0,2304.0,16,14211022848,2812928000,83.5,17023950848,294354944,2.6,0.0,139224.6322255565,0.0,13.996042416976325,34.3,2820.2025470207295,0.0,27.99208483395265,0.0
2026-03-04T19:55:47+00:00,1772654147.901792,1.6625,7.7,0.0,2304.0,16,14205710336,2818240512,83.4,17023950848,294354944,2.6,0.0,24585.7714617316,0.0,4.001590407182878,34.3,5006.989996987576,0.0,48.019084886194534,0.0
2026-03-04T19:55:48+00:00,1772654148.9020123,1.75625,4.7,0.0,2304.0,16,14204071936,2819878912,83.4,17023950848,294354944,2.6,0.0,16380.391419965732,0.0,2.9993392492613036,34.3,214.9526461970601,0.0,3.9991189990150713,0.0
2026-03-04T19:55:49+00:00,1772654149.9019375,1.575,4.6,0.0,2304.0,16,14205083648,2818867200,83.4,17023950848,294354944,2.6,0.0,81926.13327165777,0.0,1.0000748690387913,34.3,2424.18148255003,0.0,20.001497380775824,0.0
2026-03-04T19:55:50+00:00,1772654150.902142,1.85625,7.8,0.0,2304.0,16,14217449472,2806501376,83.5,17023950848,294354944,2.6,0.0,348088.793863026,0.0,42.991205583955995,34.3,4249.130784460767,0.0,31.993455318292835,0.0
2026-03-04T19:55:51+00:00,1772654151.9019153,1.925,4.7,0.0,2304.0,16,14205886464,2818064384,83.4,17023950848,294354944,2.6,65550.86274492035,684187.1299001062,1.0002267874896293,12.002721449875553,34.3,0.0,0.0,0.0,0.0
2026-03-04T19:55:52+00:00,1772654152.9021766,5.3875,15.6,0.0,2304.0,16,14190485504,2833465344,83.4,17023950848,294354944,2.6,313774.00872956094,45044.229638175144,39.98955046002765,3.9989550460027647,34.3,1110.709764027268,0.0,7.9979100920055295,0.0
2026-03-04T19:55:53+00:00,1772654153.9019077,3.325,7.9,0.0,2304.0,16,14189694976,2834255872,83.4,17023950848,294354944,2.6,0.0,81942.03717659359,0.0,1.0002690085033397,34.3,0.0,0.0,0.0,0.0
2026-03-04T19:55:54+00:00,1772654154.9019077,2.825,10.6,0.0,2304.0,16,14191828992,2832121856,83.4,17023950848,294354944,2.6,118784.0,24576.0,2.0,3.0,34.3,0.0,0.0,0.0,0.0
2026-03-04T19:55:55+00:00,1772654155.90191,1.94375,6.2,0.0,2304.0,16,14203092992,2820857856,83.4,17023950848,294354944,2.6,0.0,45055.892578381114,0.0,9.999976158198933,34.3,0.0,0.0,0.0,0.0
2026-03-04T19:55:56+00:00,1772654156.902124,3.90625,11.9,1.5,2304.0,16,14205116416,2818834432,83.4,17023950848,294354944,2.6,65521.98737176121,429988.04212718294,0.9997861842614931,11.997434211137916,34.3,0.0,0.0,0.0,0.0
2026-03-04T19:55:57+00:00,1772654157.9018943,2.55,10.9,0.0,2304.0,16,14213152768,2810798080,83.5,17023950848,294354944,2.6,0.0,81938.81291314014,0.0,1.0002296498186052,34.3,0.0,0.0,0.0,0.0
2026-03-04T19:55:58+00:00,1772654158.902085,0.7937500000000001,3.1,0.0,2304.0,16,14210576384,2813374464,83.5,17023950848,294354944,2.6,65523.50238373113,298950.97962577327,0.9998093015095693,5.9988558090574156,34.3,0.0,0.0,0.0,0.0
2026-03-04T19:55:59+00:00,1772654159.9022157,3.975,9.4,1.5,2304.0,16,14211203072,2812747776,83.5,17023950848,294354944,2.6,0.0,98291.15792786014,0.0,4.999346818433642,34.3,0.0,0.0,0.0,0.0
2026-03-04T19:56:00+00:00,1772654160.9018052,2.4562500000000003,4.8,0.0,2304.0,16,14212218880,2811731968,83.5,17023950848,294354944,2.6,0.0,0.0,0.0,0.0,34.3,0.0,0.0,0.0,0.0
2026-03-04T19:56:01+00:00,1772654161.9021792,5.6375,7.8,1.6,2304.0,16,14210293760,2813657088,83.5,17023950848,294354944,2.6,0.0,163778.73385586267,0.0,6.997382427923819,34.3,0.0,0.0,0.0,0.0
2026-03-04T19:56:02+00:00,1772654162.9022262,4.3875,9.4,0.0,2304.0,16,14209486848,2814464000,83.5,17023950848,294354944,2.6,0.0,8191.615252446,0.0,1.9999060674916993,34.3,0.0,0.0,0.0,0.0
2026-03-04T19:56:03+00:00,1772654163.9018857,2.1625,6.2,0.0,2304.0,16,14204858368,2819092480,83.4,17023950848,294354944,2.6,0.0,295012.44044612814,0.0,35.011920218961876,34.3,0.0,0.0,0.0,0.0
2026-03-04T19:56:04+00:00,1772654164.9022574,0.78125,4.8,0.0,2304.0,16,14194290688,2829660160,83.4,17023950848,294354944,2.6,0.0,65511.64967588313,0.0,0.9996284435406971,34.3,0.0,0.0,0.0,0.0
2026-03-04T19:56:05+00:00,1772654165.9018683,0.99375,3.2,0.0,2304.0,16,14192992256,2830958592,83.4,17023950848,294354944,2.6,0.0,311417.1721479763,0.0,23.008952763297486,34.3,0.0,0.0,0.0,0.0
2026-03-04T19:56:06+00:00,1772654166.901985,1.58125,4.8,0.0,2304.0,16,14191382528,2832568320,83.4,17023950848,294354944,2.6,0.0,110579.10794835407,0.0,24.99708567264225,34.3,0.0,0.0,0.0,0.0
2026-03-04T19:56:07+00:00,1772654167.9018748,1.83125,4.5,0.0,2304.0,16,14190669824,2833281024,83.4,17023950848,294354944,2.6,65543.21954522845,94218.37809626591,1.000110161517768,7.000771130624377,34.3,0.0,0.0,0.0,0.0
2026-03-04T19:56:08+00:00,1772654168.902316,2.54375,6.2,0.0,2304.0,16,14195486720,2828464128,83.4,17023950848,294354944,2.6,0.0,147390.95448666697,0.0,1.9991177637623014,34.3,0.0,0.0,0.0,0.0
2026-03-04T19:56:09+00:00,1772654169.9018476,1.29375,4.8,0.0,2304.0,16,14185156608,2838794240,83.3,17023950848,294354944,2.6,0.0,12293.759534236138,0.0,2.00093742419208,34.3,0.0,0.0,0.0,0.0
2026-03-04T19:56:10+00:00,1772654170.9021413,23.068749999999998,33.8,15.4,2304.0,16,14220259328,2803691520,83.5,17023950848,294354944,2.6,180171.0780448553,1629729.296860282,5.998238127381102,127.96241338413019,34.3,24059.932835280164,1128.6684743022108,82.97562742877192,5.998238127381102
2026-03-04T19:56:11+00:00,1772654171.9022639,5.7125,11.1,1.6,2304.0,16,14214352896,2809597952,83.5,17023950848,294354944,2.6,0.0,647088.7011241012,0.0,58.992770604112025,34.3,15583.090336696372,1759.7843434446977,20.997426825192417,15.998039485860888
2026-03-04T19:56:12+00:00,1772654172.9017694,20.3,39.4,9.4,2304.0,16,14225731584,2798219264,83.6,17023950848,294354944,2.6,163921.055705436,8433738.316044683,18.008905045763232,271.13407041121314,34.3,21556.65933977859,11858.863972635088,50.024736238231206,46.022757339172706
2026-03-04T19:56:13+00:00,1772654173.9019651,13.456249999999999,21.9,4.8,2304.0,16,14233890816,2790060032,83.6,17023950848,294354944,2.6,262092.69754202795,2837972.4905722714,3.9992171866154167,46.990801942731146,34.3,19384.205703524924,3911.2344085098775,103.97964685200084,22.995498823038645
2026-03-04T19:56:14+00:00,1772654174.9022064,3.375,11.9,0.0,2304.0,16,14238355456,2785595392,83.6,17023950848,294354944,2.6,65520.19131431339,282555.8250429765,0.9997587785997527,7.998070228798022,34.3,16952.909608716007,1231.7028152348953,57.986009158785656,9.997587785997526
2026-03-04T19:56:15+00:00,1772654175.9021575,3.54375,7.8,1.6,2304.0,16,14223233024,2800717824,83.5,17023950848,294354944,2.6,0.0,196617.60984468894,0.0,2.0000977563953546,34.3,13051.637909357885,2393.116965527042,29.00141746773264,22.0010753203489
2026-03-04T19:56:16+00:00,1772654176.902259,2.525,10.9,0.0,2304.0,16,14224781312,2799169536,83.6,17023950848,294354944,2.6,0.0,311264.3860234151,0.0,21.997765767999372,34.3,20202.948061019422,753.9234267759784,77.99207863199777,8.999085995999742
2026-03-04T19:56:17+00:00,1772654177.901928,4.78125,9.2,0.0,2304.0,16,14222356480,2801594368,83.5,17023950848,294354944,2.6,0.0,733426.8841452784,0.0,86.02848948762376,34.3,15298.06615970035,54.01788874804283,35.01159455891665,1.0003312731119043
2026-03-04T19:56:18+00:00,1772654178.9019463,1.08125,3.1,0.0,2304.0,16,14218883072,2805067776,83.5,17023950848,294354944,2.6,0.0,401400.6309946569,0.0,41.99922896846996,34.3,11770.78390923476,453.99166551631816,11.999779705277131,1.9999632842128552
2026-03-04T19:56:19+00:00,1772654179.9023097,4.19375,7.9,0.0,2304.0,16,14222180352,2801770496,83.5,17023950848,294354944,2.6,0.0,196536.58844738154,0.0,1.9992735641213129,34.3,19448.93323177213,698.7461106603988,60.977843705700046,6.997457474424595
2026-03-04T19:56:20+00:00,1772654180.902073,1.84375,6.2,0.0,2304.0,16,14211911680,2812039168,83.5,17023950848,294354944,2.6,0.0,8193.93991239858,0.0,2.0004736114254347,34.3,3870.9164381082155,1586.3755738603695,31.007340977094234,15.003552085690758
2026-03-04T19:56:21+00:00,1772654181.901898,3.8937500000000003,9.0,1.6,2304.0,16,14199705600,2824245248,83.4,17023950848,294354944,2.6,0.0,143385.09228175518,0.0,6.001050179202923,34.3,1.0001750298671537,0.0,1.0001750298671537,0.0
2026-03-04T19:56:22+00:00,1772654182.9021928,1.84375,4.7,0.0,2304.0,16,14203359232,2820591616,83.4,17023950848,294354944,2.6,0.0,458616.7430155015,0.0,88.97375952231191,34.3,6596.054666609145,0.0,36.989091037365625,0.0
2026-03-04T19:56:23+00:00,1772654183.9019468,4.425,14.7,1.5,2304.0,16,14200938496,2823012352,83.4,17023950848,294354944,2.6,0.0,0.0,0.0,0.0,34.3,416.10238114770516,0.0,6.001476651168825,0.0
2026-03-04T19:56:24+00:00,1772654184.9018333,2.4375,7.7,0.0,2304.0,16,14193512448,2830438400,83.4,17023950848,294354944,2.6,0.0,290849.00765219744,0.0,18.002043002240434,34.3,0.0,0.0,0.0,0.0
2026-03-04T19:56:25+00:00,1772654185.9018888,2.7625,13.4,0.0,2304.0,16,14193836032,2830114816,83.4,17023950848,294354944,2.6,0.0,77819.67699796187,0.0,2.999833354670611,34.3,55.996889287184736,0.0,1.9998889031137406,0.0
2026-03-04T19:56:26+00:00,1772654186.902363,1.8875000000000002,7.9,0.0,2304.0,16,14200266752,2823684096,83.4,17023950848,294354944,2.6,0.0,94163.34637071339,0.0,13.993364143066273,34.3,361.8284156992851,0.0,5.997156061314117,0.0
2026-03-04T19:56:27+00:00,1772654187.9021122,3.16875,7.7,0.0,2304.0,16,14214610944,2809339904,83.5,17023950848,294354944,2.6,81940.552029785,0.0,2.0005017585396727,0.0,34.3,238.05970926622106,0.0,4.001003517079345,0.0
2026-03-04T19:56:28+00:00,1772654188.901841,1.2,4.8,0.0,2304.0,16,14205685760,2818265088,83.4,17023950848,294354944,2.6,0.0,372837.1583056812,0.0,36.00977018319809,34.3,1.0002713939777248,66.01791200252983,1.0002713939777248,1.0002713939777248
2026-03-04T19:56:29+00:00,1772654189.9022107,0.7625,3.1,0.0,2304.0,16,14205747200,2818203648,83.4,17023950848,294354944,2.6,0.0,233385.69695282605,0.0,31.988171183227255,34.3,0.9996303494758517,0.0,0.9996303494758517,0.0
2026-03-04T19:56:30+00:00,1772654190.9023764,5.55625,14.3,0.0,2304.0,16,14206263296,2817687552,83.4,17023950848,294354944,2.6,0.0,0.0,0.0,0.0,34.3,90.98492371511888,0.0,1.9996686530795358,0.0
2026-03-04T19:56:31+00:00,1772654191.9020755,1.7625000000000002,4.7,0.0,2304.0,16,14205333504,2818617344,83.4,17023950848,294354944,2.6,0.0,94236.35423446748,0.0,7.002106823637827,34.3,90.02708773248634,0.0,1.000300974805404,0.0
2026-03-04T19:56:32+00:00,1772654192.9021015,2.24375,6.2,0.0,2304.0,16,14204555264,2819395584,83.4,17023950848,294354944,2.6,0.0,180219.3165279623,0.0,8.999766117451953,34.3,278.99274964101056,0.0,2.999922039150651,0.0
2026-03-04T19:56:33+00:00,1772654193.9021506,1.53125,7.7,0.0,2304.0,16,14204354560,2819596288,83.4,17023950848,294354944,2.6,0.0,16383.195352019664,0.0,3.9998035527391758,34.3,0.0,0.0,0.0,0.0
2026-03-04T19:56:34+00:00,1772654194.901872,2.95,7.8,0.0,2304.0,16,14203949056,2820001792,83.4,17023950848,294354944,2.6,0.0,0.0,0.0,0.0,34.3,771.2149463349022,410.1143034984564,5.001393945103127,1.0002787890206253
2026-03-04T19:56:35+00:00,1772654195.9018595,2.3625,6.2,0.0,2304.0,16,14202068992,2821881856,83.4,17023950848,294354944,2.6,0.0,135169.6758020262,0.0,7.0000867854387385,34.3,3403.0421901211466,5969.074003183405,16.000198366717118,14.000173570877477
2026-03-04T19:56:36+00:00,1772654196.9019458,4.375,9.4,1.6,2304.0,16,14206361600,2817589248,83.4,17023950848,294354944,2.6,0.0,53243.40469348453,0.0,4.999568499613557,34.3,685.94079814698,1462.8737429869268,4.999568499613557,7.999309599381691
2026-03-04T19:56:37+00:00,1772654197.902118,2.15,6.2,0.0,2304.0,16,14205431808,2818519040,83.4,17023950848,294354944,2.6,0.0,176097.686858675,0.0,6.9987952398864754,34.3,283.9511211611084,306.94716266359256,3.9993115656494145,1.9996557828247072
2026-03-04T19:56:38+00:00,1772654198.902175,2.9,15.2,0.0,2304.0,16,14198906880,2825043968,83.4,17023950848,294354944,2.6,0.0,0.0,0.0,0.0,34.3,55.99680918755631,0.0,1.9998860424127254,0.0
2026-03-04T19:56:39+00:00,1772654199.9023163,2.04375,6.2,0.0,2304.0,16,14205845504,2818105344,83.4,17023950848,294354944,2.6,0.0,233438.99587713357,0.0,21.996890030911366,34.3,0.9998586377686985,0.0,0.9998586377686985,0.0
2026-03-04T19:56:40+00:00,1772654200.9020922,1.7375,4.7,0.0,2304.0,16,14205865984,2818084864,83.4,17023950848,294354944,2.6,57356.85444335383,122907.54523575821,2.0004483274049187,9.002017473322134,34.3,55.012329003635266,0.0,1.0002241637024594,0.0
2026-03-04T19:56:41+00:00,1772654201.9018302,3.65,7.8,0.0,2304.0,16,14204514304,2819436544,83.4,17023950848,294354944,2.6,0.0,24582.441140845727,0.0,6.001572544151789,34.3,0.0,0.0,0.0,0.0
2026-03-04T19:56:42+00:00,1772654202.901846,2.05625,6.2,0.0,2304.0,16,14205435904,2818514944,83.4,17023950848,294354944,2.6,0.0,0.0,0.0,0.0,34.3,148.99765542858643,0.0,1.9999685292427707,0.0
2026-03-04T19:56:43+00:00,1772654203.9019928,2.71875,7.7,0.0,2304.0,16,14205296640,2818654208,83.4,17023950848,294354944,2.6,65526.37641337618,106480.36167173629,0.9998531557216824,3.9994126228867297,34.3,86.98722454778637,0.0,0.9998531557216824,0.0
2026-03-04T19:56:44+00:00,1772654204.9023545,1.56875,6.1,0.0,2304.0,16,14204788736,2819162112,83.4,17023950848,294354944,2.6,65512.30544487003,217009.51178613197,0.999638449781342,14.99457674672013,34.3,54.98011473797381,0.0,0.999638449781342,0.0
2026-03-04T19:56:45+00:00,1772654205.902415,2.2375,4.7,0.0,2304.0,16,14205710336,2818240512,83.4,17023950848,294354944,2.6,0.0,0.0,0.0,0.0,34.3,0.0,0.0,0.0,0.0
2026-03-04T19:56:46+00:00,1772654206.9019105,2.5375,10.6,0.0,2304.0,16,14204104704,2819846144,83.4,17023950848,294354944,2.6,0.0,192609.1701154624,0.0,18.009085470403523,34.3,55.02776115956632,0.0,1.0005047483557512,0.0
2026-03-04T19:56:47+00:00,1772654207.9020736,2.68125,9.2,0.0,2304.0,16,14203052032,2820898816,83.4,17023950848,294354944,2.6,0.0,135145.96062539393,0.0,4.999184741410464,34.3,153.9748900354423,0.0,1.9996738965641856,0.0
2026-03-04T19:56:48+00:00,1772654208.9018261,5.775,10.8,1.6,2304.0,16,14203682816,2820268032,83.4,17023950848,294354944,2.6,0.0,8194.027845598157,0.0,2.0004950794917375,34.3,115.02846707077491,0.0,2.0004950794917375,0.0
2026-03-04T19:56:49+00:00,1772654209.901918,3.3000000000000003,9.1,0.0,2304.0,16,14196314112,2827636736,83.4,17023950848,294354944,2.6,0.0,0.0,0.0,0.0,34.3,59.9944930363133,41.99614512541931,0.9999082172718883,0.9999082172718883
2026-03-04T19:56:50+00:00,1772654210.9020264,1.0625,6.2,0.0,2304.0,16,14201167872,2822782976,83.4,17023950848,294354944,2.6,0.0,180204.45133939758,0.0,8.99902378181917,34.3,54.99403422222826,65.99284106667392,0.9998915313132412,0.9998915313132412
2026-03-04T19:56:51+00:00,1772654211.9020019,1.4875,3.2,0.0,2304.0,16,14210879488,2813071360,83.5,17023950848,294354944,2.6,0.0,94210.3135333762,0.0,7.000171904016999,34.3,0.0,0.0,0.0,0.0
2026-03-04T19:56:52+00:00,1772654212.901822,5.11875,12.1,1.6,2304.0,16,14200565760,2823385088,83.4,17023950848,294354944,2.6,0.0,8193.472921033492,0.0,2.0003595998616923,34.3,94.01690119349954,153.02750938941946,1.0001797999308462,1.0001797999308462
2026-03-04T19:56:53+00:00,1772654213.9020987,2.65625,6.5,0.0,2304.0,16,14203015168,2820935680,83.4,17023950848,294354944,2.6,0.0,65517.88001136466,0.0,0.9997235109155984,34.3,0.0,0.0,0.0,0.0
2026-03-04T19:56:54+00:00,1772654214.9019928,3.7062500000000003,9.5,0.0,2304.0,16,14201303040,2822647808,83.4,17023950848,294354944,2.6,0.0,131085.87646893316,0.0,19.002011512067643,34.3,0.0,0.0,0.0,0.0
2026-03-04T19:56:55+00:00,1772654215.9022686,0.96875,3.1,0.0,2304.0,16,14199660544,2824290304,83.4,17023950848,294354944,2.6,0.0,90087.14943316122,0.0,20.994208741303996,34.3,166.95394570465558,0.0,1.9994484515527615,0.0
2026-03-04T19:56:56+00:00,1772654216.9022028,1.76875,7.8,0.0,2304.0,16,14200938496,2823012352,83.4,17023950848,294354944,2.6,0.0,208909.74699835098,0.0,8.00052646286577,34.3,334.0219798246459,0.0,4.000263231432885,0.0
2026-03-04T19:56:57+00:00,1772654217.901839,4.03125,9.4,1.6,2304.0,16,14203760640,2820190208,83.4,17023950848,294354944,2.6,0.0,32779.92621407573,0.0,7.00254771418854,34.3,1416.5153661844247,2180.793430990145,17.006187305886456,17.006187305886456
2026-03-04T19:56:58+00:00,1772654218.901925,2.14375,9.2,0.0,2304.0,16,14206205952,2817744896,83.4,17023950848,294354944,2.6,536529.8213573671,520147.23139225657,15.998623012803169,65.99431992781307,34.3,53.99535266821069,53.99535266821069,0.999913938300198,0.999913938300198
2026-03-04T19:56:59+00:00,1772654219.9020894,2.94375,4.8,1.6,2304.0,16,14206361600,2817589248,83.4,17023950848,294354944,2.6,0.0,131050.47228636614,0.0,11.99802907895198,34.3,0.0,0.0,0.0,0.0
2026-03-04T19:57:00+00:00,1772654220.902103,3.6875,15.6,0.0,2304.0,16,14084284416,2939666432,82.7,17023950848,297967616,2.6,0.0,3678158.014351173,0.0,8.999877692931056,34.3,108.99851872549836,119.99836923908076,1.9999728206513459,1.9999728206513459
2026-03-04T19:57:01+00:00,1772654221.9022548,1.25,4.7,0.0,2304.0,16,14088609792,2935341056,82.8,17023950848,297967616,2.6,0.0,102384.45060371529,0.0,7.998785203415257,34.3,0.0,0.0,0.0,0.0
2026-03-04T19:57:02+00:00,1772654222.9018443,2.75,7.7,0.0,2304.0,16,14093639680,2930311168,82.8,17023950848,297967616,2.6,0.0,90149.01128898612,0.0,6.002464352515943,34.3,0.0,0.0,0.0,0.0
2026-03-04T19:57:03+00:00,1772654223.9018006,1.66875,4.7,0.0,2304.0,16,14111551488,2912399360,82.9,17023950848,297967616,2.6,0.0,155654.791311934,0.0,7.000305427525816,34.3,108.00471231039829,501.02185988434763,2.0000872650073758,5.00021816251844
2026-03-04T19:57:04+00:00,1772654224.9019718,7.23125,28.1,0.0,2304.0,16,14098845696,2925105152,82.8,17023950848,297967616,2.6,14428762.019013966,57334.185273879375,188.96765165951453,7.99863075807469,34.3,0.0,0.0,0.0,0.0
2026-03-04T19:57:05+00:00,1772654225.902061,1.1875,3.2,0.0,2304.0,16,14101716992,2922233856,82.8,17023950848,297967616,2.6,0.0,53243.2523764637,0.0,12.998840912222583,34.3,0.0,130.98831996162755,0.0,0.9999108394017372
2026-03-04T19:57:06+00:00,1772654226.9022489,2.325,9.2,0.0,2304.0,16,14103879680,2920071168,82.8,17023950848,297967616,2.6,0.0,143333.07146541722,0.0,13.99737026029465,34.3,0.0,0.0,0.0,0.0
2026-03-04T19:57:07+00:00,1772654227.9020774,2.80625,10.6,0.0,2304.0,16,14100291584,2923659264,82.8,17023950848,297967616,2.6,0.0,94224.15218291747,0.0,3.000514357047729,34.3,0.0,0.0,0.0,0.0
2026-03-04T19:57:08+00:00,1772654228.901896,1.1812500000000001,3.1,0.0,2304.0,16,14100881408,2923069440,82.8,17023950848,297967616,2.6,0.0,65547.89278278535,0.0,1.0001814694638878,34.3,0.0,0.0,0.0,0.0
2026-03-04T19:57:09+00:00,1772654229.902123,1.9625000000000001,4.7,0.0,2304.0,16,14103883776,2920067072,82.8,17023950848,297967616,2.6,16380.282093869837,65521.12837547935,0.9997730770184227,6.998411539128959,34.3,0.0,0.0,0.0,0.0
2026-03-04T19:57:10+00:00,1772654230.901835,1.04375,3.1,0.0,2304.0,16,14104084480,2919866368,82.8,17023950848,297967616,2.6,0.0,8194.360054718518,0.0,2.000576185234013,34.3,55.01584509393536,54.015557001318356,1.0002880926170066,1.0002880926170066
2026-03-04T19:57:11+00:00,1772654231.901925,2.875,6.3,0.0,2304.0,16,14102888448,2921062400,82.8,17023950848,297967616,2.6,0.0,36860.678033757984,0.0,5.999459315390297,34.3,53.99513383851267,0.0,0.9999098858983828,0.0
2026-03-04T19:57:12+00:00,1772654232.901987,1.275,6.2,0.0,2304.0,16,14110236672,2913714176,82.9,17023950848,297967616,2.6,0.0,131063.87550362803,0.0,1.9998760300236211,34.3,120.99249981642907,141.9911981316771,1.9998760300236211,0.9999380150118106
2026-03-04T19:57:13+00:00,1772654233.902243,1.4375,4.6,0.0,2304.0,16,14102380544,2921570304,82.8,17023950848,297967616,2.6,0.0,319406.2884818218,0.0,10.997186665226987,34.3,65.98311999136192,0.0,0.9997442422933625,0.0
2026-03-04T19:57:14+00:00,1772654234.9022737,3.16875,7.9,0.0,2304.0,16,14107500544,2916450304,82.9,17023950848,297967616,2.6,0.0,131067.9688739813,0.0,7.999753959593585,34.3,54.9983084722059,0.0,0.9999692449491981,0.0
2026-03-04T19:57:15+00:00,1772654235.9017053,1.96875,4.7,0.0,2304.0,16,14121504768,2902446080,83.0,17023950848,297967616,2.6,0.0,65573.2711845646,0.0,1.0005687131433807,34.3,153.08701311093722,0.0,2.0011374262867614,0.0
2026-03-04T19:57:16+00:00,1772654236.9019613,3.20625,7.8,0.0,2304.0,16,14110941184,2913009664,82.9,17023950848,297967616,2.6,0.0,176082.91193594475,0.0,6.998208027977455,34.3,54.98592021982286,330.915265322934,0.9997440039967793,0.9997440039967793
2026-03-04T19:57:17+00:00,1772654237.9020865,3.2125,13.8,0.0,2304.0,16,14109233152,2914717696,82.9,17023950848,297967616,2.6,0.0,12286.462106560244,0.0,1.9997496918229563,34.3,0.0,0.0,0.0,0.0
2026-03-04T19:57:18+00:00,1772654238.9019141,2.25,6.2,0.0,2304.0,16,14111539200,2912411648,82.9,17023950848,297967616,2.6,0.0,139288.00999813763,0.0,4.000689625406067,34.3,55.009482349333425,0.0,1.0001724063515167,0.0
2026-03-04T19:57:19+00:00,1772654239.902111,1.23125,4.5,0.0,2304.0,16,14113574912,2910375936,82.9,17023950848,297967616,2.6,0.0,0.0,0.0,0.0,34.3,107.97873534312406,0.0,1.9996062100578529,0.0
2026-03-04T19:57:20+00:00,1772654240.9020946,4.2625,9.5,1.6,2304.0,16,14112395264,2911555584,82.9,17023950848,297967616,2.6,37376.61487827935,192515.16704428816,2.000032902305188,12.000197413831128,34.3,97.00159576180161,66.0010857760712,2.000032902305188,1.000016451152594
2026-03-04T19:57:21+00:00,1772654241.901893,1.25625,4.6,0.0,2304.0,16,14113202176,2910748672,82.9,17023950848,297967616,2.6,0.0,77839.70043243548,0.0,15.003026142148078,34.3,0.0,0.0,0.0,0.0
2026-03-04T19:57:22+00:00,1772654242.9020333,2.73125,7.8,0.0,2304.0,16,14112002048,2911948800,82.9,17023950848,297967616,2.6,0.0,462783.01205584983,0.0,110.98441462034907,34.3,0.0,130.9816064438354,0.0,0.999859591174316
2026-03-04T19:57:23+00:00,1772654243.901914,0.96875,3.1,0.0,2304.0,16,14111698944,2912251904,82.9,17023950848,297967616,2.6,0.0,65543.82906016329,0.0,1.0001194619775893,34.3,178.0212642320109,0.0,2.0002389239551785,0.0
2026-03-04T19:57:24+00:00,1772654244.902179,0.9625,6.2,0.0,2304.0,16,14112972800,2910978048,82.9,17023950848,297967616,2.6,0.0,20474.57175164513,0.0,3.998939795243189,34.3,0.0,0.0,0.0,0.0
2026-03-04T19:57:25+00:00,1772654245.9018178,0.7937500000000001,3.2,0.0,2304.0,16,14111264768,2912686080,82.9,17023950848,297967616,2.6,0.0,69657.16045524829,0.0,2.0007226693258353,34.3,0.0,0.0,0.0,0.0
2026-03-04T19:57:26+00:00,1772654246.901925,2.45,6.2,0.0,2304.0,16,14113529856,2910420992,82.9,17023950848,297967616,2.6,0.0,53242.28772223592,0.0,4.9994636157448085,34.3,0.0,0.0,0.0,0.0
2026-03-04T19:57:27+00:00,1772654247.9019494,1.6687500000000002,6.2,0.0,2304.0,16,14114619392,2909331456,82.9,17023950848,297967616,2.6,0.0,65534.406288756974,0.0,0.9999756818963161,34.3,0.0,0.0,0.0,0.0
2026-03-04T19:57:28+00:00,1772654248.9020774,1.5625,4.7,0.0,2304.0,16,14124597248,2899353600,83.0,17023950848,297967616,2.6,0.0,462788.74879691505,0.0,50.993471266253,34.3,0.0,0.0,0.0,0.0
2026-03-04T19:57:29+00:00,1772654249.9018338,2.7,7.6,0.0,2304.0,16,14115971072,2907979776,82.9,17023950848,297967616,2.6,0.0,520318.7828455134,0.0,17.004143293964013,34.3,0.0,0.0,0.0,0.0
2026-03-04T19:57:30+00:00,1772654250.9020805,2.16875,4.7,0.0,2304.0,16,14114017280,2909933568,82.9,17023950848,297967616,2.6,0.0,131039.66422927921,0.0,0.999753297647699,34.3,261.93536398369713,53.98667807297575,2.999259892943097,0.999753297647699
2026-03-04T19:57:31+00:00,1772654251.901924,1.9625,7.8,0.0,2304.0,16,14117982208,2905968640,82.9,17023950848,297967616,2.6,0.0,36869.77531871424,0.0,5.000783327733593,34.3,306.0479396572959,0.0,2.0003133310934373,0.0
2026-03-04T19:57:32+00:00,1772654252.9019206,0.8875000000000001,3.1,0.0,2304.0,16,14118211584,2905739264,82.9,17023950848,297967616,2.6,0.0,139264.46484530158,0.0,4.000013351484995,34.3,208.00069427721974,0.0,2.0000066757424975,0.0
2026-03-04T19:57:33+00:00,1772654253.9023535,3.19375,6.2,0.0,2304.0,16,14116573184,2907377664,82.9,17023950848,297967616,2.6,0.0,4094.227330009628,0.0,0.9995672192406319,34.3,241.8952670562329,0.0,1.9991344384812637,0.0
2026-03-04T19:57:34+00:00,1772654254.9019132,1.26875,4.7,0.0,2304.0,16,14117163008,2906787840,82.9,17023950848,297967616,2.6,0.0,0.0,0.0,0.0,34.3,144.06343964887415,0.0,2.000881106234363,0.0
2026-03-04T19:57:35+00:00,1772654255.9019964,1.8562500000000002,4.7,0.0,2304.0,16,14117167104,2906783744,82.9,17023950848,297967616,2.6,0.0,12286.977624132438,0.0,1.9998335976778054,34.3,241.97986531901446,0.0,1.9998335976778054,0.0
2026-03-04T19:57:36+00:00,1772654256.90215,1.2750000000000001,6.2,0.0,2304.0,16,14089883648,2934067200,82.8,17023950848,296546304,2.6,675736.2463992402,110575.0221380575,26.995855014174193,9.998464820064516,34.3,276.9574755157871,0.0,3.999385928025806,0.0
2026-03-04T19:57:37+00:00,1772654257.9021444,5.93125,10.8,1.6,2304.0,16,14085943296,2938007552,82.7,17023950848,296546304,2.6,0.0,57344.31445484935,0.0,3.000016450972169,34.3,311.0017054174482,0.0,4.000021934629559,0.0
2026-03-04T19:57:38+00:00,1772654258.901849,4.1,10.9,0.0,2304.0,16,14083846144,2940104704,82.7,17023950848,296546304,2.6,0.0,0.0,0.0,0.0,34.3,97.02866232696131,0.0,2.000590975813635,0.0
2026-03-04T19:57:39+00:00,1772654259.9021316,2.7125,9.2,0.0,2304.0,16,14069149696,2954801152,82.6,17023950848,296546304,2.6,0.0,61422.646504376484,0.0,12.996328199168202,34.3,89.97457984039525,0.0,0.9997175537821694,0.0
2026-03-04T19:57:40+00:00,1772654260.9019501,0.5875,3.1,0.0,2304.0,16,14075650048,2948300800,82.7,17023950848,296546304,2.6,0.0,204837.1649462042,0.0,5.000907347319439,34.3,42.00762171748328,0.0,1.0001814694638878,0.0
2026-03-04T19:57:41+00:00,1772654261.902052,1.1625,4.6,0.0,2304.0,16,14076260352,2947690496,82.7,17023950848,296546304,2.6,0.0,4095.583050259957,0.0,0.9998982056298723,34.3,41.99572463645464,0.0,0.9998982056298723,0.0
2026-03-04T19:57:42+00:00,1772654262.901944,2.25,4.8,0.0,2304.0,16,14080155648,2943795200,82.7,17023950848,296546304,2.6,0.0,12289.327291789814,0.0,2.000216030564748,34.3,42.004536641859715,0.0,1.000108015282374,0.0
2026-03-04T19:57:43+00:00,1772654263.902332,3.90625,7.8,1.6,2304.0,16,14077992960,2945957888,82.7,17023950848,296546304,2.6,0.0,73699.39391582132,0.0,2.998836015454969,34.3,402.84363807611754,0.0,5.997672030909938,0.0
2026-03-04T19:57:44+00:00,1772654264.9019177,5.15,13.8,0.0,2304.0,16,14092140544,2931810304,82.8,17023950848,296546304,2.6,9207015.124580031,73758.56344587062,406.16830456574803,12.004974519184671,34.3,42.01741081714635,0.0,1.0004145432653893,0.0
2026-03-04T19:57:45+00:00,1772654265.901951,5.0375,10.9,1.5,2304.0,16,14092988416,2930962432,82.8,17023950848,296546304,2.6,0.0,593900.1764429326,0.0,12.999566092669255,34.3,41.99859814554682,0.0,0.9999666225130196,0.0
2026-03-04T19:57:46+00:00,1772654266.9018877,3.7,7.9,0.0,2304.0,16,14094041088,2929909760,82.8,17023950848,296546304,2.6,0.0,73732.67607780377,0.0,3.000190270092927,34.3,961.060949853101,0.0,10.00063423364309,0.0
2026-03-04T19:57:47+00:00,1772654267.9021573,3.31875,7.7,0.0,2304.0,16,14094524416,2929426432,82.8,17023950848,296546304,2.6,0.0,85992.81191676192,0.0,4.998652106396595,34.3,83.97735538746281,0.0,1.9994608425586382,0.0
2026-03-04T19:57:48+00:00,1772654268.9019084,2.05,9.2,0.0,2304.0,16,14093025280,2930925568,82.8,17023950848,296546304,2.6,0.0,159783.7716182636,0.0,4.000995883870783,34.3,444.11054310965693,0.0,3.0007469129030873,0.0
2026-03-04T19:57:49+00:00,1772654269.9019191,4.7625,7.8,3.1,2304.0,16,14088503296,2935447552,82.8,17023950848,296546304,2.6,65535.29688254363,0.0,0.9999892712790471,0.0,34.3,444.99522571917595,0.0,6.99992489895333,0.0
2026-03-04T19:57:50+00:00,1772654270.9019012,6.70625,15.2,1.6,2304.0,16,14090596352,2933354496,82.8,17023950848,296546304,2.6,65537.17189595514,327685.85947977565,1.0000178817131826,11.000196698845008,34.3,469.0083865234826,0.0,6.000107290279096,0.0
2026-03-04T19:57:51+00:00,1772654271.9018683,5.40625,15.6,0.0,2304.0,16,14095118336,2928832512,82.8,17023950848,296546304,2.6,0.0,73730.4258610651,0.0,14.000460639850688,34.3,511.0168133545501,0.0,7.000230319925344,0.0
2026-03-04T19:57:52+00:00,1772654272.9026778,2.4250000000000003,4.7,0.0,2304.0,16,14103314432,2920636416,82.8,17023950848,296546304,2.6,0.0,20463.436258769387,0.0,3.996764894290896,34.3,1189.0375560515415,0.0,11.990294682872689,0.0
2026-03-04T19:57:53+00:00,1772654273.9019208,0.99375,4.7,0.0,2304.0,16,14091259904,2932690944,82.8,17023950848,296546304,2.6,0.0,0.0,0.0,0.0,34.3,469.3552920943259,0.0,6.0045453146395635,0.0
2026-03-04T19:57:54+00:00,1772654274.9024053,0.66875,3.1,0.0,2304.0,16,14091022336,2932928512,82.8,17023950848,296546304,2.6,0.0,90068.36488975144,0.0,3.998063072165813,34.3,41.97966225774104,0.0,0.9995157680414533,0.0
2026-03-04T19:57:55+00:00,1772654275.9020445,5.46875,10.8,1.6,2304.0,16,14091669504,2932281344,82.8,17023950848,296546304,2.6,0.0,135216.77638403632,0.0,4.001443429925317,34.3,403.1454255649757,0.0,6.002165144887975,0.0
2026-03-04T19:57:56+00:00,1772654276.9020598,2.65,9.2,0.0,2304.0,16,14092419072,2931531776,82.8,17023950848,296546304,2.6,36863.43750858294,598006.8751392344,3.9999389657750584,58.999099745182114,34.3,41.99935914063811,0.0,0.9999847414437646,0.0
2026-03-04T19:57:57+00:00,1772654277.9019737,1.6625,4.8,0.0,2304.0,16,14095093760,2928857088,82.8,17023950848,296546304,2.6,0.0,155661.3976374977,0.0,5.000430382577923,34.3,42.00361521365455,0.0,1.0000860765155846,0.0
2026-03-04T19:57:58+00:00,1772654278.9022174,1.26875,4.7,0.0,2304.0,16,14095155200,2928795648,82.8,17023950848,296546304,2.6,0.0,131040.07028011649,0.0,8.997807560127628,34.3,762.8141298197089,0.0,6.9982947689881545,0.0
2026-03-04T19:57:59+00:00,1772654279.901802,4.0875,6.2,1.5,2304.0,16,14097608704,2926342144,82.8,17023950848,296546304,2.6,0.0,8195.40375741611,0.0,2.0008309954629175,34.3,42.017450904721265,0.0,1.0004154977314588,0.0
2026-03-04T19:58:00+00:00,1772654280.9019175,4.5,9.5,0.0,2304.0,16,14099550208,2924400640,82.8,17023950848,296546304,2.6,0.0,32764.219186285456,0.0,6.9991923310546325,34.3,41.99515398632779,0.0,0.9998846187220903,0.0
2026-03-04T19:58:01+00:00,1772654281.901914,2.65,9.4,0.0,2304.0,16,14106275840,2917675008,82.9,17023950848,296546304,2.6,350209.25244588533,28672.10253942921,17.000060796955097,4.000014305165905,34.3,360.00128746493147,0.0,1.0000035762914763,0.0
2026-03-04T19:58:02+00:00,1772654282.9019084,1.1812500000000001,4.7,0.0,2304.0,16,14106431488,2917519360,82.9,17023950848,296546304,2.6,0.0,20480.11230530334,0.0,4.000021934629559,34.3,42.000230313610366,0.0,1.0000054836573897,0.0
2026-03-04T19:58:03+00:00,1772654283.9018912,1.08125,3.1,0.0,2304.0,16,14098509824,2925441024,82.8,17023950848,296546304,2.6,0.0,90113.54690155432,0.0,5.000085832161883,34.3,402.0069009058154,0.0,2.0000343328647534,0.0
2026-03-04T19:58:04+00:00,1772654284.9022534,1.08125,4.7,0.0,2304.0,16,14106841088,2917109760,82.9,17023950848,296546304,2.6,0.0,0.0,0.0,0.0,34.3,41.984794878144285,0.0,0.9996379732891497,0.0
2026-03-04T19:58:05+00:00,1772654285.9018095,3.26875,7.6,0.0,2304.0,16,14108786688,2915164160,82.9,17023950848,296546304,2.6,0.0,286847.3416877324,0.0,7.0031089279231535,34.3,42.01865356753892,0.0,1.0004441325604505,0.0
2026-03-04T19:58:06+00:00,1772654286.9020326,3.0625,7.9,0.0,2304.0,16,14107574272,2916376576,82.9,17023950848,296546304,2.6,0.0,53236.119838674305,0.0,8.997992009992277,34.3,41.990629379963956,0.0,0.9997768899991419,0.0
2026-03-04T19:58:07+00:00,1772654287.9018571,0.9812500000000001,3.1,0.0,2304.0,16,14107062272,2916888576,82.9,17023950848,296546304,2.6,16386.875504582255,139288.44178894916,1.0001755068714755,9.00157956184328,34.3,42.00737128860197,0.0,1.0001755068714755,0.0
2026-03-04T19:58:08+00:00,1772654288.9019077,4.29375,14.1,0.0,2304.0,16,14118129664,2905821184,82.9,17023950848,296546304,2.6,12287.378937641435,94203.23852191766,0.999949457815872,13.999292409422207,34.3,41.997877228266624,0.0,0.999949457815872,0.0
2026-03-04T19:58:09+00:00,1772654289.9018264,5.2375,12.5,1.6,2304.0,16,14136680448,2887270400,83.0,17023950848,296546304,2.6,81926.66069776962,688183.9498612649,2.000162614691641,13.001056995495668,34.3,84.00682981704894,0.0,2.000162614691641,0.0
2026-03-04T19:58:10+00:00,1772654290.9018142,2.8375,7.7,0.0,2304.0,16,14136365056,2887585792,83.0,17023950848,296546304,2.6,16384.1992211724,290819.5361758101,1.0000121594953857,5.000060797476928,34.3,42.0005106988062,0.0,1.0000121594953857,0.0
2026-03-04T19:58:11+00:00,1772654291.9020364,1.5750000000000002,4.7,0.0,2304.0,16,14138720256,2885230592,83.1,17023950848,296546304,2.6,4095.0900459473555,98282.16110273653,0.9997778432488661,3.9991113729954644,34.3,0.0,0.0,0.0,0.0
2026-03-04T19:58:12+00:00,1772654292.9020205,21.11875,34.9,13.8,2304.0,16,14162931712,2861019136,83.2,17023950848,296546304,2.6,385030.1504888732,1429526.83532571,12.000191691599689,80.00127794399792,34.3,2204.0352073571426,146.0023322477962,94.00150158419756,2.000031948599948
2026-03-04T19:58:13+00:00,1772654293.9020543,5.875,9.4,3.1,2304.0,16,14161678336,2862272512,83.2,17023950848,296546304,2.6,65533.78132511421,561133.0025962904,0.9999661457079194,14.999492185618791,34.3,2421.918004904581,0.0,29.998984371237583,0.0
2026-03-04T19:58:14+00:00,1772654294.902175,6.8125,17.2,3.1,2304.0,16,14162513920,2861436928,83.2,17023950848,296546304,2.6,32764.047351846686,364500.0267892944,0.9998793747511806,17.99782874552125,34.3,2452.7041062646463,0.0,19.997587495023613,0.0
2026-03-04T19:58:15+00:00,1772654295.9018414,2.625,9.1,0.0,2304.0,16,14158368768,2865582080,83.2,17023950848,296546304,2.6,0.0,0.0,0.0,0.0,34.3,3314.105411880307,0.0,37.01234537868137,0.0
2026-03-04T19:58:16+00:00,1772654296.9018898,9.25,21.5,1.6,2304.0,16,14167609344,2856341504,83.2,17023950848,296546304,2.6,16383.207069627015,77820.23358072832,0.9999516033707895,8.999564430337106,34.3,2634.87247488203,0.0,23.998838480898947,0.0
2026-03-04T19:58:17+00:00,1772654297.9019105,4.8,12.5,1.6,2304.0,16,14158237696,2865713152,83.2,17023950848,296546304,2.6,0.0,446454.7394498987,0.0,9.999792580138571,34.3,2452.949119907991,0.0,19.999585160277142,0.0
2026-03-04T19:58:18+00:00,1772654298.9021025,5.59375,7.8,3.0,2304.0,16,14163935232,2860015616,83.2,17023950848,296546304,2.6,0.0,511901.75225482817,0.0,11.997697318472536,34.3,3795.2715850768122,0.0,47.990789273890144,0.0
2026-03-04T19:58:19+00:00,1772654299.9018328,12.625,20.6,7.8,2304.0,16,14168756224,2855194624,83.2,17023950848,296546304,2.6,131107.35328306272,635051.242464835,2.000539448288921,12.003236689733527,34.3,3282.8852346421195,0.0,33.008900896767194,0.0
2026-03-04T19:58:20+00:00,1772654300.902262,25.5875,35.9,17.2,2304.0,16,14167822336,2856128512,83.2,17023950848,296546304,2.6,176052.44648655038,1826032.3519302667,6.996997214559029,115.95023955554963,34.3,713.693715885021,0.0,14.993565459769348,0.0
2026-03-04T19:58:21+00:00,1772654301.9023924,3.59375,12.3,0.0,2304.0,16,14155173888,2868776960,83.1,17023950848,296546304,2.6,1238366.498479207,417737.52077678085,44.994132091938425,38.99491447967997,34.3,2681.65027267953,0.0,25.99660965311998,0.0
2026-03-04T19:58:22+00:00,1772654302.9018612,2.56875,6.2,0.0,2304.0,16,14158200832,2865750016,83.2,17023950848,296546304,2.6,65570.8310021097,598333.832894251,1.0005314789140274,38.02019619873304,34.3,5414.876363882716,0.0,58.03082577701358,0.0
2026-03-04T19:58:23+00:00,1772654303.901979,12.725,18.8,6.2,2304.0,16,14164754432,2859196416,83.2,17023950848,296546304,2.6,81910.35269874736,434124.869303361,1.9997644701842616,26.99682034748753,34.3,6049.287522307392,0.0,80.9904610424626,0.0
2026-03-04T19:58:24+00:00,1772654304.9019973,2.7875,10.8,0.0,2304.0,16,14155481088,2868469760,83.2,17023950848,296546304,2.6,0.0,450551.728667472,0.0,22.999577768447836,34.3,8665.840910494302,0.0,14.999724631596415,0.0
2026-03-04T19:58:25+00:00,1772654305.9018688,2.7375000000000003,6.2,0.0,2304.0,16,14158798848,2865152000,83.2,17023950848,296546304,2.6,0.0,176150.63669805057,0.0,9.001156717174187,34.3,17506.249686379662,342.04395525261907,51.00655473065372,1.0001285241304652
2026-03-04T19:58:26+00:00,1772654306.901948,34.90625,52.4,25.0,2304.0,16,14177619968,2846330880,83.3,17023950848,296546304,2.6,258027.5758354241,2006881.1453866318,4.999604256483757,94.99248087319138,34.3,48669.14759516678,7373.416357462244,200.98409111064703,25.997942133715537
2026-03-04T19:58:27+00:00,1772654307.9020622,6.1312500000000005,13.8,1.6,2304.0,16,14167588864,2856361984,83.2,17023950848,296546304,2.6,94197.24243947779,569278.986916844,1.999771621082664,22.997373642450633,34.3,8210.062390354877,231.973508045589,70.99189254843456,1.999771621082664
2026-03-04T19:58:28+00:00,1772654308.9022691,2.4625,4.8,0.0,2304.0,16,14163247104,2860703744,83.2,17023950848,296546304,2.6,0.0,167901.25328448988,0.0,10.997724050408422,34.3,10609.804329357652,240.95013601349362,29.99379286475024,0.9997930954916747
2026-03-04T19:58:29+00:00,1772654309.9020603,10.44375,13.8,4.6,2304.0,16,14190559232,2833391616,83.4,17023950848,296546304,2.6,16387.422589823887,479332.1107523487,1.0002088983046806,18.00376016948425,34.3,20659.314794483176,951.1986622877512,47.009818220319985,6.001253389828084
2026-03-04T19:58:30+00:00,1772654310.902113,13.75,19.0,9.4,2304.0,16,14171811840,2852139008,83.2,17023950848,296546304,2.6,0.0,7171718.118543577,0.0,161.9914645877662,34.3,10819.42991876315,0.0,26.998577431294365,0.0
2026-03-04T19:58:31+00:00,1772654311.90174,4.58125,11.1,1.6,2304.0,16,14170071040,2853879808,83.2,17023950848,296546304,2.6,229461.56315535904,1782424.642367521,6.002238154524249,36.0134289271455,34.3,40808.21683958462,13079.877311734093,87.03245324060161,45.016786158931865
2026-03-04T19:58:32+00:00,1772654312.9020853,5.54375,16.7,0.0,2304.0,16,14174769152,2849181696,83.3,17023950848,296546304,2.6,0.0,434026.16110389744,0.0,54.981018897208415,34.3,22340.287460269337,2153.2566309924896,50.9823993410478,14.994823335602295
2026-03-04T19:58:33+00:00,1772654313.9018838,1.3687500000000001,3.1,0.0,2304.0,16,14173437952,2850512896,83.3,17023950848,296546304,2.6,0.0,389198.4093513255,0.0,5.0010075214757075,34.3,12426.503489362838,0.0,28.005642120263964,0.0
2026-03-04T19:58:34+00:00,1772654314.9022193,6.25625,18.2,0.0,2304.0,16,14180429824,2843521024,83.3,17023950848,296546304,2.6,16378.505749323536,249772.2126771839,0.9996646575514854,12.995640548169309,34.3,10020.638527296089,904.6965150840942,37.98725698695644,4.998323287757427
2026-03-04T19:58:35+00:00,1772654315.9024172,3.0500000000000003,6.2,0.0,2304.0,16,14172811264,2851139584,83.3,17023950848,296546304,2.6,0.0,69618.22342933503,0.0,6.998615062117206,34.3,9487.122617775738,192.96181528408866,10.997823669041322,0.9998021517310294
2026-03-04T19:58:36+00:00,1772654316.902036,1.65625,7.6,0.0,2304.0,16,14173442048,2850508800,83.3,17023950848,296546304,2.6,0.0,8195.124237932314,0.0,2.000762753401444,34.3,9790.732533769964,360.1372956122599,11.00419514370794,1.000381376700722
2026-03-04T19:58:37+00:00,1772654317.9017994,1.2750000000000001,6.2,0.0,2304.0,16,14167121920,2856828928,83.2,17023950848,296546304,2.6,0.0,90133.31754183806,0.0,5.001182835906319,34.3,10064.380338977877,298.07049702001666,10.002365671812639,2.0004731343625277
2026-03-04T19:58:38+00:00,1772654318.9021468,0.9625,4.7,0.0,2304.0,16,14159728640,2864222208,83.2,17023950848,296546304,2.6,0.0,126931.90691843505,0.0,5.997916468550044,34.3,7578.36745801298,0.0,6.997569213308385,0.0
2026-03-04T19:58:39+00:00,1772654319.902015,3.725,12.3,0.0,2304.0,16,14159454208,2864496640,83.2,17023950848,296546304,2.6,0.0,8193.08022054719,0.0,2.000263725719529,34.3,7785.026420500407,0.0,15.001977942896467,0.0
2026-03-04T19:58:40+00:00,1772654320.902257,4.18125,10.6,1.5,2304.0,16,14170329088,2853621760,83.2,17023950848,296546304,2.6,0.0,491401.0834646901,0.0,51.987419311856854,34.3,1642.6024986419388,0.0,5.998548382137329,0.0
2026-03-04T19:58:41+00:00,1772654321.9019272,1.96875,6.2,0.0,2304.0,16,14159454208,2864496640,83.2,17023950848,296546304,2.6,0.0,270425.16807352204,0.0,27.00890572467261,34.3,3421.1280584585306,465.1533763693616,4.001319366618164,2.000659683309082
2026-03-04T19:58:42+00:00,1772654322.901854,3.9,9.2,0.0,2304.0,16,14160973824,2862977024,83.2,17023950848,296546304,2.6,6656.487218278888,69637.09705276375,4.000292799446447,2.0001463997232234,34.3,4398.321932991368,744.0544606970391,11.000805198477728,4.000292799446447
2026-03-04T19:58:43+00:00,1772654323.9019141,1.95625,6.2,0.0,2304.0,16,14159069184,2864881664,83.2,17023950848,296546304,2.6,0.0,110585.3558679393,0.0,3.999759688510536,34.3,2853.8285377522675,0.0,2.999819766382902,0.0
2026-03-04T19:58:44+00:00,1772654324.9018261,1.85625,4.7,0.0,2304.0,16,14159298560,2864652288,83.2,17023950848,296546304,2.6,0.0,73734.48689881936,0.0,3.0002639525886785,34.3,645.0567498065659,0.0,2.0001759683924525,0.0
2026-03-04T19:58:45+00:00,1772654325.9019392,2.3375,9.4,0.0,2304.0,16,14158221312,2865729536,83.2,17023950848,296546304,2.6,0.0,0.0,0.0,0.0,34.3,1623.8164918381856,0.0,3.9995480094536586,0.0
2026-03-04T19:58:46+00:00,1772654326.902202,1.25625,4.6,0.0,2304.0,16,14156222464,2867728384,83.2,17023950848,296546304,2.6,0.0,24569.544664807174,0.0,4.998686658692866,34.3,2038.4644194149505,0.0,2.9992119952157195,0.0
2026-03-04T19:58:47+00:00,1772654327.9020383,2.1437500000000003,6.2,0.0,2304.0,16,14156488704,2867462144,83.2,17023950848,296546304,2.6,0.0,749690.615757563,0.0,149.02437370308883,34.3,1394.2280331684956,0.0,1.000163581899925,0.0
2026-03-04T19:58:48+00:00,1772654328.9018161,2.75,4.8,1.5,2304.0,16,14156980224,2866970624,83.2,17023950848,296546304,2.6,0.0,8193.820717074468,0.0,2.000444511004509,34.3,97.02155878371869,0.0,2.000444511004509,0.0
2026-03-04T19:58:49+00:00,1772654329.9020486,5.80625,9.4,1.6,2304.0,16,14155427840,2868523008,83.2,17023950848,296546304,2.6,0.0,0.0,0.0,0.0,34.3,1501.6509290562083,0.0,2.999302787728778,0.0
2026-03-04T19:58:50+00:00,1772654330.902289,2.7687500000000003,6.2,0.0,2304.0,16,14150496256,2873454592,83.1,17023950848,296546304,2.6,65520.25378422392,102375.39653784987,0.9997597318149402,4.9987986590747004,34.3,96.97669398604918,141.9658819177215,1.9995194636298803,0.9997597318149402
2026-03-04T19:58:51+00:00,1772654331.9021788,1.9375,7.7,0.0,2304.0,16,14150365184,2873585664,83.1,17023950848,296546304,2.6,0.0,110604.18298257302,0.0,7.000771130624377,34.3,206.02269327266023,607.0668680412853,3.0003304845533045,3.0003304845533045
2026-03-04T19:58:52+00:00,1772654332.9020994,3.2875,13.8,0.0,2304.0,16,14144925696,2879025152,83.1,17023950848,296546304,2.6,0.0,73733.85398039233,0.0,9.000714597215861,34.3,42.00333478700735,0.0,1.0000793996906512,0.0
2026-03-04T19:58:53+00:00,1772654333.9023063,2.5625,7.9,0.0,2304.0,16,14109429760,2914521088,82.9,17023950848,297066496,2.6,0.0,610177.7253509511,0.0,5.998758572950048,34.3,41.99131001065034,0.0,0.9997930954916747,0.0
2026-03-04T19:58:54+00:00,1772654334.9020152,3.71875,7.8,1.6,2304.0,16,14096973824,2926977024,82.8,17023950848,297066496,2.6,0.0,385136.11662254244,0.0,20.00582387708519,34.3,403.1173511232666,0.0,6.0017471631255574,0.0
2026-03-04T19:58:55+00:00,1772654335.901933,1.34375,9.1,0.0,2304.0,16,14096453632,2927497216,82.8,17023950848,297066496,2.6,32770.69553421958,167949.8146128753,2.0001645223522693,16.001316178818154,34.3,42.00345496939765,0.0,1.0000822611761346,0.0
2026-03-04T19:58:56+00:00,1772654336.9022446,2.45625,4.8,0.0,2304.0,16,14100615168,2923335680,82.8,17023950848,297066496,2.6,0.0,1019586.2835749072,0.0,24.992212099739465,34.3,41.986916327562305,0.0,0.9996884839895787,0.0
2026-03-04T19:58:57+00:00,1772654337.9019156,4.8500000000000005,7.8,3.1,2304.0,16,14098239488,2925711360,82.8,17023950848,297066496,2.6,0.0,139309.83539315284,0.0,4.0013165037095835,34.3,403.1326377487405,0.0,6.001974755564374,0.0
2026-03-04T19:58:58+00:00,1772654338.9022863,1.6812500000000001,4.8,0.0,2304.0,16,14100148224,2923802624,82.8,17023950848,297066496,2.6,0.0,77795.15815378925,0.0,2.998888189522098,34.3,41.98443465330937,0.0,0.9996293965073659,0.0
2026-03-04T19:58:59+00:00,1772654339.9017055,1.075,3.1,0.0,2304.0,16,14093463552,2930487296,82.8,17023950848,297066496,2.6,0.0,36885.42259823067,0.0,8.004649001352142,34.3,42.024407257098744,0.0,1.0005811251690178,0.0
2026-03-04T19:59:00+00:00,1772654340.9019196,4.00625,7.8,0.0,2304.0,16,14097625088,2926325760,82.8,17023950848,297066496,2.6,0.0,0.0,0.0,0.0,34.3,360.92272648611436,0.0,4.998929729724576,0.0
2026-03-04T19:59:01+00:00,1772654341.9022026,2.60625,9.2,0.0,2304.0,16,14101057536,2922893312,82.8,17023950848,297066496,2.6,445825.83001798834,249785.3100445216,8.997453694931059,11.996604926574744,34.3,0.0,0.0,0.0,0.0
2026-03-04T19:59:02+00:00,1772654342.9019122,3.45,9.5,1.5,2304.0,16,14105829376,2918121472,82.9,17023950848,297066496,2.6,16161877.309441304,106526.93476451472,923.2681113623713,5.001452390912087,34.3,84.02440016732307,0.0,2.0005809563648347,0.0
2026-03-04T19:59:03+00:00,1772654343.9019136,2.775,6.2,0.0,2304.0,16,14105403392,2918547456,82.9,17023950848,297066496,2.6,0.0,200703.7128910357,0.0,33.99995136267944,34.3,41.999939918604014,0.0,0.9999985694905718,0.0
2026-03-04T19:59:04+00:00,1772654344.902003,5.36875,14.3,0.0,2304.0,16,14108536832,2915414016,82.9,17023950848,297066496,2.6,0.0,131060.28229764423,0.0,1.999821202051456,34.3,41.99624524308058,0.0,0.999910601025728,0.0
2026-03-04T19:59:05+00:00,1772654345.9019146,1.5625,6.1,0.0,2304.0,16,14109040640,2914910208,82.9,17023950848,297066496,2.6,0.0,12289.087010212133,0.0,2.0001769222350476,34.3,42.003715366936,0.0,1.0000884611175238,0.0
2026-03-04T19:59:06+00:00,1772654346.9019165,2.04375,6.2,0.0,2304.0,16,14107889664,2916061184,82.9,17023950848,297066496,2.6,0.0,69631.86718775332,0.0,1.9999961853100103,34.3,41.99991989151022,0.0,0.9999980926550052,0.0
2026-03-04T19:59:07+00:00,1772654347.9019248,2.45,6.3,0.0,2304.0,16,14106308608,2917642240,82.9,17023950848,297066496,2.6,0.0,606202.9414484618,0.0,55.999532703484384,34.3,0.0,0.0,0.0,0.0
2026-03-04T19:59:08+00:00,1772654348.9019835,0.9750000000000001,4.7,0.0,2304.0,16,14103670784,2920280064,82.8,17023950848,297066496,2.6,0.0,0.0,0.0,0.0,34.3,83.99507360741914,0.0,1.9998827049385512,0.0
2026-03-04T19:59:09+00:00,1772654349.9019725,2.44375,4.8,0.0,2304.0,16,14111641600,2912309248,82.9,17023950848,297066496,2.6,0.0,16384.1796894707,0.0,3.000032902124762,34.3,42.00046062974667,0.0,1.0000109673749207,0.0
2026-03-04T19:59:10+00:00,1772654350.902297,4.2875,9.4,0.0,2304.0,16,14106914816,2917036032,82.9,17023950848,297066496,2.6,0.0,69609.41260276976,0.0,1.9993512351438925,34.3,41.986375938021745,0.0,0.9996756175719462,0.0
2026-03-04T19:59:11+00:00,1772654351.9024165,3.78125,10.9,0.0,2304.0,16,14110093312,2913857536,82.9,17023950848,297066496,2.6,0.0,12286.532401863733,0.0,1.999761133115842,34.3,41.99498379543268,0.0,0.999880566557921,0.0
2026-03-04T19:59:12+00:00,1772654352.9019608,1.3875000000000002,3.2,0.0,2304.0,16,14109995008,2913955840,82.9,17023950848,297066496,2.6,0.0,176208.28364898043,0.0,6.002734953521771,34.3,42.0191446746524,0.0,1.000455825586962,0.0
2026-03-04T19:59:13+00:00,1772654353.9021022,2.53125,6.2,0.0,2304.0,16,14110433280,2913517568,82.9,17023950848,297066496,2.6,0.0,36858.788822705304,0.0,4.999293188843493,34.3,0.0,0.0,0.0,0.0
2026-03-04T19:59:14+00:00,1772654354.9019916,1.55625,7.6,0.0,2304.0,16,14110175232,2913775616,82.9,17023950848,297066496,2.6,0.0,16385.81270053221,0.0,3.0003319153806536,34.3,42.00464681532915,0.0,1.0001106384602179,0.0
2026-03-04T19:59:15+00:00,1772654355.901927,1.84375,4.7,0.0,2304.0,16,14108786688,2915164160,82.9,17023950848,297066496,2.6,0.0,147465.52795936514,0.0,2.0001292312196877,34.3,42.002713855613436,0.0,1.0000646156098438,0.0
2026-03-04T19:59:16+00:00,1772654356.901861,3.16875,13.4,0.0,2304.0,16,14109597696,2914353152,82.9,17023950848,297066496,2.6,0.0,12288.811577035627,0.0,2.0001320926164756,34.3,42.00277394494599,0.0,1.0000660463082378,0.0
2026-03-04T19:59:17+00:00,1772654357.9019704,3.10625,6.2,0.0,2304.0,16,14118866944,2905083904,82.9,17023950848,297066496,2.6,0.0,24573.310841160754,0.0,4.9994528892335515,34.3,0.0,0.0,0.0,0.0
2026-03-04T19:59:18+00:00,1772654358.9021685,2.05,7.7,0.0,2304.0,16,14105968640,2917982208,82.9,17023950848,297066496,2.6,0.0,73713.39547165943,0.0,2.999405740220517,34.3,83.98336072617448,0.0,1.9996038268136782,0.0
2026-03-04T19:59:19+00:00,1772654359.9018562,1.4625000000000001,4.7,0.0,2304.0,16,14105571328,2918379520,82.9,17023950848,297066496,2.6,0.0,0.0,0.0,0.0,34.3,42.01312188855982,0.0,1.0003124259180909,0.0
2026-03-04T19:59:20+00:00,1772654360.9019704,3.7,7.8,0.0,2304.0,16,14110097408,2913853440,82.9,17023950848,297066496,2.6,0.0,139248.09751922806,0.0,13.998401347578648,34.3,0.0,0.0,0.0,0.0
2026-03-04T19:59:21+00:00,1772654361.902245,2.5375,6.2,0.0,2304.0,16,14104342528,2919608320,82.8,17023950848,297066496,2.6,0.0,90087.25679592397,0.0,4.998627086066449,34.3,41.988467522958175,0.0,0.9997254172132898,0.0
2026-03-04T19:59:22+00:00,1772654362.9022448,1.63125,4.6,0.0,2304.0,16,14111088640,2912862208,82.9,17023950848,297066496,2.6,4096.000976562733,57344.01367187826,1.000000238418636,6.000001430511816,34.3,42.00001001358271,0.0,1.000000238418636,0.0
2026-03-04T19:59:23+00:00,1772654363.9018486,3.8937500000000003,7.7,0.0,2304.0,16,14106411008,2917539840,82.9,17023950848,297066496,2.6,0.0,0.0,0.0,0.0,34.3,0.0,0.0,0.0,0.0
2026-03-04T19:59:24+00:00,1772654364.90222,1.85,4.7,0.0,2304.0,16,14102343680,2921607168,82.8,17023950848,297066496,2.6,311180.41012406984,388975.51265508734,10.995915499604134,5.9977720906931635,34.3,0.0,0.0,0.0,0.0
2026-03-04T19:59:25+00:00,1772654365.902123,5.325,9.5,0.0,2304.0,16,14102704128,2921246720,82.8,17023950848,297066496,2.6,0.0,286747.8249656584,0.0,13.001261595122626,34.3,1003.0973369159996,0.0,11.0010675035653,0.0
2026-03-04T19:59:26+00:00,1772654366.9020631,3.975,7.8,1.6,2304.0,16,14104453120,2919497728,82.9,17023950848,297066496,2.6,0.0,266255.93357070116,0.0,5.000299233223806,34.3,84.00502711815993,0.0,2.000119693289522,0.0
2026-03-04T19:59:27+00:00,1772654367.9018927,1.75625,4.7,0.0,2304.0,16,14100647936,2923302912,82.8,17023950848,297066496,2.6,0.0,8193.39672247328,0.0,2.0003409966975783,34.3,84.01432186129828,0.0,2.0003409966975783,0.0
2026-03-04T19:59:28+00:00,1772654368.9018443,4.675,9.4,3.1,2304.0,16,14095441920,2928508928,82.8,17023950848,297066496,2.6,0.0,24577.189510696095,0.0,4.000193605256526,34.3,805.0389630578758,0.0,8.000387210513052,0.0
2026-03-04T19:59:29+00:00,1772654369.9021566,4.31875,10.6,1.5,2304.0,16,14103502848,2920448000,82.8,17023950848,297066496,2.6,0.0,536408.4644354795,0.0,7.9975021534392825,34.3,510.8404500509341,0.0,6.997814384259372,0.0
2026-03-04T19:59:30+00:00,1772654370.9018457,6.94375,10.8,3.2,2304.0,16,14109663232,2914287616,82.9,17023950848,297066496,2.6,0.0,65556.38133651324,0.0,1.0003109945146673,34.3,511.158918196995,0.0,7.002176961602671,0.0
2026-03-04T19:59:31+00:00,1772654371.9022102,1.96875,9.5,0.0,2304.0,16,14095228928,2928721920,82.8,17023950848,297066496,2.6,0.0,65512.118080962704,0.0,7.997084726680018,34.3,829.6975403930519,0.0,10.995991499185024,0.0
2026-03-04T19:59:32+00:00,1772654372.9017804,2.0625,4.7,0.0,2304.0,16,14096089088,2927861760,82.8,17023950848,297066496,2.6,12293.284498202862,61466.42249101432,1.0004300535646862,5.00215026782343,34.3,829.3565144051248,0.0,7.003010374952803,0.0
2026-03-04T19:59:33+00:00,1772654373.9018052,4.1875,10.9,1.6,2304.0,16,14102167552,2921783296,82.8,17023950848,297066496,2.6,0.0,155644.14072069287,0.0,14.999628076238649,34.3,41.99895861346822,0.0,0.9999752050825766,0.0
2026-03-04T19:59:34+00:00,1772654374.9017217,3.6875,7.7,0.0,2304.0,16,14099042304,2924908544,82.8,17023950848,297066496,2.6,0.0,65541.46920638614,0.0,1.0000834534665854,34.3,403.03363174703395,0.0,6.000500720799513,0.0
2026-03-04T19:59:35+00:00,1772654375.90216,1.66875,6.1,0.0,2304.0,16,14098276352,2925674496,82.8,17023950848,297066496,2.6,0.0,94166.7348798015,0.0,4.997809892992182,34.3,41.981603101134326,0.0,0.9995619785984363,0.0
2026-03-04T19:59:36+00:00,1772654376.9019246,1.3687500000000001,6.2,0.0,2304.0,16,14098829312,2925121536,82.8,17023950848,297066496,2.6,0.0,266302.66611372336,0.0,29.006825861245407,34.3,402.09462055933284,0.0,2.000470749051407,0.0
2026-03-04T19:59:37+00:00,1772654377.9021747,1.2750000000000001,3.1,0.0,2304.0,16,14097723392,2926227456,82.8,17023950848,297066496,2.6,0.0,77804.54099952972,0.0,4.9987498072271865,34.3,402.8992344625113,0.0,5.998499768672624,0.0
2026-03-04T19:59:38+00:00,1772654378.9021132,3.4125,10.8,1.6,2304.0,16,14102429696,2921521152,82.8,17023950848,297066496,2.6,0.0,0.0,0.0,0.0,34.3,42.002583662649386,0.0,1.0000615157773662,0.0
2026-03-04T19:59:39+00:00,1772654379.9023006,3.9,12.1,1.5,2304.0,16,14098919424,2925031424,82.8,17023950848,297066496,2.6,0.0,290761.5121639822,0.0,5.998875828647299,34.3,401.9246805193691,0.0,1.9996252762157665,0.0
2026-03-04T19:59:40+00:00,1772654380.9020844,4.15,6.3,1.6,2304.0,16,14097248256,2926702592,82.8,17023950848,297066496,2.6,0.0,155681.66548313934,0.0,4.000865169694165,34.3,182.0393652210845,0.0,4.000865169694165,0.0
2026-03-04T19:59:41+00:00,1772654381.9021022,6.33125,9.4,3.1,2304.0,16,14117253120,2906697728,82.9,17023950848,297066496,2.6,8191.853518244298,647156.4279412995,0.999982118926306,40.99926687597854,34.3,304.9945462725233,0.0,3.999928475705224,0.0
2026-03-04T19:59:42+00:00,1772654382.9018583,1.95625,6.2,0.0,2304.0,16,14100135936,2923814912,82.8,17023950848,297066496,2.6,0.0,131103.9765491509,0.0,4.00097584683688,34.3,984.2400583218725,0.0,7.00170773196454,0.0
2026-03-04T19:59:43+00:00,1772654383.9018805,1.375,4.7,0.0,2304.0,16,14100537344,2923413504,82.8,17023950848,297066496,2.6,0.0,204795.45908506037,0.0,19.99955655127543,34.3,444.9901332658783,0.0,6.9998447929464,0.0
2026-03-04T19:59:44+00:00,1772654384.9019856,5.9375,12.3,1.5,2304.0,16,14105227264,2918723584,82.9,17023950848,297066496,2.6,0.0,73720.24886184977,0.0,2.999684605381257,34.3,485.9489060717636,0.0,3.999579473841676,0.0
2026-03-04T19:59:45+00:00,1772654385.9022698,6.875,9.5,4.7,2304.0,16,14105235456,2918715392,82.9,17023950848,297066496,2.6,0.0,85991.56163276047,0.0,3.998863543190126,34.3,83.97613440699264,0.0,1.999431771595063,0.0
2026-03-04T19:59:46+00:00,1772654386.902108,15.3875,27.7,9.4,2304.0,16,14123171840,2900779008,83.0,17023950848,297066496,2.6,65546.61109278965,884879.2497526603,1.0001619124266,20.003238248531996,34.3,788.1275869921607,0.0,10.001619124265998,0.0
2026-03-04T19:59:47+00:00,1772654387.902209,9.55,17.2,3.1,2304.0,16,14121136128,2902814720,82.9,17023950848,297066496,2.6,0.0,159727.8531947721,0.0,16.998281652588677,34.3,552.9441031695023,0.0,7.999191365924084,0.0
2026-03-04T19:59:48+00:00,1772654388.9018214,3.40625,6.2,0.0,2304.0,16,14119600128,2904350720,82.9,17023950848,297066496,2.6,0.0,45073.47357082991,0.0,11.004266008503397,34.3,829.3215019135741,0.0,7.002714732683979,0.0
2026-03-04T19:59:49+00:00,1772654389.9017565,1.175,4.7,0.0,2304.0,16,14122369024,2901581824,83.0,17023950848,297066496,2.6,0.0,0.0,0.0,0.0,34.3,788.0511049987219,0.0,10.000648540592918,0.0
2026-03-04T19:59:50+00:00,1772654390.9018984,2.1437500000000003,7.7,0.0,2304.0,16,14122176512,2901774336,83.0,17023950848,297066496,2.6,0.0,12286.257083186032,0.0,2.999574483199715,34.3,83.98808552959201,0.0,1.999716322133143,0.0
2026-03-04T19:59:51+00:00,1772654391.9023461,0.7625,3.1,0.0,2304.0,16,14122389504,2901561344,83.0,17023950848,297066496,2.6,0.0,12282.500509272477,0.0,1.999104900597734,34.3,41.98120291255241,0.0,0.999552450298867,0.0
2026-03-04T19:59:52+00:00,1772654392.9020386,1.76875,6.3,0.0,2304.0,16,14116581376,2907369472,82.9,17023950848,297066496,2.6,0.0,163890.40612790704,0.0,7.002153582124935,34.3,403.12398479947836,0.0,6.001845927535658,0.0
2026-03-04T19:59:53+00:00,1772654393.9021652,3.11875,9.1,0.0,2304.0,16,14122795008,2901155840,83.0,17023950848,297066496,2.6,0.0,0.0,0.0,0.0,34.3,401.9491131355584,0.0,1.999746831520191,0.0
2026-03-04T19:59:54+00:00,1772654394.9021432,3.0125,7.7,0.0,2304.0,16,14132727808,2891223040,83.0,17023950848,297066496,2.6,0.0,229381.03136036042,0.0,6.000131609942463,34.3,42.00092126959724,0.0,1.0000219349904107,0.0
2026-03-04T19:59:55+00:00,1772654395.9018135,3.24375,9.2,0.0,2304.0,16,14115532800,2908418048,82.9,17023950848,297066496,2.6,0.0,139309.93506817802,0.0,15.004947624818117,34.3,721.2378158329241,0.0,6.001979049927247,0.0
2026-03-04T19:59:56+00:00,1772654396.9019084,2.1875,9.0,0.0,2304.0,16,14113787904,2910162944,82.9,17023950848,297066496,2.6,0.0,208876.1796151431,0.0,26.99743819703998,34.3,41.9960149731733,0.0,0.9999051184088882,0.0
2026-03-04T19:59:57+00:00,1772654397.9023228,2.4625,6.2,0.0,2304.0,16,14113611776,2910339072,82.9,17023950848,297066496,2.6,0.0,4094.3034373821806,0.0,0.9995858001421339,34.3,41.98260360596962,0.0,0.9995858001421339,0.0
2026-03-04T19:59:58+00:00,1772654398.9022648,2.825,7.6,0.0,2304.0,16,14118330368,2905620480,82.9,17023950848,297066496,2.6,0.0,147464.54346372167,0.0,4.000231756285853,34.3,763.0442075115265,0.0,7.000405573500243,0.0
2026-03-04T19:59:59+00:00,1772654399.901817,2.5625,6.2,0.0,2304.0,16,14117195776,2906755072,82.9,17023950848,297066496,2.6,0.0,225380.91432502327,0.0,5.002239753307512,34.3,0.0,0.0,0.0,0.0
2026-03-04T20:00:00+00:00,1772654400.901713,3.9937500000000004,20.6,0.0,2304.0,16,14128795648,2895155200,83.0,17023950848,297066496,2.6,0.0,0.0,0.0,0.0,34.3,42.00437639057223,0.0,1.0001041997755293,0.0
2026-03-04T20:00:01+00:00,1772654401.9021504,7.2875,15.6,1.6,2304.0,16,14149541888,2874408960,83.1,17023950848,297066496,2.6,446268.75826944725,863878.0549986548,13.99387770519518,55.97551082078072,34.3,41.981633115585545,0.0,0.9995626932282272,0.0
2026-03-04T20:00:02+00:00,1772654402.901875,2.8312500000000003,6.2,0.0,2304.0,16,14145912832,2878038016,83.1,17023950848,297066496,2.6,98331.0777689989,217147.79673987257,8.002203594482333,19.005233536895542,34.3,42.011568871032246,0.0,1.0002754493102917,0.0
2026-03-04T20:00:03+00:00,1772654403.901986,2.0500000000000003,4.7,0.0,2304.0,16,14146142208,2877808640,83.1,17023950848,297066496,2.6,0.0,118770.83251449603,0.0,19.99778295300647,34.3,41.995344201313586,0.0,0.9998891476503236,0.0
2026-03-04T20:00:04+00:00,1772654404.90201,1.94375,7.6,0.0,2304.0,16,14141775872,2882174976,83.1,17023950848,297066496,2.6,0.0,65534.42191300077,0.0,1.999951840606713,34.3,41.99898865274097,0.0,0.9999759203033565,0.0
2026-03-04T20:00:05+00:00,1772654405.9018216,4.0,9.4,1.6,2304.0,16,14149623808,2874327040,83.1,17023950848,297066496,2.6,0.0,376902.98993350205,0.0,7.001318703121058,34.3,42.00791221872635,0.0,1.000188386160151,0.0
