ts_iso_utc,ts_unix,disk_read_bytes_per_s,disk_write_bytes_per_s,disk_read_ops_per_s,disk_write_ops_per_s,disk_usage_percent_c,net_bytes_sent_per_s,net_bytes_recv_per_s,net_packets_sent_per_s,net_packets_recv_per_s
2026-03-07T16:34:53+00:00,1772901293.8423693,0.0,0.0,0.0,0.0,37.5,0.0,0.0,0.0,0.0
2026-03-07T16:34:54+00:00,1772901294.842313,16384.92192687386,499740.11876965273,1.000056269950797,21.00118166896674,37.5,139.0078215231608,54.00303857734305,1.000056269950797,1.000056269950797
2026-03-07T16:34:55+00:00,1772901295.8420255,81943.56146219335,487564.19070005044,5.0014380775264495,31.008916080663987,37.5,1644.4728398906966,2794.80359772178,9.00258853954761,9.00258853954761
2026-03-07T16:34:56+00:00,1772901296.8423622,196541.83477432697,548679.2887449961,4.99831733129697,32.988894386560006,37.5,23549.072274672548,9384.840621243191,38.98687518411637,53.98182717800728
2026-03-07T16:34:57+00:00,1772901297.842187,0.0,438348.81521873135,0.0,38.006660198031796,37.5,1725.3023379369697,4042.70843474854,13.002278488800352,17.002979562277382
2026-03-07T16:34:58+00:00,1772901298.8422687,283112.84771853266,352227.19571491954,8.999264062029534,27.997710415202995,37.5,145.98806145070134,557.9543718458311,1.9998364582287853,3.9996729164575706
2026-03-07T16:34:59+00:00,1772901299.842208,65539.98461725173,2592925.6414200217,1.000060800434139,39.00237121693142,37.5,1801.1095015818842,1033.0628068484655,9.000547203907251,9.000547203907251
2026-03-07T16:35:00+00:00,1772901300.842457,0.0,200654.00757267154,0.0,16.995765548944796,37.5,0.0,0.0,0.0,0.0
2026-03-07T16:35:01+00:00,1772901301.8424683,0.0,2293734.2971630176,0.0,9.99988794452348,37.5,886.9900606792327,373.99580912517814,4.99994397226174,2.9999663833570436
2026-03-07T16:35:02+00:00,1772901302.842505,65533.59383834574,2543522.6108507942,0.9999632848868674,15.999412558189878,37.5,11348.583320181058,7310.731575807888,5.999779709321205,15.999412558189878
2026-03-07T16:35:03+00:00,1772901303.8422928,0.0,6960580.983326712,0.0,63.0133709669496,37.5,0.0,0.0,0.0,0.0
2026-03-07T16:35:04+00:00,1772901304.8421206,0.0,131094.56638453715,0.0,2.0003443357015556,37.5,0.0,0.0,0.0,0.0
2026-03-07T16:35:05+00:00,1772901305.8421602,0.0,278516.97699876264,0.0,16.999327209397133,37.5,426.9831010830927,0.0,4.999802120410922,0.0
2026-03-07T16:35:06+00:00,1772901306.8424911,0.0,438127.01282362954,0.0,7.9973534758986125,37.5,481.8405469228914,65.97816617616355,5.998015106923959,0.9996691844873266
2026-03-07T16:35:07+00:00,1772901307.8422766,0.0,299072.17392648075,0.0,15.003219341613638,37.5,427.0916439246016,0.0,5.001073113871213,0.0
2026-03-07T16:35:08+00:00,1772901308.8422332,0.0,196616.5316202056,0.0,3.000130182193079,37.5,427.01852926548156,0.0,5.000216970321798,0.0
2026-03-07T16:35:09+00:00,1772901309.8424146,7166.699698812772,139238.73700550527,0.9998185963745496,3.9992743854981985,37.5,0.0,0.0,0.0,0.0
2026-03-07T16:35:10+00:00,1772901310.8425074,0.0,339936.4726505611,0.0,19.998145275470694,37.5,217.9797835026306,312.9709735611164,3.999629055094139,3.999629055094139
2026-03-07T16:35:11+00:00,1772901311.8421357,0.0,200778.62832488024,0.0,4.001487331092161,37.5,1641.610177580559,1488.5532871662836,16.005949324368643,18.006692989914722
2026-03-07T16:35:12+00:00,1772901312.842506,0.0,196535.2300690896,0.0,4.998149364956909,37.5,2999.8892488471365,9574.454923511454,8.996668856922435,16.99370784085349
2026-03-07T16:35:13+00:00,1772901313.8424177,0.0,286745.2952001629,0.0,9.000794003911363,37.5,0.0,0.0,0.0,0.0
2026-03-07T16:35:14+00:00,1772901314.8425713,0.0,331725.06641417247,0.0,4.999232410032258,37.5,0.0,0.0,0.0,0.0
2026-03-07T16:35:15+00:00,1772901315.8424647,0.0,196628.9553582776,0.0,3.000319753391687,37.5,0.0,0.0,0.0,0.0
2026-03-07T16:35:16+00:00,1772901316.842662,0.0,143331.70480452105,0.0,4.999013141898753,37.5,0.0,0.0,0.0,0.0
2026-03-07T16:35:17+00:00,1772901317.8420396,0.0,139350.74736055336,0.0,4.0024915946850115,37.5,82.05107769104274,132.08222262460538,1.0006228986712529,2.0012457973425057
2026-03-07T16:35:18+00:00,1772901318.842308,0.0,200650.1336015617,0.0,3.9989264509239817,37.5,0.0,0.0,0.0,0.0
2026-03-07T16:35:19+00:00,1772901319.8424459,0.0,262107.8799775536,0.0,3.9994488521965574,37.5,163.97740294005885,197.9727181837296,1.9997244260982787,2.9995866391474184
2026-03-07T16:35:20+00:00,1772901320.8424196,0.0,204805.37123461624,0.0,4.000104906926098,37.5,0.0,0.0,0.0,0.0
2026-03-07T16:35:21+00:00,1772901321.8423471,0.0,376859.31447973294,0.0,38.00275441106342,37.5,0.0,0.0,0.0,0.0
2026-03-07T16:35:22+00:00,1772901322.8420818,114718.44167174831,966912.5798047358,2.0005308606261916,35.00929006095835,37.5,0.0,0.0,0.0,0.0
2026-03-07T16:35:23+00:00,1772901323.8423703,0.0,249783.94071000596,0.0,6.997981177038141,37.5,3688.9357918958203,5728.347449204079,12.996250757356547,14.995673950796016
2026-03-07T16:35:24+00:00,1772901324.8420303,0.0,532661.0967264012,0.0,22.007482211502456,37.5,0.0,0.0,0.0,0.0
2026-03-07T16:35:25+00:00,1772901325.842524,0.0,266108.6049173394,0.0,4.9975323940305625,37.5,162.91955604539632,290.8563853325787,2.9985194364183374,3.9980259152244497
2026-03-07T16:35:26+00:00,1772901326.8423712,0.0,286763.8250569967,0.0,28.004279790722336,37.5,110.01681346355203,132.02017615626244,2.00030569933731,2.00030569933731
2026-03-07T16:35:27+00:00,1772901327.8424017,65534.00006103329,303094.750282279,3.9998779334126766,19.999389667063383,37.5,107.99670420214227,185.99432390368946,1.9999389667063383,2.9999084500595075
2026-03-07T16:35:28+00:00,1772901328.8420491,0.0,151605.45928055668,0.0,5.001763727319886,37.5,0.0,156.05502829238043,0.0,2.0007054909279542
2026-03-07T16:35:29+00:00,1772901329.8426244,65498.3185532882,540361.1280646276,1.9988500535061096,48.97182631089969,37.5,0.0,77.95515208673828,0.0,0.9994250267530548
2026-03-07T16:35:30+00:00,1772901330.8424354,0.0,196645.17890426423,0.0,3.000567305057743,37.5,0.0,0.0,0.0,0.0
2026-03-07T16:35:31+00:00,1772901331.8423684,0.0,147465.8795681378,0.0,5.000335000547207,37.5,0.0,0.0,0.0,0.0
2026-03-07T16:35:32+00:00,1772901332.8422358,0.0,278564.9267700396,0.0,9.001193204741917,37.5,0.0,0.0,0.0,0.0
2026-03-07T16:35:33+00:00,1772901333.842114,0.0,7103329.412075417,0.0,32.003899095639674,37.5,338.04118419769407,244.02973060425253,6.000731080432439,4.000487386954959
2026-03-07T16:35:34+00:00,1772901334.8421705,0.0,131064.59416846801,0.0,1.999886995978821,37.5,0.0,0.0,0.0,0.0
2026-03-07T16:35:35+00:00,1772901335.8421335,0.0,364557.4721775502,0.0,25.000923906136858,37.5,3143.116153479526,5011.185187746072,10.000369562454743,11.000406518700219
2026-03-07T16:35:36+00:00,1772901336.8424017,0.0,470913.6911052481,0.0,12.99651406328173,37.5,107.97103991034052,584.8431328476778,1.9994637020433428,3.9989274040866856
2026-03-07T16:35:37+00:00,1772901337.8424737,0.0,135158.26827883237,0.0,2.9997840083192555,37.5,81.99409622739299,323.9766728984796,0.9999280027730852,3.999712011092341
2026-03-07T16:35:38+00:00,1772901338.8422596,0.0,131100.06850946462,0.0,2.0004282914652194,37.5,0.0,0.0,0.0,0.0
2026-03-07T16:35:39+00:00,1772901339.842084,2048.359926525557,297012.18934620573,4.000702981495229,10.00175745373807,37.5,82.01441112065218,132.02319838934253,1.0001757453738072,2.0003514907476143
2026-03-07T16:35:40+00:00,1772901340.8423414,0.0,184272.55128016887,0.0,13.996396039075327,37.5,0.0,0.0,0.0,0.0
2026-03-07T16:35:41+00:00,1772901341.8424413,0.0,200683.9521980355,0.0,3.999600450375388,37.5,0.0,0.0,0.0,0.0
2026-03-07T16:35:42+00:00,1772901342.8421845,0.0,196658.49734154626,0.0,3.0007705282828714,37.5,165.04237905555792,198.0508548666695,3.0007705282828714,3.0007705282828714
2026-03-07T16:35:43+00:00,1772901343.842182,0.0,286720.7519550971,0.0,8.000020980889985,37.5,0.0,0.0,0.0,0.0
2026-03-07T16:35:44+00:00,1772901344.8424573,0.0,270261.57713470684,0.0,5.998348214104821,37.5,0.0,0.0,0.0,0.0
2026-03-07T16:35:45+00:00,1772901345.8422332,0.0,131101.38158480875,0.0,2.0004483274049187,37.5,0.0,0.0,0.0,0.0
2026-03-07T16:35:46+00:00,1772901346.8421545,0.0,139274.95789339658,0.0,4.000314737287356,37.5,0.0,0.0,0.0,0.0
2026-03-07T16:35:47+00:00,1772901347.8421125,0.0,200712.42222841078,0.0,4.00016785372311,37.5,0.0,0.0,0.0,0.0
2026-03-07T16:35:48+00:00,1772901348.8423784,0.0,593762.156218485,0.0,27.992558550171033,37.5,0.0,0.0,0.0,0.0
2026-03-07T16:35:49+00:00,1772901349.8424394,0.0,262128.0009765029,0.0,3.9997558742752517,37.5,0.0,0.0,0.0,0.0
2026-03-07T16:35:50+00:00,1772901350.8421254,0.0,139307.7422505722,0.0,11.003455054833225,37.5,0.0,0.0,0.0,0.0
2026-03-07T16:35:51+00:00,1772901351.8424392,0.0,200641.04709578084,0.0,3.9987453582545607,37.5,54.98274867600021,65.97929841120025,0.9996863395636402,0.9996863395636402
2026-03-07T16:35:52+00:00,1772901352.8421574,0.0,200760.5764907389,0.0,4.001127560800759,37.5,0.0,0.0,0.0,0.0
2026-03-07T16:35:53+00:00,1772901353.8425598,0.0,131019.27122072683,0.0,1.9991954226795476,37.5,0.9995977113397738,0.0,0.9995977113397738,0.0
2026-03-07T16:35:54+00:00,1772901354.8425198,16384.6562762867,270346.82855873054,1.0000400559257019,11.000440615182722,37.5,1.0000400559257019,0.0,1.0000400559257019,0.0
2026-03-07T16:35:55+00:00,1772901355.8420777,0.0,81956.22695082828,0.0,3.001326670562559,37.5,111.04908681081469,132.05837350475258,3.001326670562559,2.000884447041706
2026-03-07T16:35:56+00:00,1772901356.8422868,0.0,978739.3523607205,0.0,166.965088753024,37.5,0.9997909506169103,0.0,0.9997909506169103,0.0
2026-03-07T16:35:57+00:00,1772901357.8422112,0.0,364571.55384029564,0.0,21.00158727244505,37.5,137.0103550630939,198.01496571162477,2.0001511688042903,3.000226753206436
2026-03-07T16:35:58+00:00,1772901358.841998,0.0,266296.7601450848,0.0,5.0010659582535455,37.5,0.0,0.0,0.0,0.0
2026-03-07T16:35:59+00:00,1772901359.8423629,0.0,200630.81380626594,0.0,4.9981767629510605,37.5,81.97009891239739,131.951866541908,0.9996353525902121,1.9992707051804242
2026-03-07T16:36:00+00:00,1772901360.8424084,0.0,262132.0630435845,0.0,3.9998178565000075,37.5,0.0,141.99353390575027,0.0,0.9999544641250019
2026-03-07T16:36:01+00:00,1772901361.8423932,0.0,139266.12503242542,0.0,4.000061036087587,37.5,0.0,0.0,0.0,0.0
2026-03-07T16:36:02+00:00,1772901362.8424957,0.0,94198.34278693238,0.0,5.999384943121543,37.5,1.9997949810405142,0.0,1.9997949810405142,0.0
2026-03-07T16:36:03+00:00,1772901363.842361,0.0,258082.76542531617,0.0,5.000673623227387,37.5,1.0001347246454775,0.0,1.0001347246454775,0.0
2026-03-07T16:36:04+00:00,1772901364.8422115,0.0,196637.39501921582,0.0,3.0004485323977024,37.5,0.0,0.0,0.0,0.0
2026-03-07T16:36:05+00:00,1772901365.8424325,0.0,200659.65140322427,0.0,4.998895174067888,37.5,85.98099699396768,53.98806787993319,2.9993371044407326,0.9997790348135777
2026-03-07T16:36:06+00:00,1772901366.8423038,0.0,204826.3705826079,0.0,5.00064381305195,37.5,1.00012876261039,0.0,1.00012876261039,0.0
2026-03-07T16:36:07+00:00,1772901367.8422716,0.0,274440.8332921253,0.0,7.000225312809284,37.5,108.0034762547718,279.0089803248272,2.0000643750883667,4.000128750176733
2026-03-07T16:36:08+00:00,1772901368.84216,0.0,262173.25326407613,0.0,4.000446369385927,37.5,0.0,0.0,0.0,0.0
2026-03-07T16:36:09+00:00,1772901369.8423784,0.0,266181.86816424405,0.0,4.998908281329704,37.5,0.0,0.0,0.0,0.0
2026-03-07T16:36:10+00:00,1772901370.8424408,0.0,278510.60264923715,0.0,7.999500305871931,37.5,162.98981873214058,200.98744518503224,2.999812614701974,2.999812614701974
2026-03-07T16:36:11+00:00,1772901371.8423727,0.0,200717.6864801248,0.0,4.000272769454018,37.5,111.007569352349,198.01350208797388,3.0002045770905132,3.0002045770905132
2026-03-07T16:36:12+00:00,1772901372.8421397,0.0,135199.4926873101,0.0,3.000698967669347,37.5,1.0002329892231157,0.0,1.0002329892231157,0.0
2026-03-07T16:36:13+00:00,1772901373.842208,0.0,237551.80188576237,0.0,25.99822724032623,37.5,0.9999318169356243,0.0,0.9999318169356243,0.0
2026-03-07T16:36:14+00:00,1772901374.8421457,0.0,200716.49003503303,0.0,4.000248924486468,37.5,1.000062231121617,0.0,1.000062231121617,0.0
2026-03-07T16:36:15+00:00,1772901375.8421094,0.0,196615.1252582167,0.0,3.0001087228121444,37.5,1.0000362409373813,0.0,1.0000362409373813,0.0
2026-03-07T16:36:16+00:00,1772901376.842334,0.0,483219.47359272855,0.0,13.996856441791495,37.5,0.9997754601279639,0.0,0.9997754601279639,0.0
2026-03-07T16:36:17+00:00,1772901377.842283,16384.835980153024,438294.3624690934,1.0000510241792617,20.001020483585236,37.5,1515.0773016315816,4325.220679575307,10.000510241792618,11.00056126597188
2026-03-07T16:36:18+00:00,1772901378.842405,32764.000488221653,528319.5078725741,1.9997558891736849,16.99792505797632,37.5,1195.8540217258635,1868.7718784328085,9.998779445868424,11.998535335042108
2026-03-07T16:36:19+00:00,1772901379.8419478,0.0,327829.9123029225,0.0,5.002287480208168,37.5,124.05672950916257,384.1756784799873,2.000914992083267,6.002744976249802
2026-03-07T16:36:20+00:00,1772901380.842407,16376.48001563308,143294.20013678944,0.9995410165791675,8.995869149212508,37.5,6525.003756228805,1319.394141884501,15.99265626526668,16.992197281845847
2026-03-07T16:36:21+00:00,1772901381.8425186,0.0,430032.01707268,0.0,6.999219027875651,37.5,88.99007049727614,206.97690553860855,0.9998884325536644,1.9997768651073289
2026-03-07T16:36:22+00:00,1772901382.8423595,0.0,749687.2191541614,0.0,43.00683917086767,37.5,0.0,0.0,0.0,0.0
2026-03-07T16:36:23+00:00,1772901383.8425252,0.0,262100.5696964409,0.0,3.9993373061590716,37.5,53.991053633147466,53.991053633147466,0.9998343265397679,0.9998343265397679
2026-03-07T16:36:24+00:00,1772901384.842188,0.0,147505.76288186977,0.0,5.001687380705762,37.5,0.0,0.0,0.0,0.0
2026-03-07T16:36:25+00:00,1772901385.842414,0.0,106471.93512666224,0.0,3.9990961210435034,37.5,0.0,0.0,0.0,0.0
2026-03-07T16:36:26+00:00,1772901386.842265,0.0,368694.93982729723,0.0,11.00163937201679,37.5,0.0,0.0,0.0,0.0
2026-03-07T16:36:27+00:00,1772901387.8420517,36871.85909701174,385106.0839021226,3.0006395749521273,20.004263833014182,37.5,110.023451081578,132.0281412978936,2.000426383301418,2.000426383301418
2026-03-07T16:36:28+00:00,1772901388.8420324,0.0,266245.14170085854,0.0,5.000096561389321,37.5,0.0,0.0,0.0,0.0
2026-03-07T16:36:29+00:00,1772901389.84236,0.0,466791.085249154,0.0,50.98329852767539,37.5,0.0,0.0,0.0,0.0
2026-03-07T16:36:30+00:00,1772901390.8420672,0.0,65555.19311932338,0.0,1.0002928637592068,37.5,0.0,0.0,0.0,0.0
2026-03-07T16:36:31+00:00,1772901391.8421676,0.0,204779.44542252473,0.0,4.999498179260858,37.5,0.0,0.0,0.0,0.0
2026-03-07T16:36:32+00:00,1772901392.8420691,0.0,196627.36128144484,0.0,7.000689335988942,37.5,0.0,0.0,0.0,0.0
2026-03-07T16:36:33+00:00,1772901393.8421733,0.0,331741.43621835054,0.0,5.999374931610795,37.5,227.97624740121023,111.98833205673485,3.9995832877405304,1.9997916438702652
2026-03-07T16:36:34+00:00,1772901394.8419433,0.0,131102.16318976358,0.0,2.0004602537500547,37.5,0.0,0.0,0.0,0.0
2026-03-07T16:36:35+00:00,1772901395.8424892,0.0,143281.77122685683,0.0,4.997271596918835,37.5,0.0,0.0,0.0,0.0
2026-03-07T16:36:36+00:00,1772901396.8421874,0.0,204861.8350704191,0.0,5.001509645273904,37.5,55.01660609801294,66.01992731761554,1.0003019290547808,1.0003019290547808
2026-03-07T16:36:37+00:00,1772901397.842311,0.0,794525.875399719,0.0,54.99320829346275,37.5,81.98987418298083,131.9836999043106,0.9998765144265954,1.9997530288531908
2026-03-07T16:36:38+00:00,1772901398.8420691,0.0,196655.54274376444,0.0,3.000725444698554,37.5,0.0,0.0,0.0,0.0
2026-03-07T16:36:39+00:00,1772901399.8424284,0.0,135119.45201344864,0.0,2.998922496747351,37.5,81.97054824442759,131.95258985688344,0.999640832249117,1.999281664498234
2026-03-07T16:36:40+00:00,1772901400.8419886,65564.8408115619,327824.2040578095,1.0004400758600143,11.004840834460158,37.5,55.02420417230079,66.02904500676095,1.0004400758600143,1.0004400758600143
2026-03-07T16:36:41+00:00,1772901401.842497,0.0,208789.82059876033,0.0,4.997458558296002,37.5,0.0,0.0,0.0,0.0
2026-03-07T16:36:42+00:00,1772901402.8424065,139276.6183307089,585781.0712144522,3.000271821806976,39.00353368349069,37.5,5893.53394863617,7277.659349096455,22.001993359917822,27.002446396262783
2026-03-07T16:36:43+00:00,1772901403.842346,0.0,360469.8294469546,0.0,11.000666181852862,37.5,0.0,0.0,0.0,0.0
2026-03-07T16:36:44+00:00,1772901404.8420017,16389.64256760302,213065.35337883927,1.0003443949953015,14.00482152993422,37.5,0.0,0.0,0.0,0.0
2026-03-07T16:36:45+00:00,1772901405.842353,0.0,290713.8347319615,0.0,24.99121736183373,37.5,0.0,0.0,0.0,0.0
2026-03-07T16:36:46+00:00,1772901406.842386,0.0,2764709.036195995,0.0,113.99624932231748,37.5,0.0,0.0,0.0,0.0
2026-03-07T16:36:47+00:00,1772901407.8423088,0.0,2314418.7833418376,0.0,11.000849789460132,37.5,0.0,0.0,0.0,0.0
2026-03-07T16:36:48+00:00,1772901408.8423035,0.0,8433708.236560155,0.0,42.00022029992261,37.5,216.00113297103056,504.0026435990713,4.000020980945011,7.000036716653768
2026-03-07T16:36:49+00:00,1772901409.8424268,0.0,131055.84574121279,0.0,1.999753505572705,37.5,0.0,155.980773434671,0.0,1.999753505572705
2026-03-07T16:36:50+00:00,1772901410.8424478,0.0,323577.21107993723,0.0,5.999874117631352,37.5,0.0,219.99538431314957,0.0,1.9999580392104506
2026-03-07T16:36:51+00:00,1772901411.8424864,0.0,413680.02210150234,0.0,9.999613776819267,37.5,0.0,0.0,0.0,0.0
2026-03-07T16:36:52+00:00,1772901412.8422818,0.0,454749.02488883847,0.0,9.001841444959586,37.5,0.0,0.0,0.0,0.0
2026-03-07T16:36:53+00:00,1772901413.8423936,0.0,131057.34538865392,0.0,1.9997763883766773,37.5,0.0,0.0,0.0,0.0
2026-03-07T16:36:54+00:00,1772901414.8423753,0.0,143362.63188425422,0.0,5.000091792838108,37.5,0.0,0.0,0.0,0.0
2026-03-07T16:36:55+00:00,1772901415.8424127,0.0,147450.4806753478,0.0,4.99981284842081,37.5,0.0,0.0,0.0,0.0
2026-03-07T16:36:56+00:00,1772901416.8422165,0.0,335937.91723105457,0.0,7.00137379899897,37.5,165.03238240497572,198.03885888597088,3.0005887709995585,3.0005887709995585
2026-03-07T16:36:57+00:00,1772901417.8422809,0.0,233456.9716705439,0.0,4.999678155636305,37.5,81.99472175243541,131.99150330879846,0.999935631127261,1.999871262254522
2026-03-07T16:36:58+00:00,1772901418.8422573,0.0,856084.2065316312,0.0,62.00146344778093,37.5,0.0,0.0,0.0,0.0
2026-03-07T16:36:59+00:00,1772901419.8422115,0.0,151558.9378175881,0.0,4.000183113851037,37.5,82.00375383394626,132.00604275708423,1.0000457784627592,2.0000915569255184
2026-03-07T16:37:00+00:00,1772901420.8424919,0.0,413580.04032530246,0.0,4.998598491710126,37.5,0.0,0.0,0.0,0.0
2026-03-07T16:37:01+00:00,1772901421.84203,0.0,204894.62377697372,0.0,5.002310150805022,37.5,0.0,0.0,0.0,0.0
2026-03-07T16:37:02+00:00,1772901422.8425148,4094.015610281062,450341.7171309168,0.9995155298537749,44.97819884341987,37.5,0.0,0.0,0.0,0.0
2026-03-07T16:37:03+00:00,1772901423.8422754,0.0,200752.05447165717,0.0,4.000957718264851,37.5,0.0,0.0,0.0,0.0
2026-03-07T16:37:04+00:00,1772901424.8422065,0.0,147466.1608563632,0.0,4.000275630869226,37.5,0.0,0.0,0.0,0.0
2026-03-07T16:37:05+00:00,1772901425.8420877,0.0,135184.050733868,0.0,3.0003562396543857,37.5,427.0507047774742,0.0,5.000593732757309,0.0
2026-03-07T16:37:06+00:00,1772901426.842424,0.0,204731.17548050225,0.0,4.998319713879449,37.5,481.8380204179789,65.97782022320874,5.9979836566553395,0.9996639427758899
2026-03-07T16:37:07+00:00,1772901427.8421361,0.0,217150.4896624142,0.0,7.002014978427639,37.5,5760.657751537825,5429.562471843604,22.00633278934401,17.004893519038554
2026-03-07T16:37:08+00:00,1772901428.8423848,0.0,229318.9751179104,0.0,3.9990055649747207,37.5,481.8801705794539,65.9835918220829,5.9985083474620815,0.9997513912436802
2026-03-07T16:37:09+00:00,1772901429.8420737,0.0,217155.56496722274,0.0,8.002489864652961,37.5,0.0,0.0,0.0,0.0
2026-03-07T16:37:10+00:00,1772901430.842106,0.0,253943.76589199036,0.0,12.999578489619593,37.5,5939.8074021800285,9834.681111185284,49.9983788062292,57.99811941522587
2026-03-07T16:37:11+00:00,1772901431.8425865,0.0,519942.21277457697,0.0,13.993277441490983,37.5,0.0,84.95918446619525,0.0,0.9995198172493559
2026-03-07T16:37:12+00:00,1772901432.8423135,0.0,233535.75275538085,0.0,13.003549829615332,37.5,110.03003701982205,217.0592548481944,2.000546127633128,3.0008191914496924
2026-03-07T16:37:13+00:00,1772901433.8422737,0.0,163846.52369724688,0.0,8.000318539904633,37.5,0.0,0.0,0.0,0.0
2026-03-07T16:37:14+00:00,1772901434.8421142,65546.45479256063,274475.77944384766,1.0001595274743749,7.001116692320624,37.5,586.0934830999837,619.098747506638,7.001116692320624,6.000957164846249
2026-03-07T16:37:15+00:00,1772901435.8424327,0.0,131030.26329427691,0.0,1.9993631484112078,37.5,0.0,0.0,0.0,0.0
2026-03-07T16:37:16+00:00,1772901436.8421993,0.0,208944.77017259574,0.0,5.001167331413615,37.5,0.0,0.0,0.0,0.0
2026-03-07T16:37:17+00:00,1772901437.8424695,0.0,151511.0725790901,0.0,5.998379668196662,37.5,81.97785546535438,131.96435270032657,0.9997299446994437,1.9994598893988873
2026-03-07T16:37:18+00:00,1772901438.842563,0.0,311266.9089688502,0.0,30.997103008179852,37.5,0.0,0.0,0.0,0.0
2026-03-07T16:37:19+00:00,1772901439.8420932,0.0,262267.1828570911,0.0,4.001879621232469,37.5,82.0385322352656,132.06202750067146,1.0004699053081172,2.0009398106162344
2026-03-07T16:37:20+00:00,1772901440.8422663,0.0,135144.6075646658,0.0,2.999480814201567,37.5,0.0,0.0,0.0,0.0
2026-03-07T16:37:21+00:00,1772901441.8422642,0.0,135168.29003968486,0.0,3.0000064373154487,37.5,55.00011801744989,66.00014162093987,1.0000021457718162,1.0000021457718162
2026-03-07T16:37:22+00:00,1772901442.84252,0.0,720711.6252923158,0.0,31.9918157533876,37.5,0.0,0.0,0.0,0.0
2026-03-07T16:37:23+00:00,1772901443.8425276,0.0,131071.00000762934,0.0,1.999984741327352,37.5,0.0,0.0,0.0,0.0
2026-03-07T16:37:24+00:00,1772901444.842193,0.0,323692.3526761907,0.0,9.003013665959122,37.5,0.0,0.0,0.0,0.0
2026-03-07T16:37:25+00:00,1772901445.8423777,0.0,200666.92189014796,0.0,3.99926103894587,37.5,0.0,0.0,0.0,0.0
2026-03-07T16:37:26+00:00,1772901446.8420918,0.0,200761.3904292881,0.0,4.001143782471462,37.5,0.0,0.0,0.0,0.0
2026-03-07T16:37:27+00:00,1772901447.8424852,0.0,204719.46527535812,0.0,4.998033820199173,37.5,54.978372022190904,65.97404642662909,0.9996067640398346,0.9996067640398346
2026-03-07T16:37:28+00:00,1772901448.842007,0.0,319640.87389589194,0.0,20.009569930381858,37.5,0.0,0.0,0.0,0.0
2026-03-07T16:37:29+00:00,1772901449.8423245,0.0,266155.476061317,0.0,4.998412636367883,37.5,0.0,0.0,0.0,0.0
2026-03-07T16:37:30+00:00,1772901450.8423622,0.0,196600.59402898393,0.0,3.9998493251339506,37.5,0.0,0.0,0.0,0.0
2026-03-07T16:37:31+00:00,1772901451.8423395,0.0,139267.1543683207,0.0,4.000090601112152,37.5,0.0,0.0,0.0,0.0
2026-03-07T16:37:32+00:00,1772901452.842459,0.0,204775.54003106224,0.0,6.999163965905447,37.5,0.0,0.0,0.0,0.0
2026-03-07T16:37:33+00:00,1772901453.8421476,0.0,143404.65257555572,0.0,4.001245886594747,37.5,120.0373765978424,58.018065355623825,2.0006229432973734,1.0003114716486867
2026-03-07T16:37:34+00:00,1772901454.8424118,959234.6011195086,352162.96988805867,180.95219825847855,6.998151313863811,37.5,107.9714774138988,53.9857387069494,1.999471803961089,0.9997359019805445
2026-03-07T16:37:35+00:00,1772901455.8423035,0.0,200725.7269611455,0.0,18.001948567545334,37.5,0.0,0.0,0.0,0.0
2026-03-07T16:37:36+00:00,1772901456.8423283,0.0,204794.9220009117,0.0,4.999876025412883,37.5,0.0,141.99647912172588,0.0,0.9999752050825766
2026-03-07T16:37:37+00:00,1772901457.842179,4096.611419379361,163864.45677517445,1.0001492723094143,5.000746361547072,37.5,5175.772484201219,6406.956238414108,10.001492723094143,14.0020898123318
2026-03-07T16:37:38+00:00,1772901458.8423228,0.0,503735.57974753674,0.0,27.995975119353062,37.5,0.0,64.99065652706962,0.0,0.9998562542626094
2026-03-07T16:37:39+00:00,1772901459.842239,16385.375115404277,233491.59539451095,1.0000839303835618,9.000755373452057,37.5,82.00688229145207,132.01107881063015,1.0000839303835618,2.0001678607671236
2026-03-07T16:37:40+00:00,1772901460.8423643,0.0,2604729.345652625,0.0,38.99510969455258,37.5,0.0,0.0,0.0,0.0
2026-03-07T16:37:41+00:00,1772901461.842207,0.0,2359667.3084277064,0.0,11.001731191298068,37.5,110.01731191298069,132.02077429557684,2.0003147620541943,2.0003147620541943
2026-03-07T16:37:42+00:00,1772901462.842343,0.0,212963.00785315415,0.0,5.9991832891325725,37.5,0.0,0.0,0.0,0.0
2026-03-07T16:37:43+00:00,1772901463.8420258,0.0,8268351.838495502,0.0,33.010475383457035,37.5,0.0,0.0,0.0,0.0
2026-03-07T16:37:44+00:00,1772901464.842454,0.0,270220.29173375276,0.0,5.997431901050976,37.5,0.0,0.0,0.0,0.0
2026-03-07T16:37:45+00:00,1772901465.842115,0.0,65558.22628540464,0.0,1.0003391462006324,37.5,0.0,0.0,0.0,0.0
2026-03-07T16:37:46+00:00,1772901466.8422859,0.0,716677.4867634751,0.0,30.994701575987342,37.5,0.0,0.0,0.0,0.0
2026-03-07T16:37:47+00:00,1772901467.8424425,0.0,249816.86843429535,0.0,11.998120602313108,37.5,0.0,0.0,0.0,0.0
2026-03-07T16:37:48+00:00,1772901468.8422787,4096.671008344348,532567.2310847653,1.0001638203965693,12.001965844758832,37.5,0.0,0.0,0.0,0.0
2026-03-07T16:37:49+00:00,1772901469.842253,0.0,196613.0626303587,0.0,4.000102999478327,37.5,0.0,0.0,0.0,0.0
2026-03-07T16:37:50+00:00,1772901470.842371,0.0,139247.56639257327,0.0,3.9995279869190394,37.5,0.0,0.0,0.0,0.0
2026-03-07T16:37:51+00:00,1772901471.8423877,0.0,753651.4220849166,0.0,99.9983310977991,37.5,54.999082103789505,65.9988985245474,0.999983310977991,0.999983310977991
2026-03-07T16:37:52+00:00,1772901472.8422263,0.0,69643.24107222697,0.0,2.00032287087049,37.5,0.0,0.0,0.0,0.0
2026-03-07T16:37:53+00:00,1772901473.842682,0.0,282495.290087853,0.0,5.997267537530846,37.5,55.974497016954565,65.96994291283931,1.9990891791769487,0.9995445895884744
2026-03-07T16:37:54+00:00,1772901474.8424308,16388.11431416817,270403.88618377486,1.000251117808116,6.001506706848696,37.5,1.000251117808116,0.0,1.000251117808116,0.0
2026-03-07T16:37:55+00:00,1772901475.8425474,0.0,217062.69338010243,0.0,6.99918398833983,37.5,110.98706038653158,131.98461235155108,2.99965028071707,1.99976685381138
2026-03-07T16:37:56+00:00,1772901476.8420267,0.0,204906.6961823612,0.0,5.002604887264678,37.5,1.0005209774529356,0.0,1.0005209774529356,0.0
2026-03-07T16:37:57+00:00,1772901477.8423913,0.0,425828.7675262576,0.0,5.997813545010014,37.5,191.93003344032044,263.9037959804406,2.998906772505007,3.998542363340009
2026-03-07T16:37:58+00:00,1772901478.8426313,0.0,204750.8418803755,0.0,4.998799850595105,37.5,0.0,0.0,0.0,0.0
2026-03-07T16:37:59+00:00,1772901479.8424594,0.0,122901.12667854672,0.0,11.001891222851675,37.5,82.01409820671249,132.0226946742201,1.0001719293501523,2.0003438587003046
2026-03-07T16:38:00+00:00,1772901480.842162,0.0,262222.02321552584,0.0,4.001190539787687,37.5,0.0,0.0,0.0,0.0
2026-03-07T16:38:01+00:00,1772901481.8422008,0.0,139258.58810094345,0.0,3.999844557127282,37.5,0.0,0.0,0.0,0.0
2026-03-07T16:38:02+00:00,1772901482.8420787,0.0,200728.5029910878,0.0,4.000488340861922,37.5,2.000244170430961,0.0,2.000244170430961,0.0
2026-03-07T16:38:03+00:00,1772901483.8419938,12289.043057281588,262166.25188867387,1.0000848842188792,8.000679073751034,37.5,1.0000848842188792,0.0,1.0000848842188792,0.0
2026-03-07T16:38:04+00:00,1772901484.8420162,0.0,262138.12513166372,0.0,3.9999103566232868,37.5,0.0,0.0,0.0,0.0
2026-03-07T16:38:05+00:00,1772901485.8424459,0.0,286596.8693069241,0.0,5.9974233253402085,37.5,1.999141108446736,0.0,1.999141108446736,0.0
2026-03-07T16:38:06+00:00,1772901486.8424108,0.0,204807.1779859457,0.0,5.000175243797502,37.5,56.00196273053202,66.00231321812703,2.000070097519001,1.0000350487595004
2026-03-07T16:38:07+00:00,1772901487.842071,0.0,372862.6787808568,0.0,26.008836410495032,37.5,0.0,0.0,0.0,0.0
2026-03-07T16:38:08+00:00,1772901488.8420267,0.0,319502.1685970686,0.0,7.000310434756485,37.5,0.0,0.0,0.0,0.0
2026-03-07T16:38:09+00:00,1772901489.8421862,0.0,139241.7906518111,0.0,3.999362093629685,37.5,0.0,0.0,0.0,0.0
2026-03-07T16:38:10+00:00,1772901490.8423407,0.0,319438.6482496105,0.0,12.997991872135843,37.5,0.0,0.0,0.0,0.0
2026-03-07T16:38:11+00:00,1772901491.8424895,0.0,569259.3094746799,0.0,28.995686219167528,37.5,0.9998512489368113,0.0,0.9998512489368113,0.0
2026-03-07T16:38:12+00:00,1772901492.8423479,0.0,262181.1302584108,0.0,4.000566562780927,37.5,56.00793187893297,66.0093482858853,2.0002832813904634,1.0001416406952317
2026-03-07T16:38:13+00:00,1772901493.8420527,0.0,303193.49125818675,0.0,15.004428740210624,37.5,1.000295249347375,0.0,1.000295249347375,0.0
2026-03-07T16:38:14+00:00,1772901494.842145,0.0,200685.48315382467,0.0,3.999630962089937,37.5,0.9999077405224842,0.0,0.9999077405224842,0.0
2026-03-07T16:38:15+00:00,1772901495.842419,0.0,196554.15537535519,0.0,2.9991783962303953,37.5,0.9997261320767984,0.0,0.9997261320767984,0.0
2026-03-07T16:38:16+00:00,1772901496.842307,0.0,270366.23189610464,0.0,6.000670984909993,37.5,1.000111830818332,0.0,1.000111830818332,0.0
2026-03-07T16:38:17+00:00,1772901497.8420923,0.0,204844.00359326304,0.0,4.000859445180919,37.5,82.01761862620883,132.0283616909703,1.0002148612952297,2.0004297225904595
2026-03-07T16:38:18+00:00,1772901498.842383,0.0,335774.4131275171,0.0,7.997675617557096,37.5,0.0,0.0,0.0,0.0
2026-03-07T16:38:19+00:00,1772901499.842179,0.0,196648.08629650678,0.0,3.0006116683426938,37.5,82.0167189347003,132.02691340707852,1.0002038894475644,2.000407778895129
2026-03-07T16:38:20+00:00,1772901500.8421686,0.0,327683.43753606116,0.0,6.000062943165183,37.5,0.0,0.0,0.0,0.0
2026-03-07T16:38:21+00:00,1772901501.8426108,0.0,200615.27459183507,0.0,3.998231716195692,37.5,0.0,0.0,0.0,0.0
2026-03-07T16:38:22+00:00,1772901502.8425143,0.0,135181.05301820574,0.0,3.0002897065475347,37.5,0.0,0.0,0.0,0.0
2026-03-07T16:38:23+00:00,1772901503.8422196,0.0,135207.84377262663,0.0,3.000884316686493,37.5,0.0,54.01591770035687,0.0,1.0002947722288311
2026-03-07T16:38:24+00:00,1772901504.8422797,0.0,344043.32936692226,0.0,37.99771704085009,37.5,0.0,53.99675579489224,0.0,0.999939922127634
2026-03-07T16:38:25+00:00,1772901505.8420894,0.0,147484.0600261452,0.0,5.0009514711556395,37.5,0.0,0.0,0.0,0.0
2026-03-07T16:38:26+00:00,1772901506.8424327,0.0,200635.11739896427,0.0,3.9986271803046134,37.5,109.96224745837686,131.95469695005224,1.9993135901523067,1.9993135901523067
2026-03-07T16:38:27+00:00,1772901507.8424911,16383.043024649372,131064.34419719498,0.999941590859947,1.999883181719894,37.5,0.0,0.0,0.0,0.0
2026-03-07T16:38:28+00:00,1772901508.8423953,0.0,266265.520024073,0.0,8.000766827646427,37.5,0.0,0.0,0.0,0.0
2026-03-07T16:38:29+00:00,1772901509.8425612,0.0,298958.3910445769,0.0,18.996847675804528,37.5,0.0,0.0,0.0,0.0
2026-03-07T16:38:30+00:00,1772901510.8424013,0.0,131092.9721050936,0.0,2.0003200089278197,37.5,0.0,0.0,0.0,0.0
2026-03-07T16:38:31+00:00,1772901511.8421957,0.0,303166.3057736342,0.0,8.001644472488232,37.5,0.0,0.0,0.0,0.0
2026-03-07T16:38:32+00:00,1772901512.8421934,0.0,69632.16601602081,0.0,2.0000047683829507,37.5,0.0,0.0,0.0,0.0
2026-03-07T16:38:33+00:00,1772901513.8423836,0.0,290760.680446864,0.0,10.997907559816186,37.5,0.0,0.0,0.0,0.0
2026-03-07T16:38:34+00:00,1772901514.842216,0.0,131093.97243276125,0.0,2.000335272716694,37.5,228.0382210897031,112.01877527213486,4.000670545433388,2.000335272716694
2026-03-07T16:38:35+00:00,1772901515.8424878,0.0,217029.01212648768,0.0,6.998097936714207,37.5,0.0,0.0,0.0,0.0
2026-03-07T16:38:36+00:00,1772901516.842469,0.0,151554.85454595307,0.0,7.000131847957609,37.5,0.0,0.0,0.0,0.0
2026-03-07T16:38:37+00:00,1772901517.8424954,0.0,647150.8735001186,0.0,31.999153159618206,37.5,123.99671849352055,173.995395305424,1.999947072476138,2.999920608714207
2026-03-07T16:38:38+00:00,1772901518.8421867,0.0,340072.998238735,0.0,8.002470779337703,37.5,0.0,0.0,0.0,0.0
2026-03-07T16:38:39+00:00,1772901519.8422072,0.0,356344.69350918726,0.0,15.99967194276164,37.5,81.99831870665341,131.99729352778354,0.9999794964226025,1.999958992845205
2026-03-07T16:38:40+00:00,1772901520.8421583,0.0,475159.2237913316,0.0,37.00180849331406,37.5,431.0210665031989,457.0223373363385,5.000244390988386,6.000293269186064
2026-03-07T16:38:41+00:00,1772901521.8424041,0.0,155609.7496366798,0.0,4.9987712542621745,37.5,0.0,0.0,0.0,0.0
2026-03-07T16:38:42+00:00,1772901522.842226,0.0,131095.3479082316,0.0,2.0003562608067567,37.5,110.01959434437161,132.02351321324593,2.0003562608067567,2.0003562608067567
2026-03-07T16:38:43+00:00,1772901523.842387,0.0,217053.0690980813,0.0,8.998551840187996,37.5,0.0,0.0,0.0,0.0
2026-03-07T16:38:44+00:00,1772901524.8423038,0.0,200720.7015850194,0.0,4.000332860033072,37.5,0.0,0.0,0.0,0.0
2026-03-07T16:38:45+00:00,1772901525.8423135,0.0,208893.9580277731,0.0,5.999941349602858,37.5,0.0,0.0,0.0,0.0
2026-03-07T16:38:46+00:00,1772901526.8421733,0.0,421947.1528238917,0.0,11.001542307585922,37.5,0.0,0.0,0.0,0.0
2026-03-07T16:38:47+00:00,1772901527.8422961,0.0,69623.45124497624,0.0,1.999754459012415,37.5,0.0,0.0,0.0,0.0
2026-03-07T16:38:48+00:00,1772901528.842373,0.0,233454.0775477957,0.0,6.999462645775809,37.5,0.0,0.0,0.0,0.0
2026-03-07T16:38:49+00:00,1772901529.8422425,0.0,131089.09597957155,0.0,2.000260863946099,37.5,0.0,0.0,0.0,0.0
2026-03-07T16:38:50+00:00,1772901530.842289,0.0,200694.6693791082,0.0,3.999814042153783,37.5,0.0,0.0,0.0,0.0
2026-03-07T16:38:51+00:00,1772901531.84213,0.0,135189.49853599633,0.0,3.0004771514558843,37.5,55.00874777669121,0.0,1.0001590504852949,0.0
2026-03-07T16:38:52+00:00,1772901532.842456,0.0,311194.50185429177,0.0,6.997717648090699,37.5,0.0,65.97848068199802,0.0,0.9996739497272428
2026-03-07T16:38:53+00:00,1772901533.8424504,0.0,294913.687509656,0.0,6.000034332471842,37.5,0.0,0.0,0.0,0.0
2026-03-07T16:38:54+00:00,1772901534.8425062,0.0,135160.4594050644,0.0,4.999721065824175,37.5,54.99693172406592,65.9963180688791,0.9999442131648348,0.9999442131648348
2026-03-07T16:38:55+00:00,1772901535.8422434,0.0,335960.2692853814,0.0,7.001839644262309,37.5,0.0,0.0,0.0,0.0
2026-03-07T16:38:56+00:00,1772901536.8423812,0.0,298966.8005993971,0.0,41.994212948063854,37.5,0.0,0.0,0.0,0.0
2026-03-07T16:38:57+00:00,1772901537.8422875,0.0,331807.0898271327,0.0,17.00159302379092,37.5,325.0304548665911,198.01855404180012,3.0002811218454566,3.0002811218454566
2026-03-07T16:38:58+00:00,1772901538.8423097,0.0,405495.00898841955,0.0,11.999733930765256,37.5,53.998802688443654,443.9901554383145,0.9999778275637714,2.999933482691314
2026-03-07T16:38:59+00:00,1772901539.8421013,0.0,397394.8082710335,0.0,9.001875791416573,37.5,290.06044216786734,132.02751160744307,2.000416842537016,2.000416842537016
2026-03-07T16:39:00+00:00,1772901540.842669,16374.704495572101,61405.14185839538,0.9994326474348206,9.994326474348206,37.5,53.969362961480314,340.8065327752738,0.9994326474348206,1.9988652948696413
2026-03-07T16:39:01+00:00,1772901541.8423522,0.0,8194.596525855746,0.0,2.0006339174452505,37.5,0.0,0.0,0.0,0.0
2026-03-07T16:39:02+00:00,1772901542.8423905,0.0,516076.19021353143,0.0,33.99869494679297,37.5,0.0,0.0,0.0,0.0
2026-03-07T16:39:03+00:00,1772901543.842286,0.0,32771.422232374614,0.0,5.000522191219271,37.5,0.0,0.0,0.0,0.0
2026-03-07T16:39:04+00:00,1772901544.84231,0.0,0.0,0.0,0.0,37.5,79.99809269684084,131.99685294978738,0.9999761587105105,1.999952317421021
2026-03-07T16:39:05+00:00,1772901545.8425622,0.0,4094.967057431516,0.0,0.9997478167557412,37.5,426.8923177547015,0.0,4.998739083778706,0.0
2026-03-07T16:39:06+00:00,1772901546.8422172,0.0,8194.82714721728,0.0,2.0006902214885938,37.5,427.1473622878147,0.0,5.001725553721484,0.0
2026-03-07T16:39:07+00:00,1772901547.8425887,0.0,16377.916322319466,0.0,3.998514727128776,37.5,426.8414471209968,0.0,4.99814340891097,0.0
2026-03-07T16:39:08+00:00,1772901548.8423076,0.0,77845.88212753019,0.0,3.0008435236249813,37.5,427.120061529289,0.0,5.001405872708302,0.0
2026-03-07T16:39:09+00:00,1772901549.8425531,32759.95510059509,106469.85407693405,0.9997544891539029,6.99828142407732,37.5,0.0,0.0,0.0,0.0
2026-03-07T16:39:10+00:00,1772901550.8421044,0.0,40978.387156636425,0.0,8.003591241530552,37.5,101.04533942432322,248.1113284874471,1.000448905191319,1.000448905191319
2026-03-07T16:39:11+00:00,1772901551.8424017,0.0,77800.86918166411,0.0,13.99583892556663,37.5,5599.335273007049,18759.422674161273,20.993758388349946,29.991083411928493
2026-03-07T16:39:12+00:00,1772901552.842446,0.0,0.0,0.0,0.0,37.5,4929.7813846260215,8878.606270607392,21.999024434436606,28.99871402721189
2026-03-07T16:39:13+00:00,1772901553.8421016,0.0,3613917.048078173,0.0,90.03101702203675,37.5,0.0,0.0,0.0,0.0
2026-03-07T16:39:14+00:00,1772901554.8422725,0.0,8190.599848725429,0.0,1.9996581661927317,37.5,0.0,0.0,0.0,0.0
2026-03-07T16:39:15+00:00,1772901555.8424885,16380.461701798004,8190.230850899002,0.999784039416382,1.999568078832764,37.5,6050.693006547944,8511.16152755166,23.99481694599317,26.994169064242314
2026-03-07T16:39:16+00:00,1772901556.8421476,0.0,0.0,0.0,0.0,37.5,54.018416961730786,366.1248260739531,1.0003410548468663,1.0003410548468663
2026-03-07T16:39:17+00:00,1772901557.8424087,0.0,73708.75697686919,0.0,5.998433998768651,37.5,81.97859798317157,131.96554797291031,0.9997389997947752,1.9994779995895504
2026-03-07T16:39:18+00:00,1772901558.8420403,0.0,114730.26166111622,0.0,7.002579447089613,37.5,70.02579447089613,0.0,1.0003684924413734,0.0
2026-03-07T16:39:19+00:00,1772901559.8421924,32763.016383063223,0.0,1.9996958241615737,0.0,37.5,1771.7305002071541,5049.231956007973,11.998174944969442,12.998022857050229
2026-03-07T16:39:20+00:00,1772901560.8423505,0.0,45048.87905530604,0.0,3.9993678138588455,37.5,812.8715081668104,1011.8400569062879,5.999051720788269,7.998735627717691
2026-03-07T16:39:21+00:00,1772901561.84213,0.0,614535.5279358246,0.0,38.00838226165582,37.5,0.0,0.0,0.0,0.0
2026-03-07T16:39:22+00:00,1772901562.8422623,0.0,258013.85900980223,0.0,9.998676951954762,37.5,5693.2466564430415,313.9584562913795,2.9996030855864286,3.9994707807819045
2026-03-07T16:39:23+00:00,1772901563.8422596,0.0,12288.032226647018,0.0,2.0000052452224963,37.5,0.0,0.0,0.0,0.0
2026-03-07T16:39:24+00:00,1772901564.842365,0.0,4095.568404856933,0.0,0.9998946300920246,37.5,0.0,0.0,0.0,0.0
2026-03-07T16:39:25+00:00,1772901565.8421957,0.0,495699.91068854067,0.0,35.00592570477733,37.5,110.01862364358591,132.0223483723031,2.000338611701562,2.000338611701562
2026-03-07T16:39:26+00:00,1772901566.8420892,0.0,36867.929129677046,0.0,5.000532922319478,37.5,0.0,0.0,0.0,0.0
2026-03-07T16:39:27+00:00,1772901567.8425484,0.0,0.0,0.0,0.0,37.5,109.94951182370842,131.93941418845012,1.999082033158335,1.999082033158335
2026-03-07T16:39:28+00:00,1772901568.8424041,0.0,126994.31807194556,0.0,5.000721320247352,37.5,0.0,142.0204854950248,0.0,1.0001442640494704
2026-03-07T16:39:29+00:00,1772901569.8422687,0.0,204827.73813134636,0.0,47.00636568443984,37.5,0.0,0.0,0.0,0.0
2026-03-07T16:39:30+00:00,1772901570.842527,16379.770623306027,192462.3048238458,0.9997418593326433,21.99432090531815,37.5,0.0,0.0,0.0,0.0
2026-03-07T16:39:31+00:00,1772901571.8424425,0.0,0.0,0.0,0.0,37.5,0.0,0.0,0.0,0.0
2026-03-07T16:39:32+00:00,1772901572.842095,0.0,24584.545939440657,0.0,5.001738675830212,37.5,0.0,0.0,0.0,0.0
2026-03-07T16:39:33+00:00,1772901573.8422787,0.0,69619.20254774945,0.0,5.998897278356168,37.5,0.0,0.0,0.0,0.0
2026-03-07T16:39:34+00:00,1772901574.842436,0.0,0.0,0.0,0.0,37.5,227.96412841683505,111.98237887142774,3.9993706739795623,1.9996853369897811
2026-03-07T16:39:35+00:00,1772901575.842403,0.0,8192.27149337234,0.0,2.0000662825616065,37.5,0.0,0.0,0.0,0.0
2026-03-07T16:39:36+00:00,1772901576.8423107,0.0,16385.511858246122,0.0,3.0002768295128397,37.5,0.0,0.0,0.0,0.0
2026-03-07T16:39:37+00:00,1772901577.8421452,0.0,4096.677846533178,0.0,1.0001654898762642,37.5,82.01357016985366,132.02184466366685,1.0001654898762642,2.0003309797525284
2026-03-07T16:39:38+00:00,1772901578.8422332,0.0,12286.919040411492,0.0,1.9998240625669748,37.5,5477.518107370944,79790.98027235972,43.99612937647345,80.99287453396248
2026-03-07T16:39:39+00:00,1772901579.8424191,0.0,4095.2384228778255,0.0,0.9998140680854066,37.5,81.98475358300334,131.97545698727367,0.9998140680854066,1.9996281361708133
2026-03-07T16:39:40+00:00,1772901580.8423626,0.0,16384.925833564415,0.0,3.0001695251887965,37.5,0.0,0.0,0.0,0.0
2026-03-07T16:39:41+00:00,1772901581.8421664,0.0,393293.1713924541,0.0,45.00883156499338,37.5,9493.862871442603,1973.3872150607097,15.002943854997794,22.004317653996765
2026-03-07T16:39:42+00:00,1772901582.8424144,0.0,0.0,0.0,0.0,37.5,8681.847289757407,950.7642529432628,2.9992563184330057,6.998264743010346
2026-03-07T16:39:43+00:00,1772901583.8420656,12292.287628364635,229456.03572947317,2.0006978561791398,20.006978561791396,37.5,4797.673459117577,5144.794537164657,11.003838208985268,14.004884993253977
2026-03-07T16:39:44+00:00,1772901584.842591,0.0,2665095.5601142664,0.0,55.970588880087924,37.5,0.0,0.0,0.0,0.0
2026-03-07T16:39:45+00:00,1772901585.8422577,0.0,2097851.2330607935,0.0,7.002333942139414,37.5,0.0,0.0,0.0,0.0
2026-03-07T16:39:46+00:00,1772901586.8423872,0.0,0.0,0.0,0.0,37.5,0.0,0.0,0.0,0.0
2026-03-07T16:39:47+00:00,1772901587.8421464,0.0,8661029.599874467,0.0,127.0305893171335,37.5,0.0,0.0,0.0,0.0
2026-03-07T16:39:48+00:00,1772901588.8423088,0.0,106478.71179134132,0.0,3.9993506532204526,37.5,0.0,0.0,0.0,0.0
2026-03-07T16:39:49+00:00,1772901589.8425431,65520.64422386359,16380.161055965897,0.9997656894510435,2.9992970683531306,37.5,54.987112919807394,65.98453550376887,0.9997656894510435,0.9997656894510435
2026-03-07T16:39:50+00:00,1772901590.8423653,0.0,135192.04529232695,0.0,2.0003557837998187,37.5,0.0,0.0,0.0,0.0
2026-03-07T16:39:51+00:00,1772901591.8422642,0.0,233495.60394861083,0.0,4.000404398790619,37.5,0.0,0.0,0.0,0.0
2026-03-07T16:39:52+00:00,1772901592.842245,0.0,233476.45320993825,0.0,7.000133516950931,37.5,0.0,0.0,0.0,0.0
2026-03-07T16:39:53+00:00,1772901593.842203,0.0,4096.172858857159,0.0,1.0000422018694235,37.5,1.0000422018694235,0.0,1.0000422018694235,0.0
2026-03-07T16:39:54+00:00,1772901594.842254,0.0,4095.7910262871683,0.0,0.9999489810271407,37.5,0.9999489810271407,0.0,0.9999489810271407,0.0
2026-03-07T16:39:55+00:00,1772901595.8422792,0.0,8191.792973982038,0.0,1.9999494565385836,37.5,0.9999747282692918,0.0,0.9999747282692918,0.0
2026-03-07T16:39:56+00:00,1772901596.8423789,0.0,12286.775512656142,0.0,2.999701052894566,37.5,110.98893895709894,131.9868463273609,2.999701052894566,1.9998007019297108
2026-03-07T16:39:57+00:00,1772901597.8421063,65553.86424322844,344157.7872769493,1.000272586719184,7.0019081070342875,37.5,137.0373443805282,198.05397217039842,2.000545173438368,3.0008177601575516
2026-03-07T16:39:58+00:00,1772901598.8424158,22521.030477152028,141268.2820839536,5.998143770548303,10.996596912671889,37.5,0.0,0.0,0.0,0.0
2026-03-07T16:39:59+00:00,1772901599.8423045,0.0,94218.490425832,0.0,3.0003340616242355,37.5,124.0138078804684,174.01937557420567,2.0002227077494905,3.0003340616242355
2026-03-07T16:40:00+00:00,1772901600.842492,0.0,85999.86337936412,0.0,13.997373596901712,37.5,3351.3711640581814,0.0,17.996623196016486,0.0
2026-03-07T16:40:01+00:00,1772901601.842102,0.0,0.0,0.0,0.0,37.5,4633.807429541285,0.0,27.01053553489091,0.0
2026-03-07T16:40:02+00:00,1772901602.8424745,0.0,155590.05673489097,0.0,7.997021830535103,37.5,1.9992554576337758,0.0,1.9992554576337758,0.0
2026-03-07T16:40:03+00:00,1772901603.842099,0.0,151608.9305576392,0.0,36.01352341160137,37.5,5003.8790029119455,0.0,28.01051820902329,0.0
2026-03-07T16:40:04+00:00,1772901604.8422818,0.0,0.0,0.0,0.0,37.5,4631.1531146910265,0.0,26.995063492369976,0.0
2026-03-07T16:40:05+00:00,1772901605.8425825,0.0,69611.07172168707,0.0,1.9993988890650007,37.5,1.9993988890650007,0.0,1.9993988890650007,0.0
2026-03-07T16:40:06+00:00,1772901606.842598,0.0,8191.873048842388,0.0,1.9999690060650361,37.5,5001.9224841686555,0.0,27.99956608491051,0.0
2026-03-07T16:40:07+00:00,1772901607.8421288,0.0,4097.9227771819815,0.0,1.0004694280229447,37.5,4689.2002091435415,0.0,28.01314398464245,0.0
2026-03-07T16:40:08+00:00,1772901608.8423357,0.0,65522.440306142395,0.0,2.999379286475024,37.5,0.0,65.98634430245053,0.0,0.9997930954916747
2026-03-07T16:40:09+00:00,1772901609.8425148,0.0,348097.67229273514,0.0,27.994987431630815,37.5,1648.7047955271146,0.0,8.998388817309904,0.0
2026-03-07T16:40:10+00:00,1772901610.8424008,0.0,188437.47510364043,0.0,10.001139770701025,37.5,110.01253747771128,132.01504497325354,2.0002279541402053,2.0002279541402053
2026-03-07T16:40:11+00:00,1772901611.8425238,0.0,81909.9231146986,0.0,12.998400884900901,37.5,1.9997539822924464,0.0,1.9997539822924464,0.0
2026-03-07T16:40:12+00:00,1772901612.8421648,0.0,0.0,0.0,0.0,37.5,56.02011449156387,66.02370636505742,2.0007183746987094,1.0003591873493547
2026-03-07T16:40:13+00:00,1772901613.8425472,0.0,65510.94708082255,0.0,10.995794950699587,37.5,0.0,0.0,0.0,0.0
2026-03-07T16:40:14+00:00,1772901614.8423197,0.0,12290.795557728308,0.0,2.000455006140675,37.5,1.0002275030703376,0.0,1.0002275030703376,0.0
2026-03-07T16:40:15+00:00,1772901615.8423982,0.0,16382.71494454938,0.0,3.999686265759126,37.5,0.9999215664397815,0.0,0.9999215664397815,0.0
2026-03-07T16:40:16+00:00,1772901616.8425124,0.0,0.0,0.0,0.0,37.5,0.999885810541332,0.0,0.999885810541332,0.0
2026-03-07T16:40:17+00:00,1772901617.8421593,0.0,8194.893599849076,0.0,1.0003532226378267,37.5,82.02896425630178,132.04662538819312,1.0003532226378267,2.0007064452756533
2026-03-07T16:40:18+00:00,1772901618.8422682,0.0,151535.48910367003,0.0,4.999455272898742,37.5,0.0,0.0,0.0,0.0
2026-03-07T16:40:19+00:00,1772901619.8421516,0.0,0.0,0.0,0.0,37.5,82.0095612228961,132.01539123685714,1.0001166002792208,2.0002332005584416
2026-03-07T16:40:20+00:00,1772901620.8422468,0.0,131059.53243602706,0.0,28.9972415210326,37.5,215.97945408769107,361.96556657288966,3.9996195201424274,3.9996195201424274
2026-03-07T16:40:21+00:00,1772901621.8422368,0.0,4096.041016035718,0.0,1.0000100136805952,37.5,0.0,0.0,0.0,0.0
2026-03-07T16:40:22+00:00,1772901622.842107,0.0,4096.531318911907,0.0,1.0001297165312273,37.5,0.0,0.0,0.0,0.0
2026-03-07T16:40:23+00:00,1772901623.842157,0.0,53245.346811894495,0.0,2.999850518999464,37.5,54.997259514990176,65.99671141798821,0.9999501729998215,0.9999501729998215
2026-03-07T16:40:24+00:00,1772901624.8425195,16378.060747528794,73701.27336387958,0.9996374967974118,7.997099974379294,37.5,0.0,0.0,0.0,0.0
2026-03-07T16:40:25+00:00,1772901625.8420744,0.0,8195.648108248257,0.0,2.000890651427797,37.5,0.0,0.0,0.0,0.0
2026-03-07T16:40:26+00:00,1772901626.8422647,0.0,4095.2208513642813,0.0,0.9998097781651077,37.5,0.0,0.0,0.0,0.0
2026-03-07T16:40:27+00:00,1772901627.8421905,0.0,0.0,0.0,0.0,37.5,55.004078452205334,0.0,1.0000741536764606,0.0
2026-03-07T16:40:28+00:00,1772901628.8424928,0.0,12284.286278962678,0.0,2.9990933298248725,37.5,0.0,65.9800532561472,0.0,0.9996977766082908
2026-03-07T16:40:29+00:00,1772901629.8424263,0.0,28673.90735343733,0.0,2.0001330464172247,37.5,0.0,0.0,0.0,0.0
2026-03-07T16:40:30+00:00,1772901630.8424742,0.0,8191.60744068728,0.0,1.999904160324043,37.5,0.0,141.99319538300705,0.0,0.9999520801620215
2026-03-07T16:40:31+00:00,1772901631.8424838,0.0,98303.06250894061,0.0,13.999866486868983,37.5,0.0,0.0,0.0,0.0
2026-03-07T16:40:32+00:00,1772901632.8422427,0.0,4096.987542725968,0.0,1.000241099298332,37.5,0.0,0.0,0.0,0.0
2026-03-07T16:40:33+00:00,1772901633.8426027,0.0,114646.72579671073,0.0,12.995321527598698,37.5,0.0,0.0,0.0,0.0
2026-03-07T16:40:34+00:00,1772901634.8425481,65539.57832036862,0.0,1.0000546008357027,0.0,37.5,283.01545203650386,232.01266739388305,5.0002730041785135,4.000218403342811
2026-03-07T16:40:35+00:00,1772901635.8424082,0.0,81931.46644849904,0.0,13.001819626837005,37.5,0.0,0.0,0.0,0.0
2026-03-07T16:40:36+00:00,1772901636.8426335,0.0,102376.93390785625,0.0,10.997522197132994,37.5,0.0,0.0,0.0,0.0
2026-03-07T16:40:37+00:00,1772901637.8421931,0.0,520421.172207133,0.0,28.012335487281085,37.5,82.03612535560889,132.05815301146797,1.0004405531171816,2.000881106234363
2026-03-07T16:40:38+00:00,1772901638.8423622,0.0,12285.92320262178,0.0,1.9996619795933885,37.5,0.0,0.0,0.0,0.0
2026-03-07T16:40:39+00:00,1772901639.8420918,0.0,12291.323164097807,0.0,2.0005408795732107,37.5,82.02217606250164,132.0356980518319,1.0002704397866053,2.0005408795732107
2026-03-07T16:40:40+00:00,1772901640.8423598,0.0,81898.05275647681,0.0,3.998928357249844,37.5,0.0,0.0,0.0,0.0
2026-03-07T16:40:41+00:00,1772901641.8425517,0.0,4095.2140180386255,0.0,0.9998081098727113,37.5,0.0,0.0,0.0,0.0
2026-03-07T16:40:42+00:00,1772901642.8422053,0.0,0.0,0.0,0.0,37.5,0.0,0.0,0.0,0.0
2026-03-07T16:40:43+00:00,1772901643.8425677,0.0,57323.22627831863,0.0,3.998550940172896,37.5,54.980075427377315,65.97609051285278,0.999637735043224,0.999637735043224
2026-03-07T16:40:44+00:00,1772901644.8422582,0.0,4097.267970520434,0.0,1.0003095631153403,37.5,0.0,0.0,0.0,0.0
2026-03-07T16:40:45+00:00,1772901645.842527,0.0,8189.7994194160265,0.0,1.9994627488808658,37.5,0.0,0.0,0.0,0.0
2026-03-07T16:40:46+00:00,1772901646.8423216,0.0,0.0,0.0,0.0,37.5,0.0,0.0,0.0,0.0
2026-03-07T16:40:47+00:00,1772901647.8423336,0.0,8191.90234491414,0.0,1.9999761584263036,37.5,0.0,0.0,0.0,0.0
2026-03-07T16:40:48+00:00,1772901648.8422437,0.0,225300.25084366038,0.0,5.000449459420729,37.5,0.0,0.0,0.0,0.0
2026-03-07T16:40:49+00:00,1772901649.842463,0.0,0.0,0.0,0.0,37.5,0.0,0.0,0.0,0.0
2026-03-07T16:40:50+00:00,1772901650.8424845,16383.648445043551,40959.121112608875,0.9999785427883027,2.999935628364908,37.5,0.0,0.0,0.0,0.0
2026-03-07T16:40:51+00:00,1772901651.842667,0.0,4095.252089714832,0.0,0.9998174047155352,37.5,0.0,0.0,0.0,0.0
2026-03-07T16:40:52+00:00,1772901652.842219,0.0,32782.68626677877,0.0,7.0031373250565006,37.5,0.0,0.0,0.0,0.0
2026-03-07T16:40:53+00:00,1772901653.8425019,0.0,53232.94761565395,0.0,2.999151946494927,37.5,54.98445235240699,65.9813428228884,0.9997173154983089,0.9997173154983089
2026-03-07T16:40:54+00:00,1772901654.842489,0.0,4096.052735053943,0.0,1.0000128747690291,37.5,0.0,0.0,0.0,0.0
2026-03-07T16:40:55+00:00,1772901655.8422894,0.0,204840.8772979494,0.0,4.000798384725575,37.5,110.0219555799533,132.02634669594394,2.0003991923627873,2.0003991923627873
2026-03-07T16:40:56+00:00,1772901656.8425136,0.0,36855.74013239754,0.0,7.9982074940098835,37.5,0.0,0.0,0.0,0.0
2026-03-07T16:40:57+00:00,1772901657.8425026,0.0,0.0,0.0,0.0,37.5,137.00150253036412,198.0021715402343,2.0000219347498414,3.000032902124762
2026-03-07T16:40:58+00:00,1772901658.8425586,0.0,12287.311562009556,0.0,2.9998319243187392,37.5,0.0,0.0,0.0,0.0
2026-03-07T16:40:59+00:00,1772901659.8421092,65565.46636774616,151620.140975413,1.0004496210898768,4.001798484359507,37.5,82.03686892936989,132.05934998386374,1.0004496210898768,2.0008992421797536
2026-03-07T16:41:00+00:00,1772901660.842451,0.0,118743.40255182759,0.0,3.998632898431694,37.5,616.7891245830889,341.88311281590984,32.98872141206148,0.9996582246079235
2026-03-07T16:41:01+00:00,1772901661.8424842,0.0,53246.235410041336,0.0,8.999701748241662,37.5,138.99539366728789,0.0,13.999536052820362,0.0
2026-03-07T16:41:02+00:00,1772901662.8420577,0.0,90150.45194781653,0.0,4.001706851376799,37.5,0.0,0.0,0.0,0.0
2026-03-07T16:41:03+00:00,1772901663.842555,0.0,159664.59222712857,0.0,15.992046497108229,37.5,0.0,0.0,0.0,0.0
2026-03-07T16:41:04+00:00,1772901664.8421433,0.0,0.0,0.0,0.0,37.5,0.0,0.0,0.0,0.0
2026-03-07T16:41:05+00:00,1772901665.84221,0.0,430051.2909790339,0.0,11.999198967048937,37.5,511.96582259408797,53.99639535172022,6.999532730778546,0.9999332472540781
2026-03-07T16:41:06+00:00,1772901666.842274,16382.953191887038,8191.476595943519,0.9999361079032616,1.9998722158065232,37.5,427.972654182596,0.0,5.99961664741957,0.0
2026-03-07T16:41:07+00:00,1772901667.8423314,0.0,8191.529323919519,0.0,1.9998850888475388,37.5,427.97540901337334,0.0,5.999655266542617,0.0
2026-03-07T16:41:08+00:00,1772901668.842315,0.0,4096.067383921025,0.0,1.000016451152594,37.5,536.0088178177904,279.0045898715737,8.000131609220752,4.000065804610376
2026-03-07T16:41:09+00:00,1772901669.84245,0.0,53240.81542264719,0.0,11.998380879502822,37.5,0.9998650732919018,0.0,0.9998650732919018,0.0
2026-03-07T16:41:10+00:00,1772901670.8423667,0.0,61445.112730107976,0.0,2.000166430016536,37.5,109.0090704359012,201.01672621666185,3.0002496450248035,3.0002496450248035
2026-03-07T16:41:11+00:00,1772901671.842294,0.0,24577.787239338875,0.0,4.000290891819478,37.5,0.0,0.0,0.0,0.0
2026-03-07T16:41:12+00:00,1772901672.8424568,0.0,0.0,0.0,0.0,37.5,0.0,0.0,0.0,0.0
2026-03-07T16:41:13+00:00,1772901673.842164,0.0,61457.99354936567,0.0,4.001171455036827,37.5,55.01610750675638,66.01932900810765,1.0002928637592068,1.0002928637592068
2026-03-07T16:41:14+00:00,1772901674.8421643,0.0,69631.98339844146,0.0,1.9999995231629555,37.5,0.9999997615814777,0.0,0.9999997615814777,0.0
2026-03-07T16:41:15+00:00,1772901675.8426366,0.0,8188.132685935298,0.0,1.9990558315271723,37.5,0.9995279157635861,0.0,0.9995279157635861,0.0
2026-03-07T16:41:16+00:00,1772901676.8421204,0.0,0.0,0.0,0.0,37.5,1.0005164427992488,0.0,1.0005164427992488,0.0
2026-03-07T16:41:17+00:00,1772901677.842357,0.0,4095.0314790660777,0.0,0.9997635446938666,37.5,82.98037420959093,131.9687878995904,1.9995270893877333,1.9995270893877333
2026-03-07T16:41:18+00:00,1772901678.8424046,0.0,12287.414090438346,0.0,2.9998569556734243,37.5,0.999952318557808,0.0,0.999952318557808,0.0
2026-03-07T16:41:19+00:00,1772901679.8426456,0.0,0.0,0.0,0.0,37.5,137.9667443326663,197.95228534686908,2.999277050710137,2.999277050710137
2026-03-07T16:41:20+00:00,1772901680.842331,0.0,8194.578936623655,0.0,1.0003148115995673,37.5,0.0,0.0,0.0,0.0
2026-03-07T16:41:21+00:00,1772901681.842174,0.0,4096.642678948104,0.0,1.0001569040400644,37.5,0.0,0.0,0.0,0.0
2026-03-07T16:41:22+00:00,1772901682.8422856,0.0,24573.25811843886,0.0,3.9995537302146578,37.5,0.0,0.0,0.0,0.0
2026-03-07T16:41:23+00:00,1772901683.8424153,0.0,73718.4387400926,0.0,2.9996109513384037,37.5,0.9998703171128013,0.0,0.9998703171128013,0.0
2026-03-07T16:41:24+00:00,1772901684.8424559,0.0,4095.8339911035328,0.0,0.9999594704842609,37.5,96.99606863697332,237.9903539752541,2.999878411452783,2.999878411452783
2026-03-07T16:41:25+00:00,1772901685.842581,0.0,81909.74737706828,0.0,19.99749691822956,37.5,0.9998748459114781,0.0,0.9998748459114781,0.0
2026-03-07T16:41:26+00:00,1772901686.8422272,0.0,4097.449731684165,0.0,1.0003539383994544,37.5,1.0003539383994544,0.0,1.0003539383994544,0.0
2026-03-07T16:41:27+00:00,1772901687.8424177,0.0,0.0,0.0,0.0,37.5,0.9998095398372817,53.98971515121321,0.9998095398372817,0.9998095398372817
2026-03-07T16:41:28+00:00,1772901688.842438,0.0,57342.83791417534,0.0,3.999918939325847,37.5,0.9999797348314617,0.0,0.9999797348314617,0.0
2026-03-07T16:41:29+00:00,1772901689.8421738,0.0,4097.082317163328,0.0,1.0002642375887032,37.5,0.0,0.0,0.0,0.0
2026-03-07T16:41:30+00:00,1772901690.8425386,0.0,8189.012808419017,0.0,1.9992707051804242,37.5,0.0,0.0,0.0,0.0
2026-03-07T16:41:31+00:00,1772901691.8424087,0.0,0.0,0.0,0.0,37.5,0.0,0.0,0.0,0.0
2026-03-07T16:41:32+00:00,1772901692.8423283,0.0,131082.53209622297,0.0,19.001526716829197,37.5,0.0,0.0,0.0,0.0
2026-03-07T16:41:33+00:00,1772901693.842405,0.0,606161.464510066,0.0,32.99746675865739,37.5,0.0,0.0,0.0,0.0
2026-03-07T16:41:34+00:00,1772901694.8424263,0.0,0.0,0.0,0.0,37.5,227.99516211284921,119.99745374360485,3.9999151247868285,1.9999575623934143
2026-03-07T16:41:35+00:00,1772901695.8424296,0.0,8191.97265634127,0.0,1.9999933243020678,37.5,0.0,0.0,0.0,0.0
2026-03-07T16:41:36+00:00,1772901696.8421419,0.0,12291.53715070269,0.0,3.000863562183274,37.5,0.0,0.0,0.0,0.0
2026-03-07T16:41:37+00:00,1772901697.842557,0.0,12282.901530369669,0.0,2.9987552564379074,37.5,189.92116624106748,332.86183346460774,2.9987552564379074,4.997925427396512
2026-03-07T16:41:38+00:00,1772901698.842289,0.0,57359.37130674095,0.0,3.0008041629503146,37.5,0.0,0.0,0.0,0.0
2026-03-07T16:41:39+00:00,1772901699.8421981,0.0,4096.3721041134995,0.0,1.0000908457308348,37.5,82.00744934992845,132.01199163647019,1.0000908457308348,2.0001816914616697
2026-03-07T16:41:40+00:00,1772901700.842522,0.0,176070.99306664837,0.0,9.996763323642371,37.5,54.982198280033046,65.97863793603965,0.9996763323642371,0.9996763323642371
2026-03-07T16:41:41+00:00,1772901701.8420823,0.0,143423.05506552238,0.0,29.012755279716444,37.5,0.0,0.0,0.0,0.0
2026-03-07T16:41:42+00:00,1772901702.8420744,147457.16016537795,335874.6425989165,3.00002360362504,32.000251772000425,37.5,5773.045421242452,5781.045484185452,21.00016522537528,23.000180961125306
2026-03-07T16:41:43+00:00,1772901703.8422563,0.0,143333.92564171203,0.0,9.99818119710603,37.5,0.0,0.0,0.0,0.0
2026-03-07T16:41:44+00:00,1772901704.842489,0.0,262083.0141911863,0.0,13.99674300642627,37.5,0.0,0.0,0.0,0.0
2026-03-07T16:41:45+00:00,1772901705.8421562,0.0,2224868.508183819,0.0,24.00799063561614,37.5,0.0,0.0,0.0,0.0
2026-03-07T16:41:46+00:00,1772901706.8424838,0.0,0.0,0.0,0.0,37.5,0.0,0.0,0.0,0.0
2026-03-07T16:41:47+00:00,1772901707.8425996,0.0,2096909.0281534952,0.0,5.999304851971136,37.5,0.0,0.0,0.0,0.0
2026-03-07T16:41:48+00:00,1772901708.8422906,0.0,8292866.416762382,0.0,40.01236343932566,37.5,0.0,0.0,0.0,0.0
2026-03-07T16:41:49+00:00,1772901709.8423202,372724.98079452076,131068.12511455674,17.99946786546342,0.99997043697019,37.5,0.0,0.0,0.0,0.0
2026-03-07T16:41:50+00:00,1772901710.8425686,0.0,257983.9085005146,0.0,4.998758147718925,37.5,0.0,0.0,0.0,0.0
2026-03-07T16:41:51+00:00,1772901711.8425698,0.0,135167.83886737959,0.0,2.9999964237255767,37.5,0.0,0.0,0.0,0.0
2026-03-07T16:41:52+00:00,1772901712.8421552,0.0,237666.53890208024,0.0,4.001659127526944,37.5,0.0,0.0,0.0,0.0
2026-03-07T16:41:53+00:00,1772901713.8425775,0.0,73696.88227974952,0.0,2.998733816721579,37.5,0.0,0.0,0.0,0.0
2026-03-07T16:41:54+00:00,1772901714.8423827,0.0,405583.0026934625,0.0,23.004480996364123,37.5,0.0,0.0,0.0,0.0
2026-03-07T16:41:55+00:00,1772901715.8425999,0.0,131043.53743205057,0.0,2.9993485435192238,37.5,0.0,0.0,0.0,0.0
2026-03-07T16:41:56+00:00,1772901716.8425088,0.0,12289.11924256102,0.0,3.000273252578374,37.5,0.0,0.0,0.0,0.0
2026-03-07T16:41:57+00:00,1772901717.8425472,0.0,0.0,0.0,0.0,37.5,147.99431918015765,209.99193937725073,1.9999232321642928,2.999884848246439
2026-03-07T16:41:58+00:00,1772901718.8421948,0.0,549057.4783346602,0.0,110.03877575649454,37.5,55.01938787824727,66.02326545389673,1.0003525068772232,1.0003525068772232
2026-03-07T16:41:59+00:00,1772901719.8423145,18347884.0128292,4095.5098242922318,37.995452471461135,0.9998803281963456,37.5,81.99018691210034,131.98420332191762,0.9998803281963456,1.9997606563926913
2026-03-07T16:42:00+00:00,1772901720.8421445,196641427.5574323,221221.6060021113,376.06392802731597,3.0005100640477336,37.5,0.0,0.0,0.0,0.0
2026-03-07T16:42:01+00:00,1772901721.8421476,196607390.62688872,0.0,374.99883771302933,0.0,37.5,0.0,0.0,0.0,0.0
2026-03-07T16:42:02+00:00,1772901722.842486,196541506.87068713,167879.20378537857,374.87317442071367,21.992559566015203,37.5,0.0,0.0,0.0,0.0
2026-03-07T16:42:03+00:00,1772901723.8423324,196113823.6233858,90125.83806221774,376.0577404939838,3.000460695430722,37.5,0.0,0.0,0.0,0.0
2026-03-07T16:42:04+00:00,1772901724.8423374,197131301.00494167,0.0,380.99809242249944,0.0,37.5,54.99972462791987,65.99966955350384,0.9999949932349067,0.9999949932349067
2026-03-07T16:42:05+00:00,1772901725.842513,197097655.085505,4095.28039988167,375.93394295788767,0.9998243163773608,37.5,34154004.64639654,0.0,23.995783593056657,0.0
2026-03-07T16:42:06+00:00,1772901726.8421857,197721299.8122564,8194.682518744048,379.12410578662036,2.000654911802746,37.5,31091903.89460356,0.0,30.00982367704119,0.0
2026-03-07T16:42:07+00:00,1772901727.8422441,197133060.95484972,4095.760756162343,376.9779797542,0.999941590859947,37.5,37560965.96812673,0.0,68.99596976933634,0.0
2026-03-07T16:42:08+00:00,1772901728.8420413,190879560.3577596,114711.27425346129,368.0746802217647,4.000811741540921,37.5,43546158.2634149,1944.3945063888875,50.01014676926151,8.001623483081842
2026-03-07T16:42:09+00:00,1772901729.8423836,194968384.8535286,118743.3459499397,371.8726822920391,2.998973244290638,37.5,45027644.92665037,65.97741137439402,66.9770691224909,0.9996577480968792
2026-03-07T16:42:10+00:00,1772901730.8424337,194501109.73757437,192502.36181068892,372.9813256076866,12.999349149865754,37.5,42583484.934266046,14438.277105762432,105.99469306813614,58.99704614169842
2026-03-07T16:42:11+00:00,1772901731.842033,194588835.63101,110636.34101325113,371.1487496013832,12.00481130786145,37.5,44427959.9102557,0.0,89.03568386663909,0.0
2026-03-07T16:42:12+00:00,1772901732.842102,195545903.68481335,53244.31861391114,376.9739354988826,7.9994469071380925,37.5,44476722.81765339,0.0,171.988108503469,0.0
2026-03-07T16:42:13+00:00,1772901733.842133,194504819.4368518,8191.746101619432,371.98847043486677,1.9999380130906816,37.5,26096276.161179315,383.9880985134109,25.99919417017886,1.9999380130906816
2026-03-07T16:42:14+00:00,1772901734.8420475,196641214.9679445,278551.841884431,376.032185448307,34.002910386283084,37.5,526.0450253877912,577.0493909672158,6.000513597579367,5.000427997982806
2026-03-07T16:42:15+00:00,1772901735.8421993,196053936.77204233,4095.3780241486115,373.94320825966327,0.9998481504269071,37.5,0.0,0.0,0.0,0.0
2026-03-07T16:42:16+00:00,1772901736.842147,196093950.78460452,0.0,374.0195289318171,0.0,37.5,0.0,0.0,0.0,0.0
2026-03-07T16:42:17+00:00,1772901737.842122,197661524.24887422,69633.74320770187,381.00953817403513,4.0001001383100805,37.5,82.00205283535665,132.00330456423265,1.0000250345775201,2.0000500691550402
2026-03-07T16:42:18+00:00,1772901738.8424358,198118702.5037196,159693.89462725414,377.881436355056,12.995922414327323,37.5,0.0,0.0,0.0,0.0
2026-03-07T16:42:19+00:00,1772901739.8421934,198228928.90437883,0.0,378.0916765296532,0.0,37.5,82.01988750114171,132.03201402622813,1.0002425305017282,2.0004850610034564
2026-03-07T16:42:20+00:00,1772901740.8424754,193931861.67761692,475002.0260684874,371.895107290286,23.993232728405545,37.5,1432.5959374918812,3790.930771088076,8.99746227315208,7.997744242801849
2026-03-07T16:42:21+00:00,1772901741.8424265,197174693.07258222,40962.00205097686,383.0187203497104,4.000195512790709,37.5,852.041644224421,1871.0914511078543,5.000244390988386,7.000342147383741
2026-03-07T16:42:22+00:00,1772901742.8424957,197642910.69483817,176115.82310755225,376.9739354988826,9.999308633922615,37.5,287.9800886569713,239.98340721414277,3.9997234535690462,3.9997234535690462
2026-03-07T16:42:23+00:00,1772901743.8420491,197220358.32850963,12293.489756182034,376.1679808206742,2.000893515003586,37.5,346.1545780956204,294.13134670552716,5.002233787508966,5.002233787508966
2026-03-07T16:42:24+00:00,1772901744.8423011,196558465.60808474,225223.24184259708,376.9050167554115,5.998488330324852,37.5,9622.575029896116,8529.85040572194,16.995716935920413,21.994457211191122
2026-03-07T16:42:25+00:00,1772901745.8423574,199019073.8366276,487396.5757618237,610.9656229288552,20.998818464003204,37.5,108.99386726554044,0.0,1.99988747276221,0.0
2026-03-07T16:42:26+00:00,1772901746.8420012,198345722.222063,893246.171925749,394.140391765904,76.02708064519976,37.5,0.0,66.02351740241032,0.0,1.0003563242789442
2026-03-07T16:42:27+00:00,1772901747.842266,199176681.4748386,0.0,381.89884147337034,0.0,37.5,4955.687322469887,4977.681496586154,12.996557432339829,12.996557432339829
2026-03-07T16:42:28+00:00,1772901748.8421156,196113215.68859756,327729.30429244245,374.0562738201095,65.00978020937731,37.5,0.0,0.0,0.0,0.0
2026-03-07T16:42:29+00:00,1772901749.8423452,196562869.7367772,208848.04909532575,378.91300267658767,50.988293236163514,37.5,0.0,0.0,0.0,0.0
2026-03-07T16:42:30+00:00,1772901750.8423188,197661807.01343596,217093.74526923295,378.01000383148795,47.00124386264533,37.5,4767.1261594304315,9153.242235633887,44.00116446715733,44.00116446715733
2026-03-07T16:42:31+00:00,1772901751.8425124,197094131.3869633,0.0,375.9272220362917,0.0,37.5,0.0,195.9620625508329,0.0,1.9996128831717646
2026-03-07T16:42:32+00:00,1772901752.8420842,198265761.35302687,168007.94096135296,378.1619288502252,41.01756371126781,37.5,3262.3969576205936,8021.434776510861,22.009424430436386,30.01285149604962
2026-03-07T16:42:33+00:00,1772901753.8421185,196601250.2317349,352243.9066651917,374.98712583872776,58.99797446529317,37.5,0.0,0.0,0.0,0.0
2026-03-07T16:42:34+00:00,1772901754.8426826,197021148.6935003,28655.835290361167,379.7857634743737,1.998872439338809,37.5,667.6233947391622,459.7406610479261,9.994362196694045,7.995489757355236
2026-03-07T16:42:35+00:00,1772901755.8426442,198712779.667791,639000.5282852778,379.01454862173273,79.00303256231368,37.5,2294.088059467691,6242.2396108096455,15.000575802970953,19.00072935042987
2026-03-07T16:42:36+00:00,1772901756.8421092,198811518.40722892,225400.5918617577,379.20287782140525,35.01873541886328,37.5,1371.7338931217587,947.5069269046721,14.007494167545312,14.007494167545312
2026-03-07T16:42:37+00:00,1772901757.8420815,193991925.14838153,323592.94946626143,372.01028852307047,27.000746747642214,37.5,12014.332275043465,13277.367206238729,32.00088503424262,45.00124457940369
2026-03-07T16:42:38+00:00,1772901758.842325,198656793.8965892,122850.09517021923,383.9065474069351,2.9992699016166804,37.5,5184.737903261368,6578.398650879252,9.997566338722269,15.996106141955629
2026-03-07T16:42:39+00:00,1772901759.8419843,196150540.51848623,127019.27548615211,374.1274652833676,26.00886122290791,37.5,82.02794693378648,132.04498774707093,1.0003408162656888,2.0006816325313777
2026-03-07T16:42:40+00:00,1772901760.8424218,197046080.71552253,384855.62639750494,375.8355726538134,33.98513156975972,37.5,0.0,0.0,0.0,0.0
2026-03-07T16:42:41+00:00,1772901761.8425875,197099628.41172358,114668.9992421929,377.9373754320323,22.996189510414663,37.5,0.0,0.0,0.0,0.0
2026-03-07T16:42:42+00:00,1772901762.8422873,198764815.0339927,0.0,383.1149992427937,0.0,37.5,0.0,0.0,0.0,0.0
2026-03-07T16:42:43+00:00,1772901763.842161,197681555.40644392,126992.04694959719,377.0476444367293,25.003159445406453,37.5,0.0,0.0,0.0,0.0
2026-03-07T16:42:44+00:00,1772901764.8422132,197646256.1638365,262130.31321463728,378.9802120527173,44.99765050757858,37.5,0.0,0.0,0.0,0.0
2026-03-07T16:42:45+00:00,1772901765.8422916,198165319.9692693,159731.47070935645,377.9703521142374,26.9978822938741,37.5,0.0,0.0,0.0,0.0
2026-03-07T16:42:46+00:00,1772901766.8422968,198179824.50545236,0.0,381.99799634077084,0.0,37.5,0.0,0.0,0.0,0.0
2026-03-07T16:42:47+00:00,1772901767.842077,198748841.35387808,53259.7076517236,380.08355069965006,13.002858313409082,37.5,0.0,0.0,0.0,0.0
2026-03-07T16:42:48+00:00,1772901768.842446,196535464.27090374,184251.99775397225,374.8616490762782,13.994834898847719,37.5,15821968.555047223,0.0,29.988931926102254,0.0
2026-03-07T16:42:49+00:00,1772901769.8422513,191926793.03215486,118807.14220313547,366.0713062899682,18.00350686671975,37.5,43502988.85928584,66.01285851130575,57.01110507794587,1.0001948259288749
2026-03-07T16:42:50+00:00,1772901770.8420572,192975435.26826963,135194.23751386077,368.07143262533117,25.004852759873042,37.5,43502902.726807505,0.0,57.01106429251053,0.0
2026-03-07T16:42:51+00:00,1772901771.8424363,196533496.9930127,73700.06137237976,378.8563810239248,14.994315871659294,37.5,43646022.42398688,0.0,55.9787792541947,0.0
2026-03-07T16:42:52+00:00,1772901772.8419409,194607263.0172591,106548.78787164623,371.1838970513517,12.005948152604368,37.5,43516019.30712705,0.0,91.04510682391646,0.0
2026-03-07T16:42:53+00:00,1772901773.8484783,192726621.76737276,0.0,367.59685853457023,0.0,37.5,43211964.48556087,0.0,64.57782649931639,0.0
2026-03-07T16:42:54+00:00,1772901774.8421934,192047843.50959885,61828.58972879428,368.3148411578565,13.082221134022227,37.5,43769549.5249911,0.0,60.37948215702566,0.0
2026-03-07T16:42:55+00:00,1772901775.8421926,193986698.75009924,16384.011718758382,375.00026822109334,4.000002861024996,37.5,43494491.10968431,0.0,30.000021457687467,0.0
2026-03-07T16:42:56+00:00,1772901776.8419788,195617643.07581687,114712.53259032572,374.0800012972745,6.001283443271784,37.5,39153387.40080703,0.0,45.009625824538375,0.0
2026-03-07T16:42:57+00:00,1772901777.8422666,195503163.81506234,262068.58420249642,372.8926922131774,2.9991369346904344,37.5,43494137.63873245,131.96202512637913,70.97957412100695,1.9994246231269563
2026-03-07T16:42:58+00:00,1772901778.8456376,192812301.6751535,461292.9812265486,369.7535606398851,39.8656130069957,37.5,43348332.75770635,0.0,83.71778731469097,0.0
2026-03-07T16:42:59+00:00,1772901779.8425612,195127505.65815812,168454.21822590084,377.1602637489205,11.033943886271611,37.5,43628812.96854523,132.40732663525932,44.135775545086446,2.0061716156857474
2026-03-07T16:43:00+00:00,1772901780.8424146,197685562.12516093,4096.600674012784,377.05528664619624,1.0001466489289024,37.5,43500838.41597219,66.00967882930756,86.0126118078856,1.0001466489289024
2026-03-07T16:43:01+00:00,1772901781.84235,196096382.06863132,0.0,376.02429546930125,0.0,37.5,43497270.42105772,0.0,39.00252000878391,0.0
2026-03-07T16:43:02+00:00,1772901782.8422923,196619344.40454146,8192.472683522561,375.02163773449223,2.0001154012506253,37.5,43496969.657539636,0.0,59.003404336893446,0.0
2026-03-07T16:43:03+00:00,1772901783.842347,192403191.1985396,73723.97482914069,366.97996368129657,11.999344861513785,37.5,39142876.88289876,0.0,45.99748863580284,0.0
2026-03-07T16:43:04+00:00,1772901784.8420286,194630140.5944971,45070.34538628833,377.12003308395555,2.000636780286236,37.5,47883424.75795457,0.0,93.02961028330999,0.0
2026-03-07T16:43:05+00:00,1772901785.8423662,197589869.52015483,135122.3825879706,376.8727674868676,19.993250264555307,37.5,43480209.05064017,0.0,162.94498965612576,0.0
2026-03-07T16:43:06+00:00,1772901786.8422058,195623580.91934365,81933.14664070349,375.0601805452125,13.0020862589007,37.5,43501868.12286346,0.0,104.0166900712056,0.0
2026-03-07T16:43:07+00:00,1772901787.8420796,196632800.00286138,16386.066666905117,375.0473022515514,2.000252278674941,37.5,43500374.41635567,0.0,56.007063802898344,0.0
2026-03-07T16:43:08+00:00,1772901788.8420148,197669394.83129933,0.0,381.0247093965902,0.0,37.5,43497708.82004525,0.0,46.00298328672743,0.0
2026-03-07T16:43:09+00:00,1772901789.8424656,196519399.32057494,16376.616610047913,374.83100761523235,1.9990987072812394,37.5,43474914.35516223,0.0,84.96169505945267,0.0
2026-03-07T16:43:10+00:00,1772901790.8422492,194028564.09321705,61453.30366128074,370.08011644977006,11.00238184039857,37.5,41788420.52734729,66.01429104239142,95.02057043980582,1.0002165309453246
2026-03-07T16:43:11+00:00,1772901791.8420596,196120885.2959295,8193.55302874037,374.07090243516825,2.000379157407317,37.5,43532991.36378627,0.0,40.00758314814634,0.0
2026-03-07T16:43:12+00:00,1772901792.8423846,194971777.08939818,0.0,378.8768784557974,0.0,37.5,42157524.30021162,0.0,53.98245761639329,0.0
2026-03-07T16:43:13+00:00,1772901793.8419526,196168459.61219436,94248.71680900047,374.16164324225304,12.005186414189938,37.5,43532948.86362765,0.0,89.03846590524203,0.0
2026-03-07T16:43:14+00:00,1772901794.8421476,191851991.79714724,4095.201327637194,365.92863425664376,0.9998050116301743,37.5,44895239.24321629,0.0,43.99142051172767,0.0
2026-03-07T16:43:15+00:00,1772901795.842285,195532571.68760395,45049.81334960714,374.94850865817375,9.9986268975513,37.5,43533902.528278284,0.0,83.98846593943092,0.0
2026-03-07T16:43:16+00:00,1772901796.842168,192960526.6335455,0.0,372.04346401628686,0.0,37.5,43546482.32231568,0.0,62.00724400271447,0.0
2026-03-07T16:43:17+00:00,1772901797.8422506,193970558.8199826,8191.324274492508,369.9694801711704,1.9998350279522725,37.5,42081592.570406586,197.983667767275,61.99488586652045,2.999752541928409
2026-03-07T16:43:18+00:00,1772901798.8424685,193420122.93489587,184279.84273522854,370.91917130408956,4.9989106644756,37.5,43507690.03994167,0.0,90.98017409345593,0.0
2026-03-07T16:43:19+00:00,1772901799.842186,196139126.40601137,4097.157553601508,374.1056945915439,1.0002826058597432,37.5,43521979.091371365,132.03730397348608,53.01497811056638,2.0005652117194863
2026-03-07T16:43:20+00:00,1772901800.8422651,192922713.208759,0.0,367.97087327720453,0.0,37.5,41999900.49920899,65.9947761855856,29.99762553890254,0.9999208512967513
2026-03-07T16:43:21+00:00,1772901801.8421888,195050017.1353405,32770.500190749415,376.02868871221256,6.000457798599136,37.5,43497778.617143035,0.0,49.003738688559615,0.0
2026-03-07T16:43:22+00:00,1772901802.8422022,195556813.03486013,4095.9453132301473,373.995006627948,0.9999866487378289,37.5,43493934.29332723,65.99911881669671,30.999586110872695,0.9999866487378289
2026-03-07T16:43:23+00:00,1772901803.8443396,194619152.63223553,0.0,371.2065746922217,0.0,37.5,43401748.12434417,65.85923099378127,56.87842676735655,0.9978671362694131
2026-03-07T16:43:24+00:00,1772901804.8422532,194392139.9524125,463815.70554524095,370.7735823677301,46.09617510517726,37.5,43608155.097781345,0.0,75.15680723670205,0.0
2026-03-07T16:43:25+00:00,1772901805.8423014,196074268.95478228,106490.87134074907,376.98184434591343,10.999470259429835,37.5,43492366.383584626,0.0,89.99566575897138,0.0
2026-03-07T16:43:26+00:00,1772901806.8424633,198148786.4429143,69620.72936362316,378.9386550553363,2.9995144199630843,37.5,43487420.98600733,0.0,32.99465861959393,0.0
2026-03-07T16:43:27+00:00,1772901807.8423295,189293286.51142237,0.0,361.0482912281463,0.0,37.5,43500279.28515028,0.0,50.006688535754336,0.0
2026-03-07T16:43:28+00:00,1772901808.842083,197180897.983567,4097.010014618662,376.09271618569755,1.0002465856002594,37.5,43577876.02764239,0.0,72.01775416321868,0.0
2026-03-07T16:43:29+00:00,1772901809.84239,196547643.53445235,102368.5643408606,381.8827302559448,3.998772044564867,37.5,43482621.22058008,0.0,53.983422601625705,0.0
2026-03-07T16:43:30+00:00,1772901810.8423939,196607250.00286102,225279.14062827826,374.99856949398236,15.99993896507658,37.5,43494294.082435295,0.0,69.99973297221004,0.0
2026-03-07T16:43:31+00:00,1772901811.8420615,198771214.70630375,0.0,379.12600461254834,0.0,37.5,43508920.42897177,0.0,70.02327261973188,0.0
2026-03-07T16:43:32+00:00,1772901812.8421242,198168438.02915916,225265.87490913842,379.97617394119584,3.999749199381009,37.5,43491732.890627325,0.0,80.99492128746543,0.0
2026-03-07T16:43:33+00:00,1772901813.8421683,195026533.87941748,20479.096719528887,371.98359275706764,4.999779472541232,37.5,41862464.55397642,18984.16265723906,108.99519250139886,80.99642745516796
2026-03-07T16:43:34+00:00,1772901814.842437,196555186.06598464,167890.88809802855,378.89819091292406,16.99543336548736,37.5,42187423.33475059,231.93767887018043,70.98092758527073,3.9989254977617317
2026-03-07T16:43:35+00:00,1772901815.8424304,191890689.00855166,0.0,368.0024566814392,0.0,37.5,44872499.556252375,0.0,41.000273706356,0.0
2026-03-07T16:43:36+00:00,1772901816.8428113,195484945.62573102,20472.200237279136,372.85794377466397,4.9980957610544765,37.5,42127921.56143971,0.0,61.97638743707551,0.0
2026-03-07T16:43:37+00:00,1772901817.8423877,195642311.74203435,12293.208261270589,373.1580958214461,3.001271548161765,37.5,44911033.449235745,174.07374979338238,43.018225523651964,3.001271548161765
2026-03-07T16:43:38+00:00,1772901818.8423562,196614187.6947345,36865.16019276272,379.0119279800638,6.000188833457474,37.5,42133185.98413227,0.0,65.0020456957893,0.0
2026-03-07T16:43:39+00:00,1772901819.8422427,192959882.48519874,20482.324482549117,369.0418815459289,4.000454000497874,37.5,43522191.21351853,132.01498201642985,46.00522100572556,2.000227000248937
2026-03-07T16:43:40+00:00,1772901820.842172,195048947.47799516,180236.76262247536,372.0263433036712,14.00099141465429,37.5,43518737.57564639,0.0,40.002832613297976,0.0
2026-03-07T16:43:41+00:00,1772901821.8516304,195285174.9956901,16230.48329418967,372.47691153657934,2.9718902516216437,37.5,43106418.13915998,0.0,33.68142285171196,0.0
2026-03-07T16:43:42+00:00,1772901822.8421123,194792043.20718125,0.0,374.5651661306062,0.0,37.5,42428203.860709965,0.0,30.288288366356294,0.0
2026-03-07T16:43:43+00:00,1772901823.8421128,192954275.99223137,4095.9980468759313,369.9998235703356,0.9999995231630692,37.5,43494439.26023518,0.0,29.999985694892075,0.0
2026-03-07T16:43:44+00:00,1772901824.8460176,195843267.39278814,8160.136141366173,373.5413883071673,1.992220737638226,37.5,43325282.59218816,0.0,35.859973277488066,0.0
2026-03-07T16:43:45+00:00,1772901825.842317,193128366.5094799,4111.213524128915,368.3631258191679,1.003714239289286,37.5,40838904.15106982,0.0,28.103998700100004,0.0
2026-03-07T16:43:46+00:00,1772901826.842169,189820360.41108114,0.0,364.05390106977563,0.0,37.5,45152919.24810149,0.0,31.00459047572265,0.0
2026-03-07T16:43:47+00:00,1772901827.842222,191354991.78607547,16383.132858396872,369.98041733440203,3.9997882955070487,37.5,35948571.28078262,0.0,24.998676846919057,0.0
2026-03-07T16:43:48+00:00,1772901828.8421504,193476110.48980594,4096.292989706257,369.02639482461154,1.000071530690004,37.5,43497571.18873516,0.0,41.00293275829017,0.0
2026-03-07T16:43:49+00:00,1772901829.8425727,194434893.94578695,644847.7199478084,377.84046090691896,34.98522786175175,37.5,37904459.24752441,0.0,62.97341015115316,0.0
2026-03-07T16:43:50+00:00,1772901830.8425188,194521329.31476048,0.0,371.0199915213785,0.0,37.5,46567085.155570306,0.0,109.0058735197581,0.0
2026-03-07T16:43:51+00:00,1772901831.842194,196147406.183164,86043.94071370413,378.1227863395201,9.002923484274287,37.5,43578254.99699638,0.0,30.00974494758096,0.0
2026-03-07T16:43:52+00:00,1772901832.8421092,192954361.39006397,8192.695371521058,368.03123739254755,2.0001697684377584,37.5,41940113.75162878,0.0,59.005008168913875,0.0
2026-03-07T16:43:53+00:00,1772901833.8424256,192352839.12898538,16378.81804572423,368.8832921674952,1.9993674372221961,37.5,43480703.51178166,0.0,29.99051155833294,0.0
2026-03-07T16:43:54+00:00,1772901834.842585,195528236.8494138,4095.3467838767974,372.9405152309681,0.9998405234074212,37.5,43487523.65172315,0.0,30.99505622563006,0.0
2026-03-07T16:43:55+00:00,1772901835.8423455,197769499.6827195,12290.945041600897,382.09155321382997,2.0004793361980626,37.5,43504939.24772834,66.01581809453607,31.00742971106997,1.0002396680990313
2026-03-07T16:43:56+00:00,1772901836.8422313,195057412.0439799,12289.403480593492,373.04260239757264,3.0003426466292704,37.5,40924095.634006664,0.0,31.003540681835794,0.0
2026-03-07T16:43:57+00:00,1772901837.8422434,198702735.90437815,0.0,378.9953916633189,0.0,37.5,39159825.84206821,209.9974465680659,28.999647383209098,2.9999635224009413
2026-03-07T16:43:58+00:00,1772901838.842459,193944759.00938404,4095.1173777319264,369.92027093769843,0.9997845160478336,37.5,41695925.260737486,0.0,28.993750965387175,0.0
2026-03-07T16:43:59+00:00,1772901839.8439596,193695898.66829437,61347.94087889391,372.44111243208704,1.997003283818161,37.5,43429371.601083465,131.80221673199864,39.940065676363226,1.997003283818161
2026-03-07T16:44:00+00:00,1772901840.8424404,192706456.26232326,4102.232124112808,368.55991740076007,1.0015215146759786,37.5,43560637.45921376,0.0,30.045645440279355,0.0
2026-03-07T16:44:01+00:00,1772901841.8424437,186645905.0020795,45055.84960987698,355.99881172576806,2.9999899864531017,37.5,43494314.82206166,0.0,32.99988985098412,0.0
2026-03-07T16:44:02+00:00,1772901842.842095,192480834.54335234,8194.858418909756,367.1280566088721,2.0006978561791398,37.5,43512720.514579974,66.0230292539116,33.0115146269558,1.0003489280895699
2026-03-07T16:44:03+00:00,1772901843.8424633,191818750.2772459,69606.36003059214,367.8644946469713,1.9992635578639746,37.5,43479957.86599947,0.0,30.988585146891605,0.0
2026-03-07T16:44:04+00:00,1772901844.8421297,196149137.07237536,57363.13333500282,379.1264567167632,10.003336588832802,37.5,43508972.312952474,0.0,36.01201171979809,0.0
2026-03-07T16:44:05+00:00,1772901845.8421474,195555973.8108716,0.0,372.993419286483,0.0,37.5,31815785.674893394,65.99883558420342,29.999470720092468,0.9999823573364156
2026-03-07T16:44:06+00:00,1772901846.8422956,190288324.93478456,683930.5755877458,362.9461764045421,133.98013123473453,37.5,46477441.56477039,0.0,60.990955263573184,0.0
2026-03-07T16:44:07+00:00,1772901847.8425286,192893052.46612468,16380.184482517381,369.91383413888127,3.999068477177095,37.5,43484484.943596385,214.94993064826886,71.98323258918771,2.999301357882821
2026-03-07T16:44:08+00:00,1772901848.8424497,197672175.6060671,73733.81881857608,381.03006957841643,3.0002367683339877,37.5,43498055.71647505,252.01988854005498,33.00260445167387,4.000315691111984
2026-03-07T16:44:09+00:00,1772901849.8424864,193979437.7615034,4095.8496148966087,369.98641540814094,0.9999632848868674,37.5,43494377.04039378,0.0,45.9983111047959,0.0
2026-03-07T16:44:10+00:00,1772901850.842169,197194864.85783523,135210.90717064,378.1199907559624,2.0006348717246687,37.5,43508266.70141687,0.0,30.00952307587003,0.0
2026-03-07T16:44:11+00:00,1772901851.8421361,195041553.21113756,20480.673850295865,372.0122398588897,3.0000987085394333,37.5,43495891.09154001,0.0,51.001678045170365,0.0
2026-03-07T16:44:12+00:00,1772901852.842267,191864294.53714636,249823.30017857597,369.9515763722829,28.996204634584334,37.5,43497046.593279906,2413.6840685478132,75.99005352511756,25.996597258592853
2026-03-07T16:44:13+00:00,1772901853.8423655,191870515.11032376,114676.70814312383,366.9638662155278,18.99812931361043,37.5,43828101.38389979,14958.527080611158,121.9879882242354,41.99586479850726
2026-03-07T16:44:14+00:00,1772901854.8423076,198192346.41524193,126983.35687153811,378.0219009690131,19.0011008423578,37.5,41833273.64060751,0.0,72.00417161314535,0.0
2026-03-07T16:44:15+00:00,1772901855.8422756,196089976.7001452,2736215.4168553017,374.01194896725696,51.001629404625945,37.5,43537524.94074775,1214.0387862199195,104.00332270747252,16.000511185765003
2026-03-07T16:44:16+00:00,1772901856.8420947,194546052.99568552,0.0,371.06714820038894,0.0,37.5,43588734.80444063,207.03746543795285,43.00778267551678,2.000361984907757
2026-03-07T16:44:17+00:00,1772901857.8421874,194492809.79794994,2096957.518037196,374.96522391507557,6.999350846414743,37.5,43594964.792520456,131.98775881810658,106.99007722376822,1.9998145275470696
2026-03-07T16:44:18+00:00,1772901858.8422263,193979021.54296124,8289981.832832634,369.9856215342736,34.99863987486372,37.5,43570077.76968659,65.99743519260015,53.99790152121831,0.9999611392818205
2026-03-07T16:44:19+00:00,1772901859.8424323,193946608.22981107,49141.87708525618,369.9237980457517,3.9991761950892073,37.5,43509930.23055859,280.94212770501684,35.992585755802864,3.9991761950892073
2026-03-07T16:44:20+00:00,1772901860.8420691,193008067.4481057,0.0,368.1336735689272,0.0,37.5,42015506.313351445,186.06756327125123,32.011623788602364,3.0010897301814716
2026-03-07T16:44:21+00:00,1772901861.84202,191898832.96289977,4096.201181755887,373.0183205065785,1.0000491166396208,37.5,43508708.89661806,0.0,31.001522615828243,0.0
2026-03-07T16:44:22+00:00,1772901862.8420823,196595766.38626412,700372.4177510659,374.9766662335665,106.99334209864432,37.5,43502350.968367875,0.0,30.998071075308168,0.0
2026-03-07T16:44:23+00:00,1772901863.8420708,193464486.02533752,81920.93751072895,369.0042229182005,3.0000343326682968,37.5,43505555.88157518,0.0,31.000354770905734,0.0
2026-03-07T16:44:24+00:00,1772901864.8421333,194523272.97386572,40957.441566064284,374.97657683774673,2.999812614701974,37.5,43499312.78638124,0.0,29.99812614701974,0.0
2026-03-07T16:44:25+00:00,1772901865.8420837,196093436.4822474,86020.26583654738,378.01874635201483,3.0001487805715463,37.5,43504187.41896228,0.0,32.00158699276316,0.0
2026-03-07T16:44:26+00:00,1772901866.8420668,195038437.55588782,307205.20028334146,372.0062972181088,4.000067712022675,37.5,41931207.79970784,0.0,30.000507840170062,0.0
2026-03-07T16:44:27+00:00,1772901867.8422308,193954745.21864167,0.0,371.93899011011223,0.0,37.5,43487326.68759321,0.0,47.99212775614352,0.0
2026-03-07T16:44:28+00:00,1772901868.842481,193938055.88093302,36854.782578724604,369.9074857348118,4.9987498072271865,37.5,43498312.02477217,6234.4407595737475,43.988998303599246,17.995499306017873
2026-03-07T16:44:29+00:00,1772901869.8425322,194500877.886068,4095.790049824545,370.9809835168228,0.9999487426329455,37.5,43493744.51089529,0.0,50.99738587428022,0.0
2026-03-07T16:44:30+00:00,1772901870.8421888,195626587.05860624,24584.44039778061,377.12947713066774,5.001717203324506,37.5,43509397.76626191,0.0,42.014424507925845,0.0
2026-03-07T16:44:31+00:00,1772901871.8423016,197110059.50675136,0.0,376.9574897545209,0.0,37.5,43489555.59636185,0.0,29.996617221845167,0.0
2026-03-07T16:44:32+00:00,1772901872.8423877,193969865.18690765,40956.47491277611,369.96815717107324,7.999311506401584,37.5,43490716.79284043,0.0,29.997418149005938,0.0
2026-03-07T16:44:33+00:00,1772901873.8424664,196068285.71371138,139253.04383076093,373.970576693938,6.999449296410605,37.5,43548647.67378894,131.98961530374282,38.996931794287654,1.9998426561173157
2026-03-07T16:44:34+00:00,1772901874.842136,191428377.1532093,4097.353963039583,368.1216451168375,1.0003305573827106,37.5,43509065.490227096,112.03702242686359,46.01520563960469,2.000661114765421
2026-03-07T16:44:35+00:00,1772901875.8420837,191375112.3967397,114693.98859393646,366.01911120065523,16.000835462323725,37.5,43496731.123913795,0.0,41.00214087220454,0.0
2026-03-07T16:44:36+00:00,1772901876.8422537,195001987.13505667,12285.911487843792,371.93677355777106,2.9994901093368633,37.5,43487491.454918064,347.9408526830761,39.993201457824846,5.998980218673727
2026-03-07T16:44:37+00:00,1772901877.8421116,191916678.87512246,589907.824411237,366.0520150663804,44.006253177379065,37.5,43506825.20992687,11516.636484943634,93.01321694309665,56.007958589391535
2026-03-07T16:44:38+00:00,1772901878.8423586,192366181.23622495,143324.59858795712,373.90764419570286,4.998765296733995,37.5,43522298.92044411,58396.57594950588,87.97826922251832,99.97530593467991
2026-03-07T16:44:39+00:00,1772901879.8422306,189832944.45937505,610382.1477006234,363.04648112305716,50.00640235854782,37.5,43500515.4047862,35259.51430301207,39.0049938396673,27.003457273615822
2026-03-07T16:44:40+00:00,1772901880.8423445,195537139.78959957,20477.666281585072,372.95749624175943,3.999544195622085,37.5,43489503.75867923,0.0,29.996581467165637,0.0
2026-03-07T16:44:41+00:00,1772901881.8422856,196619578.80686885,61443.61837714652,377.02220260716535,10.000588928572025,37.5,43743818.04671896,66.00388692857537,43.002532392859706,1.0000588928572025
2026-03-07T16:44:42+00:00,1772901882.8421657,192436773.89260578,114701.75555587879,367.04401758690983,16.001919022862552,37.5,43007843.69609907,0.0,39.004677618227475,0.0
2026-03-07T16:44:43+00:00,1772901883.8420477,196631205.86369097,131087.470575794,379.04473379688966,5.00059015563179,37.5,43997092.413507625,952.1123656322927,47.00554746293882,8.000944249010864
2026-03-07T16:44:44+00:00,1772901884.842138,185073324.65566337,8191.259832507009,353.96801522308124,1.9998192950456566,37.5,39143099.00446446,0.0,43.99602449100445,0.0
2026-03-07T16:44:45+00:00,1772901885.8426163,0.0,4094.041952096008,0.0,0.9995219609609395,37.5,0.0,65.968449423422,0.0,0.9995219609609395
2026-03-07T16:44:46+00:00,1772901886.8421006,0.0,0.0,0.0,0.0,37.5,0.0,0.0,0.0,0.0
2026-03-07T16:44:47+00:00,1772901887.8425083,0.0,8188.661517335261,0.0,1.999184940755679,37.5,54.977585870781176,65.9731030449374,0.9995924703778395,0.9995924703778395
2026-03-07T16:44:48+00:00,1772901888.8421082,0.0,16390.55731085959,0.0,3.0012006794786847,37.5,82.03281857241738,132.05282989706214,1.0004002264928948,2.0008004529857897
2026-03-07T16:44:49+00:00,1772901889.8422673,0.0,4095.348736379822,0.0,0.99984100009273,37.5,0.0,0.0,0.0,0.0
2026-03-07T16:44:50+00:00,1772901890.8421211,512.0748400394783,152086.22749172506,1.000146171952106,5.000730859760531,37.5,8664.266287621096,875.1279004580929,5.000730859760531,9.001315547568955
2026-03-07T16:44:51+00:00,1772901891.8423035,0.0,4095.2530659209656,0.0,0.9998176430471107,37.5,0.0,0.0,0.0,0.0
2026-03-07T16:44:52+00:00,1772901892.842502,0.0,4095.186684964043,0.0,0.9998014367587995,37.5,0.0,0.0,0.0,0.0
2026-03-07T16:44:53+00:00,1772901893.8425388,0.0,69629.44345324235,0.0,2.9998898546606023,37.5,136.99497002950082,263.990307210133,1.9999265697737347,3.9998531395474695
2026-03-07T16:44:54+00:00,1772901894.8420565,0.0,49175.71847116164,0.0,8.003860428248965,37.5,0.0,0.0,0.0,0.0
2026-03-07T16:44:55+00:00,1772901895.8422105,0.0,151528.66179763764,0.0,34.994610186057045,37.5,0.0,0.0,0.0,0.0
2026-03-07T16:44:56+00:00,1772901896.8424227,0.0,4095.1310437610273,0.0,0.9997878524807196,37.5,0.0,0.0,0.0,0.0
2026-03-07T16:44:57+00:00,1772901897.8424203,0.0,180224.42968852445,0.0,3.000007152574426,37.5,0.0,142.0003385551895,0.0,1.0000023841914754
2026-03-07T16:44:58+00:00,1772901898.8425083,0.0,679876.1869027693,0.0,118.98953172273501,37.5,5775.491892693423,830.9268979965781,4.999560156417437,7.999296250267899
2026-03-07T16:44:59+00:00,1772901899.8420165,0.0,733544.7995322788,0.0,130.06397294430354,37.5,234.11515129974637,558.2745915609337,5.002460497857828,9.004428896144091
2026-03-07T16:45:00+00:00,1772901900.842288,25081.1889833803,307116.5997964935,0.9997285149625439,15.995656239400702,37.5,0.0,84.97692377181623,0.0,0.9997285149625439
2026-03-07T16:45:01+00:00,1772901901.8423858,0.0,0.0,0.0,0.0,37.5,54.994624186535724,150.98524094848898,0.9999022579370132,1.9998045158740263
2026-03-07T16:45:02+00:00,1772901902.8420188,0.0,24585.02088812514,0.0,4.001468243509951,37.5,0.0,0.0,0.0,0.0
2026-03-07T16:45:03+00:00,1772901903.8421338,0.0,20477.646754804657,0.0,3.999540381797784,37.5,54.99368024971953,0.0,0.999885095449446,0.0
2026-03-07T16:45:04+00:00,1772901904.84217,0.0,16383.406271516496,0.0,1.9999275233784786,37.5,109.99601378581633,197.99282481446937,1.9999275233784786,2.9998912850677177
2026-03-07T16:45:05+00:00,1772901905.8421557,49152.70313505843,237571.39848611574,2.0000286106387706,37.000529296817255,37.5,2733.0390964378803,5325.076175825727,15.00021457979078,10.000143053193852
2026-03-07T16:45:06+00:00,1772901906.8422961,0.0,114671.89679259996,0.0,14.99789386761474,37.5,481.9323229460203,53.992417923413065,6.999017138220212,0.999859591174316
2026-03-07T16:45:07+00:00,1772901907.8420236,57359.63121282488,102427.91288004443,1.000272586719184,4.001090346876736,37.5,760.2071659065798,424.115576768934,9.002453280472656,3.0008177601575516
2026-03-07T16:45:08+00:00,1772901908.8421474,0.0,167915.22229757966,0.0,12.998391588870376,37.5,509.9369007941456,131.98366844083768,6.9991339324686646,1.9997525521339041
2026-03-07T16:45:09+00:00,1772901909.8424847,0.0,40946.18630084617,0.0,2.9989882544565067,37.5,0.0,0.0,0.0,0.0
2026-03-07T16:45:10+00:00,1772901910.8424385,0.0,4096.18946188822,0.0,1.0000462553438036,37.5,2771.1281735576795,7856.363381980921,23.001063872907483,27.001248894282696
2026-03-07T16:45:11+00:00,1772901911.842287,0.0,458821.4636415034,0.0,86.01302201008234,37.5,0.0,0.0,0.0,0.0
2026-03-07T16:45:12+00:00,1772901912.842478,0.0,0.0,0.0,0.0,37.5,0.0,0.0,0.0,0.0
2026-03-07T16:45:13+00:00,1772901913.8423047,0.0,200738.79411681244,0.0,23.00398728817904,37.5,82.01421554916006,132.02288356694058,1.0001733603556104,2.000346720711221
2026-03-07T16:45:14+00:00,1772901914.8426135,0.0,8189.471483809582,0.0,1.9993826864769488,37.5,0.9996913432384744,0.0,0.9996913432384744,0.0
2026-03-07T16:45:15+00:00,1772901915.8421373,0.0,20104548.215744697,0.0,36.01714855329059,37.5,3296.5695689747913,10252.881621503388,26.012385066265423,31.014766809778006
2026-03-07T16:45:16+00:00,1772901916.8425431,0.0,0.0,0.0,0.0,37.5,6322.434429312065,6456.380075719625,15.993510018813128,16.99310439498895
2026-03-07T16:45:17+00:00,1772901917.842313,32775.540797440895,57357.19639552156,1.0002301268750273,7.001610888125191,37.5,1.0002301268750273,0.0,1.0002301268750273,0.0
2026-03-07T16:45:18+00:00,1772901918.842246,0.0,213006.27048731016,0.0,4.0002680004377655,37.5,1.0000670001094414,0.0,1.0000670001094414,0.0
2026-03-07T16:45:19+00:00,1772901919.8424726,0.0,4095.072475707073,0.0,0.9997735536394221,37.5,0.9997735536394221,0.0,0.9997735536394221,0.0
2026-03-07T16:45:20+00:00,1772901920.8423824,0.0,0.0,0.0,0.0,37.5,0.0,0.0,0.0,0.0
2026-03-07T16:45:21+00:00,1772901921.8425672,0.0,4095.2433038805707,0.0,0.9998152597364675,37.5,0.0,0.0,0.0,0.0
2026-03-07T16:45:22+00:00,1772901922.8424473,16385.965079411253,155666.66825440692,1.0001199389289095,23.00275859536492,37.5,1761.2112124538098,4259.510819898226,12.001439267146916,10.001199389289097
2026-03-07T16:45:23+00:00,1772901923.8421204,16389.357219874488,90141.46470930969,1.000326978752105,3.000980936256315,37.5,924.302128366945,1551.507144044515,9.002942808768946,7.002288851264735
2026-03-07T16:45:24+00:00,1772901924.842546,0.0,741060.6215225654,0.0,48.97915558988382,37.5,109.9532064262698,341.8545145253116,2.9987238116255397,4.9978730193759
2026-03-07T16:45:25+00:00,1772901925.8421266,0.0,69661.21440032248,0.0,10.004195542325723,37.5,6615.774512140001,1581.6633152416969,18.007551976186303,20.008391084651446
2026-03-07T16:45:26+00:00,1772901926.8423364,0.0,679793.373674194,0.0,24.99475589151751,37.5,0.9997902356607005,53.98867272567782,0.9997902356607005,0.9997902356607005
2026-03-07T16:45:27+00:00,1772901927.8422413,0.0,0.0,0.0,0.0,37.5,1.0000951380634515,0.0,1.0000951380634515,0.0
2026-03-07T16:45:28+00:00,1772901928.8424914,0.0,458637.2943130173,0.0,91.97699645298023,37.5,82.9792467999713,131.96699491079772,1.9994999228908747,1.9994999228908747
2026-03-07T16:45:29+00:00,1772901929.8422256,0.0,98330.13976140833,0.0,6.001595444421895,37.5,0.0,0.0,0.0,0.0
2026-03-07T16:45:30+00:00,1772901930.842243,0.0,12287.786136534698,0.0,2.9999477872399165,37.5,0.0,0.0,0.0,0.0
2026-03-07T16:45:31+00:00,1772901931.8422263,0.0,0.0,0.0,0.0,37.5,6499.108465574405,7589.126657215596,27.00045061863501,31.00051737695131
2026-03-07T16:45:32+00:00,1772901932.8424675,0.0,36855.10761430128,0.0,6.998311450198269,37.5,54.9867328229864,65.98407938758368,0.9997587785997527,0.9997587785997527
2026-03-07T16:45:33+00:00,1772901933.8422427,0.0,4096.921105528477,0.0,1.0002248792794133,37.5,82.01844010091189,132.02968406488256,1.0002248792794133,2.0004497585588266
2026-03-07T16:45:34+00:00,1772901934.842454,0.0,28665.944638502668,0.0,4.998944028756743,37.5,227.95184771130747,111.97634624415105,3.999155223005394,1.999577611502697
2026-03-07T16:45:35+00:00,1772901935.8420684,10318730.10616056,49170.95652692414,178.06864953191115,11.004242386803499,37.5,55.021211934017494,66.025454320821,1.0003856715275907,1.0003856715275907
2026-03-07T16:45:36+00:00,1772901936.842467,327549.42705106037,319360.6913747838,28.988444166506195,26.98924112054025,37.5,1959.2189850466257,5053.985300201908,11.995218275795667,11.995218275795667
2026-03-07T16:45:37+00:00,1772901937.8425727,0.0,65529.07885600729,0.0,10.998838308961185,37.5,107.98859430616436,278.9705352909246,1.9997887834474881,3.9995775668949762
2026-03-07T16:45:38+00:00,1772901938.8421118,0.0,53272.55135387588,0.0,9.004149680455285,37.5,325.14984957199636,638.294166236719,6.002766453636856,9.004149680455285
2026-03-07T16:45:39+00:00,1772901939.8427646,0.0,118706.5095693586,0.0,4.996738178936498,37.5,0.0,0.0,0.0,0.0
2026-03-07T16:45:40+00:00,1772901940.8423495,0.0,692511.452325463,0.0,61.02533080600101,37.5,0.0,0.0,0.0,0.0
2026-03-07T16:45:41+00:00,1772901941.842206,0.0,122897.63925047607,0.0,9.001291937290729,37.5,0.0,0.0,0.0,0.0
2026-03-07T16:45:42+00:00,1772901942.8424506,0.0,0.0,0.0,0.0,37.5,0.0,0.0,0.0,0.0
2026-03-07T16:45:43+00:00,1772901943.8424742,0.0,4095.9033225944195,0.0,0.9999763971177782,37.5,109.99740368295559,131.99688441954672,1.9999527942355564,1.9999527942355564
2026-03-07T16:45:44+00:00,1772901944.8424256,0.0,8192.398456879902,0.0,2.000097279511695,37.5,0.0,0.0,0.0,0.0
2026-03-07T16:45:45+00:00,1772901945.8423383,0.0,98312.5788736028,0.0,6.000523612890796,37.5,0.0,0.0,0.0,0.0
2026-03-07T16:45:46+00:00,1772901946.8421454,0.0,0.0,0.0,0.0,37.5,0.0,0.0,0.0,0.0
2026-03-07T16:45:47+00:00,1772901947.8421016,28673.25786768142,8192.35939076612,2.0000877418862597,2.0000877418862597,37.5,0.0,0.0,0.0,0.0
2026-03-07T16:45:48+00:00,1772901948.84236,0.0,16379.766719073421,0.0,3.9989664841487844,37.5,81.97881292505008,131.96589397690988,0.9997416210371961,1.9994832420743922
2026-03-07T16:45:49+00:00,1772901949.8423355,0.0,61441.508826114914,0.0,4.000098230866857,37.5,110.00270134883856,132.00324161860627,2.0000491154334283,2.0000491154334283
2026-03-07T16:45:50+00:00,1772901950.8421898,0.0,0.0,0.0,0.0,37.5,55.008013223667064,66.00961586840047,1.0001456949757648,1.0001456949757648
2026-03-07T16:45:51+00:00,1772901951.8424351,0.0,4094.9953636576643,0.0,0.9997547274554844,37.5,0.0,0.0,0.0,0.0
2026-03-07T16:45:52+00:00,1772901952.842748,0.0,4094.719150656304,0.0,0.9996872926406992,37.5,0.0,0.0,0.0,0.0
2026-03-07T16:45:53+00:00,1772901953.8421478,0.0,0.0,0.0,0.0,37.5,82.04923771174442,132.07926070671053,1.0006004598993221,2.0012009197986442
2026-03-07T16:45:54+00:00,1772901954.8420892,0.0,458778.9078281702,0.0,97.00568947782791,37.5,0.0,0.0,0.0,0.0
2026-03-07T16:45:55+00:00,1772901955.8423789,0.0,20474.069100866902,0.0,4.9985520265788335,37.5,54.984072292367166,65.9808867508406,0.9997104053157666,0.9997104053157666
2026-03-07T16:45:56+00:00,1772901956.8423052,0.0,4096.301780045041,0.0,1.0000736767688088,37.5,0.0,0.0,0.0,0.0
2026-03-07T16:45:57+00:00,1772901957.8425012,0.0,0.0,0.0,0.0,37.5,0.0,0.0,0.0,0.0
2026-03-07T16:45:58+00:00,1772901958.842392,0.0,49157.36777363785,0.0,10.001092076342337,37.5,0.0,0.0,0.0,0.0
2026-03-07T16:45:59+00:00,1772901959.8419433,0.0,16391.35486265457,0.0,4.001795620765276,37.5,0.0,0.0,0.0,0.0
2026-03-07T16:46:00+00:00,1772901960.842275,0.0,4094.6420519127346,0.0,0.9996684697052575,37.5,54.981765833789154,65.97811900054698,0.9996684697052575,0.9996684697052575
2026-03-07T16:46:01+00:00,1772901961.8421974,0.0,0.0,0.0,0.0,37.5,0.0,0.0,0.0,0.0
2026-03-07T16:46:02+00:00,1772901962.8421626,0.0,20480.712915440952,0.0,4.000139241297061,37.5,0.0,0.0,0.0,0.0
2026-03-07T16:46:03+00:00,1772901963.8422575,0.0,4095.611365002806,0.0,0.9999051184088882,37.5,0.0,0.0,0.0,0.0
2026-03-07T16:46:04+00:00,1772901964.842502,0.0,77804.96754629552,0.0,5.998532654165465,37.5,0.0,0.0,0.0,0.0
2026-03-07T16:46:05+00:00,1772901965.8423219,192546.70547421896,8193.476828690169,3.0005408308191535,2.000360553879436,37.5,84.0151432629363,54.009734954744765,1.000180276939718,1.000180276939718
2026-03-07T16:46:06+00:00,1772901966.8423457,659440.2777185984,581618.1331431116,20.99949933292072,29.999284761315316,37.5,0.0,0.0,0.0,0.0
2026-03-07T16:46:07+00:00,1772901967.8420413,0.0,98333.9388026836,0.0,13.003959192249418,37.5,0.0,0.0,0.0,0.0
2026-03-07T16:46:08+00:00,1772901968.8422558,12285.363846907087,0.0,0.9997854693121002,0.0,37.5,243.94765451215244,410.9118278872732,3.999141877248401,5.998712815872601
2026-03-07T16:46:09+00:00,1772901969.8423839,0.0,61432.134796050676,0.0,10.998591841740843,37.5,53.993087223091415,53.993087223091415,0.9998719856128039,0.9998719856128039
2026-03-07T16:46:10+00:00,1772901970.842058,0.0,110628.05569652012,0.0,26.0084766358283,37.5,0.0,0.0,0.0,0.0
2026-03-07T16:46:11+00:00,1772901971.8420458,0.0,8192.0996105862,0.0,2.0000243189907714,37.5,55.000668772246215,66.00080252669545,1.0000121594953857,1.0000121594953857
2026-03-07T16:46:12+00:00,1772901972.8424673,0.0,0.0,0.0,0.0,37.5,0.0,0.0,0.0,0.0
2026-03-07T16:46:13+00:00,1772901973.8422055,0.0,4097.072546400058,0.0,1.0002618521484516,37.5,82.02147187617302,132.0345644835956,1.0002618521484516,2.0005237042969033
2026-03-07T16:46:14+00:00,1772901974.8423722,0.0,212956.50982085115,0.0,6.998833612276321,37.5,0.0,0.0,0.0,0.0
2026-03-07T16:46:15+00:00,1772901975.8422263,0.0,143380.92102138163,0.0,5.000729667319393,37.5,0.0,0.0,0.0,0.0
2026-03-07T16:46:16+00:00,1772901976.842413,0.0,0.0,0.0,0.0,37.5,54.98973442028735,0.0,0.9998133530961336,0.0
2026-03-07T16:46:17+00:00,1772901977.8420806,0.0,8194.723561440622,0.0,2.0006649319923393,37.5,0.0,66.0219427557472,0.0,1.0003324659961697
2026-03-07T16:46:18+00:00,1772901978.8421905,0.0,4095.5498541634634,0.0,0.9998901011141268,37.5,54.99395556127697,65.99274667353237,0.9998901011141268,0.9998901011141268
2026-03-07T16:46:19+00:00,1772901979.8424563,0.0,81898.22844392897,0.0,4.998671169673399,37.5,0.0,0.0,0.0,0.0
2026-03-07T16:46:20+00:00,1772901980.842429,0.0,0.0,0.0,0.0,37.5,55.001508038860436,66.00180964663252,1.0000274188883715,1.0000274188883715
2026-03-07T16:46:21+00:00,1772901981.8424497,0.0,4095.9150408247588,0.0,0.9999792580138571,37.5,0.0,0.0,0.0,0.0
2026-03-07T16:46:22+00:00,1772901982.8424797,0.0,4095.8769568213083,0.0,0.9999699601614522,37.5,0.0,0.0,0.0,0.0
2026-03-07T16:46:23+00:00,1772901983.8423822,0.0,0.0,0.0,0.0,37.5,97.00945970273457,108.01053245252922,2.0001950454172075,2.0001950454172075
2026-03-07T16:46:24+00:00,1772901984.8427055,0.0,57325.46692916013,0.0,3.9987072355719957,37.5,53.98254768022194,53.98254768022194,0.9996768088929989,0.9996768088929989
2026-03-07T16:46:25+00:00,1772901985.8423684,0.0,4097.381325052648,0.0,1.0003372375616817,37.5,0.0,0.0,0.0,0.0
2026-03-07T16:46:26+00:00,1772901986.8422658,0.0,24578.5197895788,0.0,6.000615183002637,37.5,0.0,0.0,0.0,0.0
2026-03-07T16:46:27+00:00,1772901987.8421214,0.0,0.0,0.0,0.0,37.5,0.0,0.0,0.0,0.0
2026-03-07T16:46:28+00:00,1772901988.8422046,0.0,40956.592080441456,0.0,2.9997503965167085,37.5,136.98860144092967,197.98352617010275,1.9998335976778054,2.9997503965167085
2026-03-07T16:46:29+00:00,1772901989.8421557,0.0,57346.8028713676,0.0,4.000195512790709,37.5,0.0,0.0,0.0,0.0
2026-03-07T16:46:30+00:00,1772901990.8426178,0.0,4094.1082959467067,0.0,0.9995381581901139,37.5,0.0,0.0,0.0,0.0
2026-03-07T16:46:31+00:00,1772901991.8425376,0.0,0.0,0.0,0.0,37.5,108.00865242653258,279.0223521018758,2.0001602301209735,4.000320460241947
2026-03-07T16:46:32+00:00,1772901992.8426313,0.0,8191.232493789182,0.0,1.9998126205539994,37.5,107.98988150991597,180.98304216013696,1.9998126205539994,1.9998126205539994
2026-03-07T16:46:33+00:00,1772901993.8425436,0.0,479274.050564434,0.0,27.002369134865194,37.5,82.00719515033134,132.01158243711873,1.000087745735748,2.000175491471496
2026-03-07T16:46:34+00:00,1772901994.8424177,0.0,61447.73534876446,0.0,9.001133107729169,37.5,338.04255449027323,244.03071980954633,6.000755405152779,4.0005036034351855
2026-03-07T16:46:35+00:00,1772901995.8424308,0.0,77822.97950556927,0.0,2.9999606614502956,37.5,54.99927879325542,65.99913455190651,0.9999868871500985,0.9999868871500985
2026-03-07T16:46:36+00:00,1772901996.842821,32755.223733418494,855730.2200355582,1.9992201985729061,145.94307449582215,37.5,0.0,0.0,0.0,0.0
2026-03-07T16:46:37+00:00,1772901997.842406,0.0,110637.89794693653,0.0,17.007055348469336,37.5,0.0,0.0,0.0,0.0
2026-03-07T16:46:38+00:00,1772901998.8423047,0.0,0.0,0.0,0.0,37.5,0.0,0.0,0.0,0.0
2026-03-07T16:46:39+00:00,1772901999.8421178,0.0,118806.20727598772,0.0,13.00243041645205,37.5,0.0,0.0,0.0,0.0
2026-03-07T16:46:40+00:00,1772902000.8422,0.0,4095.663113647888,0.0,0.9999177523554414,37.5,0.0,0.0,0.0,0.0
2026-03-07T16:46:41+00:00,1772902001.8421068,0.0,36867.4368438258,0.0,6.000559382133106,37.5,55.00512766955347,66.00615320346417,1.0000932303555177,1.0000932303555177
2026-03-07T16:46:42+00:00,1772902002.8423777,16379.563701542627,315306.60125469556,0.9997292298304826,32.991064584405926,37.5,4744.7149247754705,6160.331514215434,20.994313826440134,24.993230745762066
2026-03-07T16:46:43+00:00,1772902003.8426816,0.0,294822.37880588113,0.0,62.98085484744775,37.5,0.0,0.0,0.0,0.0
2026-03-07T16:46:44+00:00,1772902004.842492,0.0,139290.4014885863,0.0,11.002085365740243,37.5,0.0,0.0,0.0,0.0
2026-03-07T16:46:45+00:00,1772902005.842436,163849.1802018517,2437256.555502544,1.0000560315054425,33.001849039679605,37.5,55.003081732799345,66.00369807935921,1.0000560315054425,1.0000560315054425
2026-03-07T16:46:46+00:00,1772902006.8426445,0.0,0.0,0.0,0.0,37.5,0.0,141.97041651152824,0.0,0.9997916655741425
2026-03-07T16:46:47+00:00,1772902007.8422682,0.0,2097941.2969528656,0.0,7.002634562811879,37.5,0.0,0.0,0.0,0.0
2026-03-07T16:46:48+00:00,1772902008.8423336,0.0,8150507.554314164,0.0,36.99758307033508,37.5,81.99464356128316,131.99137744011435,0.9999346775766239,1.9998693551532478
2026-03-07T16:46:49+00:00,1772902009.8423016,0.0,73730.35554400513,0.0,4.000127796441251,37.5,0.0,0.0,0.0,0.0
2026-03-07T16:46:50+00:00,1772902010.842483,0.0,184286.56368375698,0.0,2.999455789123649,37.5,0.0,0.0,0.0,0.0
2026-03-07T16:46:51+00:00,1772902011.8421323,0.0,131117.98487752792,0.0,4.001403347092527,37.5,0.0,0.0,0.0,0.0
2026-03-07T16:46:52+00:00,1772902012.842528,0.0,245662.77285505785,0.0,4.998021908672238,37.5,0.0,0.0,0.0,0.0
2026-03-07T16:46:53+00:00,1772902013.8425484,0.0,0.0,0.0,0.0,37.5,81.99833825617986,131.99732499775294,0.9999797348314617,1.9999594696629235
2026-03-07T16:46:54+00:00,1772902014.8422582,0.0,491662.6585806591,0.0,22.006385271758013,37.5,0.0,0.0,0.0,0.0
2026-03-07T16:46:55+00:00,1772902015.8424182,0.0,204767.2415687817,0.0,13.997760654115936,37.5,0.0,0.0,0.0,0.0
2026-03-07T16:46:56+00:00,1772902016.8425078,65530.125526619435,4095.6328454137147,0.9999103626498327,0.9999103626498327,37.5,54.995069945740795,65.99408393488895,0.9999103626498327,0.9999103626498327
2026-03-07T16:46:57+00:00,1772902017.8425283,0.0,0.0,0.0,0.0,37.5,0.0,0.0,0.0,0.0
2026-03-07T16:46:58+00:00,1772902018.8425865,0.0,16383.046930443996,0.0,3.9997673170029286,37.5,0.0,0.0,0.0,0.0
2026-03-07T16:46:59+00:00,1772902019.8423805,0.0,479330.7390896257,0.0,93.01916135678584,37.5,0.0,0.0,0.0,0.0
2026-03-07T16:47:00+00:00,1772902020.8423865,0.0,221182.68164848298,0.0,2.9999821187131483,37.5,0.0,0.0,0.0,0.0
2026-03-07T16:47:01+00:00,1772902021.8426259,0.0,0.0,0.0,0.0,37.5,0.0,0.0,0.0,0.0
2026-03-07T16:47:02+00:00,1772902022.8424635,0.0,8193.330294115613,0.0,2.0003247788368195,37.5,0.0,0.0,0.0,0.0
2026-03-07T16:47:03+00:00,1772902023.8422852,0.0,139288.84036745902,0.0,2.000356737813922,37.5,0.0,0.0,0.0,0.0
2026-03-07T16:47:04+00:00,1772902024.842629,0.0,102364.80702120671,0.0,18.993470052762966,37.5,0.0,0.0,0.0,0.0
2026-03-07T16:47:05+00:00,1772902025.8425987,0.0,8192.248054385878,0.0,2.0000605601528023,37.5,538.0162906811038,132.00399697008496,8.00024224061121,2.0000605601528023
2026-03-07T16:47:06+00:00,1772902026.8424122,0.0,8193.527628566155,0.0,2.000372956192909,37.5,428.0798126252825,0.0,6.001118868578727,0.0
2026-03-07T16:47:07+00:00,1772902027.8426957,0.0,167888.4070463233,0.0,23.993198415537815,37.5,655.8140900247004,167.9523889087647,7.997732805179272,0.999716600647409
2026-03-07T16:47:08+00:00,1772902028.8421683,0.0,0.0,0.0,0.0,37.5,565.2981279990993,264.13930228630477,8.004221281403176,4.002110640701588
2026-03-07T16:47:09+00:00,1772902029.8426516,0.0,85974.45074375687,0.0,3.9980678359261934,37.5,54.973432743985164,65.96811929278219,0.9995169589815484,0.9995169589815484
2026-03-07T16:47:10+00:00,1772902030.8424895,0.0,110609.93259481537,0.0,20.00324301844896,37.5,3181.515802084307,7250.175432036825,21.00340516937141,27.004378074906096
2026-03-07T16:47:11+00:00,1772902031.8425188,0.0,28671.15920434424,0.0,6.999794727623105,37.5,0.0,0.0,0.0,0.0
2026-03-07T16:47:12+00:00,1772902032.842506,0.0,49152.63282064731,0.0,8.000102998152233,37.5,0.0,0.0,0.0,0.0
2026-03-07T16:47:13+00:00,1772902033.8425481,0.0,28670.790090120805,0.0,4.999789008461357,37.5,136.99421883184118,197.9916447350697,1.9999156033845427,2.999873405076814
2026-03-07T16:47:14+00:00,1772902034.8422697,0.0,28679.9865990514,0.0,5.001392752345739,37.5,587.1635091253897,615.1713085385259,8.00222840375318,6.001671302814886
2026-03-07T16:47:15+00:00,1772902035.8422127,0.0,143368.1694108222,0.0,34.00193749977647,37.5,1.0000569852875432,0.0,1.0000569852875432,0.0
2026-03-07T16:47:16+00:00,1772902036.8423274,0.0,0.0,0.0,0.0,37.5,0.9998853338132944,0.0,0.9998853338132944,0.0
2026-03-07T16:47:17+00:00,1772902037.8424218,0.0,8191.2266355162465,0.0,1.9998111903115836,37.5,0.9999055951557918,0.0,0.9999055951557918,0.0
2026-03-07T16:47:18+00:00,1772902038.8422225,0.0,114710.86393219169,0.0,12.002392292012244,37.5,1.000199357667687,0.0,1.000199357667687,0.0
2026-03-07T16:47:19+00:00,1772902039.8422904,0.0,495582.325530344,0.0,14.998980829826236,37.5,170.9883814600191,173.98817762598432,3.999728221286996,2.9997961659652472
2026-03-07T16:47:20+00:00,1772902040.842218,0.0,0.0,0.0,0.0,37.5,55.003986647591795,66.00478397711015,1.000072484501669,1.000072484501669
2026-03-07T16:47:21+00:00,1772902041.8422275,0.0,4095.9609378725254,0.0,0.9999904633477845,37.5,0.0,0.0,0.0,0.0
2026-03-07T16:47:22+00:00,1772902042.8424585,0.0,4095.053929505899,0.0,0.9997690257582761,37.5,0.0,0.0,0.0,0.0
2026-03-07T16:47:23+00:00,1772902043.842031,0.0,69661.77933176562,0.0,3.0012830020004717,37.5,1.0004276673334906,0.0,1.0004276673334906,0.0
2026-03-07T16:47:24+00:00,1772902044.842181,0.0,8190.771668582072,0.0,1.99970011439992,37.5,0.99985005719996,0.0,0.99985005719996,0.0
2026-03-07T16:47:25+00:00,1772902045.84223,36862.189542044245,4095.798838004916,2.999852664554382,0.9999508881847939,37.5,0.9999508881847939,0.0,0.9999508881847939,0.0
2026-03-07T16:47:26+00:00,1772902046.8422704,0.0,8191.669935174216,0.0,1.9999194177671427,37.5,55.99774369747999,65.9973407863157,1.9999194177671427,0.9999597088835713
2026-03-07T16:47:27+00:00,1772902047.842277,0.0,0.0,0.0,0.0,37.5,0.9999933243243501,0.0,0.9999933243243501,0.0
2026-03-07T16:47:28+00:00,1772902048.8423436,0.0,69627.3684721461,0.0,1.9998669712817698,37.5,82.99447930819345,131.9912201045968,1.9998669712817698,1.9998669712817698
2026-03-07T16:47:29+00:00,1772902049.8420303,0.0,57361.97047357613,0.0,4.001253520757264,37.5,0.0,0.0,0.0,0.0
2026-03-07T16:47:30+00:00,1772902050.8425233,0.0,4093.9814639884166,0.0,0.999507193356547,37.5,54.97289563461009,65.9674747615321,0.999507193356547,0.999507193356547
2026-03-07T16:47:31+00:00,1772902051.8424907,0.0,0.0,0.0,0.0,37.5,0.0,0.0,0.0,0.0
2026-03-07T16:47:32+00:00,1772902052.842398,0.0,32771.03934438347,0.0,8.00074202743737,37.5,0.0,54.00500868520225,0.0,1.0000927534296713
2026-03-07T16:47:33+00:00,1772902053.842596,0.0,4095.188637314413,0.0,0.9998019134068391,37.5,297.94097019523804,493.9021452229785,4.999009567034196,5.998811480441034
2026-03-07T16:47:34+00:00,1772902054.8421962,0.0,12292.915051112346,0.0,3.001199963650475,37.5,66.02639920031045,0.0,1.0003999878834917,0.0
2026-03-07T16:47:35+00:00,1772902055.8427346,0.0,0.0,0.0,0.0,37.5,161.9128343629857,165.91068212503473,2.9983858215367722,2.9983858215367722
2026-03-07T16:47:36+00:00,1772902056.8425093,0.0,12290.769178598828,0.0,3.0006760689938545,37.5,0.0,0.0,0.0,0.0
2026-03-07T16:47:37+00:00,1772902057.8421402,86047.75781466892,4097.512276888996,1.0003692082248525,1.0003692082248525,37.5,3460.277091249765,1374.5072921009476,4.00147683289941,2.000738416449705
2026-03-07T16:47:38+00:00,1772902058.8420436,57349.53764408728,278554.8971284239,1.0000965688491783,40.003862753967134,37.5,1515.146301806505,3601.347744425891,4.000386275396713,9.000869119642605
2026-03-07T16:47:39+00:00,1772902059.8420727,0.0,0.0,0.0,0.0,37.5,0.0,0.0,0.0,0.0
2026-03-07T16:47:40+00:00,1772902060.8425078,0.0,12589722.036858257,0.0,73.96781557478333,37.5,0.0,0.0,0.0,0.0
2026-03-07T16:47:41+00:00,1772902061.842107,0.0,12342098.486367127,0.0,45.01804240448044,37.5,0.0,0.0,0.0,0.0
2026-03-07T16:47:42+00:00,1772902062.8422809,0.0,0.0,0.0,0.0,37.5,0.0,0.0,0.0,0.0
2026-03-07T16:47:43+00:00,1772902063.842347,0.0,53244.483630665374,0.0,8.999405661733556,37.5,0.0,0.0,0.0,0.0
2026-03-07T16:47:44+00:00,1772902064.8423808,0.0,425969.57861324237,0.0,20.99928905986631,37.5,0.0,0.0,0.0,0.0
2026-03-07T16:47:45+00:00,1772902065.842334,0.0,126981.93387104003,0.0,14.000654251154238,37.5,0.0,0.0,0.0,0.0
2026-03-07T16:47:46+00:00,1772902066.842093,0.0,0.0,0.0,0.0,37.5,0.0,0.0,0.0,0.0
2026-03-07T16:47:47+00:00,1772902067.8423085,0.0,12285.35213319578,0.0,2.999353548143501,37.5,0.0,0.0,0.0,0.0
2026-03-07T16:47:48+00:00,1772902068.842355,0.0,688096.0092997996,0.0,105.99507211707524,37.5,0.0,0.0,0.0,0.0
2026-03-07T16:47:49+00:00,1772902069.842334,0.0,4096.085939303079,0.0,1.0000209812751657,37.5,214.00448999288545,288.0060426072477,3.0000629438254967,4.000083925100663
2026-03-07T16:47:50+00:00,1772902070.8425238,0.0,114666.23850492241,0.0,2.9994307644633023,37.5,54.989564015160546,65.98747681819265,0.9998102548211009,0.9998102548211009
2026-03-07T16:47:51+00:00,1772902071.8425207,0.0,12288.038086055545,0.0,2.0000061989022697,37.5,0.0,0.0,0.0,0.0
2026-03-07T16:47:52+00:00,1772902072.8420994,0.0,4097.726313208446,0.0,1.0004214631856558,37.5,0.0,0.0,0.0,0.0
2026-03-07T16:47:53+00:00,1772902073.842112,0.0,4095.948242841513,0.0,0.9999873639749788,37.5,136.99826886457208,197.9974980670458,1.9999747279499576,2.999962091924936
2026-03-07T16:47:54+00:00,1772902074.8422377,0.0,0.0,0.0,0.0,37.5,54.99309030566428,65.99170836679714,0.999874369193896,0.999874369193896
2026-03-07T16:47:55+00:00,1772902075.8425446,12284.230648792984,155600.25488471112,0.9996932494134915,5.998159496480949,37.5,54.98312871774203,65.97975446129044,0.9996932494134915,0.9996932494134915
2026-03-07T16:47:56+00:00,1772902076.8423061,0.0,8193.953590772337,0.0,2.0004769508721525,37.5,0.0,0.0,0.0,0.0
2026-03-07T16:47:57+00:00,1772902077.8423724,0.0,184307.7840128051,0.0,2.999801172083416,37.5,0.0,0.0,0.0,0.0
2026-03-07T16:47:58+00:00,1772902078.8423233,0.0,69635.42008985007,0.0,4.000196466558483,37.5,55.00270141517914,66.00324169821496,1.0000491166396208,1.0000491166396208
2026-03-07T16:47:59+00:00,1772902079.8424652,0.0,221152.62749734856,0.0,18.99730506026486,37.5,0.0,141.97985887145316,0.0,0.9998581610665715
2026-03-07T16:48:00+00:00,1772902080.8422134,2560644.6935645114,106522.81925228368,46.011584337487314,14.003525667930921,37.5,0.0,0.0,0.0,0.0
2026-03-07T16:48:01+00:00,1772902081.8422012,0.0,0.0,0.0,0.0,37.5,0.0,0.0,0.0,0.0
2026-03-07T16:48:02+00:00,1772902082.842432,0.0,85996.1530179688,0.0,3.9990770562671503,37.5,0.0,0.0,0.0,0.0
2026-03-07T16:48:03+00:00,1772902083.8421826,0.0,4097.021739182278,0.0,1.0002494480425483,37.5,0.0,0.0,0.0,0.0
2026-03-07T16:48:04+00:00,1772902084.84234,0.0,53239.62241201593,0.0,10.998269353443796,37.5,0.0,0.0,0.0,0.0
2026-03-07T16:48:05+00:00,1772902085.8421743,0.0,53256.82470444908,0.0,3.0004971851214552,37.5,55.009115060560006,66.010938072672,1.0001657283738183,1.0001657283738183
2026-03-07T16:48:06+00:00,1772902086.8421805,0.0,8191.949219064785,0.0,1.9999876023107386,37.5,0.0,0.0,0.0,0.0
2026-03-07T16:48:07+00:00,1772902087.8424082,0.0,4095.0675951115295,0.0,0.9997723620877758,37.5,0.0,0.0,0.0,0.0
2026-03-07T16:48:08+00:00,1772902088.842333,0.0,516134.7626767738,0.0,36.00270386975264,37.5,6169.4633381251115,6432.483091395805,13.000976397410675,17.00127682738319
2026-03-07T16:48:09+00:00,1772902089.842387,4095.779308766417,0.0,0.9999461203043011,0.0,37.5,0.0,0.0,0.0,0.0
2026-03-07T16:48:10+00:00,1772902090.842085,0.0,208959.12160660638,0.0,24.007252022817827,37.5,0.0,0.0,0.0,0.0
2026-03-07T16:48:11+00:00,1772902091.8421175,0.0,8191.732430614711,0.0,1.9999346754430447,37.5,54.99820357468373,65.99784428962047,0.9999673377215224,0.9999673377215224
2026-03-07T16:48:12+00:00,1772902092.8421729,16383.093800124734,0.0,0.9999446899490194,0.0,37.5,0.0,0.0,0.0,0.0
2026-03-07T16:48:13+00:00,1772902093.84228,0.0,4095.5615703713665,0.0,0.9998929615164469,37.5,81.99122284434864,131.98587092017098,0.9998929615164469,1.9997859230328938
2026-03-07T16:48:14+00:00,1772902094.8424013,0.0,8191.005980004353,0.0,1.9997573193370002,37.5,0.0,0.0,0.0,0.0
2026-03-07T16:48:15+00:00,1772902095.842483,69626.30612969339,245739.90398715314,1.9998364582287853,21.99820104051664,37.5,54.9955026012916,65.99460312154991,0.9999182291143927,0.9999182291143927
2026-03-07T16:48:16+00:00,1772902096.842159,0.0,0.0,0.0,0.0,37.5,0.0,0.0,0.0,0.0
2026-03-07T16:48:17+00:00,1772902097.8424802,0.0,73704.329867284,0.0,16.994542205726834,37.5,0.0,0.0,0.0,0.0
2026-03-07T16:48:18+00:00,1772902098.8423936,0.0,61445.317843050245,0.0,15.001298301525939,37.5,0.0,0.0,0.0,0.0
2026-03-07T16:48:19+00:00,1772902099.8421419,0.0,45067.3466067354,0.0,11.00277016766001,37.5,0.0,0.0,0.0,0.0
2026-03-07T16:48:20+00:00,1772902100.8421173,0.0,61441.508826114914,0.0,3.0000736731501423,37.5,0.0,0.0,0.0,0.0
2026-03-07T16:48:21+00:00,1772902101.8424702,376699.0781527362,53229.21756506055,22.991887094283214,11.995767179626025,37.5,0.0,0.0,0.0,0.0
2026-03-07T16:48:22+00:00,1772902102.842047,0.0,40977.341323101165,0.0,10.004233721460245,37.5,0.0,0.0,0.0,0.0
2026-03-07T16:48:23+00:00,1772902103.8424373,32755.215927011366,204720.09954382104,0.9996098610538137,14.994147915807206,37.5,0.0,0.0,0.0,0.0
2026-03-07T16:48:24+00:00,1772902104.8422828,114705.72148788552,20483.16455140813,3.000463557335175,3.000463557335175,37.5,1861.2875600669202,4470.690700429411,12.0018542293407,11.001699710228975
2026-03-07T16:48:25+00:00,1772902105.8422043,16385.285257065196,73733.78365679337,1.0000784458657956,8.000627566926365,37.5,867.0680125656447,1759.1379862779345,7.000549121060569,10.000784458657956
2026-03-07T16:48:26+00:00,1772902106.842674,270720.8465872343,593641.1758812699,24.98826339748072,38.98169090006992,37.5,0.0,0.0,0.0,0.0
2026-03-07T16:48:27+00:00,1772902107.842413,6351994.304634946,167979.85422238673,12.003133638223137,6.001566819111568,37.5,3706.967771937912,1442.3765588598135,16.004178184297515,17.00443932081611
2026-03-07T16:48:28+00:00,1772902108.8423383,97799.298274126,409630.5686874388,3.000223891753702,43.00320911513639,37.5,9767.728916919468,9870.73660386968,25.001865764614184,28.002089656367886
2026-03-07T16:48:29+00:00,1772902109.8421655,1591059.0200723535,49160.49756258318,55.00950858443349,12.002074600240034,37.5,0.0,0.0,0.0,0.0
2026-03-07T16:48:30+00:00,1772902110.842116,45058.223742560076,634911.3345542557,3.0001480652450336,38.00187549310376,37.5,0.0,0.0,0.0,0.0
2026-03-07T16:48:31+00:00,1772902111.8423953,28663.997351432197,24569.140586941885,0.9997208897681431,2.9991626693044293,37.5,0.0,0.0,0.0,0.0
2026-03-07T16:48:32+00:00,1772902112.8423038,0.0,229397.00192278347,0.0,28.00256371127728,37.5,0.0,0.0,0.0,0.0
2026-03-07T16:48:33+00:00,1772902113.8424232,7167.143901087178,57337.151208697425,0.999880566557921,10.998686232137132,37.5,81.99020645774952,131.98423478564558,0.999880566557921,1.999761133115842
2026-03-07T16:48:34+00:00,1772902114.8423297,65542.12557249652,163855.31393124128,1.0000934688186114,20.001869376372227,37.5,0.0,0.0,0.0,0.0
2026-03-07T16:48:35+00:00,1772902115.8422267,0.0,4096.421918456262,0.0,1.0001030074356108,37.5,283.02915110427784,112.01153683278841,5.0005150371780545,2.0002060148712215
2026-03-07T16:48:36+00:00,1772902116.8424072,311239.8265445961,188382.0002769924,9.998195497038065,32.994045140225616,37.5,0.0,65.98809028045123,0.0,0.9998195497038065
2026-03-07T16:48:37+00:00,1772902117.8424177,0.0,49151.48438040906,0.0,9.999895096925673,37.5,0.0,0.0,0.0,0.0
2026-03-07T16:48:38+00:00,1772902118.8423245,0.0,16385.5274861448,0.0,3.000279691066553,37.5,55.00512766955347,66.00615320346417,1.0000932303555177,1.0000932303555177
2026-03-07T16:48:39+00:00,1772902119.842125,16387.270183835954,94226.80355705673,1.0001995961813936,14.00279434653951,37.5,0.0,0.0,0.0,0.0
2026-03-07T16:48:40+00:00,1772902120.8422723,0.0,180197.44922456247,0.0,20.99690625952044,37.5,54.991897346363054,65.99027681563567,0.9998526790247828,0.9998526790247828
2026-03-07T16:48:41+00:00,1772902121.8422658,0.0,331778.13575593603,0.0,35.00022530700762,37.5,8896.057266603993,2517.0162027925194,17.00010943483227,24.000154496233797
2026-03-07T16:48:42+00:00,1772902122.8424816,0.0,0.0,0.0,0.0,37.5,0.0,53.98835099753075,0.0,0.999784277732051
2026-03-07T16:48:43+00:00,1772902123.8420193,0.0,237677.8769672965,0.0,38.0175752826865,37.5,7954.677396648432,993.4592698870447,2.000925014878237,7.00323755207383
2026-03-07T16:48:44+00:00,1772902124.8421643,53240.28236873622,2248378.0784950913,0.9998550625138263,33.995072125470095,37.5,3898.4348887414085,6249.094140711414,21.996811375304176,25.99623162535948
2026-03-07T16:48:45+00:00,1772902125.842248,0.0,2174794.002535131,0.0,9.999163220813154,37.5,0.0,0.0,0.0,0.0
2026-03-07T16:48:46+00:00,1772902126.8422706,8388418.004303358,122877.21685991247,18.999569664211727,17.99959231346374,37.5,0.0,0.0,0.0,0.0
2026-03-07T16:48:47+00:00,1772902127.8422337,195566651.14207816,2244690.9522842416,374.0138216358074,12.000443474945692,37.5,321.01186295479727,2.0000739124909486,37.00136738108255,2.0000739124909486
2026-03-07T16:48:48+00:00,1772902128.8425496,197594155.0940524,6498299.157291553,376.88094157038194,67.97852526998932,37.5,221.92989132261218,131.95831375939102,15.994947122350426,1.9993683902938033
2026-03-07T16:48:49+00:00,1772902129.8421388,197737805.7437898,258154.04844700676,377.15493344076117,22.009041208744684,37.5,1.0004109640338492,0.0,1.0004109640338492,0.0
2026-03-07T16:48:50+00:00,1772902130.8423622,196805697.95962998,761685.8407476471,426.9046302703468,125.97185811256135,37.5,55.98749249447171,65.98525901134165,1.9995533033739896,0.9997766516869948
2026-03-07T16:48:51+00:00,1772902131.8426344,196554483.32120115,450437.3576110859,379.8965640363385,14.995917001434412,37.5,0.9997278000956275,0.0,0.9997278000956275,0.0
2026-03-07T16:48:52+00:00,1772902132.842328,194607333.4350376,61458.82901079151,373.1143102380409,10.003064617641847,37.5,34806276.52494587,2.0006129235283696,65.01992001467201,2.0006129235283696
2026-03-07T16:48:53+00:00,1772902133.8422337,193562466.95978263,126987.98941321555,374.0353140793742,4.000377690688494,37.5,43500031.00137056,635.0599583967984,55.00519324696679,7.000660958704865
2026-03-07T16:48:54+00:00,1772902134.842429,191851946.06499785,0.0,367.9281565761004,0.0,37.5,43761858.84867166,1006.803406717753,50.99004343853565,7.998438186436965
2026-03-07T16:48:55+00:00,1772902135.8423426,190894171.6036092,20481.767730693464,369.0318502258734,4.000345259901067,37.5,43498215.22332545,0.0,48.0041431188128,0.0
2026-03-07T16:48:56+00:00,1772902136.842102,190886752.54684633,4096.985588659992,364.08758649224535,1.0002406222314433,37.5,43504981.747495465,66.01588106727526,53.0127529782665,1.0002406222314433
2026-03-07T16:48:57+00:00,1772902137.842189,191872710.70304522,0.0,367.9679784030635,0.0,37.5,43491028.2897535,339.9704148289174,70.99382192015628,1.999825969581867
2026-03-07T16:48:58+00:00,1772902138.8424351,195183719.44134533,45044.91678950148,379.9065247694106,3.999016050204322,37.5,43483761.908496484,141.96506978225344,40.989914514594304,0.9997540125510805
2026-03-07T16:48:59+00:00,1772902139.8421972,193639418.90064213,73745.547143948,380.0904393812424,17.00404597231874,37.5,43504812.61089556,0.0,63.0149938974165,0.0
2026-03-07T16:49:00+00:00,1772902140.8420815,200534676.4284181,2306314.6861111554,480.0555102640338,451.0521565189151,37.5,36278942.04329944,0.0,26.003006805968496,0.0
2026-03-07T16:49:01+00:00,1772902141.8424094,187633592.91490507,0.0,357.8826769159414,0.0,37.5,49358435.04406891,65.9783706046149,38.98721899363607,0.9996722818881044
2026-03-07T16:49:02+00:00,1772902142.8421292,193516484.0620663,12291.443347438155,369.1034013024641,2.000560440663762,37.5,42008883.44550335,0.0,30.00840660995643,0.0
2026-03-07T16:49:03+00:00,1772902143.842134,193461349.5043988,4095.980468843132,368.99824047927626,0.9999952316511552,37.5,43501823.567140736,0.0,38.99981403439505,0.0
2026-03-07T16:49:04+00:00,1772902144.8423045,195526092.8069446,4095.3018768210586,376.9357440335789,0.9998295597707663,37.5,41970278.35669684,0.0,31.99454591266452,0.0
2026-03-07T16:49:05+00:00,1772902145.8426292,191302998.92233557,0.0,364.8815134474479,0.0,37.5,45007898.760353185,0.0,36.98798903439883,0.0
2026-03-07T16:49:06+00:00,1772902146.8420274,192529554.21982643,86067.79288607703,367.22098201718603,6.003612785022114,37.5,41992531.78259546,0.0,43.025891625991825,0.0
2026-03-07T16:49:07+00:00,1772902147.8421574,190816037.72172204,20477.339212925184,363.95270866722495,4.999350393780563,37.5,44582203.072097234,0.0,49.99350393780563,0.0
2026-03-07T16:49:08+00:00,1772902148.8431334,192749843.6411069,69564.09947984922,374.6343248067477,1.9980497323026545,37.5,44014939.648458295,131.8712823319752,148.85470505654777,1.9980497323026545
2026-03-07T16:49:09+00:00,1772902149.8424196,196223781.48513186,102473.14791795405,374.267161340965,13.009286356771511,37.5,42725567.58793218,0.0,114.08143420553479,0.0
2026-03-07T16:49:10+00:00,1772902150.8421397,193647546.6089952,86040.08291276445,372.1041532220561,2.000559963559441,37.5,43508721.23952083,1405.3933744005076,72.02015868813989,9.002519836017486
2026-03-07T16:49:11+00:00,1772902151.8421755,194504403.98045608,303093.16054389917,373.98662519603266,48.998247686111235,37.5,43492904.57252362,0.0,99.9964238492066,0.0
2026-03-07T16:49:12+00:00,1772902152.8423002,195535042.1652421,0.0,376.9529966313271,0.0,37.5,43489037.22509653,0.0,95.98803097243342,0.0
2026-03-07T16:49:13+00:00,1772902153.8422127,191230300.57835203,1634447.0134901884,394.0344778665011,36.0031502619138,37.5,43510491.15137781,13786.206287791161,108.00945078574142,65.00568797289992
2026-03-07T16:49:14+00:00,1772902154.842147,193999279.58396092,253968.65148238128,372.02439181989445,38.002491637516094,37.5,43498381.97616659,7003.459182566454,63.004130872724055,8.000524555266546
2026-03-07T16:49:15+00:00,1772902155.8420203,193486813.61282587,24579.117582930117,369.04680941167044,5.000634273870873,37.5,43506627.32335854,7458.946082905794,100.01268547741746,35.004439917096114
2026-03-07T16:49:16+00:00,1772902156.8425212,193893531.34967288,57315.28977207872,370.81425267580227,11.99399200029549,37.5,41255482.409584396,33822.05794149993,72.9634513351309,52.973464667971754
2026-03-07T16:49:17+00:00,1772902157.8424988,197202243.56779847,8192.183597864676,382.00856132620925,2.0000448236974306,37.5,43552626.0729911,6186.1386396961525,57.00127747537677,11.000246530335868
2026-03-07T16:49:18+00:00,1772902158.8423378,194558542.80064544,921748.3393023084,373.0600374997407,38.00611642088511,37.5,42455118.41007967,0.0,48.00772600532856,0.0
2026-03-07T16:49:19+00:00,1772902159.842265,198080627.18711454,8192.597699855842,403.02940344749805,2.0001459228163676,37.5,30594936.08676399,0.0,55.00401287745011,0.0
2026-03-07T16:49:20+00:00,1772902160.8422427,196088059.8464045,0.0,374.0082928588953,0.0,37.5,47012500.40477983,7660.169848393417,84.0018625672385,17.000376948131603
2026-03-07T16:49:21+00:00,1772902161.842092,196113262.45267823,86028.9628907554,377.0568151252649,2.0003014065000793,37.5,43503705.16187246,6254.942498125748,76.011453447003,16.002411252000634
2026-03-07T16:49:22+00:00,1772902162.842117,194505978.74689665,4095.8974635043937,371.99068760342635,0.9999749666758774,37.5,42159846.57247493,0.0,47.99879840044211,0.0
2026-03-07T16:49:23+00:00,1772902163.842434,196021600.9304074,4094.702559542267,373.88153253633004,0.9996832420757488,37.5,44813939.33174232,65.97909397699942,57.98162804039343,0.9996832420757488
2026-03-07T16:49:24+00:00,1772902164.8420165,195132982.3480061,0.0,373.1557816919667,0.0,37.5,41281571.85627755,4692.959174040257,66.02756458892708,24.010023486882574
2026-03-07T16:49:25+00:00,1772902165.8420563,191357500.92836022,32766.69536444524,371.9851890739023,4.999800928412665,37.5,43730579.82748814,173.99307230876076,53.99785002685678,2.9998805570475993
2026-03-07T16:49:26+00:00,1772902166.8424587,194952581.22421587,20471.761128238566,389.84310742251176,3.9983908453590953,37.5,45471336.03527938,0.0,73.97023063914325,0.0
2026-03-07T16:49:27+00:00,1772902167.842126,188806520.91548872,81947.27470290309,360.1198595342421,1.0003329431506724,37.5,41399513.09667085,0.0,38.01265183972556,0.0
2026-03-07T16:49:28+00:00,1772902168.8421023,195039739.608661,798738.8529840577,374.0088278946785,26.00061370390813,37.5,45604399.42067496,132.00311572753358,76.00179390373145,2.000047207992933
2026-03-07T16:49:29+00:00,1772902169.8424556,197062658.60259604,49134.638946790896,375.867192464058,9.996467884682394,37.5,42541024.71027455,65.9766880389038,85.96962380826858,0.9996467884682393
2026-03-07T16:49:30+00:00,1772902170.842282,195626146.58095333,831632.3453663413,379.06579396677205,121.02100546168711,37.5,41262415.86493628,0.0,44.00763834970441,0.0
2026-03-07T16:49:31+00:00,1772902171.842201,192429294.76447198,94215.6373378503,367.0297522820892,21.001702446659056,37.5,44762278.534007445,0.0,43.00348596220664,0.0
2026-03-07T16:49:32+00:00,1772902172.842083,196631205.86369097,73736.70219888412,377.04449773463693,17.002006529148083,37.5,42323076.85088377,0.0,41.004839276180675,0.0
2026-03-07T16:49:33+00:00,1772902173.8420928,194508946.64358607,16383.839845315539,370.9963734504434,3.999960899735239,37.5,44803714.0364486,131.9987096912629,47.99953079682287,1.9999804498676195
2026-03-07T16:49:34+00:00,1772902174.8420758,195038437.55588782,45056.76270822341,376.00636493013144,3.0000507840170063,37.5,42229512.84933193,0.0,40.00067712022675,0.0
2026-03-07T16:49:35+00:00,1772902175.8423014,195515326.6958813,0.0,373.91566557416127,0.0,37.5,43557590.84778261,177.95986222513557,68.9844409749121,2.9993235206483524
2026-03-07T16:49:36+00:00,1772902176.841949,193005995.96623757,12292.331604507319,368.1297225308181,3.0010575206316696,37.5,42137624.56822773,0.0,39.0137477682117,0.0
2026-03-07T16:49:37+00:00,1772902177.8420372,196066416.0257622,61434.580556200555,373.9670105471844,1.99982358581382,37.5,43490623.48011788,0.0,29.997353787207302,0.0
2026-03-07T16:49:38+00:00,1772902178.842103,190828274.82630634,487391.92789170786,366.9758516943293,43.997104835287445,37.5,43494625.90017404,0.0,49.996710040099366,0.0
2026-03-07T16:49:39+00:00,1772902179.8424437,195492819.56714022,0.0,373.8726215419332,0.0,37.5,43485104.61835393,71892.50621238291,65.97752144857645,71.97547794390158
2026-03-07T16:49:40+00:00,1772902180.842328,192960296.58007082,139280.10537793834,368.0425578690926,19.002197281284673,37.5,43629709.0346188,0.0,38.004394562569345,0.0
2026-03-07T16:49:41+00:00,1772902181.8421295,192976309.61156902,151582.10461166894,368.07310030282787,28.00556197956299,37.5,43503154.8429833,66.01311038039849,55.01092531699874,1.0001986421272497
2026-03-07T16:49:42+00:00,1772902182.8422685,188725639.50759295,4095.430743188076,362.949550726873,0.9998610212861514,37.5,43493238.52545635,2874.600436197685,89.98749191575364,22.996803489581485
2026-03-07T16:49:43+00:00,1772902183.842361,193444377.15538782,155633.60289432455,373.9654058033343,6.999352515035669,37.5,43491950.71583229,141.98686530500927,30.997132566586533,0.9999075021479527
2026-03-07T16:49:44+00:00,1772902184.842305,192948794.60570058,81924.59010092585,368.0206195940029,13.000728409570753,37.5,43496897.06007221,0.0,53.002969669788456,0.0
2026-03-07T16:49:45+00:00,1772902185.8422012,191909311.31421414,4096.424848749449,366.0379625591548,1.0001037228392209,37.5,43498971.368881576,0.0,41.004252636408054,0.0
2026-03-07T16:49:46+00:00,1772902186.8424616,193936068.1457102,0.0,371.9031738601076,0.0,37.5,43781319.39828135,0.0,79.97917717421669,0.0
2026-03-07T16:49:47+00:00,1772902187.842245,189833351.89660695,24581.321464512293,366.07925032598877,5.0010826547266225,37.5,43505392.22436803,0.0,97.02100350169648,0.0
2026-03-07T16:49:48+00:00,1772902188.8421128,194012232.14699784,8193.084127829301,370.0489657344777,2.0002646796458254,37.5,43500298.05998594,132.01746885662448,69.00913144778097,2.0002646796458254
2026-03-07T16:49:49+00:00,1772902189.8421156,196083151.00160503,4095.9882812835276,375.9989242584488,0.9999971389852362,37.5,43494335.561707795,0.0,44.99987125433563,0.0
2026-03-07T16:49:50+00:00,1772902190.8425064,191814453.04000363,0.0,365.8570347595284,0.0,37.5,43477470.39362546,0.0,84.96679769005442,0.0
2026-03-07T16:49:51+00:00,1772902191.842105,189868487.6067528,221272.84035662664,366.1470068835239,8.003213265213637,37.5,43513444.512523435,0.0,52.020886223888645,0.0
2026-03-07T16:49:52+00:00,1772902192.842262,197101319.86564648,32762.852371284323,376.9407758781186,3.9993716273540434,37.5,43487627.31777134,0.0,50.99198824876405,0.0
2026-03-07T16:49:53+00:00,1772902193.842083,192448154.29483876,94224.87118488784,367.06572398154975,3.000537253255175,37.5,42235162.30518608,132.0236391432277,90.01611759765525,2.0003581688367835
2026-03-07T16:49:54+00:00,1772902194.8423476,192362788.22246957,0.0,366.9029011201278,0.0,37.5,44749559.269766465,0.0,48.98703584437674,0.0
2026-03-07T16:49:55+00:00,1772902195.8423035,194519427.75343093,8192.36134406296,371.01636458097636,2.000088218765371,37.5,43496433.51620686,0.0,86.00379340691096,0.0
2026-03-07T16:49:56+00:00,1772902196.8421457,189297845.465653,4096.64658642774,365.0576181753235,1.000157858014585,37.5,42285668.078051485,66.01041862896261,84.01326007322514,1.000157858014585
2026-03-07T16:49:57+00:00,1772902197.8421936,195025789.94788277,0.0,371.982173820272,0.0,37.5,41931516.55222821,0.0,64.9968852105314,0.0
2026-03-07T16:49:58+00:00,1772902198.8423185,195279027.53030542,16381.953380686884,386.95165761266014,3.999500337081759,37.5,43057645.75081505,65.99175556184902,84.98938216298737,0.9998750842704397
2026-03-07T16:49:59+00:00,1772902199.8423035,196610953.1693577,16384.246097446474,375.00563272353685,3.000045061788295,37.5,44663993.86973519,66.00099135934249,105.00157716259032,1.0000150205960983
2026-03-07T16:50:00+00:00,1772902200.8424232,192914894.7634613,896916.6515199988,374.95512307362964,191.97702301369836,37.5,42369029.015024774,0.0,95.98851150684918,0.0
2026-03-07T16:50:01+00:00,1772902201.8424032,197136236.0790688,0.0,376.00753036321413,0.0,37.5,43528749.75726405,66.00132181907482,113.00226311447659,1.0000200275617397
2026-03-07T16:50:02+00:00,1772902202.8420062,189343130.96221069,8195.253244555517,361.1433619732107,2.000794249159062,37.5,43555656.155291215,66.02621022224905,123.0488463232823,1.000397124579531
2026-03-07T16:50:03+00:00,1772902203.8423407,196542256.36632872,4094.630340965182,376.8739351913754,0.9996656105872026,37.5,42246418.519501,0.0,89.96990495284824,0.0
2026-03-07T16:50:04+00:00,1772902204.8421848,192968072.6916018,503886.5688915384,372.0580134250593,36.00561420242509,37.5,43502757.20007535,0.0,121.01886995815101,0.0
2026-03-07T16:50:05+00:00,1772902205.8422213,196076559.5109088,159738.17306411773,373.9863577097107,5.999781139727979,37.5,43494387.40988309,0.0,64.99762901371977,0.0
2026-03-07T16:50:06+00:00,1772902206.8425577,193921323.1962228,61419.338005560436,371.8748980805417,8.996973340658267,37.5,43479833.00959193,0.0,86.97074229302991,0.0
2026-03-07T16:50:07+00:00,1772902207.842254,195094394.99964082,4097.244518641651,372.11302757194676,1.0003038375589968,37.5,43507675.25055628,0.0,61.0185340910988,0.0
2026-03-07T16:50:08+00:00,1772902208.8422112,193994839.10332668,4096.174812147945,370.01579113641105,1.0000426787470569,37.5,43496495.29669621,174.0074261019879,67.0028594760528,3.0001280362411706
2026-03-07T16:50:09+00:00,1772902209.8422773,193973749.596024,0.0,373.97530194315,0.0,37.5,43491587.73089374,65.9956415193794,64.99570755696458,0.9999339624148396
2026-03-07T16:50:10+00:00,1772902210.8423672,192396402.67938945,98295.1648566363,367.9669257328507,16.998472112658863,37.5,43490605.89888957,65.99406820208736,65.99406820208736,0.9999101242740509
2026-03-07T16:50:11+00:00,1772902211.842058,193522114.6300705,94237.14084712951,369.1141407586489,13.004021219139391,37.5,43509428.37254886,0.0,84.02598326213145,0.0
2026-03-07T16:50:12+00:00,1772902212.8421264,192924782.9033,0.0,367.9748209062576,0.0,37.5,43491484.045963004,0.0,57.99603155587756,0.0
2026-03-07T16:50:13+00:00,1772902213.8425496,191808236.1013775,16377.06933925696,368.84390784825547,1.9991539720772655,37.5,43476143.20149072,131.94416215709953,52.97758026004753,1.9991539720772655
2026-03-07T16:50:14+00:00,1772902214.842048,191985714.3103936,61470.83578073565,367.1841915939125,2.0010037689041553,37.5,43516344.22082916,66.03312437383713,31.015558418014407,1.0005018844520777
2026-03-07T16:50:15+00:00,1772902215.8425574,191791690.03735116,77784.36882491616,365.8136177775405,4.997453794775144,37.5,43473824.0647482,0.0,50.97402870670647,0.0
2026-03-07T16:50:16+00:00,1772902216.8419945,192522067.87820923,0.0,367.2067029537377,0.0,37.5,43518957.09360552,0.0,65.03660951496717,0.0
2026-03-07T16:50:17+00:00,1772902217.842224,191321238.81453046,241608.58497554148,371.9146981383302,53.98761747169309,37.5,43486000.10871682,0.0,59.98624163521455,0.0
2026-03-07T16:50:18+00:00,1772902218.8422372,194508251.0346732,69631.0703249125,370.9950466817345,1.9999732974756579,37.5,43493879.29406155,0.0,50.999319085629274,0.0
2026-03-07T16:50:19+00:00,1772902219.8424516,192896638.86184675,24570.73355067681,367.92114040726995,4.998928538142255,37.5,41944535.67941861,0.0,77.98328519501916,0.0
2026-03-07T16:50:20+00:00,1772902220.8422241,191408656.15235552,57357.045936065435,367.0834936268139,3.0006825092110128,37.5,45063908.84575244,66.01501520264227,81.01842774869735,1.0002275030703376
2026-03-07T16:50:21+00:00,1772902221.842291,192400805.98857433,8191.451208641618,366.9754142543303,1.99986601773477,37.5,42279189.47945697,0.0,28.998057257154166,0.0
2026-03-07T16:50:22+00:00,1772902222.8423586,190827956.36875048,28670.065560208906,367.97517181071703,1.9998650641886793,37.5,42010933.41906414,0.0,47.996761540528304,0.0
2026-03-07T16:50:23+00:00,1772902223.8421462,192978978.70854506,4096.870302066598,368.07819120129597,1.000212476090478,37.5,43579417.6172583,0.0,58.01232361324773,0.0
2026-03-07T16:50:24+00:00,1772902224.8420894,190327343.86282334,0.0,365.0207125972743,0.0,37.5,43557546.61295268,66.00374529156194,31.00175915209727,1.0000567468418475
2026-03-07T16:50:25+00:00,1772902225.8420756,192940652.03689435,12288.16992422476,368.00508887652273,3.0000414854064354,37.5,43548052.19455416,0.0,50.00069142344059,0.0
2026-03-07T16:50:26+00:00,1772902226.8423607,193048824.39401454,4094.8323641997376,413.88198212370395,0.9997149326659516,37.5,41043058.62844667,898.7437244666905,33.990307710642355,4.998574663329758
2026-03-07T16:50:27+00:00,1772902227.8422625,197675993.40734193,0.0,378.0371340034507,0.0,37.5,19887018.471090816,66.00648371488822,23.002259476400443,1.000098238104367
2026-03-07T16:50:28+00:00,1772902228.842501,196036973.1434118,40950.236702751456,373.91085270578725,4.99880819125384,37.5,24200164.231229965,461.8898768718548,28.99308750927227,6.998331467755376
2026-03-07T16:50:29+00:00,1772902229.8423965,193482476.85993972,4096.427779046827,369.0385377119822,1.0001044382438542,37.5,39149250.25197467,222.02318529013564,52.00543078868042,3.000313314731563
2026-03-07T16:50:30+00:00,1772902230.842208,189828055.5013956,536677.2114701922,365.06884800404816,26.004904241384253,37.5,45443978.238777846,0.0,46.008676734756754,0.0
2026-03-07T16:50:31+00:00,1772902231.8423252,195012260.68331903,0.0,372.95625150782064,0.0,37.5,42930758.13874525,77.99085152174266,44.99472203177461,0.9998827118172136
2026-03-07T16:50:32+00:00,1772902232.8423915,191368820.00476232,65531.65653788625,365.97574299417676,8.999403516250249,37.5,43515799.75690927,0.0,81.99456537028004,0.0
2026-03-07T16:50:33+00:00,1772902233.8421843,191929172.98873883,114711.76664285961,366.0758456969048,27.00559517436183,37.5,42107358.04435647,132.02735418576896,88.01823612384597,2.0004144573601357
2026-03-07T16:50:34+00:00,1772902234.8420823,192957674.0092306,4096.4180114052015,370.0377598193175,1.000102053565723,37.5,44961572.02052135,0.0,38.00387803549747,0.0
2026-03-07T16:50:35+00:00,1772902235.8509843,191235590.8281315,117735.90637771343,369.70882508491974,5.947058848550988,37.5,43160432.68159263,111.01176517295178,75.32941208164584,1.982352949516996
2026-03-07T16:50:36+00:00,1772902236.8421762,196239350.8884946,16529.594919852985,374.29685762118265,3.026659226047299,37.5,42355042.97825928,0.0,66.58650297304058,0.0
2026-03-07T16:50:37+00:00,1772902237.8424058,194990366.77888295,4095.059786182858,371.9146094873103,0.9997704556110493,37.5,42304103.10096211,0.0,28.99334321272043,0.0
2026-03-07T16:50:38+00:00,1772902238.8422387,189823981.55233675,4096.684684744836,364.0608460075978,1.0001671593615322,37.5,44682571.86186103,0.0,66.01103251786114,0.0
2026-03-07T16:50:39+00:00,1772902239.842326,195018118.48496878,81912.85218622681,375.96719265162693,0.9999127464139015,37.5,43490664.95238958,0.0,80.99293245952602,0.0
2026-03-07T16:50:40+00:00,1772902240.8424065,192398191.49943763,102391.74871180902,366.9704275120499,15.99871073622016,37.5,43492469.13850956,0.0,64.9947623658944,0.0
2026-03-07T16:50:41+00:00,1772902241.8420894,194048092.01159844,53264.89012142694,372.1179973927814,10.00317197292423,37.5,43508311.34239325,66.02093502129992,47.01490827274388,1.000317197292423
2026-03-07T16:50:42+00:00,1772902242.8422368,190288506.38113797,53240.15545271164,362.9465224859962,8.998674111223046,37.5,40787750.22349402,0.0,42.99366519806566,0.0
2026-03-07T16:50:43+00:00,1772902243.842464,194466662.66447848,90091.53004166372,373.91504167682695,2.9993185161242804,37.5,46186234.8913585,65.98500735473417,98.97751103210125,0.9997728387080934
2026-03-07T16:50:44+00:00,1772902244.8421798,190895083.41797882,4097.164393414724,366.1040449193821,1.0002842757360166,37.5,43506879.43526431,66.0187621985771,47.01336095959278,1.0002842757360166
2026-03-07T16:50:45+00:00,1772902245.8420653,191387022.50654295,77832.90726935609,365.04177571590986,5.000572270080957,37.5,43499438.11562908,0.0,45.00515043072861,0.0
2026-03-07T16:50:46+00:00,1772902246.842358,193012546.16983593,0.0,369.89170384113385,0.0,37.5,43481837.47392988,278.9183388423685,60.98214576840315,3.9988292307149607
2026-03-07T16:50:47+00:00,1772902247.842586,195514860.65724078,491407.994279258,372.91500216911464,21.99498672311132,37.5,43490960.185397804,6840.440870887621,44.98974557000043,19.995442475555745
2026-03-07T16:50:48+00:00,1772902248.8422692,191425774.84399024,204864.91314639366,369.1169577686488,22.00697309189776,37.5,42795284.04059075,132.04183855138655,53.01679881229914,2.0006339174452505
2026-03-07T16:50:49+00:00,1772902249.8421504,189814793.17589417,106508.64603274448,362.0429862516292,25.002968663786547,37.5,41758318.067511946,0.0,58.00688729998479,0.0
2026-03-07T16:50:50+00:00,1772902250.842476,189206392.4142424,53230.676536209125,360.8825538906906,2.9990239935514453,37.5,45933429.36225713,0.0,31.98958926454875,0.0
2026-03-07T16:50:51+00:00,1772902251.842306,193495164.71651337,4096.696407446506,369.06273787787126,1.0001700213492446,37.5,42162013.22379412,0.0,151.02567322373594,0.0
2026-03-07T16:50:52+00:00,1772902252.842119,188778966.59577635,98322.37843530018,367.0686125259925,3.0005608653350886,37.5,42121566.37017875,0.0,51.00953471069651,0.0
2026-03-07T16:50:53+00:00,1772902253.8423116,190279888.0614811,4095.2110894774682,362.9300843457815,0.99980739489196,37.5,46283222.897566505,131.9745761257387,52.98979192927388,1.99961478978392
2026-03-07T16:50:54+00:00,1772902254.8423145,191888859.0015707,0.0,365.99895286859646,0.0,37.5,43494391.56154758,65.99981117302559,76.99977970186319,0.9999971389852362
2026-03-07T16:50:55+00:00,1772902255.8421178,191402768.03019163,32774.44658051227,367.07220138696294,6.001180404146533,37.5,40956395.931721605,0.0,31.006098754757087,0.0
2026-03-07T16:50:56+00:00,1772902256.8422413,195011051.974397,16381.97681236534,371.9540633666935,2.999629543279786,37.5,41690644.17109284,7968.015943465539,57.99283783674254,26.996665889518077
2026-03-07T16:50:57+00:00,1772902257.8421254,190862947.56256184,32771.797315000316,368.042645627445,1.0001158848571874,37.5,45407361.41587451,0.0,40.0046353942875,0.0
2026-03-07T16:50:58+00:00,1772902258.842367,194988042.8738386,20475.054905266992,373.9096940707937,4.998792701481199,37.5,42954185.79007021,0.0,55.98647825658943,0.0
2026-03-07T16:50:59+00:00,1772902259.842176,195072389.614445,524388.1441248521,372.071055630579,39.00744938062522,37.5,43525537.214686625,66.01260664413499,92.01757289788513,1.000191009759621
2026-03-07T16:51:00+00:00,1772902260.8537729,193835813.93971592,263187.8322627326,369.7124747080153,43.49558525976651,37.5,44402685.69035894,0.0,60.30069774649448,0.0
2026-03-07T16:51:01+00:00,1772902261.842259,191472573.3371841,0.0,369.2515432303484,0.0,37.5,42622615.59840145,0.0,83.96678928251758,0.0
2026-03-07T16:51:02+00:00,1772902262.8423698,196061975.65979153,8191.0918975514505,374.95843036887135,1.999778295300647,37.5,42046957.47922615,0.0,52.994124825467146,0.0
2026-03-07T16:51:03+00:00,1772902263.842513,190813490.41776344,4095.413170024113,363.94785007050217,0.9998567309629182,37.5,43488229.59045413,0.0,90.98696251762554,0.0
2026-03-07T16:51:04+00:00,1772902264.842447,196620985.23257002,61444.05788517813,375.0247673655892,4.000264185232951,37.5,43497375.651351795,0.0,51.003368361720135,0.0
2026-03-07T16:51:05+00:00,1772902265.842262,191400531.55159092,4096.75795273097,368.0680973156731,1.0001850470534595,37.5,43534875.50997251,120.02220564641514,128.0236860228428,2.000370094106919
2026-03-07T16:51:06+00:00,1772902266.8422089,193472558.42190173,81924.35570033101,370.0196729629208,19.00101023323107,37.5,43498714.711091176,0.0,79.00420044343446,0.0
2026-03-07T16:51:07+00:00,1772902267.8421733,195042064.74613932,4096.145512981757,372.01321553447593,1.0000355256303117,37.5,43497946.23706181,0.0,119.00422755000709,0.0
2026-03-07T16:51:08+00:00,1772902268.8421156,196095026.15279603,4096.2363417612805,374.02158003386694,1.0000577006253126,37.5,43497478.68690925,132.00761648254127,56.00323123501751,2.0001154012506253
2026-03-07T16:51:09+00:00,1772902269.8422644,191336654.23494276,0.0,366.94540835980973,0.0,37.5,42522585.77912374,278.95849845337034,132.9802161085959,3.9994049957472453
2026-03-07T16:51:10+00:00,1772902270.842609,193420211.86534086,61418.840297644114,377.8698182374589,3.9986224152112055,37.5,44448401.86564068,9759.63765992675,128.95557289056137,40.98587975591486
2026-03-07T16:51:11+00:00,1772902271.8420703,194091095.05127928,106553.38833051649,370.1993847871385,16.008622044849233,37.5,43520481.59043331,3704.995464504794,81.04364910204924,18.009699800455387
2026-03-07T16:51:12+00:00,1772902272.8419936,188233842.8594038,57348.40268174732,361.02771638028014,9.000690990090087,37.5,43497908.36846129,225.01727475225215,68.00522081401398,3.000230330030029
2026-03-07T16:51:13+00:00,1772902273.8422723,195504934.5618232,45043.445881787346,372.89606964459074,7.997770930715083,37.5,43482423.95626715,197.9448305351983,46.986904217951114,2.999164099018156
2026-03-07T16:51:14+00:00,1772902274.8423717,194491511.5474407,4095.592813920163,374.9627210009915,0.9999005893359773,37.5,43490137.18675068,0.0,46.99532769879093,0.0
2026-03-07T16:51:15+00:00,1772902275.8420331,195625653.9224305,12292.161565166125,373.12632355199906,3.001016007120636,37.5,42668912.74739964,0.0,51.01727212105081,0.0
2026-03-07T16:51:16+00:00,1772902276.8420956,193450188.00483483,0.0,370.97682668481076,0.0,37.5,44331684.79170813,0.0,52.99668952640154,0.0
2026-03-07T16:51:17+00:00,1772902277.8422177,195011330.90589526,8191.000122055413,371.95459538630536,1.9997558891736849,37.5,43489151.26571464,65.9919443427316,79.99023556694739,0.9998779445868424
2026-03-07T16:51:18+00:00,1772902278.842346,191864797.65674892,4095.47467675779,369.9525464844683,0.9998717472553198,37.5,42040445.50587412,195.97486246204267,37.99512639570215,1.9997434945106396
2026-03-07T16:51:19+00:00,1772902279.8420475,195093371.38326547,4097.223021321939,373.1113737678426,1.0002985891899265,37.5,43553124.61035446,287.0856950975089,72.0214984216747,2.000597178379853
2026-03-07T16:51:20+00:00,1772902280.8420968,196598297.35385126,73724.36150769422,374.98149367113353,2.9998519493690683,37.5,44898357.14727938,4744.765833252076,44.997779240536026,6.999654548527826
2026-03-07T16:51:21+00:00,1772902281.8422627,195002777.36956948,32762.56340214541,371.93828081048866,2.9995022646007152,37.5,40640355.16664982,764.8730774731823,30.99485673420739,4.9991704410011915
2026-03-07T16:51:22+00:00,1772902282.8422472,193465270.17146328,188418.91996712633,369.0057185582414,32.00049591832988,37.5,43536452.69344737,4891.075798017233,40.00061989791235,9.00013947703028
2026-03-07T16:51:23+00:00,1772902283.8421023,194014684.0768239,53255.71986906061,374.05422233752756,8.001159836096846,37.5,43551005.08820096,543.0787238750735,39.005654200972124,4.000579918048423
2026-03-07T16:51:24+00:00,1772902284.8420494,191375249.28613222,0.0,365.01932008005565,0.0,37.5,41911520.33169785,0.0,34.00179967869012,0.0
2026-03-07T16:51:25+00:00,1772902285.8425255,194418281.19808182,131009.6234488422,370.82344283691754,4.997620523408592,37.5,43473951.09969471,205.90196556443402,38.98144008258702,2.9985723140451555
2026-03-07T16:51:26+00:00,1772902286.8419747,190454204.06585696,4098.257102467227,367.2022354993829,1.0005510504070378,37.5,43519999.50558708,4898.697942792857,39.02149096587448,11.006061554477416
2026-03-07T16:51:27+00:00,1772902287.8421497,193428422.17369378,638864.1992525455,373.9345617369855,48.99142653773339,37.5,43632759.30041158,1010.8231067275195,46.99177647496876,7.998600251058512
2026-03-07T16:51:28+00:00,1772902288.8420992,193996365.49561623,0.0,370.01870249865766,0.0,37.5,43496740.531387486,132.00667224276435,50.002527364683466,2.0001010945873388
2026-03-07T16:51:29+00:00,1772902289.842406,188685782.76546022,348053.2017158012,359.88956978885693,10.996625743548407,37.5,43487153.19703183,1556.522389336806,52.98374221891505,20.99355823768332
2026-03-07T16:51:30+00:00,1772902290.843727,191112645.41345692,511324.500785148,366.51580427372915,27.963058636687784,37.5,43444603.31871486,14697.583355576218,54.927436607779576,22.96965530870782
2026-03-07T16:51:31+00:00,1772902291.8423138,190060877.6551637,0.0,366.51801652955703,0.0,37.5,39200417.72760039,0.0,35.04953709982103,0.0
2026-03-07T16:51:32+00:00,1772902292.8424675,193956733.33674377,53239.81278246768,369.9431101546169,6.998923705627887,37.5,41993960.16949718,0.0,38.99400350278394,0.0
2026-03-07T16:51:33+00:00,1772902293.8422835,191924733.50198162,4096.754045038883,368.0677462339622,1.0001840930270711,37.5,42127583.967004426,132.0243002795734,41.00754781410992,2.0003681860541422
2026-03-07T16:51:34+00:00,1772902294.8425062,190798344.4612506,4095.08809369099,363.91896145105477,0.9997773666237768,37.5,42066474.5132381,0.0,38.991317298327296,0.0
2026-03-07T16:51:35+00:00,1772902295.8422318,197186399.84936205,94233.8596354581,376.10321016189965,3.0008234853343057,37.5,43506627.0792294,112.03074345248075,52.01427374579463,2.0005489902228706
2026-03-07T16:51:36+00:00,1772902296.8423307,195540076.53930953,12286.784299973371,376.9627019116179,2.9997031982356863,37.5,44961619.33056112,0.0,32.99673518059255,0.0
2026-03-07T16:51:37+00:00,1772902297.8420427,194566885.1392365,4097.180027359259,372.10717045352646,1.0002880926170066,37.5,43532735.847734466,0.0,36.01037133421224,0.0
2026-03-07T16:51:38+00:00,1772902298.8421288,193445622.3080241,208878.02205515816,368.96824323277303,48.9957829767097,37.5,43524021.92629733,0.0,29.997418149005938,0.0
2026-03-07T16:51:39+00:00,1772902299.842347,188702513.98049065,0.0,359.9214820489705,0.0,37.5,41954708.454491645,65.98560504231126,33.992584415736104,0.9997818945804736
2026-03-07T16:51:40+00:00,1772902300.8422048,192441041.3857102,311340.2406614862,370.05258353705125,14.001989647347884,37.5,40811460.20537052,2055.292051807136,60.00852706006236,28.003979294695768
2026-03-07T16:51:41+00:00,1772902301.8421059,195054435.4095552,135181.37534684394,373.03690965593034,20.001979070023076,37.5,47345556.54503207,7474.739578467623,77.00761941958883,21.002078023524227
2026-03-07T16:51:42+00:00,1772902302.8422766,191332458.07564208,1077064.136855605,364.9377023232309,47.99180742880844,37.5,43501776.9116028,868.8516803257196,57.990100643143535,12.99778117863562
2026-03-07T16:51:43+00:00,1772902303.8422256,195045087.5077416,69635.55291565036,372.01898099468536,10.000510241792618,37.5,42347838.653465234,4906.250324623458,47.002398136425306,10.000510241792618
2026-03-07T16:51:44+00:00,1772902304.8424804,192364668.12070918,495489.7148034275,373.90470310983073,35.99082703730991,37.5,43483432.40101893,65.98318290173484,47.987769383079886,0.9997451954808309
2026-03-07T16:51:45+00:00,1772902305.84218,188800397.03821853,2675491.737542463,360.1081791653033,55.016527372476894,37.5,43507529.98438366,0.0,47.014123391025706,0.0
2026-03-07T16:51:46+00:00,1772902306.8423972,194992783.69889122,0.0,371.9192193963837,0.0,37.5,43486528.75528334,0.0,40.99109676142939,0.0
2026-03-07T16:51:47+00:00,1772902307.8423996,193986097.5011027,2097147.000011921,371.9991130850003,6.999983310739253,37.5,43494356.30137372,0.0,42.99989748025541,0.0
2026-03-07T16:51:48+00:00,1772902308.8420527,194578347.0403518,8162063.411901549,371.1287442023312,38.01318673770508,37.5,43511149.97583362,132.04580656255447,46.01596289301141,2.000694038826583
2026-03-07T16:51:49+00:00,1772902309.842042,193464347.64726928,4096.0439457839875,373.00400189878593,1.0000107289511688,37.5,43494968.65038807,0.0,66.00070811077714,0.0
2026-03-07T16:51:50+00:00,1772902310.8421884,191861321.61153853,282582.63300879777,365.9464294653674,5.9991217945142195,37.5,43488148.81305427,65.9903397396564,52.99224251820894,0.9998536324190366
2026-03-07T16:51:51+00:00,1772902311.8421624,193991601.3810135,73729.91606541899,372.0096676477846,3.000077964901489,37.5,41890984.647205,0.0,48.001247438423825,0.0
2026-03-07T16:51:52+00:00,1772902312.8423986,190795752.15114266,233416.84994452118,363.91401701191455,3.999055131999061,37.5,42135530.51972365,0.0,38.990787536990844,0.0
2026-03-07T16:51:53+00:00,1772902313.8420851,194047397.8239008,86042.9762310371,374.1172934152701,2.0006272375148133,37.5,45822300.227340445,132.0413976759777,50.015680937870336,2.0006272375148133
2026-03-07T16:51:54+00:00,1772902314.8422089,193962559.21983835,0.0,370.9540984208392,0.0,37.5,42648912.65585223,0.0,70.99121560075359,0.0
2026-03-07T16:51:55+00:00,1772902315.842266,196072492.6419768,737237.81491385,373.9786007728134,131.99244733158122,37.5,42081004.105630554,0.0,37.99782574697035,0.0
2026-03-07T16:51:56+00:00,1772902316.842221,196092548.14816666,4096.184578629818,374.016853615125,1.0000450631420454,37.5,44990915.34065041,132.00594833475,33.0014870836875,2.000090126284091
2026-03-07T16:51:57+00:00,1772902317.842227,195033973.506929,4095.9755860830182,374.99776483914354,0.9999940395710494,37.5,42052881.345294565,0.0,30.99981522670253,0.0
2026-03-07T16:51:58+00:00,1772902318.8420532,191398386.40693918,0.0,366.0636244731524,0.0,37.5,41995329.088217095,0.0,34.00591047018356,0.0
2026-03-07T16:51:59+00:00,1772902319.8423123,196557060.07664126,85993.71378353055,374.90283980682614,4.998704530757681,37.5,43484704.46070366,0.0,45.988081682970666,0.0
2026-03-07T16:52:00+00:00,1772902320.8421338,191923680.8702955,241707.16298128915,366.0653703123007,7.001250251874603,37.5,43502228.43287855,0.0,64.01143087428208,0.0
2026-03-07T16:52:01+00:00,1772902321.842064,187708216.66600683,0.0,360.0251501486286,0.0,37.5,43497498.58925978,0.0,30.00209584571905,0.0
2026-03-07T16:52:02+00:00,1772902322.8420393,185602509.86192793,8192.201176815322,359.0088162203004,2.0000491154334283,37.5,43671210.43887787,0.0,58.00142434756942,0.0
2026-03-07T16:52:03+00:00,1772902323.8421848,191861504.55814636,249819.66739341975,365.9467784083297,3.9994183432604338,37.5,43489649.06839473,0.0,83.98778520846912,0.0
2026-03-07T16:52:04+00:00,1772902324.8423736,196046692.9902076,4095.2267085187086,373.9293918422844,0.9998112081344503,37.5,43596749.73410096,0.0,52.98999403112587,0.0
2026-03-07T16:52:05+00:00,1772902325.8420968,192991404.78708595,0.0,370.10244582643617,0.0,37.5,43506610.80260606,0.0,112.03101062854284,0.0
2026-03-07T16:52:06+00:00,1772902326.8426275,0.0,69595.06452426172,0.0,4.997347808784877,37.5,0.0,0.0,0.0,0.0
2026-03-07T16:52:07+00:00,1772902327.8419344,0.0,4098.840836122181,0.0,1.0006935635063918,37.5,0.0,0.0,0.0,0.0
2026-03-07T16:52:08+00:00,1772902328.842091,0.0,8190.716997845749,0.0,0.9998433835260924,37.5,535.9160535699855,490.92310131131137,4.999216917630462,5.999060301156554
2026-03-07T16:52:09+00:00,1772902329.842451,0.0,0.0,0.0,0.0,37.5,0.0,0.0,0.0,0.0
2026-03-07T16:52:10+00:00,1772902330.8421373,0.0,561328.1216659814,0.0,45.014123579652505,37.5,5833.830415922965,13532.245861900868,44.0138097223269,50.01569286628056
2026-03-07T16:52:11+00:00,1772902331.8422673,0.0,303064.6203512927,0.0,43.99428346526895,37.5,54.99285433158619,65.99142519790342,0.9998700787561126,0.9998700787561126
2026-03-07T16:52:12+00:00,1772902332.8420753,0.0,208936.1004697986,0.0,30.005758913976134,37.5,0.0,0.0,0.0,0.0
2026-03-07T16:52:13+00:00,1772902333.8422623,0.0,135142.73909677222,0.0,21.995888524865272,37.5,81.98467541086147,131.97533114919162,0.9998131147666032,1.9996262295332063
2026-03-07T16:52:14+00:00,1772902334.8419611,0.0,24583.402619721583,0.0,4.001204853470309,37.5,586.1765110334003,619.1864510745304,7.002108493573042,6.0018072802054645
2026-03-07T16:52:15+00:00,1772902335.842012,0.0,4095.792002750257,0.0,0.9999492194214494,37.5,109.99441413635944,0.0,1.9998984388428989,0.0
2026-03-07T16:52:16+00:00,1772902336.8420143,0.0,81919.80468796566,0.0,2.99999284745968,37.5,53.99987125427424,263.99937057645184,0.9999976158198933,3.9999904632795733
2026-03-07T16:52:17+00:00,1772902337.8423967,0.0,8188.868385102819,0.0,1.999235445581743,37.5,0.0,0.0,0.0,0.0
2026-03-07T16:52:18+00:00,1772902338.8422146,0.0,16386.9849187083,0.0,4.000728739919018,37.5,0.0,0.0,0.0,0.0
2026-03-07T16:52:19+00:00,1772902339.842549,0.0,4094.630340965182,0.0,0.9996656105872026,37.5,59.97993663523216,41.98595564466251,0.9996656105872026,0.9996656105872026
2026-03-07T16:52:20+00:00,1772902340.8423984,0.0,0.0,0.0,0.0,37.5,0.0,0.0,0.0,0.0
2026-03-07T16:52:21+00:00,1772902341.8422928,0.0,12289.297988655322,0.0,3.0003168917615533,37.5,0.0,0.0,0.0,0.0
2026-03-07T16:52:22+00:00,1772902342.842499,0.0,4095.1554476112883,0.0,0.9997938104519747,37.5,0.0,0.0,0.0,0.0
2026-03-07T16:52:23+00:00,1772902343.8420227,0.0,4097.95210177883,0.0,1.0004765873483472,37.5,0.0,0.0,0.0,0.0
2026-03-07T16:52:24+00:00,1772902344.8423417,0.0,0.0,0.0,0.0,37.5,54.982460371976444,65.97895244637174,0.9996810976722991,0.9996810976722991
2026-03-07T16:52:25+00:00,1772902345.8421612,0.0,4096.739391259953,0.0,1.0001805154443244,37.5,0.0,0.0,0.0,0.0
2026-03-07T16:52:26+00:00,1772902346.8422368,0.0,94200.88042090095,0.0,8.999319843199183,37.5,109.99168697243447,131.99002436692135,1.999848854044263,1.999848854044263
2026-03-07T16:52:27+00:00,1772902347.8423638,0.0,155628.22321630138,0.0,33.99567992749182,37.5,0.0,0.0,0.0,0.0
2026-03-07T16:52:28+00:00,1772902348.8423817,0.0,0.0,0.0,0.0,37.5,81.99853375195708,131.99763969827237,0.999982118926306,1.999964237852612
2026-03-07T16:52:29+00:00,1772902349.8421657,0.0,61453.27435173099,0.0,2.000432107803743,37.5,110.02376592920587,132.02851911504703,2.000432107803743,2.000432107803743
2026-03-07T16:52:30+00:00,1772902350.8421412,0.0,45057.10647248427,0.0,3.0000736731501423,37.5,0.0,0.0,0.0,0.0
2026-03-07T16:52:31+00:00,1772902351.84229,0.0,73717.03288161322,0.0,2.999553746810434,37.5,0.0,0.0,0.0,0.0
2026-03-07T16:52:32+00:00,1772902352.8423784,0.0,8191.275454713416,0.0,1.9998231090608927,37.5,0.0,0.0,0.0,0.0
2026-03-07T16:52:33+00:00,1772902353.8424191,0.0,4095.8330146204235,0.0,0.9999592320850643,37.5,81.99665703097527,131.99461863522848,0.9999592320850643,1.9999184641701286
2026-03-07T16:52:34+00:00,1772902354.8425162,0.0,552906.3479796343,0.0,21.997865407175848,37.5,0.0,0.0,0.0,0.0
2026-03-07T16:52:35+00:00,1772902355.842473,0.0,0.0,0.0,0.0,37.5,283.012213041916,178.0076817012758,5.000215778125725,3.000129466875435
2026-03-07T16:52:36+00:00,1772902356.8423767,0.0,69638.7076773409,0.0,11.001059634230668,37.5,0.0,0.0,0.0,0.0
2026-03-07T16:52:37+00:00,1772902357.8421128,0.0,221242.39236458484,0.0,6.001583994264997,37.5,0.0,0.0,0.0,0.0
2026-03-07T16:52:38+00:00,1772902358.8424406,0.0,151502.333664706,0.0,23.992134765314507,37.5,4970.3705855476555,4965.372224138215,7.997378255104835,10.99639510076915
2026-03-07T16:52:39+00:00,1772902359.8423884,0.0,81924.27756709747,0.0,1.0000522163952328,37.5,0.0,0.0,0.0,0.0
2026-03-07T16:52:40+00:00,1772902360.842603,0.0,32760.9702584189,0.0,5.998712815872601,37.5,0.0,0.0,0.0,0.0
2026-03-07T16:52:41+00:00,1772902361.8421133,0.0,98352.1642115809,0.0,7.003429661876081,37.5,55.02694734331207,66.03233681197447,1.000489951696583,1.000489951696583
2026-03-07T16:52:42+00:00,1772902362.8424487,0.0,61419.39655996326,0.0,9.996646575514854,37.5,0.0,0.0,0.0,0.0
2026-03-07T16:52:43+00:00,1772902363.8424172,0.0,0.0,0.0,0.0,37.5,0.0,0.0,0.0,0.0
2026-03-07T16:52:44+00:00,1772902364.8419826,0.0,266355.7680905411,0.0,59.025654737612406,37.5,0.0,0.0,0.0,0.0
2026-03-07T16:52:45+00:00,1772902365.8421454,20476.665582038753,4095.3331164077504,0.9998371866229859,0.9998371866229859,37.5,0.0,0.0,0.0,0.0
2026-03-07T16:52:46+00:00,1772902366.8425272,0.0,98266.49088003661,0.0,4.998092187501862,37.5,0.0,0.0,0.0,0.0
2026-03-07T16:52:47+00:00,1772902367.8424282,0.0,24578.431881244353,0.0,5.000494767505769,37.5,0.0,0.0,0.0,0.0
2026-03-07T16:52:48+00:00,1772902368.8424509,0.0,126973.12408857622,0.0,4.999886753739928,37.5,189.99569664211725,312.9929107841195,2.999932052243957,3.999909402991942
2026-03-07T16:52:49+00:00,1772902369.8423777,0.0,4096.2998266331615,0.0,1.0000731998616117,37.5,0.0,0.0,0.0,0.0
2026-03-07T16:52:50+00:00,1772902370.8427172,0.0,0.0,0.0,0.0,37.5,0.0,0.0,0.0,0.0
2026-03-07T16:52:51+00:00,1772902371.8423548,0.0,32779.87930501547,0.0,3.0010875828566412,37.5,0.0,0.0,0.0,0.0
2026-03-07T16:52:52+00:00,1772902372.84228,0.0,4096.306663582889,0.0,1.0000748690387913,37.5,1.0000748690387913,0.0,1.0000748690387913,0.0
2026-03-07T16:52:53+00:00,1772902373.8423686,0.0,4095.6367509671786,0.0,0.9999113161540963,37.5,82.99263924079,131.9882937323407,1.9998226323081927,1.9998226323081927
2026-03-07T16:52:54+00:00,1772902374.8419778,0.0,0.0,0.0,0.0,37.5,1.0003909208105108,0.0,1.0003909208105108,0.0
2026-03-07T16:52:55+00:00,1772902375.8423603,0.0,8188.868385102819,0.0,1.999235445581743,37.5,110.95756722978673,131.94953940839503,2.9988531683726145,1.999235445581743
2026-03-07T16:52:56+00:00,1772902376.8426688,0.0,81894.73435729543,0.0,3.998766326039816,37.5,54.98303698304747,65.97964437965696,0.999691581509954,0.999691581509954
2026-03-07T16:52:57+00:00,1772902377.8423212,0.0,196676.36751552526,0.0,4.0013909406641694,37.5,0.0,0.0,0.0,0.0
2026-03-07T16:52:58+00:00,1772902378.8422322,0.0,0.0,0.0,0.0,37.5,0.0,0.0,0.0,0.0
2026-03-07T16:52:59+00:00,1772902379.842401,0.0,479151.11912147095,0.0,30.99476807217715,37.5,0.0,0.0,0.0,0.0
2026-03-07T16:53:00+00:00,1772902380.842192,0.0,155680.55172821655,0.0,26.005437557396373,37.5,0.0,142.0296974288571,0.0,1.0002091368229373
2026-03-07T16:53:01+00:00,1772902381.8423018,0.0,53242.14810412502,0.0,2.99967030334238,37.5,165.98175678494505,185.9795588072276,3.999560404456507,2.99967030334238
2026-03-07T16:53:02+00:00,1772902382.8425813,12284.567365419323,8189.711576946215,0.9997206514826923,1.9994413029653846,37.5,0.9997206514826923,0.0,0.9997206514826923,0.0
2026-03-07T16:53:03+00:00,1772902383.8423724,0.0,8193.711294911944,0.0,2.0004177966093613,37.5,1.0002088983046806,0.0,1.0002088983046806,0.0
2026-03-07T16:53:04+00:00,1772902384.8425844,0.0,65522.112318551255,0.0,1.9995761815964128,37.5,0.9997880907982064,0.0,0.9997880907982064,0.0
2026-03-07T16:53:05+00:00,1772902385.8423018,0.0,81943.15107203016,0.0,1.0002826058597432,37.5,428.12095530797,0.0,6.001695635158458,0.0
2026-03-07T16:53:06+00:00,1772902386.8423867,0.0,20478.2618662776,0.0,3.999660520757344,37.5,427.96367572103577,0.0,5.999490781136016,0.0
2026-03-07T16:53:07+00:00,1772902387.8422408,0.0,106511.54133016922,0.0,4.000583733855515,37.5,427.06231358907615,0.0,5.000729667319393,0.0
2026-03-07T16:53:08+00:00,1772902388.842698,0.0,61411.91713879771,0.0,9.995429221809523,37.5,508.7673473901047,131.9396657278857,5.997257533085714,1.9990858443619046
2026-03-07T16:53:09+00:00,1772902389.8422282,241777.61686774404,0.0,6.002820863705245,0.0,37.5,0.0,0.0,0.0,0.0
2026-03-07T16:53:10+00:00,1772902390.842416,0.0,12285.691839892903,0.0,1.9996243228992356,37.5,0.9998121614496178,0.0,0.9998121614496178,0.0
2026-03-07T16:53:11+00:00,1772902391.8421237,0.0,86041.14992947901,0.0,6.001754319857632,37.5,111.0324549173662,132.03859503686792,3.000877159928816,2.0005847732858775
2026-03-07T16:53:12+00:00,1772902392.841997,0.0,4096.519597155019,0.0,1.0001268547741746,37.5,1.0001268547741746,0.0,1.0001268547741746,0.0
2026-03-07T16:53:13+00:00,1772902393.8421307,0.0,53240.878882157114,0.0,8.998796385580942,37.5,82.98890000035757,131.98234698852048,1.9997325301290982,1.9997325301290982
2026-03-07T16:53:14+00:00,1772902394.8424487,0.0,102367.44199571079,0.0,15.99491281182981,37.5,55.982194841404336,65.97901534879797,1.9993641014787262,0.9996820507393631
2026-03-07T16:53:15+00:00,1772902395.8423991,0.0,4096.203135073684,0.0,1.0000495935238487,37.5,1.0000495935238487,0.0,1.0000495935238487,0.0
2026-03-07T16:53:16+00:00,1772902396.8422983,0.0,4096.413127601856,0.0,1.000100861230922,37.5,0.0,0.0,0.0,0.0
2026-03-07T16:53:17+00:00,1772902397.8422215,0.0,167948.8935679743,0.0,38.0029175137137,37.5,0.0,0.0,0.0,0.0
2026-03-07T16:53:18+00:00,1772902398.8425257,0.0,4094.754285223974,0.0,0.9996958704160093,37.5,0.0,0.0,0.0,0.0
2026-03-07T16:53:19+00:00,1772902399.8422902,0.0,4096.965071079785,0.0,1.0002356130565881,37.5,0.0,0.0,0.0,0.0
2026-03-07T16:53:20+00:00,1772902400.8420691,0.0,0.0,0.0,0.0,37.5,55.012158458445306,66.01459015013437,1.0002210628808237,1.0002210628808237
2026-03-07T16:53:21+00:00,1772902401.8424633,0.0,65510.18205000671,0.0,3.998424197388105,37.5,0.0,0.0,0.0,0.0
2026-03-07T16:53:22+00:00,1772902402.8425107,0.0,12287.417019847167,0.0,1.9999051139074164,37.5,6084.711309063315,6350.698689213001,11.9994306834445,15.999240911259331
2026-03-07T16:53:23+00:00,1772902403.8425398,0.0,8191.761725680701,0.0,1.9999418275587648,37.5,0.0,0.0,0.0,0.0
2026-03-07T16:53:24+00:00,1772902404.842187,0.0,0.0,0.0,0.0,37.5,0.0,0.0,0.0,0.0
2026-03-07T16:53:25+00:00,1772902405.8421173,0.0,319510.2437360694,0.0,33.00229756138037,37.5,0.0,0.0,0.0,0.0
2026-03-07T16:53:26+00:00,1772902406.842665,0.0,245625.48382369446,0.0,6.996168565941818,37.5,54.969895875257144,65.96387505030857,0.9994526522774025,0.9994526522774025
2026-03-07T16:53:27+00:00,1772902407.8425658,0.0,24578.43774178042,0.0,5.0004959598348835,37.5,0.0,0.0,0.0,0.0
2026-03-07T16:53:28+00:00,1772902408.842349,308290.81355226494,12290.66366321322,17.00368508094277,2.0004335389344434,37.5,3043.6596294887554,13355.894522695811,19.00411861987721,25.00541923668054
2026-03-07T16:53:29+00:00,1772902409.8426757,0.0,4094.662546232143,0.0,0.9996734732012068,37.5,0.0,0.0,0.0,0.0
2026-03-07T16:53:30+00:00,1772902410.8423429,0.0,20486.81867572577,0.0,3.0009988294520173,37.5,0.0,0.0,0.0,0.0
2026-03-07T16:53:31+00:00,1772902411.8425274,0.0,61428.664201237734,0.0,2.9994464942010612,37.5,0.0,0.0,0.0,0.0
2026-03-07T16:53:32+00:00,1772902412.8422728,0.0,225337.3778914423,0.0,6.001528175375772,37.5,0.0,0.0,0.0,0.0
2026-03-07T16:53:33+00:00,1772902413.8426044,0.0,73703.55693442922,0.0,16.994363984989377,37.5,81.9728145158311,131.95623800109396,0.9996684697052575,1.999336939410515
2026-03-07T16:53:34+00:00,1772902414.8421788,0.0,24586.463437375,0.0,6.002554550140381,37.5,0.0,0.0,0.0,0.0
2026-03-07T16:53:35+00:00,1772902415.8426976,0.0,0.0,0.0,0.0,37.5,0.0,0.0,0.0,0.0
2026-03-07T16:53:36+00:00,1772902416.8421476,0.0,73768.57505193826,0.0,8.004402674906494,37.5,0.0,0.0,0.0,0.0
2026-03-07T16:53:37+00:00,1772902417.8425562,0.0,69603.55654527698,0.0,3.9983660699262966,37.5,0.0,53.977941944005,0.0,0.9995915174815742
2026-03-07T16:53:38+00:00,1772902418.8423483,0.0,73743.3313123952,0.0,11.002287386560697,37.5,108.0224579771414,279.0580164409486,2.0004158884655814,4.000831776931163
2026-03-07T16:53:39+00:00,1772902419.8425782,0.0,0.0,0.0,0.0,37.5,0.0,0.0,0.0,0.0
2026-03-07T16:53:40+00:00,1772902420.8422768,0.0,4097.234747104726,0.0,1.0003014519298647,37.5,110.03315971228513,186.05607005895484,2.0006029038597295,3.000904355789594
2026-03-07T16:53:41+00:00,1772902421.8426628,0.0,90077.2302179997,0.0,5.997684895552182,37.5,96.96257247809362,107.95832811993928,1.9992282985173941,1.9992282985173941
2026-03-07T16:53:42+00:00,1772902422.842403,0.0,4097.064729822995,0.0,1.0002599438044422,37.5,0.0,0.0,0.0,0.0
2026-03-07T16:53:43+00:00,1772902423.8422556,0.0,57352.45046386401,0.0,9.001326279554549,37.5,0.0,0.0,0.0,0.0
2026-03-07T16:53:44+00:00,1772902424.842526,0.0,4094.8928774540345,0.0,0.9997297064096764,37.5,0.0,0.0,0.0,0.0
2026-03-07T16:53:45+00:00,1772902425.8423042,0.0,53259.8092590835,0.0,10.002217784533409,37.5,0.0,0.0,0.0,0.0
2026-03-07T16:53:46+00:00,1772902426.8424485,0.0,65526.54823835273,0.0,2.9995673326882657,37.5,0.0,0.0,0.0,0.0
2026-03-07T16:53:47+00:00,1772902427.8424819,16383.453143253313,126971.76186021318,0.9999666225130196,4.999833112565098,37.5,0.0,0.0,0.0,0.0
2026-03-07T16:53:48+00:00,1772902428.842532,0.0,12287.384796426952,0.0,1.999899869210116,37.5,81.99589463761475,131.99339136786764,0.999949934605058,1.999899869210116
2026-03-07T16:53:49+00:00,1772902429.842486,0.0,143366.59698324627,0.0,30.001380507096737,37.5,0.0,0.0,0.0,0.0
2026-03-07T16:53:50+00:00,1772902430.8423615,0.0,0.0,0.0,0.0,37.5,0.0,0.0,0.0,0.0
2026-03-07T16:53:51+00:00,1772902431.8425257,0.0,94192.52695582567,0.0,4.999178782896658,37.5,0.0,0.0,0.0,0.0
2026-03-07T16:53:52+00:00,1772902432.8424273,0.0,16385.613440120404,0.0,2.0001969531396977,37.5,0.0,0.0,0.0,0.0
2026-03-07T16:53:53+00:00,1772902433.8424594,0.0,520175.25737482414,0.0,28.99906662130502,37.5,81.99736079127626,131.99575151766422,0.9999678145277593,1.9999356290555186
2026-03-07T16:53:54+00:00,1772902434.8425076,0.0,0.0,0.0,0.0,37.5,0.0,0.0,0.0,0.0
2026-03-07T16:53:55+00:00,1772902435.842447,0.0,147464.9302282996,0.0,4.000242247946495,37.5,0.0,0.0,0.0,0.0
2026-03-07T16:53:56+00:00,1772902436.842647,0.0,16380.723311696407,0.0,2.999400020452223,37.5,109.97800074991484,131.9736008998978,1.9996000136348153,1.9996000136348153
2026-03-07T16:53:57+00:00,1772902437.842446,0.0,4096.823407681626,0.0,1.000201027266022,37.5,0.0,0.0,0.0,0.0
2026-03-07T16:53:58+00:00,1772902438.8424523,0.0,0.0,0.0,0.0,37.5,0.0,0.0,0.0,0.0
2026-03-07T16:53:59+00:00,1772902439.8421445,0.0,4097.261130361389,0.0,1.000307893154636,37.5,55.01693412350498,66.02032094820598,1.000307893154636,1.000307893154636
2026-03-07T16:54:00+00:00,1772902440.842681,0.0,12281.411737344497,0.0,2.9983915374376213,37.5,0.0,0.0,0.0,0.0
2026-03-07T16:54:01+00:00,1772902441.8423116,0.0,57365.18555842161,0.0,3.0011083404587198,37.5,0.0,0.0,0.0,0.0
2026-03-07T16:54:02+00:00,1772902442.8424191,0.0,8191.119235330788,0.0,1.9997849695631806,37.5,0.0,0.0,0.0,0.0
2026-03-07T16:54:03+00:00,1772902443.842282,0.0,4096.561600427686,0.0,1.0001371094794156,37.5,0.0,0.0,0.0,0.0
2026-03-07T16:54:04+00:00,1772902444.8423104,0.0,8191.767584719042,0.0,1.9999432579880474,37.5,0.0,0.0,0.0,0.0
2026-03-07T16:54:05+00:00,1772902445.8423555,0.0,0.0,0.0,0.0,37.5,54.997521750542916,0.0,0.9999549409189621,0.0
2026-03-07T16:54:06+00:00,1772902446.8423436,0.0,102401.22071767709,0.0,15.00017881606598,37.5,0.0,66.00078679069031,0.0,1.0000119210710654
2026-03-07T16:54:07+00:00,1772902447.842196,0.0,16386.41832564916,0.0,4.000590411535439,37.5,0.0,0.0,0.0,0.0
2026-03-07T16:54:08+00:00,1772902448.8424275,0.0,8190.103954567937,0.0,1.9995370982831877,37.5,81.98102102961069,131.9694484866904,0.9997685491415939,1.9995370982831877
2026-03-07T16:54:09+00:00,1772902449.8424578,8191.7519606354235,0.0,0.9999697217572538,0.0,37.5,0.0,0.0,0.0,0.0
2026-03-07T16:54:10+00:00,1772902450.842497,0.0,4095.838873526065,0.0,0.9999606624819495,37.5,375.985209093213,336.98674325641696,3.999842649927798,3.999842649927798
2026-03-07T16:54:11+00:00,1772902451.8421853,0.0,114723.77678204319,0.0,10.003119487831613,37.5,55.01715718307387,66.02058861968864,1.0003119487831613,1.0003119487831613
2026-03-07T16:54:12+00:00,1772902452.8423028,0.0,28668.63027889073,0.0,3.9995298938184614,37.5,0.0,0.0,0.0,0.0
2026-03-07T16:54:13+00:00,1772902453.8422785,0.0,0.0,0.0,0.0,37.5,82.0019941814915,132.0032101458156,1.0000243192864817,2.0000486385729634
2026-03-07T16:54:14+00:00,1772902454.8424172,0.0,303061.9472414745,0.0,29.995837789155654,37.5,4693.348752743221,8588.808220294903,19.997225192770436,24.996531490963044
2026-03-07T16:54:15+00:00,1772902455.8423185,0.0,241687.85587032564,0.0,39.00384988638233,37.5,0.0,0.0,0.0,0.0
2026-03-07T16:54:16+00:00,1772902456.8422723,0.0,94212.35762342905,0.0,3.0001387660314105,37.5,842.0389469994826,1168.0540262415625,13.000601319469446,14.00064757481325
2026-03-07T16:54:17+00:00,1772902457.8422308,32769.35943139579,110596.58808096078,1.0000414865538265,25.00103716384566,37.5,6024.24991500025,8108.336372978425,13.000539325199744,14.00058081175357
2026-03-07T16:54:18+00:00,1772902458.8423193,0.0,327651.01818853663,0.0,37.99663907215696,37.5,0.0,0.0,0.0,0.0
2026-03-07T16:54:19+00:00,1772902459.8425899,0.0,335781.13591640827,0.0,36.98999032044084,37.5,1382.6258544099915,0.0,1.9994589362400454,0.0
2026-03-07T16:54:20+00:00,1772902460.8420258,0.0,118851.04367860402,0.0,3.00169325023414,37.5,54.03047850421452,207.11683426615565,1.0005644167447134,2.001128833489427
2026-03-07T16:54:21+00:00,1772902461.8424642,0.0,552717.6599653539,0.0,40.98203135593806,37.5,0.0,0.0,0.0,0.0
2026-03-07T16:54:22+00:00,1772902462.842267,0.0,114710.61774083893,0.0,23.00453585413727,37.5,0.0,0.0,0.0,0.0
2026-03-07T16:54:23+00:00,1772902463.8423762,0.0,98293.2667970197,0.0,18.99792550805028,37.5,0.0,0.0,0.0,0.0
2026-03-07T16:54:24+00:00,1772902464.8421383,0.0,0.0,0.0,0.0,37.5,0.0,0.0,0.0,0.0
2026-03-07T16:54:25+00:00,1772902465.8423016,0.0,90097.28560623163,0.0,14.9975506491197,37.5,109.98203809354446,131.97844571225335,1.9996734198826267,1.9996734198826267
2026-03-07T16:54:26+00:00,1772902466.8422422,208908.40210345358,180234.69985395996,7.00041558825528,15.000890546261315,37.5,55.00326533629149,66.00391840354979,1.0000593697507543,1.0000593697507543
2026-03-07T16:54:27+00:00,1772902467.8421335,0.0,299040.511347097,0.0,21.002283344556123,37.5,2750.299009406159,6520.708924119329,15.001630960397229,12.001304768317784
2026-03-07T16:54:28+00:00,1772902468.8421566,32767.242205025224,0.0,1.999953747865309,0.0,37.5,1158.9731968879466,2158.950070820601,8.99979186539389,12.999699361124508
2026-03-07T16:54:29+00:00,1772902469.842361,0.0,253900.12192809762,0.0,20.995710057373245,37.5,515.8945899811712,925.8108339584584,7.998365736142189,6.998570019124415
2026-03-07T16:54:30+00:00,1772902470.8424091,0.0,647136.8335322443,0.0,41.997977354186645,37.5,0.0,0.0,0.0,0.0
2026-03-07T16:54:31+00:00,1772902471.8424058,0.0,4096.013671920635,0.0,1.0000033378712487,37.5,5842.019499843836,408.0013618514695,5.000016689356244,5.000016689356244
2026-03-07T16:54:32+00:00,1772902472.842399,0.0,335874.3222816816,0.0,27.00018668303819,37.5,0.0,0.0,0.0,0.0
2026-03-07T16:54:33+00:00,1772902473.8426604,0.0,81898.57982109458,0.0,18.995031940927696,37.5,81.97855890295111,131.96548506328716,0.9997385232067209,1.9994770464134417
2026-03-07T16:54:34+00:00,1772902474.8425221,0.0,57351.93078419085,0.0,14.001936226609095,37.5,0.0,0.0,0.0,0.0
2026-03-07T16:54:35+00:00,1772902475.8426065,0.0,0.0,0.0,0.0,37.5,0.0,0.0,0.0,0.0
2026-03-07T16:54:36+00:00,1772902476.8425248,0.0,131082.71962662504,0.0,17.001390332432752,37.5,0.0,0.0,0.0,0.0
2026-03-07T16:54:37+00:00,1772902477.842152,0.0,40975.26936197585,0.0,8.002982297260909,37.5,0.0,0.0,0.0,0.0
2026-03-07T16:54:38+00:00,1772902478.8422592,0.0,40955.615703713665,0.0,9.998929615164469,37.5,0.0,0.0,0.0,0.0
2026-03-07T16:54:39+00:00,1772902479.8420086,0.0,0.0,0.0,0.0,37.5,4014.0058212561944,8870.222682008454,21.005263455365082,24.006015377560093
2026-03-07T16:54:40+00:00,1772902480.842546,0.0,544475.4013817991,0.0,33.98173836749069,37.5,1596.142240378901,70761.97283583356,28.984423901683236,54.970459123882
2026-03-07T16:54:41+00:00,1772902481.8421535,0.0,200782.79459378752,0.0,22.008637003065836,37.5,55.021592507664586,66.0259110091975,1.000392591048447,1.000392591048447
2026-03-07T16:54:42+00:00,1772902482.8421562,0.0,8191.978515681345,0.0,1.9999947548050159,37.5,0.0,0.0,0.0,0.0
2026-03-07T16:54:43+00:00,1772902483.842429,0.0,0.0,0.0,0.0,37.5,0.0,0.0,0.0,0.0
2026-03-07T16:54:44+00:00,1772902484.8424194,0.0,61440.58594308799,0.0,10.000095368341144,37.5,55.000524525876294,66.00062943105155,1.0000095368341144,1.0000095368341144
2026-03-07T16:54:45+00:00,1772902485.8424,0.0,69633.34475253223,0.0,3.0000579368335925,37.5,0.0,0.0,0.0,0.0
2026-03-07T16:54:46+00:00,1772902486.8424644,0.0,131063.56304311236,0.0,11.999227573527133,37.5,0.0,0.0,0.0,0.0
2026-03-07T16:54:47+00:00,1772902487.8421292,0.0,8194.747014594679,0.0,2.000670657860029,37.5,0.0,0.0,0.0,0.0
2026-03-07T16:54:48+00:00,1772902488.8424182,0.0,4094.816748166376,0.0,0.9997111201578066,37.5,81.97631185294014,131.96186786083047,0.9997111201578066,1.9994222403156132
2026-03-07T16:54:49+00:00,1772902489.842636,0.0,77807.04471042982,0.0,2.9993463986853603,37.5,0.0,0.0,0.0,0.0
2026-03-07T16:54:50+00:00,1772902490.8424852,0.0,0.0,0.0,0.0,37.5,0.0,0.0,0.0,0.0
2026-03-07T16:54:51+00:00,1772902491.8424478,0.0,4096.153326051757,0.0,1.0000374331181048,37.5,55.002058821495766,66.00247058579492,1.0000374331181048,1.0000374331181048
2026-03-07T16:54:52+00:00,1772902492.8423176,0.0,4096.533272544577,0.0,1.0001301934923283,37.5,1.0001301934923283,0.0,1.0001301934923283,0.0
2026-03-07T16:54:53+00:00,1772902493.8425744,0.0,4094.9485121851867,0.0,0.9997432891077116,37.5,82.97869299594007,131.96611416221793,1.9994865782154232,1.9994865782154232
2026-03-07T16:54:54+00:00,1772902494.8425107,0.0,0.0,0.0,0.0,37.5,3353.213458059621,0.0,19.001209574450584,0.0
2026-03-07T16:54:55+00:00,1772902495.8423202,0.0,8193.560844210273,0.0,2.0003810654810237,37.5,4688.893217487519,66.01257516087378,29.005525449474842,1.0001905327405118
2026-03-07T16:54:56+00:00,1772902496.842226,0.0,106506.03024147639,0.0,17.001601131545772,37.5,55.00518013147162,66.00621615776595,1.0000941842085749,1.0000941842085749
2026-03-07T16:54:57+00:00,1772902497.842544,0.0,798466.0475665441,0.0,183.9414973360428,37.5,4999.409935747555,141.95485120498955,26.991415369962805,0.9996820507393631
2026-03-07T16:54:58+00:00,1772902498.8421724,0.0,176193.49016265,0.0,3.00111549831912,37.5,4633.722329404722,0.0,27.01003948487208,0.0
2026-03-07T16:54:59+00:00,1772902499.8424034,0.0,4095.053929505899,0.0,0.9997690257582761,37.5,0.0,0.0,0.0,0.0
2026-03-07T16:55:00+00:00,1772902500.8424664,0.0,16382.968814905373,0.0,1.9998741229132535,37.5,5000.6852443445905,0.0,26.998300659328923,0.0
2026-03-07T16:55:01+00:00,1772902501.8423746,0.0,110602.15229907873,0.0,6.00055079747606,37.5,4633.425307451098,0.0,28.002570388221613,0.0
2026-03-07T16:55:02+00:00,1772902502.8425193,0.0,28667.85118635413,0.0,4.999276504316778,37.5,97.98581948460885,107.9843724932424,2.9995659025900667,1.9997106017267112
2026-03-07T16:55:03+00:00,1772902503.8425453,0.0,4095.893557453689,0.0,0.999974013050217,37.5,1649.957121532858,0.0,9.99974013050217,0.0
2026-03-07T16:55:04+00:00,1772902504.8425803,0.0,503790.343392258,0.0,26.99905374982328,37.5,0.9999649536971584,0.0,0.9999649536971584,0.0
2026-03-07T16:55:05+00:00,1772902505.8423,0.0,0.0,0.0,0.0,37.5,428.1200364024184,0.0,6.001682753304931,0.0
2026-03-07T16:55:06+00:00,1772902506.8420317,0.0,73747.78069622118,0.0,7.0018780500427,37.5,428.11482934546797,0.0,6.001609757179457,0.0
2026-03-07T16:55:07+00:00,1772902507.8420863,0.0,40957.76379396705,0.0,1.9998908102522974,37.5,426.9766879888655,0.0,4.999727025630744,0.0
2026-03-07T16:55:08+00:00,1772902508.842074,0.0,4096.050781879582,0.0,1.0000123979198199,37.5,509.00631054118827,132.00163652541622,6.000074387518919,2.0000247958396398
2026-03-07T16:55:09+00:00,1772902509.8424778,0.0,0.0,0.0,0.0,37.5,0.0,0.0,0.0,0.0
2026-03-07T16:55:10+00:00,1772902510.8425024,0.0,4095.89941653254,0.0,0.9999754434893896,37.5,110.99727422732224,131.99675854059942,2.9999263304681687,1.9999508869787792
2026-03-07T16:55:11+00:00,1772902511.8421295,0.0,90145.61409674819,0.0,5.001865128770207,37.5,164.0611762236628,247.09213736124826,4.001492103016166,3.0011190772621243
2026-03-07T16:55:12+00:00,1772902512.842098,0.0,4096.1289103069685,0.0,1.0000314722429122,37.5,1.0000314722429122,0.0,1.0000314722429122,0.0
2026-03-07T16:55:13+00:00,1772902513.8422966,0.0,0.0,0.0,0.0,37.5,82.98351925098036,131.97378965216154,1.999602873517599,1.999602873517599
2026-03-07T16:55:14+00:00,1772902514.8427427,0.0,126919.38365392292,0.0,28.98706941440717,37.5,0.9995541177381783,0.0,0.9995541177381783,0.0
2026-03-07T16:55:15+00:00,1772902515.8424454,0.0,106527.67152557192,0.0,17.005055738569737,37.5,1.000297396386455,0.0,1.000297396386455,0.0
2026-03-07T16:55:16+00:00,1772902516.842154,0.0,114721.42380044083,0.0,12.003497188941212,37.5,55.016028782647226,66.01923453917668,1.0002914324117678,1.0002914324117678
2026-03-07T16:55:17+00:00,1772902517.8424137,0.0,77803.79919020698,0.0,12.996625584301638,37.5,0.0,0.0,0.0,0.0
2026-03-07T16:55:18+00:00,1772902518.842371,0.0,69634.97180651507,0.0,10.00042678747057,37.5,0.0,0.0,0.0,0.0
2026-03-07T16:55:19+00:00,1772902519.8423717,0.0,61439.95605471893,0.0,1.9999985694895486,37.5,0.0,0.0,0.0,0.0
2026-03-07T16:55:20+00:00,1772902520.8423982,0.0,0.0,0.0,0.0,37.5,0.0,0.0,0.0,0.0
2026-03-07T16:55:21+00:00,1772902521.8423812,0.0,12288.208011333658,0.0,3.0000507840170063,37.5,0.0,0.0,0.0,0.0
2026-03-07T16:55:22+00:00,1772902522.8423882,0.0,4095.971679883309,0.0,0.999993085909011,37.5,0.0,0.0,0.0,0.0
2026-03-07T16:55:23+00:00,1772902523.8424401,0.0,69628.38104747096,0.0,1.999896054902084,37.5,107.99438696471255,146.9923600353032,1.999896054902084,1.999896054902084
2026-03-07T16:55:24+00:00,1772902524.842667,0.0,0.0,0.0,0.0,37.5,53.987746158994824,53.987746158994824,0.9997730770184227,0.9997730770184227
2026-03-07T16:55:25+00:00,1772902525.8424475,0.0,8193.799223204749,0.0,2.000439263477722,37.5,55.01207974563735,66.01449569476482,1.000219631738861,1.000219631738861
2026-03-07T16:55:26+00:00,1772902526.8424335,0.0,65536.92188796792,0.0,4.000056267576167,37.5,55.0007736791723,66.00092841500675,1.0000140668940418,1.0000140668940418
2026-03-07T16:55:27+00:00,1772902527.842249,0.0,4096.755998883995,0.0,1.0001845700400378,37.5,0.0,0.0,0.0,0.0
2026-03-07T16:55:28+00:00,1772902528.8422093,0.0,0.0,0.0,0.0,37.5,82.00324548214675,132.00522443467526,1.00003957905057,2.00007915810114
2026-03-07T16:55:29+00:00,1772902529.8423471,0.0,221153.52373106085,0.0,3.9994488521965574,37.5,227.96858457520378,111.9845678615036,3.9994488521965574,1.9997244260982787
2026-03-07T16:55:30+00:00,1772902530.8423553,0.0,49151.6015657298,0.0,10.999910832174232,37.5,0.0,0.0,0.0,0.0
2026-03-07T16:55:31+00:00,1772902531.8421984,320562.2896276891,57352.99750527345,9.00141213636058,3.0004707121201935,37.5,0.0,0.0,0.0,0.0
2026-03-07T16:55:32+00:00,1772902532.8423522,323534.24690884206,499635.16611238895,12.998001167594648,37.994157259122815,37.5,0.0,0.0,0.0,0.0
2026-03-07T16:55:33+00:00,1772902533.8423705,118781.81937596989,106494.04495776612,3.9999265684257104,12.99976134738356,37.5,81.99849465272706,131.99757675804844,0.9999816421064276,1.9999632842128552
2026-03-07T16:55:34+00:00,1772902534.842394,0.0,45054.936548538615,0.0,8.999787574060003,37.5,0.0,0.0,0.0,0.0
2026-03-07T16:55:35+00:00,1772902535.842505,32764.367590205802,0.0,0.9998891476503236,0.0,37.5,0.0,0.0,0.0,0.0
2026-03-07T16:55:36+00:00,1772902536.8424878,221187.79694017879,45056.77345077716,8.000137331459014,7.000120165026637,37.5,55.000944153780715,66.00113298453685,1.0000171664323767,1.0000171664323767
2026-03-07T16:55:37+00:00,1772902537.8425088,0.0,12287.742192909009,0.0,2.999937058815676,37.5,0.0,0.0,0.0,0.0
2026-03-07T16:55:38+00:00,1772902538.8424277,0.0,8192.664116334809,0.0,2.000162137777053,37.5,0.0,0.0,0.0,0.0
2026-03-07T16:55:39+00:00,1772902539.842607,0.0,0.0,0.0,0.0,37.5,0.0,0.0,0.0,0.0
2026-03-07T16:55:40+00:00,1772902540.8422172,0.0,4097.597302338916,0.0,1.000389966391337,37.5,55.02144815152353,0.0,1.000389966391337,0.0
2026-03-07T16:55:41+00:00,1772902541.8421338,0.0,118793.91293657488,0.0,6.000500720799513,37.5,0.0,66.00550792879464,0.0,1.0000834534665854
2026-03-07T16:55:42+00:00,1772902542.8424838,0.0,57323.93670962102,0.0,6.9975508678736595,37.5,0.0,0.0,0.0,0.0
2026-03-07T16:55:43+00:00,1772902543.842318,0.0,0.0,0.0,0.0,37.5,0.0,0.0,0.0,0.0
2026-03-07T16:55:44+00:00,1772902544.842185,0.0,8193.089988759453,0.0,1.000133055268488,37.5,0.0,0.0,0.0,0.0
2026-03-07T16:55:45+00:00,1772902545.8421986,0.0,77822.94239718518,0.0,9.99986410325673,37.5,0.0,0.0,0.0,0.0
2026-03-07T16:55:46+00:00,1772902546.8423991,28666.252129068245,0.0,0.999799530171186,0.0,37.5,0.0,0.0,0.0,0.0
2026-03-07T16:55:47+00:00,1772902547.8426187,0.0,487316.99322348624,0.0,89.98024182254825,37.5,54.987925558223935,0.0,0.9997804646949806,0.0
2026-03-07T16:55:48+00:00,1772902548.8426113,0.0,4096.030273661252,0.0,1.0000073910305791,37.5,82.00060606450748,198.00146342405466,1.0000073910305791,3.0000221730917374
2026-03-07T16:55:49+00:00,1772902549.842308,0.0,4097.242564330537,0.0,1.00030336043226,37.5,0.0,0.0,0.0,0.0
2026-03-07T16:55:50+00:00,1772902550.8424172,0.0,0.0,0.0,0.0,37.5,107.98820815102263,200.97805405884768,1.999781632426345,2.9996724486395174
2026-03-07T16:55:51+00:00,1772902551.8423767,0.0,12288.498067062235,0.0,2.0000810656025774,37.5,0.0,0.0,0.0,0.0
2026-03-07T16:55:52+00:00,1772902552.8423283,884778.8223850594,8192.396503565365,107.00517894061207,2.000096802628263,37.5,0.0,0.0,0.0,0.0
2026-03-07T16:55:53+00:00,1772902553.8424706,0.0,61431.256127379405,0.0,1.9997153687297984,37.5,81.98833011792173,131.9812143361667,0.9998576843648992,1.9997153687297984
2026-03-07T16:55:54+00:00,1772902554.842245,0.0,0.0,0.0,0.0,37.5,0.0,0.0,0.0,0.0
2026-03-07T16:55:55+00:00,1772902555.842376,0.0,458691.9609836149,0.0,41.99450326388076,37.5,109.98560378635437,131.98272454362524,1.9997382506609886,1.9997382506609886
2026-03-07T16:55:56+00:00,1772902556.8421943,0.0,110612.0954477146,0.0,11.001998787659693,37.5,4958.900908110614,5034.914717916263,13.002362203597817,14.00254391156688
2026-03-07T16:55:57+00:00,1772902557.8419695,0.0,151586.08090455364,0.0,9.00202391351472,37.5,0.0,0.0,0.0,0.0
2026-03-07T16:55:58+00:00,1772902558.8423953,0.0,0.0,0.0,0.0,37.5,0.0,0.0,0.0,0.0
2026-03-07T16:55:59+00:00,1772902559.8424108,0.0,12287.809573263583,0.0,2.9999535090975544,37.5,0.0,0.0,0.0,0.0
2026-03-07T16:56:00+00:00,1772902560.8424006,0.0,4096.041992618008,0.0,1.000010252104006,37.5,0.0,0.0,0.0,0.0
2026-03-07T16:56:01+00:00,1772902561.8422592,0.0,28676.05428414118,0.0,4.00056560883666,37.5,55.007777121504084,0.0,1.000141402209165,0.0
2026-03-07T16:56:02+00:00,1772902562.8424764,0.0,85997.32143978318,0.0,1.9995656956794825,37.5,0.0,65.98566795742292,0.0,0.9997828478397413
2026-03-07T16:56:03+00:00,1772902563.8424919,0.0,94206.54006168747,0.0,18.999705557617844,37.5,0.0,0.0,0.0,0.0
2026-03-07T16:56:04+00:00,1772902564.8427722,0.0,4094.8518844089353,0.0,0.9997196983420252,37.5,0.0,0.0,0.0,0.0
2026-03-07T16:56:05+00:00,1772902565.842315,0.0,0.0,0.0,0.0,37.5,84.03842966749723,54.024704786248215,1.0004574960416335,1.0004574960416335
2026-03-07T16:56:06+00:00,1772902566.8420422,0.0,8194.234984593957,0.0,2.000545650535634,37.5,0.0,0.0,0.0,0.0
2026-03-07T16:56:07+00:00,1772902567.8421118,0.0,65531.43781761104,0.0,3.999721546485049,37.5,0.0,0.0,0.0,0.0
2026-03-07T16:56:08+00:00,1772902568.8424265,0.0,4094.71134305648,0.0,0.9996853864883984,37.5,81.97420169204867,131.9584710164686,0.9996853864883984,1.9993707729767969
2026-03-07T16:56:09+00:00,1772902569.8424454,0.0,40959.228530155684,0.0,1.9999623305740082,37.5,0.0,0.0,0.0,0.0
2026-03-07T16:56:10+00:00,1772902570.8424482,0.0,65535.81250053644,0.0,4.999985694926181,37.5,323.99907303121654,533.9984722181161,5.999982833911417,7.99997711188189
2026-03-07T16:56:11+00:00,1772902571.8421416,0.0,20486.281222737416,0.0,3.000920100986926,37.5,55.01686851809365,66.02024222171238,1.0003067003289754,1.0003067003289754
2026-03-07T16:56:12+00:00,1772902572.8426235,0.0,49128.32781255027,0.0,9.995183881134087,37.5,0.0,0.0,0.0,0.0
2026-03-07T16:56:13+00:00,1772902573.8427181,0.0,0.0,0.0,0.0,37.5,81.99223925614722,131.98750709526138,0.9999053567822832,1.9998107135645664
2026-03-07T16:56:14+00:00,1772902574.8424847,0.0,4096.9562778940335,0.0,1.000233466282723,37.5,0.0,0.0,0.0,0.0
2026-03-07T16:56:15+00:00,1772902575.8425412,0.0,102394.21419411564,0.0,14.999152469841158,37.5,0.0,0.0,0.0,0.0
2026-03-07T16:56:16+00:00,1772902576.8425324,0.0,8192.072266262496,0.0,2.000017643130492,37.5,0.0,0.0,0.0,0.0
2026-03-07T16:56:17+00:00,1772902577.8424294,0.0,114699.81371677533,0.0,12.00123608922733,37.5,0.0,0.0,0.0,0.0
2026-03-07T16:56:18+00:00,1772902578.8422046,0.0,4096.921105528477,0.0,1.0002248792794133,37.5,0.0,0.0,0.0,0.0
2026-03-07T16:56:19+00:00,1772902579.8425565,0.0,286619.13705675706,0.0,19.992964359427805,37.5,0.0,0.0,0.0,0.0
2026-03-07T16:56:20+00:00,1772902580.8422763,0.0,0.0,0.0,0.0,37.5,0.0,0.0,0.0,0.0
2026-03-07T16:56:21+00:00,1772902581.842185,0.0,4096.374057594313,0.0,1.0000913226548616,37.5,55.00502274601739,66.00602729522087,1.0000913226548616,1.0000913226548616
2026-03-07T16:56:22+00:00,1772902582.8421261,0.0,65539.85960228962,0.0,4.00023557142881,37.5,0.0,0.0,0.0,0.0
2026-03-07T16:56:23+00:00,1772902583.8422773,0.0,470968.8095890809,0.0,47.99274554236558,37.5,0.0,0.0,0.0,0.0
2026-03-07T16:56:24+00:00,1772902584.842263,0.0,0.0,0.0,0.0,37.5,0.0,0.0,0.0,0.0
2026-03-07T16:56:25+00:00,1772902585.8423812,0.0,61432.73523409936,0.0,4.999408791837513,37.5,0.0,0.0,0.0,0.0
2026-03-07T16:56:26+00:00,1772902586.8422146,0.0,4096.682730967747,0.0,1.0001666823651727,37.5,97.01616818942175,108.01800169543866,2.0003333647303454,2.0003333647303454
2026-03-07T16:56:27+00:00,1772902587.842282,0.0,77818.74937770989,0.0,4.9996626604716985,37.5,0.0,0.0,0.0,0.0
2026-03-07T16:56:28+00:00,1772902588.8423145,0.0,0.0,0.0,0.0,37.5,81.99734124221588,131.9957200484451,0.999967576124584,1.999935152249168
2026-03-07T16:56:29+00:00,1772902589.8423152,0.0,4095.9970703145955,0.0,0.9999992847447743,37.5,281.99979829802635,165.99988126763253,4.999996423723871,2.999997854234323
2026-03-07T16:56:30+00:00,1772902590.8425198,0.0,4095.162280741483,0.0,0.9997954786966511,37.5,0.0,141.97095797492446,0.0,0.9997954786966511
2026-03-07T16:56:31+00:00,1772902591.8422766,0.0,114715.8974092859,0.0,5.00121623052481,37.5,0.0,0.0,0.0,0.0
2026-03-07T16:56:32+00:00,1772902592.842497,0.0,61426.45318288942,0.0,2.9993385343207724,37.5,0.0,0.0,0.0,0.0
2026-03-07T16:56:33+00:00,1772902593.842333,0.0,4096.671985227069,0.0,1.0001640588933274,37.5,82.01345282925284,132.0216557739192,1.0001640588933274,2.0003281177866548
2026-03-07T16:56:34+00:00,1772902594.8425925,0.0,4094.9377755404025,0.0,0.9997406678565436,37.5,54.9857367321099,65.98288407853188,0.9997406678565436,0.9997406678565436
2026-03-07T16:56:35+00:00,1772902595.8422964,0.0,0.0,0.0,0.0,37.5,0.0,0.0,0.0,0.0
2026-03-07T16:56:36+00:00,1772902596.842292,0.0,110592.47461141182,0.0,11.000047207081252,37.5,0.0,0.0,0.0,0.0
2026-03-07T16:56:37+00:00,1772902597.8425827,0.0,8189.6198323784665,0.0,1.999418904389274,37.5,0.0,0.0,0.0,0.0
2026-03-07T16:56:38+00:00,1772902598.8420506,0.0,4098.18084803887,0.0,1.0005324336032397,37.5,0.0,0.0,0.0,0.0
2026-03-07T16:56:39+00:00,1772902599.842527,16376.199028573254,0.0,0.9995238664900667,0.0,37.5,0.0,53.9742887904636,0.0,0.9995238664900667
2026-03-07T16:56:40+00:00,1772902600.8426225,0.0,4095.6084358733215,0.0,0.9999044032893851,37.5,54.99474218091618,65.99369061709942,0.9999044032893851,0.9999044032893851
2026-03-07T16:56:41+00:00,1772902601.8424532,0.0,32773.54781411839,0.0,5.000846529253905,37.5,0.0,0.0,0.0,0.0
2026-03-07T16:56:42+00:00,1772902602.8421493,0.0,135209.10136133092,0.0,11.003344837347893,37.5,6884.092651875291,6987.123971715912,19.005777446328178,24.007297826940857
2026-03-07T16:56:43+00:00,1772902603.842408,0.0,221126.79800037612,0.0,27.99275871677215,37.5,72.98112094015596,226.9412938824028,0.9997413827418625,1.999482765483725
2026-03-07T16:56:44+00:00,1772902604.8422644,0.0,32772.703800126954,0.0,6.000861291527152,37.5,0.0,0.0,0.0,0.0
2026-03-07T16:56:45+00:00,1772902605.8421652,0.0,2511097.0559518994,0.0,43.00426525458,37.5,0.0,0.0,0.0,0.0
2026-03-07T16:56:46+00:00,1772902606.8422556,32765.039330028038,2248500.824023174,1.9998192950456566,27.997470130639194,37.5,0.0,0.0,0.0,0.0
2026-03-07T16:56:47+00:00,1772902607.8422756,0.0,4095.9179703928203,0.0,0.9999799732404346,37.5,0.0,0.0,0.0,0.0
2026-03-07T16:56:48+00:00,1772902608.8425894,0.0,2149725.504597652,0.0,15.994981433018243,37.5,81.9742798442185,131.9585968224005,0.9996863395636402,1.9993726791272803
2026-03-07T16:56:49+00:00,1772902609.8423657,0.0,6382995.471578679,0.0,42.009394839372476,37.5,0.0,0.0,0.0,0.0
2026-03-07T16:56:50+00:00,1772902610.842418,0.0,192501.94876699924,0.0,2.9998433671719047,37.5,0.0,0.0,0.0,0.0
2026-03-07T16:56:51+00:00,1772902611.842113,0.0,94236.7363018346,0.0,5.001525151889149,37.5,0.0,0.0,0.0,0.0
2026-03-07T16:56:52+00:00,1772902612.842443,0.0,618291.9813827911,0.0,120.96008664133272,37.5,0.9996701375316753,0.0,0.9996701375316753,0.0
2026-03-07T16:56:53+00:00,1772902613.8424017,0.0,233481.63028002702,0.0,4.000164992462086,37.5,83.00342359358828,132.00544475124883,2.000082496231043,2.000082496231043
2026-03-07T16:56:54+00:00,1772902614.8424845,0.0,0.0,0.0,0.0,37.5,0.9999172755969448,0.0,0.9999172755969448,0.0
2026-03-07T16:56:55+00:00,1772902615.842544,0.0,4095.755873926048,0.0,0.9999403989077266,37.5,0.9999403989077266,0.0,0.9999403989077266,0.0
2026-03-07T16:56:56+00:00,1772902616.8422341,0.0,139307.17744509663,0.0,3.0009301207439822,37.5,55.01705221363967,0.0,1.000310040247994,0.0
2026-03-07T16:56:57+00:00,1772902617.842596,0.0,94173.9166323071,0.0,4.998191057675945,37.5,0.0,65.97612196132248,0.0,0.9996382115351891
2026-03-07T16:56:58+00:00,1772902618.8421063,0.0,0.0,0.0,0.0,37.5,0.0,0.0,0.0,0.0
2026-03-07T16:56:59+00:00,1772902619.8423665,0.0,4094.9348473743235,0.0,0.9997399529722469,37.5,0.0,0.0,0.0,0.0
2026-03-07T16:57:00+00:00,1772902620.8423717,0.0,221182.83984983523,0.0,2.9999842644563155,37.5,0.0,0.0,0.0,0.0
2026-03-07T16:57:01+00:00,1772902621.8425782,0.0,65522.47154322709,0.0,2.999380716395283,37.5,0.999793572131761,0.0,0.999793572131761,0.0
2026-03-07T16:57:02+00:00,1772902622.8425326,0.0,12288.559595795345,0.0,2.000091080044815,37.5,1.0000455400224075,0.0,1.0000455400224075,0.0
2026-03-07T16:57:03+00:00,1772902623.8423152,0.0,8193.781637395216,0.0,2.0004349700671913,37.5,1.0002174850335956,0.0,1.0002174850335956,0.0
2026-03-07T16:57:04+00:00,1772902624.842351,0.0,16383.414083454009,0.0,2.999892715476198,37.5,0.999964238492066,0.0,0.999964238492066,0.0
2026-03-07T16:57:05+00:00,1772902625.8424075,0.0,0.0,0.0,0.0,37.5,427.9758171394677,0.0,5.999660987936463,0.0
2026-03-07T16:57:06+00:00,1772902626.84226,0.0,73738.88246542122,0.0,3.0004428086515795,37.5,483.0712921929043,66.00974179033476,7.001033220187019,1.0001476028838598
2026-03-07T16:57:07+00:00,1772902627.8422923,0.0,114684.28137057628,0.0,5.999805456747504,37.5,426.98615500519736,0.0,4.99983788062292,0.0
2026-03-07T16:57:08+00:00,1772902628.8421988,0.0,110602.33690358787,0.0,25.002336720465284,37.5,737.0688865193166,424.0396307790912,8.000747750548891,5.000467344093057
2026-03-07T16:57:09+00:00,1772902629.8421733,0.0,0.0,0.0,0.0,37.5,0.0,0.0,0.0,0.0
2026-03-07T16:57:10+00:00,1772902630.8420672,16385.73846569472,454704.2424230285,1.0001061075253126,27.00286490318344,37.5,5887.624655001516,9612.01979942578,50.00530537626563,55.00583591389219
2026-03-07T16:57:11+00:00,1772902631.8421195,0.0,380908.11139001977,0.0,21.998851359260637,37.5,0.9999477890573016,84.99556206987064,0.9999477890573016,0.9999477890573016
2026-03-07T16:57:12+00:00,1772902632.8425612,0.0,131014.11932108355,0.0,13.993817676507337,37.5,0.9995584054648098,84.96246446450884,0.9995584054648098,0.9995584054648098
2026-03-07T16:57:13+00:00,1772902633.8424506,0.0,45060.98492646358,0.0,8.000885107681743,37.5,83.00918299219808,132.01460427674874,2.0002212769204357,2.0002212769204357
2026-03-07T16:57:14+00:00,1772902634.8420396,0.0,16390.737144192837,0.0,3.0012336079454656,37.5,642.2639921003296,681.2800290036207,9.003700823836397,7.00287841853942
2026-03-07T16:57:15+00:00,1772902635.842314,0.0,4094.876284932147,0.0,0.9997256555010124,37.5,0.9997256555010124,0.0,0.9997256555010124,0.0
2026-03-07T16:57:16+00:00,1772902636.8423524,0.0,131066.9689431191,0.0,17.999309089478633,37.5,0.0,0.0,0.0,0.0
2026-03-07T16:57:17+00:00,1772902637.842446,0.0,8191.232493789182,0.0,1.9998126205539994,37.5,0.0,0.0,0.0,0.0
2026-03-07T16:57:18+00:00,1772902638.8426917,0.0,73709.89897633895,0.0,13.99656284815464,37.5,0.0,0.0,0.0,0.0
2026-03-07T16:57:19+00:00,1772902639.842702,0.0,4095.9580082429993,0.0,0.999989748106201,37.5,59.99938488637206,41.999569420460446,0.999989748106201,0.999989748106201
2026-03-07T16:57:20+00:00,1772902640.8419776,0.0,0.0,0.0,0.0,37.5,0.0,0.0,0.0,0.0
2026-03-07T16:57:21+00:00,1772902641.8421593,0.0,4095.25599454216,0.0,0.9998183580425195,37.5,0.0,0.0,0.0,0.0
2026-03-07T16:57:22+00:00,1772902642.8424928,0.0,90081.9533813523,0.0,4.998332818123685,37.5,0.0,0.0,0.0,0.0
2026-03-07T16:57:23+00:00,1772902643.8422613,0.0,4096.9484617606095,0.0,1.0002315580470238,37.5,0.0,0.0,0.0,0.0
2026-03-07T16:57:24+00:00,1772902644.8422728,0.0,0.0,0.0,0.0,37.5,0.0,0.0,0.0,0.0
2026-03-07T16:57:25+00:00,1772902645.8423038,0.0,131067.93762591091,0.0,30.999039202905564,37.5,0.0,0.0,0.0,0.0
2026-03-07T16:57:26+00:00,1772902646.8425071,0.0,4095.1671615627256,0.0,0.9997966703033998,37.5,0.0,0.0,0.0,0.0
2026-03-07T16:57:27+00:00,1772902647.8424046,0.0,61446.299473947,0.0,4.000410122001758,37.5,0.0,0.0,0.0,0.0
2026-03-07T16:57:28+00:00,1772902648.8421683,848072.3764450686,1298738.8566815786,37.0087441600472,281.0664083506287,37.5,148.0349766401888,156.03686726938818,2.0004726572998486,2.0004726572998486
2026-03-07T16:57:29+00:00,1772902649.842379,45046.5059072442,147424.9284237083,1.9995785647746895,20.99557493013424,37.5,2114.554332249234,4490.053667201565,19.995785647746896,13.997049953422826
2026-03-07T16:57:30+00:00,1772902650.842283,32771.1487400394,229398.04118027585,2.0001921838402956,35.00336321720518,37.5,5629.5409014185125,9817.943334380092,25.002402298003695,37.00355540104547
2026-03-07T16:57:31+00:00,1772902651.8423,32767.445321889434,688116.3517596781,0.9999830725674266,59.9989843540456,37.5,651.9889633139621,455.99228109074653,8.999847653106839,7.999864580539413
2026-03-07T16:57:32+00:00,1772902652.8426623,0.0,73701.29092926682,0.0,1.999275470086448,37.5,23137.61501531046,14099.890252784673,22.99166790599415,34.987320726512834
2026-03-07T16:57:33+00:00,1772902653.8422494,0.0,471234.5920737915,0.0,34.014045793369796,37.5,268.11071390067957,705.2912436566385,4.0016524462788,4.0016524462788
2026-03-07T16:57:34+00:00,1772902654.84249,4095.0148854209447,413596.50342751545,0.9997594935109728,67.98364555874615,37.5,2032.5110503078079,5323.71930294593,8.997835441598756,9.997594935109728
2026-03-07T16:57:35+00:00,1772902655.8420854,0.0,24585.94738405007,0.0,3.0012142802795494,37.5,54.02185704503189,54.02185704503189,1.0004047600931831,1.0004047600931831
2026-03-07T16:57:36+00:00,1772902656.842009,0.0,245778.7514306206,0.0,29.002212693229158,37.5,333.0254078222521,478.0364712883979,3.000228899299568,4.000305199066091
2026-03-07T16:57:37+00:00,1772902657.842271,0.0,126942.73820750951,0.0,19.99476093238242,37.5,0.0,0.0,0.0,0.0
2026-03-07T16:57:38+00:00,1772902658.8423052,0.0,1077211.2737130783,0.0,105.99638617438723,37.5,10134.654470541647,9096.689858758496,21.99924996072188,22.999215868027417
2026-03-07T16:57:39+00:00,1772902659.842119,1435403.2791388053,872610.4843569476,59.010988135751255,37.00689086479316,37.5,27695.156974219528,226845.23969750493,140.0260735424606,241.04488374095004
2026-03-07T16:57:40+00:00,1772902660.8421483,78333.7028261548,1868233.2131545024,3.9998827014989176,78.99768335460362,37.5,14979.560717113445,138938.925548591,50.9985044441112,150.99557198158413
2026-03-07T16:57:41+00:00,1772902661.842187,245750.50817911027,1585090.7777552614,7.999691021455413,77.99698745919028,37.5,3047.8822791745124,73826.14855287896,21.999150309002385,61.99760541627945
2026-03-07T16:57:42+00:00,1772902662.8425343,152011.1949789323,2833959.550836189,6.997569213308385,42.985068024608644,37.5,10167.468066937083,6654.688321856273,24.991318618958516,29.989582342750218
2026-03-07T16:57:43+00:00,1772902663.8423219,16387.481208266392,360524.58658186067,1.000212476090478,14.002974665266693,37.5,0.0,142.03017160484788,0.0,1.000212476090478
2026-03-07T16:57:44+00:00,1772902664.8421328,721032.3226489689,2736645.406417677,6.001134610115486,28.0052948472056,37.5,8006.513758995744,946.1788901948748,3.000567305057743,7.0013237118014
2026-03-07T16:57:45+00:00,1772902665.8424845,0.0,2096414.759263536,0.0,6.99753919355619,37.5,0.0,0.0,0.0,0.0
2026-03-07T16:57:46+00:00,1772902666.842126,0.0,2097904.2697500475,0.0,5.001793550849075,37.5,0.0,0.0,0.0,0.0
2026-03-07T16:57:47+00:00,1772902667.8425791,0.0,81882.88791419867,0.0,10.995016687697575,37.5,0.0,0.0,0.0,0.0
2026-03-07T16:57:48+00:00,1772902668.8424468,65544.67302263441,5808896.646630974,3.0003970194687377,107.01416036105165,37.5,82.01085186547884,132.01746885662448,1.0001323398229127,2.0002646796458254
2026-03-07T16:57:49+00:00,1772902669.842501,0.0,610270.9715140978,0.0,71.99610349762584,37.5,215.9883104928775,449.9756468601615,3.9997835276458797,5.99967529146882
2026-03-07T16:57:50+00:00,1772902670.842306,0.0,32774.39187158369,0.0,3.000585193321261,37.5,0.0,0.0,0.0,0.0
2026-03-07T16:57:51+00:00,1772902671.842395,0.0,204781.73990947576,0.0,22.997949306239956,37.5,54.99509616709555,65.99411540051466,0.9999108394017372,0.9999108394017372
2026-03-07T16:57:52+00:00,1772902672.8421998,0.0,81935.99921783434,0.0,19.003710756089504,37.5,0.0,0.0,0.0,0.0
2026-03-07T16:57:53+00:00,1772902673.842753,0.0,208780.517002238,0.0,19.988943493627257,37.5,81.95466832387176,131.9270270579399,0.9994471746813629,1.9988943493627258
2026-03-07T16:57:54+00:00,1772902674.8425257,0.0,0.0,0.0,0.0,37.5,0.0,0.0,0.0,0.0
2026-03-07T16:57:55+00:00,1772902675.8423011,0.0,69647.64218495804,0.0,16.003594252058374,37.5,110.02471048290131,132.02965257948156,2.0004492815072967,2.0004492815072967
2026-03-07T16:57:56+00:00,1772902676.8426573,0.0,57323.58149176867,0.0,8.996795365267822,37.5,0.0,0.0,0.0,0.0
2026-03-07T16:57:57+00:00,1772902677.8423505,0.0,245835.43330255995,0.0,13.00399020562044,37.5,0.0,0.0,0.0,0.0
2026-03-07T16:57:58+00:00,1772902678.8423963,0.0,4095.812508582676,0.0,0.9999542257281924,37.5,0.0,0.0,0.0,0.0
2026-03-07T16:57:59+00:00,1772902679.8426142,0.0,53236.39901239936,0.0,9.9978213289512,37.5,0.0,0.0,0.0,0.0
2026-03-07T16:58:00+00:00,1772902680.8423042,0.0,495769.66090754984,0.0,31.009611247687815,37.5,0.0,0.0,0.0,0.0
2026-03-07T16:58:01+00:00,1772902681.842476,0.0,139240.09785307545,0.0,7.998626944684941,37.5,0.0,0.0,0.0,0.0
2026-03-07T16:58:02+00:00,1772902682.8424292,0.0,36865.72273675356,0.0,2.0000934644506057,37.5,0.0,0.0,0.0,0.0
2026-03-07T16:58:03+00:00,1772902683.8424501,16383.656257212011,286713.9845012102,0.9999790196052253,26.999433529341083,37.5,0.0,0.0,0.0,0.0
2026-03-07T16:58:04+00:00,1772902684.8420575,0.0,94245.00769607435,0.0,5.001964148271609,37.5,0.0,0.0,0.0,0.0
2026-03-07T16:58:05+00:00,1772902685.8423972,0.0,0.0,0.0,0.0,37.5,0.0,0.0,0.0,0.0
2026-03-07T16:58:06+00:00,1772902686.842162,0.0,16387.856376229127,0.0,4.000941498102814,37.5,0.0,0.0,0.0,0.0
2026-03-07T16:58:07+00:00,1772902687.8424034,0.0,4095.010981053398,0.0,0.9997585402962398,37.5,0.0,0.0,0.0,0.0
2026-03-07T16:58:08+00:00,1772902688.842217,0.0,94225.56772851078,0.0,15.002797171446817,37.5,0.0,0.0,0.0,0.0
2026-03-07T16:58:09+00:00,1772902689.8424273,319420.83053099434,356277.0802076475,5.998738554142772,61.98696505947531,37.5,213.9550084310922,287.93945059885306,2.999369277071386,3.9991590360951816
2026-03-07T16:58:10+00:00,1772902690.8423371,0.0,352287.7489550364,0.0,22.001982867604244,37.5,0.0,0.0,0.0,0.0
2026-03-07T16:58:11+00:00,1772902691.842247,0.0,708671.8670839686,0.0,18.001622346221655,37.5,0.0,0.0,0.0,0.0
2026-03-07T16:58:12+00:00,1772902692.8425074,0.0,495486.99842970725,0.0,37.990109157752926,37.5,593.8453905185589,959.7501260906002,10.997136861454795,15.995835434843338
2026-03-07T16:58:13+00:00,1772902693.842414,0.0,241686.5880485809,0.0,5.000467344093057,37.5,82.00766444312613,288.02691901976004,1.0000934688186114,4.0003738752744455
2026-03-07T16:58:14+00:00,1772902694.8422499,0.0,200736.92727612637,0.0,4.0006562355733095,37.5,0.0,156.02559318735908,0.0,2.0003281177866548
2026-03-07T16:58:15+00:00,1772902695.8421645,0.0,217106.53087855686,0.0,5.000426805686101,37.5,55.00469486254711,66.00563383505653,1.0000853611372202,1.0000853611372202
2026-03-07T16:58:16+00:00,1772902696.842372,0.0,262089.63627634992,0.0,15.996681901632686,37.5,0.0,0.0,0.0,0.0
2026-03-07T16:58:17+00:00,1772902697.842005,0.0,163900.1392541676,0.0,15.005505913162317,37.5,55.020188348261826,0.0,1.0003670608774877,0.0
2026-03-07T16:58:18+00:00,1772902698.8421116,0.0,335836.20889249444,0.0,6.999254067762306,37.5,0.0,65.99296692461603,0.0,0.9998934382517579
2026-03-07T16:58:19+00:00,1772902699.8424828,0.0,126928.88174894259,0.0,11.995547040285652,37.5,0.0,0.0,0.0,0.0
2026-03-07T16:58:20+00:00,1772902700.8422892,0.0,196646.06987017026,0.0,3.000580900118565,37.5,0.0,0.0,0.0,0.0
2026-03-07T16:58:21+00:00,1772902701.8423727,0.0,69626.18993795436,0.0,1.9998331209201046,37.5,0.0,0.0,0.0,0.0
2026-03-07T16:58:22+00:00,1772902702.8424652,0.0,200685.4353111027,0.0,3.9996300085918106,37.5,0.0,0.0,0.0,0.0
2026-03-07T16:58:23+00:00,1772902703.842527,0.0,442340.6852804452,0.0,7.999506027207125,37.5,0.0,0.0,0.0,0.0
2026-03-07T16:58:24+00:00,1772902704.8423913,0.0,262179.5673250694,0.0,4.000542714310751,37.5,0.0,0.0,0.0,0.0
2026-03-07T16:58:25+00:00,1772902705.8420892,0.0,630974.60249838,0.0,33.00997153137452,37.5,0.0,0.0,0.0,0.0
2026-03-07T16:58:26+00:00,1772902706.8424745,16377.689931171233,110549.40703540582,0.999614863963088,6.997304047741616,37.5,0.0,0.0,0.0,0.0
2026-03-07T16:58:27+00:00,1772902707.8422978,0.0,155675.50290576296,0.0,6.001060196305624,37.5,55.009718466134885,66.01166215936186,1.0001766993842707,1.0001766993842707
2026-03-07T16:58:28+00:00,1772902708.8424835,4095.239399077444,307142.9549308083,0.9998143064153916,10.997957370569306,37.5,81.98477312606211,131.9754884468317,0.9998143064153916,1.9996286128307832
2026-03-07T16:58:29+00:00,1772902709.842081,37903.254185930695,454839.05023116834,2.0008052251863755,28.011273152609252,37.5,2688.0818200378953,2392.9630493229047,19.007649639270564,16.006441801491004
2026-03-07T16:58:30+00:00,1772902710.8422027,16382.00805470755,192488.59464281372,0.9998784213078339,9.99878421307834,37.5,0.0,65.99197580631704,0.0,0.9998784213078339
2026-03-07T16:58:31+00:00,1772902711.842367,0.0,217052.34472429394,0.0,5.99901453947599,37.5,0.0,0.0,0.0,0.0
2026-03-07T16:58:32+00:00,1772902712.8423445,0.0,249861.5997348726,0.0,6.0001344710922915,37.5,0.0,0.0,0.0,0.0
2026-03-07T16:58:33+00:00,1772902713.8422625,0.0,344092.22106457857,0.0,8.000656181747084,37.5,82.00672586290762,132.01082699882687,1.0000820227183855,2.000164045436771
2026-03-07T16:58:34+00:00,1772902714.8420985,0.0,213026.94323180759,0.0,21.003445236759877,37.5,0.0,0.0,0.0,0.0
2026-03-07T16:58:35+00:00,1772902715.8424158,0.0,131030.41944497079,0.0,1.9993655310817076,37.5,0.0,0.0,0.0,0.0
2026-03-07T16:58:36+00:00,1772902716.8423913,0.0,163844.02353630643,0.0,8.000196461733713,37.5,55.00135067441928,66.00162080930313,1.0000245577167142,1.0000245577167142
2026-03-07T16:58:37+00:00,1772902717.8421166,0.0,155690.761744864,0.0,7.001923135626851,37.5,0.0,0.0,0.0,0.0
2026-03-07T16:58:38+00:00,1772902718.8423238,0.0,217043.03177771214,0.0,7.998342857374416,37.5,6317.691064468617,6434.666828757718,14.996892857577029,15.996685714748832
2026-03-07T16:58:39+00:00,1772902719.8420787,47115.54775216323,163880.16609448078,2.0004903087705173,3.000735463155776,37.5,3345.8200414186904,5759.41159895032,25.006128859631467,22.00539339647569
2026-03-07T16:58:40+00:00,1772902720.842432,13307.298048089202,151498.4700859386,1.9992935769364786,12.995408250087111,37.5,1010.64290314139,1080.6181783341667,7.997174307745914,7.997174307745914
2026-03-07T16:58:41+00:00,1772902721.8421068,0.0,340078.59455942607,0.0,17.005530248465277,37.5,55.01789198032884,66.0214703763946,1.0003253087332515,1.0003253087332515
2026-03-07T16:58:42+00:00,1772902722.8423452,0.0,200656.15984348214,0.0,3.999046553003072,37.5,0.0,0.0,0.0,0.0
2026-03-07T16:58:43+00:00,1772902723.8422282,0.0,286753.5683827581,0.0,8.000936617822493,37.5,0.0,0.0,0.0,0.0
2026-03-07T16:58:44+00:00,1772902724.8424635,0.0,270272.39973198524,0.0,11.997176834693946,37.5,107.97459151224551,107.97459151224551,1.999529472448991,1.999529472448991
2026-03-07T16:58:45+00:00,1772902725.8422122,0.0,135201.97533464496,0.0,3.000754069039528,37.5,0.0,0.0,0.0,0.0
2026-03-07T16:58:46+00:00,1772902726.8422606,0.0,204790.08837033767,0.0,4.9997580168539475,37.5,0.0,0.0,0.0,0.0
2026-03-07T16:58:47+00:00,1772902727.8424053,0.0,368586.6581102674,0.0,7.998842406906845,37.5,0.0,0.0,0.0,0.0
2026-03-07T16:58:48+00:00,1772902728.8423777,0.0,126979.51181587474,0.0,12.000331887840984,37.5,82.00226790024672,132.00365076625081,1.000027657320082,2.000055314640164
2026-03-07T16:58:49+00:00,1772902729.8425355,0.0,135146.6693823025,0.0,2.9995265754239724,37.5,0.0,0.0,0.0,0.0
2026-03-07T16:58:50+00:00,1772902730.8423123,0.0,184361.14199373868,0.0,11.002455305615916,37.5,0.0,0.0,0.0,0.0
2026-03-07T16:58:51+00:00,1772902731.8423305,0.0,135165.55082562857,0.0,2.99994564154893,37.5,0.0,0.0,0.0,0.0
2026-03-07T16:58:52+00:00,1772902732.842407,0.0,135157.65606508328,0.0,2.9997704204785887,37.5,0.9999234734928629,0.0,0.9999234734928629,0.0
2026-03-07T16:58:53+00:00,1772902733.8425696,0.0,823162.1526231554,0.0,42.99300927345169,37.5,82.9865062720114,131.97854009524704,1.9996748499279855,1.9996748499279855
