ts_iso_utc,ts_unix,cpu_percent,cpu_percent_max,cpu_percent_min,cpu_frequency_mhz,cpu_count,memory_used,memory_available,memory_percent,memory_total,swap_used,swap_percent,disk_read_bytes_per_s,disk_write_bytes_per_s,disk_read_ops_per_s,disk_write_ops_per_s,disk_usage_percent_c,net_bytes_sent_per_s,net_bytes_recv_per_s,net_packets_sent_per_s,net_packets_recv_per_s
2026-03-04T16:30:42+00:00,1772641841.9634585,0.0,0.0,0.0,2304.0,16,13467611136,3556339712,79.1,17023950848,320569344,2.8,0.0,0.0,0.0,0.0,34.3,0.0,0.0,0.0,0.0
2026-03-04T16:30:42+00:00,1772641842.9636686,2.34375,20.3,0.0,2304.0,16,13470830592,3553120256,79.1,17023950848,320569344,2.8,127461.22718116126,417704.2625695887,11.997479968106294,52.98886985913613,34.3,0.0,0.0,0.0,0.0
2026-03-04T16:30:43+00:00,1772641843.9636083,4.0875,15.4,0.0,2304.0,16,13473492992,3550457856,79.1,17023950848,320569344,2.8,65539.95336346648,725035.7340833481,2.000120647078445,90.00542911853003,34.3,1680.101343545894,544.032816005337,10.000603235392227,6.000361941235336
2026-03-04T16:30:44+00:00,1772641844.9632459,2.7375000000000003,7.8,0.0,2304.0,16,13465780224,3558170624,79.1,17023950848,320569344,2.8,12292.454739380802,4097.484913126934,1.0003625276188803,1.0003625276188803,34.3,3496.267034027987,6489.3517166636775,11.003987803807686,16.005800441902085
2026-03-04T16:30:45+00:00,1772641845.96358,4.9625,9.4,1.6,2304.0,16,13468786688,3555164160,79.1,17023950848,320569344,2.8,65514.11668456195,159690.65941861976,0.9996660871057427,30.98964870027802,34.3,1737.4196593897807,968.6764384054646,8.996994783951683,8.996994783951683
2026-03-04T16:30:46+00:00,1772641846.963384,1.8625,4.7,0.0,2304.0,16,13465894912,3558055936,79.1,17023950848,320569344,2.8,0.0,163872.11566903113,0.0,31.006076573119902,34.3,0.0,0.0,0.0,0.0
2026-03-04T16:30:47+00:00,1772641847.9633064,8.481250000000001,51.6,0.0,2304.0,16,13555392512,3468558336,79.6,17023950848,320569344,2.8,0.0,192526.9181481357,0.0,29.002247269240023,34.3,2.0001549840855186,0.0,2.0001549840855186,0.0
2026-03-04T16:30:48+00:00,1772641848.9633267,4.4,20.3,0.0,2304.0,16,13598371840,3425579008,79.9,17023950848,320569344,2.8,0.0,0.0,0.0,0.0,34.3,0.9999797348314617,0.0,0.9999797348314617,0.0
2026-03-04T16:30:49+00:00,1772641849.9632485,4.23125,13.2,0.0,2304.0,16,13599531008,3424419840,79.9,17023950848,320569344,2.8,0.0,360476.1897044714,0.0,30.00234622229598,34.3,0.0,0.0,0.0,0.0
2026-03-04T16:30:50+00:00,1772641850.9636073,2.54375,4.7,0.0,2304.0,16,13601484800,3422466048,79.9,17023950848,320569344,2.8,0.0,143308.57802154482,0.0,19.992826174880697,34.3,1.9992826174880696,0.0,1.9992826174880696,0.0
2026-03-04T16:30:51+00:00,1772641851.9636586,4.05,9.2,0.0,2304.0,16,13615009792,3408941056,80.0,17023950848,320569344,2.8,0.0,90107.38109613999,0.0,15.999179882127128,34.3,0.9999487426329455,0.0,0.9999487426329455,0.0
2026-03-04T16:30:52+00:00,1772641852.9637048,3.5,7.8,1.5,2304.0,16,13606199296,3417751552,79.9,17023950848,320569344,2.8,0.0,65532.96889019854,0.0,0.9999537489349143,34.3,108.99495863390565,119.9944498721897,1.9999074978698286,1.9999074978698286
2026-03-04T16:30:53+00:00,1772641853.9632454,4.3812500000000005,10.9,0.0,2304.0,16,13602832384,3421118464,79.9,17023950848,320569344,2.8,0.0,188502.60424193722,0.0,18.008273587990775,34.3,0.0,0.0,0.0,0.0
2026-03-04T16:30:54+00:00,1772641854.9635081,2.8375,7.7,0.0,2304.0,16,13602402304,3421548544,79.9,17023950848,320569344,2.8,0.0,143322.34387804184,0.0,17.995271971294315,34.3,0.0,0.0,0.0,0.0
2026-03-04T16:30:55+00:00,1772641855.9634259,3.0125,7.7,0.0,2304.0,16,13603692544,3420258304,79.9,17023950848,320569344,2.8,0.0,61445.05412666171,0.0,14.001151656465883,34.3,6244.513638783784,6448.530420063716,14.001151656465883,16.001316178818154
2026-03-04T16:30:56+00:00,1772641856.9633303,1.9625000000000001,6.2,0.0,2304.0,16,13515685888,3508264960,79.4,17023950848,320569344,2.8,0.0,0.0,0.0,0.0,34.3,2.0001912299831446,0.0,2.0001912299831446,0.0
2026-03-04T16:30:57+00:00,1772641857.9632907,0.9750000000000001,3.1,0.0,2304.0,16,13512286208,3511664640,79.4,17023950848,320569344,2.8,0.0,225288.91636851244,0.0,16.00063326480912,34.3,1.00003957905057,0.0,1.00003957905057,0.0
2026-03-04T16:30:58+00:00,1772641858.963255,3.4,7.7,0.0,2304.0,16,13521371136,3502579712,79.4,17023950848,320569344,2.8,0.0,122884.3946884163,0.0,12.000429168790655,34.3,0.0,0.0,0.0,0.0
2026-03-04T16:30:59+00:00,1772641859.963333,2.825,9.2,0.0,2304.0,16,13515956224,3507994624,79.4,17023950848,320569344,2.8,0.0,94200.65584600886,0.0,2.9997661296071096,34.3,1.9998440864047398,0.0,1.9998440864047398,0.0
2026-03-04T16:31:00+00:00,1772641860.9635336,2.85,9.5,0.0,2304.0,16,13518012416,3505938432,79.4,17023950848,320569344,2.8,0.0,53237.31269233538,0.0,10.9977922103307,34.3,0.9997992918482456,263.9470130479368,0.9997992918482456,1.9995985836964911
2026-03-04T16:31:01+00:00,1772641861.963625,1.85,9.4,0.0,2304.0,16,13516570624,3507380224,79.4,17023950848,320569344,2.8,0.0,135155.6583535315,0.0,1.999817388043494,34.3,89.99178246195723,353.96767768369847,0.999908694021747,2.999726082065241
2026-03-04T16:31:02+00:00,1772641862.9634433,1.65625,6.2,0.0,2304.0,16,13489201152,3534749696,79.2,17023950848,320569344,2.8,0.0,450641.87034254096,0.0,34.00617807094814,34.3,55.00999393829846,66.01199272595815,1.000181707969063,1.000181707969063
2026-03-04T16:31:03+00:00,1772641863.9637187,0.6875,3.1,0.0,2304.0,16,13498122240,3525828608,79.3,17023950848,320569344,2.8,0.0,0.0,0.0,0.0,34.3,0.0,263.92732142061215,0.0,1.9994494047016071
2026-03-04T16:31:04+00:00,1772641864.9633296,3.40625,6.2,1.6,2304.0,16,13507047424,3516903424,79.3,17023950848,320569344,2.8,0.0,139318.2085925157,0.0,17.006617259828577,34.3,0.0,0.0,0.0,0.0
2026-03-04T16:31:05+00:00,1772641865.9635653,1.5625,6.2,0.0,2304.0,16,13508530176,3515420672,79.4,17023950848,320569344,2.8,0.0,4095.0344073703554,0.0,0.9997642596119032,34.3,0.0,0.0,0.0,0.0
2026-03-04T16:31:06+00:00,1772641866.9637032,1.84375,6.2,0.0,2304.0,16,13508702208,3515248640,79.4,17023950848,320569344,2.8,0.0,69622.40561903767,0.0,1.9997244260982787,34.3,59.99173278294836,41.994212948063854,0.9998622130491394,0.9998622130491394
2026-03-04T16:31:07+00:00,1772641867.9633622,1.7625000000000002,6.2,0.0,2304.0,16,13509410816,3514540032,79.4,17023950848,320569344,2.8,0.0,65558.35137044423,0.0,1.0003410548468663,34.3,0.0,0.0,0.0,0.0
2026-03-04T16:31:08+00:00,1772641868.963214,0.78125,6.2,0.0,2304.0,16,13509005312,3514945536,79.4,17023950848,320569344,2.8,0.0,16386.430047867245,0.0,2.0002966367025445,34.3,0.0,0.0,0.0,0.0
2026-03-04T16:31:09+00:00,1772641869.963706,1.75625,6.2,0.0,2304.0,16,13509013504,3514937344,79.4,17023950848,320569344,2.8,0.0,81879.70732786067,0.0,3.9980325843681963,34.3,0.0,0.0,0.0,0.0
2026-03-04T16:31:10+00:00,1772641870.9635453,4.1875,7.7,1.5,2304.0,16,13508976640,3514974208,79.4,17023950848,320569344,2.8,0.0,8193.316617822746,0.0,2.0003214398981313,34.3,0.0,0.0,0.0,0.0
2026-03-04T16:31:11+00:00,1772641871.9634614,4.2875,7.8,0.0,2304.0,16,13430747136,3593203712,78.9,17023950848,320569344,2.8,147468.3760386385,0.0,5.0004196519178095,0.0,34.3,228.0191361274521,112.00940020295893,4.000335721534247,2.0001678607671236
2026-03-04T16:31:12+00:00,1772641872.9635463,4.8125,12.1,1.6,2304.0,16,13431709696,3592241152,78.9,17023950848,320569344,2.8,0.0,4095.65237325552,0.0,0.999915130189336,34.3,108.99074919063762,53.99541703022414,1.999830260378672,0.999915130189336
2026-03-04T16:31:13+00:00,1772641873.963699,2.725,7.8,0.0,2304.0,16,13430571008,3593379840,78.9,17023950848,320569344,2.8,0.0,233436.32478804849,0.0,5.999083182258647,34.3,157.97585713281103,0.0,1.9996943940862157,0.0
2026-03-04T16:31:14+00:00,1772641874.9633338,0.7000000000000001,1.6,0.0,2304.0,16,13429604352,3594346496,78.9,17023950848,320569344,2.8,0.0,4097.49664040878,0.0,1.0003653907247998,34.3,213.07782822438233,0.0,3.001096172174399,0.0
2026-03-04T16:31:15+00:00,1772641875.963523,3.4125,9.4,0.0,2304.0,16,13424869376,3599081472,78.9,17023950848,320569344,2.8,0.0,77809.28891417767,0.0,14.997164547089138,34.3,4460.15673630431,923.8253361006908,5.998865818835655,6.998676788641598
2026-03-04T16:31:16+00:00,1772641876.9637525,1.26875,4.7,0.0,2304.0,16,13435785216,3588165632,78.9,17023950848,320569344,2.8,0.0,1511077.0611014746,0.0,288.93366167159326,34.3,4247.024895435738,65.98485007032926,3.999081822444197,0.9997704556110493
2026-03-04T16:31:17+00:00,1772641877.963535,0.78125,3.1,0.0,2304.0,16,13434023936,3589926912,78.9,17023950848,320569344,2.8,0.0,73744.03473655695,0.0,2.0004349700671913,34.3,3929.854498696998,14967.254446042727,12.002609820403148,27.005872095907083
2026-03-04T16:31:18+00:00,1772641878.9634528,4.6875,9.2,1.6,2304.0,16,13433704448,3590246400,78.9,17023950848,320569344,2.8,65541.39106843916,102408.42354443617,1.0000822611761346,2.0001645223522693,34.3,271.02229277873244,7473.614737769253,5.0004113058806725,12.000987134113615
2026-03-04T16:31:19+00:00,1772641879.9632773,1.9500000000000002,7.7,0.0,2304.0,16,13432283136,3591667712,78.9,17023950848,320569344,2.8,0.0,81934.37752291128,0.0,4.000702027485902,34.3,0.0,0.0,0.0,0.0
2026-03-04T16:31:20+00:00,1772641880.9633653,1.7625000000000002,4.7,0.0,2304.0,16,13436751872,3587198976,78.9,17023950848,320569344,2.8,0.0,118773.55072397777,0.0,8.999208281551386,34.3,0.0,0.0,0.0,0.0
2026-03-04T16:31:21+00:00,1772641881.963478,3.1,10.6,0.0,2304.0,16,13432500224,3591450624,78.9,17023950848,320569344,2.8,0.0,114675.06786463261,0.0,12.998534129466238,34.3,54.99379824004947,65.99255788805937,0.9998872407281723,0.9998872407281723
2026-03-04T16:31:22+00:00,1772641882.963329,5.425,12.1,0.0,2304.0,16,13434179584,3589771264,78.9,17023950848,320569344,2.8,0.0,65545.76708040839,0.0,1.000149033819708,34.3,0.0,0.0,0.0,0.0
2026-03-04T16:31:23+00:00,1772641883.9634533,3.5125,9.2,1.6,2304.0,16,13435072512,3588878336,78.9,17023950848,320569344,2.8,0.0,98291.7905791064,0.0,10.998633792828068,34.3,0.0,0.0,0.0,0.0
2026-03-04T16:31:24+00:00,1772641884.9633582,1.95625,6.2,0.0,2304.0,16,13426487296,3597463552,78.9,17023950848,320569344,2.8,0.0,114698.91119422113,0.0,13.001236794824871,34.3,0.0,0.0,0.0,0.0
2026-03-04T16:31:25+00:00,1772641885.963382,1.175,4.7,0.0,2304.0,16,13422190592,3601760256,78.8,17023950848,320569344,2.8,0.0,4095.902346078251,0.0,0.9999761587105105,34.3,108.99740129944564,119.99713904526126,1.999952317421021,1.999952317421021
2026-03-04T16:31:26+00:00,1772641886.9633722,2.46875,7.8,0.0,2304.0,16,13423546368,3600404480,78.9,17023950848,320569344,2.8,0.0,65536.64063126227,0.0,1.0000097752572978,34.3,0.0,0.0,0.0,0.0
2026-03-04T16:31:27+00:00,1772641887.963439,2.43125,4.7,0.0,2304.0,16,13419401216,3604549632,78.8,17023950848,320569344,2.8,0.0,139254.70374559195,0.0,3.9997329890163122,34.3,0.0,0.0,0.0,0.0
2026-03-04T16:31:28+00:00,1772641888.9637277,3.01875,9.2,0.0,2304.0,16,13429276672,3594674176,78.9,17023950848,320569344,2.8,0.0,36853.35951748474,0.0,1.9994227168774275,34.3,194.94371489554916,410.88136831831133,2.999134075316141,5.998268150632282
2026-03-04T16:31:29+00:00,1772641889.9633222,1.2625,4.5,0.0,2304.0,16,13418319872,3605630976,78.8,17023950848,320569344,2.8,0.0,65562.58890813177,0.0,3.001217143621755,34.3,0.0,78.03164573416562,0.0,1.000405714540585
2026-03-04T16:31:30+00:00,1772641890.9633472,2.24375,9.4,0.0,2304.0,16,13421064192,3602886656,78.8,17023950848,320569344,2.8,466420.32365656283,516083.0804015536,28.999274033600443,40.99897363371097,34.3,0.0,0.0,0.0,0.0
2026-03-04T16:31:31+00:00,1772641891.9633834,1.8625,6.3,0.0,2304.0,16,13423886336,3600064512,78.9,17023950848,320569344,2.8,0.0,282613.7581836596,0.0,19.999275233784786,34.3,0.0,0.0,0.0,0.0
2026-03-04T16:31:32+00:00,1772641892.9637508,2.225,7.7,0.0,2304.0,16,13422305280,3601645568,78.8,17023950848,320569344,2.8,0.0,4094.4956698829437,0.0,0.9996327319050156,34.3,0.0,0.0,0.0,0.0
2026-03-04T16:31:33+00:00,1772641893.963758,1.94375,4.7,0.0,2304.0,16,13421809664,3602141184,78.8,17023950848,320569344,2.8,0.0,0.0,0.0,0.0,34.3,0.0,0.0,0.0,0.0
2026-03-04T16:31:34+00:00,1772641894.9635048,1.1812500000000001,6.2,0.0,2304.0,16,13422510080,3601440768,78.8,17023950848,320569344,2.8,0.0,20485.186860190755,0.0,3.000759793973255,34.3,0.0,0.0,0.0,0.0
2026-03-04T16:31:35+00:00,1772641895.9636545,1.84375,7.8,0.0,2304.0,16,13426147328,3597803520,78.9,17023950848,320569344,2.8,0.0,12286.160431682802,0.0,2.999550886641309,34.3,108.98368221463423,119.98203546565236,1.999700591094206,1.999700591094206
2026-03-04T16:31:36+00:00,1772641896.9636211,1.65,7.7,0.0,2304.0,16,13411307520,3612643328,78.8,17023950848,320569344,2.8,0.0,73730.46101964539,0.0,3.000100139145727,34.3,0.0,0.0,0.0,0.0
2026-03-04T16:31:37+00:00,1772641897.9633617,3.4125,7.8,0.0,2304.0,16,13421338624,3602612224,78.8,17023950848,320569344,2.8,131106.00882186845,20485.313878416946,2.000518933439155,4.00103786687831,34.3,3700.9600268624367,1523.3951678139165,11.002854133915353,10.002594667195774
2026-03-04T16:31:38+00:00,1772641898.9634612,15.237499999999999,21.9,7.8,2304.0,16,13490184192,3533766656,79.2,17023950848,320569344,2.8,590789.2634079835,938914.6525911974,21.9978129653915,68.99314066418243,34.3,9599.045657625382,104902.57052900539,53.99463182414277,97.99025775492578
2026-03-04T16:31:39+00:00,1772641899.9631877,16.04375,30.8,4.7,2304.0,16,13571985408,3451965440,79.7,17023950848,319352832,2.8,1530786.6182620875,2997098388.838371,54.014771209377564,3030.82882897063,34.3,30686.39168817194,217007.3441542971,140.0382957280159,240.06564981945584
2026-03-04T16:31:40+00:00,1772641900.963597,7.08125,20.3,1.6,2304.0,16,13579112448,3444838400,79.8,17023950848,319352832,2.8,317821.89493522554,186111588.4853541,9.995908028105674,304.87519485722305,34.3,12507.87971556863,304027.5418564397,97.95989867543561,245.8993374913996
2026-03-04T16:31:41+00:00,1772641901.9633992,2.24375,6.2,0.0,2304.0,16,13575065600,3448885248,79.7,17023950848,319352832,2.8,53258.5391949491,172066.04970675864,1.0001979265878362,31.006135724222922,34.3,0.0,0.0,0.0,0.0
2026-03-04T16:31:42+00:00,1772641902.963516,2.5375,7.8,0.0,2304.0,16,13567922176,3456028672,79.7,17023950848,319352832,2.8,0.0,872346.0880777459,0.0,73.99135595216356,34.3,0.0,0.0,0.0,0.0
2026-03-04T16:31:43+00:00,1772641903.9633684,3.6875,10.6,0.0,2304.0,16,13567721472,3456229376,79.7,17023950848,319352832,2.8,65545.67330259664,118801.53286095642,1.0001476028838598,28.004132880748077,34.3,324.0478233343706,714.1053884590759,6.000885617303159,11.00162363172246
2026-03-04T16:31:44+00:00,1772641904.9636729,2.64375,7.8,0.0,2304.0,16,13564792832,3459158016,79.7,17023950848,319352832,2.8,32758.026474044953,434043.8507810956,1.9993912642849703,12.996043217852307,34.3,0.0,155.95251861422767,0.0,1.9993912642849703
2026-03-04T16:31:45+00:00,1772641905.9636247,1.1625,3.1,0.0,2304.0,16,13561778176,3462172672,79.7,17023950848,319352832,2.8,131078.31280402813,843816.6386759311,4.000192651490116,42.00202284064622,34.3,55.0026489579891,66.00317874958692,1.000048162872529,1.000048162872529
2026-03-04T16:31:46+00:00,1772641906.963897,1.46875,4.5,0.0,2304.0,16,13564243968,3459706880,79.7,17023950848,319352832,2.8,0.0,85992.58645302549,0.0,18.994828201816922,34.3,0.0,0.0,0.0,0.0
2026-03-04T16:31:47+00:00,1772641907.9635012,2.65,6.2,0.0,2304.0,16,13563039744,3460911104,79.7,17023950848,319352832,2.8,0.0,102440.54338980367,0.0,20.007918630821028,34.3,0.0,0.0,0.0,0.0
2026-03-04T16:31:48+00:00,1772641908.963792,3.3312500000000003,9.4,0.0,2304.0,16,13564534784,3459416064,79.7,17023950848,319352832,2.8,16379.235760777437,282541.81687341083,0.9997092139146385,27.99185798960988,34.3,0.0,0.0,0.0,0.0
2026-03-04T16:31:49+00:00,1772641909.9633803,1.175,3.2,0.0,2304.0,16,13560684544,3463266304,79.7,17023950848,319352832,2.8,0.0,176200.5503803508,0.0,16.006590695889425,34.3,108.04448719725362,450.18536332189007,2.000823836986178,6.002471510958535
2026-03-04T16:31:50+00:00,1772641910.963418,1.8625,6.2,0.0,2304.0,16,13561110528,3462840320,79.7,17023950848,319352832,2.8,0.0,118779.5255591778,0.0,13.999472637968827,34.3,0.0,0.0,0.0,0.0
2026-03-04T16:31:51+00:00,1772641911.9633787,0.9750000000000001,3.1,0.0,2304.0,16,13546688512,3477262336,79.6,17023950848,319352832,2.8,0.0,118788.67303539535,0.0,13.000511427971272,34.3,0.0,0.0,0.0,0.0
2026-03-04T16:31:52+00:00,1772641912.9638355,1.08125,4.7,0.0,2304.0,16,13556269056,3467681792,79.6,17023950848,319352832,2.8,0.0,0.0,0.0,0.0,34.3,0.0,0.0,0.0,0.0
2026-03-04T16:31:53+00:00,1772641913.9638243,2.45,4.7,1.6,2304.0,16,13539610624,3484340224,79.5,17023950848,319352832,2.8,0.0,45056.50488847012,0.0,10.000112057987863,34.3,0.0,0.0,0.0,0.0
2026-03-04T16:31:54+00:00,1772641914.9637616,2.3375,4.7,0.0,2304.0,16,13538144256,3485806592,79.5,17023950848,319352832,2.8,39938.50430742093,122887.70556129518,2.0001254160367052,15.00094062027529,34.3,0.0,0.0,0.0,0.0
2026-03-04T16:31:55+00:00,1772641915.9635231,6.5,17.2,3.1,2304.0,16,13549527040,3474423808,79.6,17023950848,319352832,2.8,16387.907181544673,12290.930386158505,1.0002384754360762,3.0007154263082287,34.3,109.0259938225323,120.02861705232914,2.0004769508721525,2.0004769508721525
2026-03-04T16:31:56+00:00,1772641916.963563,2.15625,6.3,0.0,2304.0,16,13548806144,3475144704,79.6,17023950848,319352832,2.8,8191.67384111131,0.0,1.999920371365066,0.0,34.3,0.0,0.0,0.0,0.0
2026-03-04T16:31:57+00:00,1772641917.9636042,1.6625,4.7,0.0,2304.0,16,13548392448,3475558400,79.6,17023950848,319352832,2.8,2047.9155308278005,143354.08715794602,0.999958755287012,5.999752531722072,34.3,0.0,0.0,0.0,0.0
2026-03-04T16:31:58+00:00,1772641918.9635956,1.18125,4.6,0.0,2304.0,16,13531607040,3492343808,79.5,17023950848,319352832,2.8,0.0,16384.140626207005,0.0,3.000025749427552,34.3,0.0,0.0,0.0,0.0
2026-03-04T16:31:59+00:00,1772641919.9633884,2.35,6.2,0.0,2304.0,16,13534556160,3489394688,79.5,17023950848,319352832,2.8,155680.25472959518,65549.58093877693,3.0006216860402035,1.0002072286800678,34.3,0.0,0.0,0.0,0.0
2026-03-04T16:32:00+00:00,1772641920.9633589,1.86875,6.3,0.0,2304.0,16,13537185792,3486765056,79.5,17023950848,319352832,2.8,0.0,81922.42194660219,0.0,13.000384342112165,34.3,0.0,142.00419819845595,0.0,1.0000295647778588
2026-03-04T16:32:01+00:00,1772641921.9633193,1.9375,6.2,0.0,2304.0,16,13534019584,3489931264,79.5,17023950848,319352832,2.8,0.0,438289.3463896515,0.0,23.00091031816311,34.3,0.0,0.0,0.0,0.0
2026-03-04T16:32:02+00:00,1772641922.9633,0.3875,1.6,0.0,2304.0,16,13534085120,3489865728,79.5,17023950848,319352832,2.8,0.0,290821.6163193993,0.0,23.000444182390876,34.3,0.0,0.0,0.0,0.0
2026-03-04T16:32:03+00:00,1772641923.9632833,2.9,13.6,0.0,2304.0,16,13532422144,3491528704,79.5,17023950848,319352832,2.8,0.0,0.0,0.0,0.0,34.3,165.0027537805473,198.00330453665674,3.0000500687372234,3.0000500687372234
2026-03-04T16:32:04+00:00,1772641924.9633496,2.725,7.6,0.0,2304.0,16,13533220864,3490729984,79.5,17023950848,319352832,2.8,0.0,4095.7285336178907,0.0,0.9999337240278053,34.3,0.0,0.0,0.0,0.0
2026-03-04T16:32:05+00:00,1772641925.9633367,3.76875,12.5,0.0,2304.0,16,13532872704,3491078144,79.5,17023950848,319352832,2.8,536582.9082920665,28672.3691453776,15.000193121535435,6.000077248614174,34.3,55.0007081122966,66.00084973475592,1.0000128747690291,1.0000128747690291
2026-03-04T16:32:06+00:00,1772641926.9634757,5.9625,19.1,0.0,2304.0,16,13522132992,3501817856,79.4,17023950848,319352832,2.8,0.0,36858.87668869269,0.0,7.998888170289211,34.3,54.99235617073833,0.0,0.9998610212861514,0.0
2026-03-04T16:32:07+00:00,1772641927.963286,5.94375,14.1,1.6,2304.0,16,13483917312,3540033536,79.2,17023950848,320192512,2.8,24580.664947819343,966839.4879475608,6.001138903276207,4.000759268850804,34.3,0.0,66.01252793603828,0.0,1.000189817212701
2026-03-04T16:32:08+00:00,1772641928.9633722,9.41875,23.4,3.1,2304.0,16,13435494400,3588456448,78.9,17023950848,320622592,2.8,0.0,815033.6564618017,0.0,62.994563095130815,34.3,0.0,0.0,0.0,0.0
2026-03-04T16:32:09+00:00,1772641929.9633036,14.01875,53.1,1.6,2304.0,16,13455675392,3568275456,79.0,17023950848,320622592,2.8,27199307.628239855,315413.6577371188,239.01641195455622,22.001510723850362,34.3,0.0,0.0,0.0,0.0
2026-03-04T16:32:10+00:00,1772641930.9633076,1.75,6.2,0.0,2304.0,16,13459603456,3564347392,79.1,17023950848,320622592,2.8,0.0,225279.0869177633,0.0,6.99997162830408,34.3,0.0,0.0,0.0,0.0
2026-03-04T16:32:11+00:00,1772641931.9634364,3.4,13.8,0.0,2304.0,16,13408751616,3615199232,78.8,17023950848,320626688,2.8,12286.418172404028,4095.472724134676,0.9998712705406924,0.9998712705406924,34.3,929.8802816028439,939.8789943082508,16.99781159919177,15.997940328651078
2026-03-04T16:32:12+00:00,1772641932.9635847,6.80625,14.1,0.0,2304.0,16,13377359872,3646590976,78.6,17023950848,320626688,2.8,0.0,896890.9943336307,0.0,12.998072433220514,34.3,0.0,0.0,0.0,0.0
2026-03-04T16:32:13+00:00,1772641933.9634173,3.9,12.5,1.5,2304.0,16,13382942720,3641008128,78.6,17023950848,320626688,2.8,0.0,278574.6249911174,0.0,2.0003347957197657,34.3,0.0,0.0,0.0,0.0
2026-03-04T16:32:14+00:00,1772641934.963388,8.918750000000001,18.8,3.1,2304.0,16,13378834432,3645116416,78.6,17023950848,320626688,2.8,0.0,65537.92193136158,0.0,1.000029326345239,34.3,0.0,0.0,0.0,0.0
2026-03-04T16:32:15+00:00,1772641935.963439,5.3375,16.9,0.0,2304.0,16,13381283840,3642667008,78.6,17023950848,320626688,2.8,4095.7910262871683,28670.537184010176,0.9999489810271407,1.9998979620542814,34.3,54.99719395649274,0.0,0.9999489810271407,0.0
2026-03-04T16:32:16+00:00,1772641936.9634745,8.05,15.6,1.6,2304.0,16,13396963328,3626987520,78.7,17023950848,320626688,2.8,0.0,24575.126984138336,0.0,4.999822384468249,34.3,53.998081752257086,119.99573722723797,0.9999644768936498,1.9999289537872995
2026-03-04T16:32:17+00:00,1772641937.9634004,3.7875,9.4,0.0,2304.0,16,13380407296,3643543552,78.6,17023950848,320626688,2.8,0.0,86022.37840263444,0.0,5.000370768382303,34.3,0.0,0.0,0.0,0.0
2026-03-04T16:32:18+00:00,1772641938.9633985,2.54375,6.2,0.0,2304.0,16,13387554816,3636396032,78.6,17023950848,320626688,2.8,0.0,0.0,0.0,0.0,34.3,0.0,0.0,0.0,0.0
2026-03-04T16:32:19+00:00,1772641939.963931,1.85,10.6,0.0,2304.0,16,13384986624,3638964224,78.6,17023950848,320626688,2.8,0.0,155565.14178877923,0.0,3.9978706257395977,34.3,0.0,0.0,0.0,0.0
2026-03-04T16:32:20+00:00,1772641940.963469,0.9750000000000001,4.7,0.0,2304.0,16,13382385664,3641565184,78.6,17023950848,320626688,2.8,0.0,12293.680359014455,0.0,2.0009245376000093,34.3,0.0,0.0,0.0,0.0
2026-03-04T16:32:21+00:00,1772641941.963686,9.975,19.4,3.1,2304.0,16,13388738560,3635212288,78.6,17023950848,320626688,2.8,368560.03688012104,782166.3004900346,11.997397033858105,23.99479406771621,34.3,3045.339280427649,2411.4768038054794,16.996312464632318,16.996312464632318
2026-03-04T16:32:22+00:00,1772641942.963723,3.3125,7.8,0.0,2304.0,16,13386416128,3637534720,78.6,17023950848,320626688,2.8,0.0,65533.57821449679,0.0,0.9999630464858519,34.3,0.0,0.0,0.0,0.0
2026-03-04T16:32:23+00:00,1772641943.9634798,2.8375,10.9,0.0,2304.0,16,13386420224,3637530624,78.6,17023950848,320626688,2.8,0.0,102424.90840114812,0.0,4.000972984419849,34.3,0.0,0.0,0.0,0.0
2026-03-04T16:32:24+00:00,1772641944.963436,4.36875,9.2,1.6,2304.0,16,13385474048,3638476800,78.6,17023950848,320626688,2.8,0.0,4096.17969538306,0.0,1.0000438709431299,34.3,0.0,0.0,0.0,0.0
2026-03-04T16:32:25+00:00,1772641945.9634123,5.84375,17.2,0.0,2304.0,16,13388800000,3635150848,78.6,17023950848,320626688,2.8,73729.74027545149,114690.70709514676,3.0000708119893997,4.000094415985866,34.3,0.0,0.0,0.0,0.0
2026-03-04T16:32:26+00:00,1772641946.963281,6.675,23.4,1.6,2304.0,16,13394440192,3629510656,78.7,17023950848,320626688,2.8,0.0,0.0,0.0,0.0,34.3,109.01432106278077,120.01576630764855,2.0002627717941426,2.0002627717941426
2026-03-04T16:32:27+00:00,1772641947.9634883,4.8875,26.6,0.0,2304.0,16,13404672000,3619278848,78.7,17023950848,320626688,2.8,20905743.643605724,4095.1505668179675,123.9742847376533,0.9997926188520428,34.3,0.0,0.0,0.0,0.0
2026-03-04T16:32:28+00:00,1772641948.963656,5.85,18.8,0.0,2304.0,16,13406609408,3617341440,78.8,17023950848,320626688,2.8,0.0,569248.5892338201,0.0,4.9991620991335655,34.3,0.0,0.0,0.0,0.0
2026-03-04T16:32:29+00:00,1772641949.9636087,3.025,9.4,0.0,2304.0,16,13406294016,3617656832,78.7,17023950848,320626688,2.8,20480.966842516616,0.0,5.000236045536283,0.0,34.3,0.0,0.0,0.0,0.0
2026-03-04T16:32:30+00:00,1772641950.9636424,3.125,6.2,0.0,2304.0,16,13403799552,3620151296,78.7,17023950848,320626688,2.8,0.0,393202.78169436,0.0,5.999798304662476,34.3,0.0,0.0,0.0,0.0
2026-03-04T16:32:31+00:00,1772641951.9633172,8.725,26.6,0.0,2304.0,16,13405081600,3618869248,78.7,17023950848,320016384,2.8,20486.66232285699,462998.568496568,1.0003253087332515,38.012361731863564,34.3,0.0,0.0,0.0,0.0
2026-03-04T16:32:32+00:00,1772641952.9635732,9.61875,29.7,0.0,2304.0,16,13405839360,3618111488,78.7,17023950848,320016384,2.8,700236.6963034081,1154776.306184568,20.994624083932365,28.9925761159066,34.3,0.0,0.0,0.0,0.0
2026-03-04T16:32:33+00:00,1772641953.9637682,4.375,14.1,0.0,2304.0,16,13405663232,3618287616,78.7,17023950848,320016384,2.8,0.0,0.0,0.0,0.0,34.3,0.0,0.0,0.0,0.0
2026-03-04T16:32:34+00:00,1772641954.9633186,2.35,6.1,0.0,2304.0,16,13405696000,3618254848,78.7,17023950848,320016384,2.8,16391.370501700927,53271.954130528015,1.000449859722957,6.002699158337742,34.3,0.0,0.0,0.0,0.0
2026-03-04T16:32:35+00:00,1772641955.9637558,1.26875,4.7,0.0,2304.0,16,13405663232,3618287616,78.7,17023950848,320016384,2.8,0.0,593660.4162398854,0.0,22.989947423082846,34.3,0.0,0.0,0.0,0.0
2026-03-04T16:32:36+00:00,1772641956.9636312,9.0,20.3,0.0,2304.0,16,13409439744,3614511104,78.8,17023950848,320016384,2.8,0.0,69640.68369998338,0.0,2.0002494169342655,34.3,55.006858965692295,66.00823075883075,1.0001247084671328,1.0001247084671328
2026-03-04T16:32:37+00:00,1772641957.963397,6.95625,15.2,0.0,2304.0,16,13407547392,3616403456,78.8,17023950848,320016384,2.8,0.0,299078.0222534783,0.0,33.00772800180859,34.3,0.0,0.0,0.0,0.0
2026-03-04T16:32:38+00:00,1772641958.9634051,9.425,25.0,1.6,2304.0,16,13408522240,3615428608,78.8,17023950848,320016384,2.8,0.0,73727.4023485947,0.0,2.999975681502063,34.3,427.996530560961,0.0,5.999951363004126,0.0
2026-03-04T16:32:39+00:00,1772641959.9632947,5.6875,16.2,0.0,2304.0,16,13409046528,3614904320,78.8,17023950848,320016384,2.8,0.0,4096.452198354683,0.0,1.0001103999889362,34.3,502.055420794446,358.03952319603917,7.0007727999225535,1.0001103999889362
2026-03-04T16:32:40+00:00,1772641960.9635708,8.80625,20.3,1.6,2304.0,16,13412560896,3611389952,78.8,17023950848,320016384,2.8,0.0,143320.43084647175,0.0,20.994203737276134,34.3,427.88186664543736,0.0,5.998343924936038,0.0
2026-03-04T16:32:41+00:00,1772641961.9632826,3.40625,14.1,0.0,2304.0,16,13404499968,3619450880,78.7,17023950848,320016384,2.8,0.0,0.0,0.0,0.0,34.3,428.1234057420593,0.0,6.001729987038214,0.0
2026-03-04T16:32:42+00:00,1772641962.963361,5.5062500000000005,14.1,0.0,2304.0,16,13405179904,3618770944,78.7,17023950848,320016384,2.8,0.0,135157.3982925324,0.0,8.999294097958034,34.3,0.0,53.9957645877482,0.0,0.9999215664397815
2026-03-04T16:32:43+00:00,1772641963.9633422,6.9625,14.9,1.6,2304.0,16,13395857408,3628093440,78.7,17023950848,320016384,2.8,0.0,294917.5547921249,0.0,39.000734581478106,34.3,0.0,0.0,0.0,0.0
2026-03-04T16:32:44+00:00,1772641964.9634204,8.6625,23.4,0.0,2304.0,16,13399879680,3624071168,78.7,17023950848,320016384,2.8,3362553.0440009995,20478.398562734466,7.999374438568151,3.9996872192840756,34.3,53.99577746033502,53.99577746033502,0.9999218048210189,0.9999218048210189
2026-03-04T16:32:45+00:00,1772641965.9633734,2.35625,11.1,0.0,2304.0,16,13402148864,3621801984,78.7,17023950848,320016384,2.8,1434691.3852450594,626717.4359528739,280.0131517865424,79.0037106826316,34.3,0.0,0.0,0.0,0.0
2026-03-04T16:32:46+00:00,1772641966.9636621,2.21875,7.7,0.0,2304.0,16,13398605824,3625345024,78.7,17023950848,320016384,2.8,0.0,483188.49145146663,0.0,82.97604275041324,34.3,108.9685380698198,119.96536301264565,1.9994227168774275,1.9994227168774275
2026-03-04T16:32:47+00:00,1772641967.9633355,1.0875000000000001,4.7,0.0,2304.0,16,13400788992,3623161856,78.7,17023950848,320016384,2.8,0.0,208964.25471614866,0.0,31.010128945506892,34.3,2.0006534803552833,0.0,2.0006534803552833,0.0
2026-03-04T16:32:48+00:00,1772641968.96348,1.64375,4.7,0.0,2304.0,16,13400252416,3623698432,78.7,17023950848,320016384,2.8,0.0,0.0,0.0,0.0,34.3,110.98396485264284,131.9809311761158,2.9995666176389957,1.9997110784259973
2026-03-04T16:32:49+00:00,1772641969.963461,2.9375,4.7,0.0,2304.0,16,13399670784,3624280064,78.7,17023950848,320016384,2.8,0.0,4096.078126490144,0.0,1.000019073850133,34.3,0.0,0.0,0.0,0.0
2026-03-04T16:32:50+00:00,1772641970.9634964,1.76875,9.4,0.0,2304.0,16,13401436160,3622514688,78.7,17023950848,320016384,2.8,0.0,98300.50793655335,0.0,1.9999289537872995,34.3,1.9999289537872995,0.0,1.9999289537872995,0.0
2026-03-04T16:32:51+00:00,1772641971.9635966,1.85,6.2,0.0,2304.0,16,13402365952,3621584896,78.7,17023950848,320016384,2.8,0.0,1036184.240858755,0.0,150.98488100766582,34.3,0.9998998742229525,0.0,0.9998998742229525,0.0
2026-03-04T16:32:52+00:00,1772641972.9633791,1.6812500000000001,4.7,0.0,2304.0,16,13401288704,3622662144,78.7,17023950848,320016384,2.8,0.0,0.0,0.0,0.0,34.3,0.0,0.0,0.0,0.0
2026-03-04T16:32:53+00:00,1772641973.9636486,5.29375,9.2,1.6,2304.0,16,13412044800,3611906048,78.8,17023950848,320016384,2.8,0.0,4094.896781596374,0.0,0.9997306595694272,34.3,0.0,0.0,0.0,0.0
2026-03-04T16:32:54+00:00,1772641974.9637349,3.86875,9.1,1.6,2304.0,16,13403004928,3620945920,78.7,17023950848,320016384,2.8,0.0,110582.45590185249,0.0,3.9996547996908456,34.3,0.0,0.0,0.0,0.0
2026-03-04T16:32:55+00:00,1772641975.9633899,1.2750000000000001,4.7,0.0,2304.0,16,13401022464,3622928384,78.7,17023950848,320016384,2.8,0.0,135214.6479290851,0.0,3.0010353322328904,34.3,0.0,0.0,0.0,0.0
2026-03-04T16:32:56+00:00,1772641976.9636621,2.5375,7.8,0.0,2304.0,16,13403181056,3620769792,78.7,17023950848,320016384,2.8,65518.16110706704,0.0,3.99891120038251,0.0,34.3,56.98448460545077,65.98203480631142,2.9991834002868827,0.9997278000956275
2026-03-04T16:32:57+00:00,1772641977.9633677,2.53125,6.2,0.0,2304.0,16,13399187456,3624763392,78.7,17023950848,320016384,2.8,0.0,4097.206409911213,0.0,1.0002945336697298,34.3,1.0002945336697298,0.0,1.0002945336697298,0.0
2026-03-04T16:32:58+00:00,1772641978.9633477,2.15,6.2,0.0,2304.0,16,13401202688,3622748160,78.7,17023950848,320016384,2.8,0.0,413704.2853221815,0.0,40.00080110246959,34.3,0.0,0.0,0.0,0.0
2026-03-04T16:32:59+00:00,1772641979.9634845,1.95625,6.2,0.0,2304.0,16,13400985600,3622965248,78.7,17023950848,320016384,2.8,0.0,73717.91153687902,0.0,2.999589499384726,34.3,1.9997263329231505,0.0,1.9997263329231505,0.0
2026-03-04T16:33:00+00:00,1772641980.9635684,3.0375,6.2,1.6,2304.0,16,13402722304,3621228544,78.7,17023950848,320016384,2.8,0.0,147443.6260384642,0.0,12.998909088135,34.3,0.9999160837026921,0.0,0.9999160837026921,0.0
2026-03-04T16:33:01+00:00,1772641981.9636824,2.925,6.2,0.0,2304.0,16,13400600576,3623350272,78.7,17023950848,320016384,2.8,0.0,69624.06535738925,0.0,1.9997720978110425,34.3,0.0,0.0,0.0,0.0
2026-03-04T16:33:02+00:00,1772641982.9634442,2.1375,10.8,0.0,2304.0,16,13400535040,3623415808,78.7,17023950848,320016384,2.8,16387.903273432294,4096.975818358073,1.0002382369038265,1.0002382369038265,34.3,0.0,0.0,0.0,0.0
2026-03-04T16:33:03+00:00,1772641983.9633174,1.16875,9.2,0.0,2304.0,16,13400887296,3623063552,78.7,17023950848,320016384,2.8,0.0,0.0,0.0,0.0,34.3,0.0,0.0,0.0,0.0
2026-03-04T16:33:04+00:00,1772641984.9633682,1.175,4.7,0.0,2304.0,16,13416701952,3607248896,78.8,17023950848,320016384,2.8,0.0,69628.46404675436,0.0,3.9997968776857977,34.3,0.0,0.0,0.0,0.0
2026-03-04T16:33:05+00:00,1772641985.963372,1.26875,3.1,0.0,2304.0,16,13403648000,3620302848,78.7,17023950848,320016384,2.8,0.0,86015.6718762517,0.0,2.999988555951859,34.3,0.0,0.0,0.0,0.0
2026-03-04T16:33:06+00:00,1772641986.9635577,2.125,6.1,0.0,2304.0,16,13403471872,3620478976,78.7,17023950848,320016384,2.8,0.0,69619.06978431654,0.0,1.9996286128307832,34.3,108.97975939927768,119.97771676984698,1.9996286128307832,1.9996286128307832
2026-03-04T16:33:07+00:00,1772641987.96336,2.15,4.7,0.0,2304.0,16,13403242496,3620708352,78.7,17023950848,320016384,2.8,12290.42919106469,0.0,1.000197688074926,0.0,34.3,0.0,0.0,0.0,0.0
2026-03-04T16:33:08+00:00,1772641988.9636817,1.94375,7.7,0.0,2304.0,16,13397782528,3626168320,78.7,17023950848,320016384,2.8,0.0,8189.366081513414,0.0,1.999356953494486,34.3,0.0,0.0,0.0,0.0
2026-03-04T16:33:09+00:00,1772641989.9635804,2.3375,4.7,0.0,2304.0,16,13398904832,3625046016,78.7,17023950848,320016384,2.8,0.0,294941.8858407694,0.0,6.000608028987007,34.3,0.0,0.0,0.0,0.0
2026-03-04T16:33:10+00:00,1772641990.9636757,1.5750000000000002,4.7,0.0,2304.0,16,13397549056,3626401792,78.7,17023950848,320016384,2.8,0.0,8191.218824498701,0.0,1.9998092833248782,34.3,89.99141774961952,89.99141774961952,0.9999046416624391,0.9999046416624391
2026-03-04T16:33:11+00:00,1772641991.9635046,2.63125,9.2,0.0,2304.0,16,13397110784,3626840064,78.7,17023950848,320016384,2.8,0.0,65547.22067080537,0.0,1.000171213848959,34.3,228.03903675756263,166.02842149892717,4.000684855395836,3.0005136415468767
2026-03-04T16:33:12+00:00,1772641992.9632719,1.08125,3.1,0.0,2304.0,16,13397344256,3626606592,78.7,17023950848,320016384,2.8,0.0,8193.906693681009,0.0,2.000465501386965,34.3,0.0,0.0,0.0,0.0
2026-03-04T16:33:13+00:00,1772641993.9636238,2.04375,6.2,0.0,2304.0,16,13395222528,3628728320,78.7,17023950848,320016384,2.8,0.0,135120.4503267569,0.0,2.998944653914171,34.3,0.0,0.0,0.0,0.0
2026-03-04T16:33:14+00:00,1772641994.9633064,1.95,4.7,0.0,2304.0,16,13394137088,3629813760,78.7,17023950848,320016384,2.8,0.0,65556.80347667394,0.0,3.0009523075870033,34.3,0.0,0.0,0.0,0.0
2026-03-04T16:33:15+00:00,1772641995.963774,2.4375,6.1,0.0,2304.0,16,13400539136,3623411712,78.7,17023950848,320016384,2.8,0.0,20470.42927937106,0.0,4.99766339828395,34.3,59.971960779407404,41.98037254558518,0.99953267965679,0.99953267965679
2026-03-04T16:33:16+00:00,1772641996.963384,0.8812500000000001,3.1,0.0,2304.0,16,13400133632,3623817216,78.7,17023950848,320016384,2.8,0.0,286831.87957644154,0.0,27.01053553489091,34.3,55.02146127477778,66.02575352973334,1.0003902049959597,1.0003902049959597
2026-03-04T16:33:17+00:00,1772641997.963317,6.61875,10.9,4.6,2304.0,16,13416878080,3607072768,78.8,17023950848,320016384,2.8,0.0,188428.62389262053,0.0,6.000402000656649,34.3,455.03048504979586,2.0001340002188828,46.00308200503431,2.0001340002188828
2026-03-04T16:33:18+00:00,1772641998.9640594,4.3625,13.8,0.0,2304.0,16,13401563136,3622387712,78.7,17023950848,320016384,2.8,0.0,45022.57364503607,0.0,2.9977743460384456,34.3,0.9992581153461485,0.0,0.9992581153461485,0.0
2026-03-04T16:33:19+00:00,1772641999.9634292,2.7,7.7,0.0,2304.0,16,13402525696,3621425152,78.7,17023950848,320016384,2.8,0.0,12295.74804641883,0.0,3.001891612895222,34.3,1.0006305376317408,0.0,1.0006305376317408,0.0
2026-03-04T16:33:20+00:00,1772642000.963388,4.475,7.8,1.6,2304.0,16,13402660864,3621289984,78.7,17023950848,320016384,2.8,0.0,69634.87218877999,0.0,2.000082496231043,34.3,1.0000412481155214,0.0,1.0000412481155214,0.0
2026-03-04T16:33:21+00:00,1772642001.9635842,1.56875,4.8,0.0,2304.0,16,13404684288,3619266560,78.7,17023950848,320016384,2.8,0.0,69618.33959448665,0.0,1.9996076400070844,34.3,0.9998038200035422,141.972142440503,0.9998038200035422,0.9998038200035422
2026-03-04T16:33:22+00:00,1772642002.9639266,2.73125,7.6,0.0,2304.0,16,13403979776,3619971072,78.7,17023950848,320016384,2.8,0.0,0.0,0.0,0.0,34.3,2.998973244290638,1.9993154961937585,2.998973244290638,1.9993154961937585
2026-03-04T16:33:23+00:00,1772642003.963271,1.5625,4.8,0.0,2304.0,16,13397315584,3626635264,78.7,17023950848,320016384,2.8,0.0,24592.12385287175,0.0,3.0019682437587587,34.3,1.0006560812529195,0.0,1.0006560812529195,0.0
2026-03-04T16:33:24+00:00,1772642004.9634628,5.08125,14.1,0.0,2304.0,16,13398593536,3625357312,78.7,17023950848,320016384,2.8,0.0,176094.2027756609,0.0,13.997313538217957,34.3,0.9998081098727113,0.0,0.9998081098727113,0.0
2026-03-04T16:33:25+00:00,1772642005.96369,7.29375,13.6,1.6,2304.0,16,13397499904,3626450944,78.7,17023950848,320016384,2.8,0.0,4095.0695473483506,0.0,0.9997728387080934,34.3,0.9997728387080934,0.0,0.9997728387080934,0.0
2026-03-04T16:33:26+00:00,1772642006.963822,4.94375,18.2,1.5,2304.0,16,13399203840,3624747008,78.7,17023950848,320016384,2.8,0.0,65527.36051407712,0.0,0.9998681719066943,34.3,109.98549890973638,227.9699431947263,2.999604515720083,3.999472687626777
2026-03-04T16:33:27+00:00,1772642007.9636018,1.94375,6.2,0.0,2304.0,16,13395513344,3628437504,78.7,17023950848,320016384,2.8,73744.22818055407,581760.0223132599,2.0004402175714535,68.01496739742943,34.3,1.0002201087857268,0.0,1.0002201087857268,0.0
2026-03-04T16:33:28+00:00,1772642008.9634254,3.40625,10.9,0.0,2304.0,16,13401456640,3622494208,78.7,17023950848,320016384,2.8,36870.50505393503,237609.9214586924,3.0005293826444523,21.003705678511167,34.3,1.000176460881484,0.0,1.000176460881484,0.0
2026-03-04T16:33:29+00:00,1772642009.96392,1.45,6.2,0.0,2304.0,16,13401186304,3622764544,78.7,17023950848,320016384,2.8,65503.594156771826,98255.39123515775,0.9995055260737888,5.9970331564427335,34.3,55.97230946013217,65.96736472087007,1.9990110521475777,0.9995055260737888
2026-03-04T16:33:30+00:00,1772642010.9637115,2.34375,6.2,0.0,2304.0,16,13403992064,3619958784,78.7,17023950848,320016384,2.8,0.0,73743.38406874183,0.0,2.000417319573075,34.3,1.0002086597865374,0.0,1.0002086597865374,0.0
2026-03-04T16:33:31+00:00,1772642011.9633863,5.425,10.8,1.6,2304.0,16,13405069312,3618881536,78.7,17023950848,320016384,2.8,0.0,69654.65189771377,0.0,2.000650617466503,34.3,1.0003253087332515,0.0,1.0003253087332515,0.0
2026-03-04T16:33:32+00:00,1772642012.9632702,1.85625,7.8,0.0,2304.0,16,13406085120,3617865728,78.7,17023950848,320016384,2.8,0.0,16385.90256465649,0.0,2.0002322466621694,34.3,1.0001161233310847,0.0,1.0001161233310847,0.0
2026-03-04T16:33:33+00:00,1772642013.9636936,1.8687500000000001,4.7,0.0,2304.0,16,13403643904,3620306944,78.7,17023950848,320016384,2.8,0.0,0.0,0.0,0.0,34.3,0.9995767478217765,0.0,0.9995767478217765,0.0
2026-03-04T16:33:34+00:00,1772642014.963553,0.6937500000000001,1.6,0.0,2304.0,16,13404983296,3618967552,78.7,17023950848,320008192,2.8,0.0,16386.305011738998,0.0,3.0004220602549436,34.3,1.0001406867516478,0.0,1.0001406867516478,0.0
2026-03-04T16:33:35+00:00,1772642015.9632926,3.025,6.2,0.0,2304.0,16,13403717632,3620233216,78.7,17023950848,320008192,2.8,0.0,69650.1336273959,0.0,2.0005208417795237,34.3,1.0002604208897619,0.0,1.0002604208897619,0.0
2026-03-04T16:33:36+00:00,1772642016.9631765,5.05,12.3,1.5,2304.0,16,13404360704,3619590144,78.7,17023950848,320008192,2.8,0.0,303139.1974461451,0.0,11.001277356641932,34.3,6340.736221919077,6809.790683761356,17.00197409662844,20.002322466621695
2026-03-04T16:33:37+00:00,1772642017.963639,1.475,3.1,0.0,2304.0,16,13400326144,3623624704,78.7,17023950848,320008192,2.8,0.0,32752.850757010317,0.0,0.9995376817935278,34.3,0.9995376817935278,143.933426178268,0.9995376817935278,1.9990753635870555
2026-03-04T16:33:38+00:00,1772642018.9634697,0.8812500000000001,3.1,0.0,2304.0,16,13399371776,3624579072,78.7,17023950848,320008192,2.8,0.0,98320.64344235517,0.0,8.001354446806248,34.3,476.08058958497173,295.04994522598037,5.000846529253905,2.000338611701562
2026-03-04T16:33:39+00:00,1772642019.9635699,3.1750000000000003,13.4,0.0,2304.0,16,13401194496,3622756352,78.7,17023950848,320008192,2.8,0.0,278500.1121675705,0.0,9.998998742229524,34.3,9215.07724083873,5884.4107598020755,12.998698364898383,14.998498113344287
2026-03-04T16:33:40+00:00,1772642020.9635313,2.15,4.7,0.0,2304.0,16,13398822912,3625127936,78.7,17023950848,320008192,2.8,0.0,221192.54329872475,0.0,24.000927007240097,34.3,3017.116532535141,5225.2018172012295,10.000386253016707,12.000463503620049
2026-03-04T16:33:41+00:00,1772642021.963744,1.8562500000000002,6.2,0.0,2304.0,16,13413142528,3610808320,78.8,17023950848,320008192,2.8,32761.032731724572,57331.807280518005,0.9997873758460868,4.998936879230434,34.3,6246.67152428635,664.8586049376478,5.998724255076521,4.998936879230434
2026-03-04T16:33:42+00:00,1772642022.9635277,1.06875,4.7,0.0,2304.0,16,13398740992,3625209856,78.7,17023950848,320008192,2.8,0.0,69647.06087403602,0.0,2.0004325848470823,34.3,108.02335958174244,108.02335958174244,2.0004325848470823,2.0004325848470823
2026-03-04T16:33:43+00:00,1772642023.963305,2.4375,7.6,0.0,2304.0,16,13406486528,3617464320,78.8,17023950848,320008192,2.8,0.0,4096.912312531448,0.0,1.000222732551623,34.3,0.0,0.0,0.0,0.0
2026-03-04T16:33:44+00:00,1772642024.9634366,2.05,6.2,0.0,2304.0,16,13401903104,3622047744,78.7,17023950848,320008192,2.8,0.0,81909.22016870185,0.0,2.9996052307874215,34.3,0.0,0.0,0.0,0.0
2026-03-04T16:33:45+00:00,1772642025.9635634,3.33125,7.8,0.0,2304.0,16,13405286400,3618664448,78.7,17023950848,320008192,2.8,0.0,225251.42940510667,0.0,8.998858596617366,34.3,0.0,0.0,0.0,0.0
2026-03-04T16:33:46+00:00,1772642026.9633448,4.8625,9.4,1.5,2304.0,16,13404303360,3619647488,78.7,17023950848,320008192,2.8,4096.895703640041,16387.582814560163,1.0002186776464943,3.000656032939483,34.3,0.0,0.0,0.0,0.0
2026-03-04T16:33:47+00:00,1772642027.9636676,0.8875000000000001,3.1,0.0,2304.0,16,13403860992,3620089856,78.7,17023950848,320008192,2.8,0.0,28662.74712762575,0.0,6.997740997955505,34.3,54.982250698221826,65.9787008378662,0.999677285422215,0.999677285422215
2026-03-04T16:33:48+00:00,1772642028.9636083,3.90625,6.2,1.6,2304.0,16,13401243648,3622707200,78.7,17023950848,320008192,2.8,0.0,0.0,0.0,0.0,34.3,0.0,0.0,0.0,0.0
2026-03-04T16:33:49+00:00,1772642029.963452,2.25,7.8,0.0,2304.0,16,13405663232,3618287616,78.7,17023950848,320008192,2.8,0.0,57352.95647680576,0.0,4.000624754241473,34.3,0.0,0.0,0.0,0.0
2026-03-04T16:33:50+00:00,1772642030.9633546,3.13125,7.8,0.0,2304.0,16,13402226688,3621724160,78.7,17023950848,320008192,2.8,0.0,69638.7907012455,0.0,2.0001950454172075,34.3,0.0,0.0,0.0,0.0
2026-03-04T16:33:51+00:00,1772642031.9635253,1.55625,4.7,0.0,2304.0,16,13402632192,3621318656,78.7,17023950848,320008192,2.8,0.0,4095.3009005916538,0.0,0.9998293214335092,34.3,0.0,0.0,0.0,0.0
2026-03-04T16:33:52+00:00,1772642032.9633763,4.86875,12.3,1.6,2304.0,16,13406949376,3617001472,78.8,17023950848,320008192,2.8,0.0,0.0,0.0,0.0,34.3,0.0,0.0,0.0,0.0
2026-03-04T16:33:53+00:00,1772642033.963503,2.15,7.8,0.0,2304.0,16,13400752128,3623198720,78.7,17023950848,320008192,2.8,0.0,69623.18568620697,0.0,1.999746831520191,34.3,0.0,0.0,0.0,0.0
2026-03-04T16:33:54+00:00,1772642034.963255,1.28125,3.1,0.0,2304.0,16,13406584832,3617366016,78.8,17023950848,320008192,2.8,0.0,94231.36516851789,0.0,6.001488100916136,34.3,0.0,0.0,0.0,0.0
2026-03-04T16:33:55+00:00,1772642035.963403,3.13125,14.1,0.0,2304.0,16,13365231616,3658719232,78.5,17023950848,320008192,2.8,0.0,4095.3936444632504,0.0,0.9998519639802858,34.3,0.0,0.0,0.0,0.0
2026-03-04T16:33:56+00:00,1772642036.9633677,3.6,7.7,1.6,2304.0,16,13352726528,3671224320,78.4,17023950848,319848448,2.8,8192.289072700205,8192.289072700205,1.0000352871948492,1.0000352871948492,34.3,0.0,0.0,0.0,0.0
2026-03-04T16:33:57+00:00,1772642037.9633155,1.8687500000000001,9.4,0.0,2304.0,16,13356666880,3667283968,78.5,17023950848,319848448,2.8,1376327.8631272374,94212.9192021621,64.0033418492949,17.000887678718957,34.3,109.00569158708038,120.00626596742794,2.0001044327904656,2.0001044327904656
2026-03-04T16:33:58+00:00,1772642038.9636796,2.6375,6.2,0.0,2304.0,16,13357744128,3666206720,78.5,17023950848,319848448,2.8,0.0,626459.9277597215,0.0,38.985806625672005,34.3,0.0,0.0,0.0,0.0
2026-03-04T16:33:59+00:00,1772642039.9634821,3.98125,12.3,0.0,2304.0,16,13357469696,3666481152,78.5,17023950848,319848448,2.8,0.0,65548.9400545037,0.0,3.000592348686388,34.3,0.0,0.0,0.0,0.0
2026-03-04T16:34:00+00:00,1772642040.963416,1.45625,4.6,0.0,2304.0,16,13360578560,3663372288,78.5,17023950848,319848448,2.8,0.0,73732.86946221376,0.0,3.0001981389247137,34.3,0.0,0.0,0.0,0.0
2026-03-04T16:34:01+00:00,1772642041.963442,1.6625,4.7,0.0,2304.0,16,13359857664,3664093184,78.5,17023950848,319848448,2.8,0.0,4095.893557453689,0.0,0.999974013050217,34.3,525.9863308644142,752.9804318268134,5.999844078301302,4.999870065251085
2026-03-04T16:34:02+00:00,1772642042.9635184,2.15625,6.2,0.0,2304.0,16,13360082944,3663867904,78.5,17023950848,319848448,2.8,32765.50019072031,4095.687523840039,0.9999237118750095,0.9999237118750095,34.3,0.0,0.0,0.0,0.0
2026-03-04T16:34:03+00:00,1772642043.9633133,1.5625,6.2,0.0,2304.0,16,13359181824,3664769024,78.5,17023950848,319848448,2.8,0.0,32774.72012789488,0.0,7.001435574196293,34.3,0.0,0.0,0.0,0.0
2026-03-04T16:34:04+00:00,1772642044.963392,3.4125,7.7,0.0,2304.0,16,13358743552,3665207296,78.5,17023950848,319848448,2.8,0.0,126966.01055157614,0.0,6.999449296410605,34.3,0.0,0.0,0.0,0.0
2026-03-04T16:34:05+00:00,1772642045.963313,1.95,6.2,0.0,2304.0,16,13368807424,3655143424,78.5,17023950848,319848448,2.8,20481.616338493357,204816.16338493358,5.00039461388998,10.00078922777996,34.3,0.0,0.0,0.0,0.0
2026-03-04T16:34:06+00:00,1772642046.9638054,0.9812500000000001,3.1,0.0,2304.0,16,13361504256,3662446592,78.5,17023950848,319848448,2.8,0.0,8187.968781582364,0.0,0.9995079079080034,34.3,0.0,0.0,0.0,0.0
2026-03-04T16:34:07+00:00,1772642047.9637144,3.1375,7.7,1.6,2304.0,16,13361254400,3662696448,78.5,17023950848,319848448,2.8,0.0,0.0,0.0,0.0,34.3,55.005009630603524,66.00601155672423,1.0000910841927915,1.0000910841927915
2026-03-04T16:34:08+00:00,1772642048.9634407,1.6625,3.2,0.0,2304.0,16,13366411264,3657539584,78.5,17023950848,319848448,2.8,0.0,86039.54941433136,0.0,2.0005475589269754,34.3,84.02299747493296,0.0,1.0002737794634877,0.0
2026-03-04T16:34:09+00:00,1772642049.9634333,0.8812500000000001,3.1,0.0,2304.0,16,13366976512,3656974336,78.5,17023950848,319848448,2.8,0.0,204801.5136830626,0.0,6.000044346183475,34.3,0.0,54.00039911565127,0.0,1.0000073910305791
2026-03-04T16:34:10+00:00,1772642050.963542,5.2250000000000005,9.1,1.5,2304.0,16,13367640064,3656310784,78.5,17023950848,319848448,2.8,0.0,8191.10947181722,0.0,1.999782585892876,34.3,0.0,0.0,0.0,0.0
2026-03-04T16:34:11+00:00,1772642051.9632423,2.81875,7.7,0.0,2304.0,16,13365903360,3658047488,78.5,17023950848,319848448,2.8,0.0,0.0,0.0,0.0,34.3,228.06835029514338,112.03357558357919,4.001199127984972,2.000599563992486
2026-03-04T16:34:12+00:00,1772642052.9638267,2.34375,7.8,0.0,2304.0,16,13364310016,3659640832,78.5,17023950848,319848448,2.8,65497.725491242636,229242.03921934924,0.9994159773444006,4.997079886722003,34.3,0.0,0.0,0.0,0.0
2026-03-04T16:34:13+00:00,1772642053.9636624,2.43125,7.8,0.0,2304.0,16,13367906304,3656044544,78.5,17023950848,319848448,2.8,0.0,77836.78628009486,0.0,18.002957353023586,34.3,0.0,0.0,0.0,0.0
2026-03-04T16:34:14+00:00,1772642054.9635324,2.24375,6.2,0.0,2304.0,16,13367820288,3656130560,78.5,17023950848,319848448,2.8,0.0,126992.50116756829,0.0,2.000259910023442,34.3,55.007147525644655,66.00857703077358,1.000129955011721,1.000129955011721
2026-03-04T16:34:15+00:00,1772642055.9633374,2.0625,4.7,0.0,2304.0,16,13366788096,3657162752,78.5,17023950848,319848448,2.8,0.0,69645.58272711534,0.0,4.000780257761681,34.3,0.0,0.0,0.0,0.0
2026-03-04T16:34:16+00:00,1772642056.9634914,3.11875,7.8,0.0,2304.0,16,13366071296,3657879552,78.5,17023950848,319848448,2.8,0.0,69621.27704215783,0.0,1.9996920106318312,34.3,0.0,0.0,0.0,0.0
2026-03-04T16:34:17+00:00,1772642057.9633355,2.5500000000000003,6.2,0.0,2304.0,16,13368070144,3655880704,78.5,17023950848,319848448,2.8,0.0,12289.916314427766,0.0,2.0003119001347276,34.3,109.01699855734265,120.01871400808365,2.0003119001347276,2.0003119001347276
2026-03-04T16:34:18+00:00,1772642058.9636178,1.84375,9.4,0.0,2304.0,16,13376253952,3647696896,78.6,17023950848,319848448,2.8,0.0,0.0,0.0,0.0,34.3,0.0,0.0,0.0,0.0
2026-03-04T16:34:19+00:00,1772642059.9636757,1.8687500000000001,6.2,0.0,2304.0,16,13367488512,3656462336,78.5,17023950848,319848448,2.8,0.0,69627.96605402205,0.0,1.999884135283262,34.3,0.0,0.0,0.0,0.0
2026-03-04T16:34:20+00:00,1772642060.9637783,1.56875,6.2,0.0,2304.0,16,13366779904,3657170944,78.5,17023950848,319848448,2.8,0.0,16382.320484683893,0.0,2.9996924715607713,34.3,0.0,0.0,0.0,0.0
2026-03-04T16:34:21+00:00,1772642061.9637444,1.94375,13.8,0.0,2304.0,16,13367291904,3656658944,78.5,17023950848,319848448,2.8,0.0,4096.138676569956,0.0,1.000033856584462,34.3,0.0,0.0,0.0,0.0
2026-03-04T16:34:22+00:00,1772642062.9633267,1.5625,6.2,0.0,2304.0,16,13367046144,3656904704,78.5,17023950848,319848448,2.8,0.0,65563.38643957188,0.0,1.0004178839046003,34.3,0.0,0.0,0.0,0.0
2026-03-04T16:34:23+00:00,1772642063.9633944,1.6625,4.7,0.0,2304.0,16,13366231040,3657719808,78.5,17023950848,319848448,2.8,0.0,16382.890700111668,0.0,1.999864587415975,34.3,0.0,0.0,0.0,0.0
2026-03-04T16:34:24+00:00,1772642064.9635959,1.475,4.7,0.0,2304.0,16,13369896960,3654053888,78.5,17023950848,319848448,2.8,0.0,77808.32444711737,0.0,2.9993957306403183,34.3,0.0,0.0,0.0,0.0
2026-03-04T16:34:25+00:00,1772642065.963293,3.0375,7.8,0.0,2304.0,16,13368217600,3655733248,78.5,17023950848,319848448,2.8,0.0,721114.3473637466,0.0,85.02574508100817,34.3,0.0,0.0,0.0,0.0
2026-03-04T16:34:26+00:00,1772642066.9633036,2.4375,6.2,0.0,2304.0,16,13366849536,3657101312,78.5,17023950848,319848448,2.8,0.0,0.0,0.0,0.0,34.3,0.0,0.0,0.0,0.0
2026-03-04T16:34:27+00:00,1772642067.9636636,1.56875,4.8,0.0,2304.0,16,13360807936,3663142912,78.5,17023950848,319848448,2.8,0.0,245671.55527866582,0.0,36.98668434778091,34.3,109.96041292583513,131.95249551100216,1.9992802350151841,1.9992802350151841
2026-03-04T16:34:28+00:00,1772642068.9635339,0.49375,4.7,0.0,2304.0,16,13364682752,3659268096,78.5,17023950848,319848448,2.8,0.0,4096.531318911907,0.0,1.0001297165312273,34.3,0.0,0.0,0.0,0.0
2026-03-04T16:34:29+00:00,1772642069.9632545,2.63125,7.8,0.0,2304.0,16,13368885248,3655065600,78.5,17023950848,319848448,2.8,0.0,0.0,0.0,0.0,34.3,0.0,0.0,0.0,0.0
2026-03-04T16:34:30+00:00,1772642070.963323,2.54375,6.2,0.0,2304.0,16,13368135680,3655815168,78.5,17023950848,319848448,2.8,0.0,86010.09415552217,0.0,5.999588040982293,34.3,0.0,0.0,0.0,0.0
2026-03-04T16:34:31+00:00,1772642071.963456,1.26875,4.7,0.0,2304.0,16,13368774656,3655176192,78.5,17023950848,319848448,2.8,0.0,16381.824507653531,0.0,1.9997344369694252,34.3,0.0,0.0,0.0,0.0
2026-03-04T16:34:32+00:00,1772642072.9634025,4.53125,13.4,1.6,2304.0,16,13368639488,3655311360,78.5,17023950848,319848448,2.8,0.0,69635.71894861328,0.0,3.0001602258421394,34.3,0.0,0.0,0.0,0.0
2026-03-04T16:34:33+00:00,1772642073.963516,2.3625,6.3,0.0,2304.0,16,13369638912,3654311936,78.5,17023950848,319848448,2.8,0.0,69624.09855296345,0.0,1.9997730512684813,34.3,0.0,0.0,0.0,0.0
2026-03-04T16:34:34+00:00,1772642074.9632907,1.95625,7.8,0.0,2304.0,16,13369413632,3654537216,78.5,17023950848,319848448,2.8,0.0,4096.923059532943,0.0,1.0002253563312848,34.3,0.0,0.0,0.0,0.0
2026-03-04T16:34:35+00:00,1772642075.963483,0.9750000000000001,3.1,0.0,2304.0,16,13365166080,3658784768,78.5,17023950848,319848448,2.8,0.0,69618.60511628893,0.0,3.9992305328750537,34.3,0.0,0.0,0.0,0.0
2026-03-04T16:34:36+00:00,1772642076.9632556,1.06875,3.1,0.0,2304.0,16,13365518336,3658432512,78.5,17023950848,319848448,2.8,0.0,4096.931852576103,0.0,1.0002275030703376,34.3,0.0,0.0,0.0,0.0
2026-03-04T16:34:37+00:00,1772642077.963301,3.50625,10.8,1.6,2304.0,16,13359579136,3664371712,78.5,17023950848,319848448,2.8,0.0,0.0,0.0,0.0,34.3,108.99506257488984,119.99456430263102,1.9999094050438504,1.9999094050438504
2026-03-04T16:34:38+00:00,1772642078.9634042,2.24375,10.8,0.0,2304.0,16,13364473856,3659476992,78.5,17023950848,319848448,2.8,0.0,69624.81226546504,0.0,1.9997935508233293,34.3,426.9559231007808,0.0,4.999483877058323,0.0
2026-03-04T16:34:39+00:00,1772642079.9633787,1.9312500000000001,4.7,0.0,2304.0,16,13364596736,3659354112,78.5,17023950848,319848448,2.8,0.0,4096.104494853246,0.0,1.0000255114387808,34.3,2013.0513545262656,733.0186998846264,12.000306137265369,3.0000765343163422
2026-03-04T16:34:40+00:00,1772642080.9636662,1.9625000000000001,4.7,0.0,2304.0,16,13364383744,3659567104,78.5,17023950848,319848448,2.8,0.0,40948.226041649286,0.0,4.998562749224766,34.3,534.84621416705,3093.1106292202853,6.997987848914673,4.998562749224766
2026-03-04T16:34:41+00:00,1772642081.9635563,1.175,3.1,0.0,2304.0,16,13363597312,3660353536,78.5,17023950848,319848448,2.8,0.0,131086.40783357888,0.0,2.0002198460934277,34.3,427.04693714094685,0.0,5.00054961523357,0.0
2026-03-04T16:34:42+00:00,1772642082.9632869,2.14375,6.2,0.0,2304.0,16,13378412544,3645538304,78.6,17023950848,319848448,2.8,0.0,77844.97244712478,0.0,2.000538971194613,34.3,0.0,0.0,0.0,0.0
2026-03-04T16:34:43+00:00,1772642083.96363,4.9375,7.8,1.6,2304.0,16,13366820864,3657129984,78.5,17023950848,319848448,2.8,0.0,69608.11854491565,0.0,1.999314066662329,34.3,0.0,0.0,0.0,0.0
2026-03-04T16:34:44+00:00,1772642084.9636545,0.78125,3.1,0.0,2304.0,16,13361528832,3662422016,78.5,17023950848,319848448,2.8,0.0,159740.07724476905,0.0,7.999803547915117,34.3,0.0,53.99867394842703,0.0,0.9999754434893896
2026-03-04T16:34:45+00:00,1772642085.963886,3.09375,9.1,0.0,2304.0,16,13367283712,3656667136,78.5,17023950848,319848448,2.8,0.0,217037.7547960503,0.0,4.998842745707969,34.3,0.0,0.0,0.0,0.0
2026-03-04T16:34:46+00:00,1772642086.9634273,3.5375,9.4,0.0,2304.0,16,13367816192,3656134656,78.5,17023950848,319848448,2.8,0.0,65566.07629651892,0.0,15.006883917965451,34.3,0.0,0.0,0.0,0.0
2026-03-04T16:34:47+00:00,1772642087.9635098,1.95,9.2,0.0,2304.0,16,13367742464,3656208384,78.5,17023950848,319848448,2.8,0.0,77817.58060767883,0.0,2.999752541928409,34.3,54.995463268687494,65.994555922425,0.9999175139761363,0.9999175139761363
2026-03-04T16:34:48+00:00,1772642088.9635067,1.1625,6.2,0.0,2304.0,16,13367791616,3656159232,78.5,17023950848,319848448,2.8,0.0,0.0,0.0,0.0,34.3,0.0,0.0,0.0,0.0
2026-03-04T16:34:49+00:00,1772642089.9634387,3.3,6.2,1.5,2304.0,16,13367705600,3656245248,78.5,17023950848,319848448,2.8,0.0,24577.670035352727,0.0,5.000339769562322,34.3,0.0,0.0,0.0,0.0
2026-03-04T16:34:50+00:00,1772642090.9637387,4.0875,6.2,0.0,2304.0,16,13368274944,3655675904,78.5,17023950848,319848448,2.8,0.0,155601.33040388869,0.0,6.997901115512057,34.3,0.0,0.0,0.0,0.0
2026-03-04T16:34:51+00:00,1772642091.963702,1.75625,4.7,0.0,2304.0,16,13361901568,3662049280,78.5,17023950848,319848448,2.8,0.0,69634.55673449925,0.0,2.0000734356186594,34.3,0.0,0.0,0.0,0.0
2026-03-04T16:34:52+00:00,1772642092.9634883,1.74375,4.6,0.0,2304.0,16,13361852416,3662098432,78.5,17023950848,319848448,2.8,0.0,0.0,0.0,0.0,34.3,0.0,0.0,0.0,0.0
2026-03-04T16:34:53+00:00,1772642093.9632738,3.5,9.2,0.0,2304.0,16,13360619520,3663331328,78.5,17023950848,319848448,2.8,0.0,86034.46099254926,0.0,3.0006438683227277,34.3,0.0,0.0,0.0,0.0
2026-03-04T16:34:54+00:00,1772642094.9633572,1.75,7.6,0.0,2304.0,16,13358366720,3665584128,78.5,17023950848,319848448,2.8,0.0,4095.658231644374,0.0,0.9999165604600523,34.3,0.0,0.0,0.0,0.0
2026-03-04T16:34:55+00:00,1772642095.963594,1.175,4.7,0.0,2304.0,16,13362667520,3661283328,78.5,17023950848,319848448,2.8,0.0,503688.75186476664,0.0,54.986981851344495,34.3,0.0,0.0,0.0,0.0
2026-03-04T16:34:56+00:00,1772642096.9633844,2.15,7.7,0.0,2304.0,16,13363015680,3660935168,78.5,17023950848,319848448,2.8,0.0,0.0,0.0,0.0,34.3,0.0,0.0,0.0,0.0
2026-03-04T16:34:57+00:00,1772642097.963502,2.63125,9.4,0.0,2304.0,16,13361315840,3662635008,78.5,17023950848,319848448,2.8,0.0,65528.29778032167,0.0,6.999177314182307,34.3,108.98718960655307,53.99365356654923,1.9997649469092307,0.9998824734546153
2026-03-04T16:34:58+00:00,1772642098.9633543,1.6625,4.7,0.0,2304.0,16,13366288384,3657662464,78.5,17023950848,319848448,2.8,0.0,4096.60458141229,0.0,1.0001476028838598,34.3,4284.632330754456,16767.47456234791,14.002066440374039,21.00309966056106
2026-03-04T16:34:59+00:00,1772642099.9635656,4.16875,13.6,0.0,2304.0,16,13368352768,3655598080,78.5,17023950848,319848448,2.8,0.0,102378.37370893809,0.0,2.9993664172540457,34.3,1187.749101232602,54857.41198277075,21.995353726529668,43.990707453059336
2026-03-04T16:35:00+00:00,1772642100.9633327,1.9500000000000002,9.4,0.0,2304.0,16,13365624832,3658326016,78.5,17023950848,319848448,2.8,0.0,90132.9951248734,0.0,3.000698967669347,34.3,0.0,78.01817315940302,0.0,1.0002329892231157
2026-03-04T16:35:01+00:00,1772642101.9635847,0.775,7.7,0.0,2304.0,16,13366378496,3657572352,78.5,17023950848,319848448,2.8,0.0,4094.9680335017656,0.0,0.999748055054142,34.3,0.0,0.0,0.0,0.0
2026-03-04T16:35:02+00:00,1772642102.963412,2.74375,6.2,0.0,2304.0,16,13368344576,3655606272,78.5,17023950848,319848448,2.8,0.0,290866.2078853867,0.0,23.0039708316045,34.3,0.0,0.0,0.0,0.0
2026-03-04T16:35:03+00:00,1772642103.963756,1.1812500000000001,4.7,0.0,2304.0,16,13367705600,3656245248,78.5,17023950848,319848448,2.8,0.0,0.0,0.0,0.0,34.3,0.0,0.0,0.0,0.0
2026-03-04T16:35:04+00:00,1772642104.9633882,3.11875,7.8,0.0,2304.0,16,13366812672,3657138176,78.5,17023950848,319848448,2.8,0.0,57365.103466665525,0.0,13.004784198288432,34.3,0.0,0.0,0.0,0.0
2026-03-04T16:35:05+00:00,1772642105.9634478,3.60625,6.2,0.0,2304.0,16,13368438784,3655512064,78.5,17023950848,319848448,2.8,0.0,69627.84985674282,0.0,3.9997615956309063,34.3,0.0,0.0,0.0,0.0
2026-03-04T16:35:06+00:00,1772642106.9638991,2.04375,4.7,0.0,2304.0,16,13376020480,3647930368,78.6,17023950848,319848448,2.8,0.0,69600.58741951342,0.0,1.999097754466723,34.3,0.0,0.0,0.0,0.0
2026-03-04T16:35:07+00:00,1772642107.9633636,1.26875,6.1,0.0,2304.0,16,13368332288,3655618560,78.5,17023950848,319848448,2.8,0.0,0.0,0.0,0.0,34.3,0.0,0.0,0.0,0.0
2026-03-04T16:35:08+00:00,1772642108.9636865,2.14375,4.7,0.0,2304.0,16,13367894016,3656056832,78.5,17023950848,319848448,2.8,0.0,8189.356322178785,0.0,0.999677285422215,34.3,54.982250698221826,65.9787008378662,0.999677285422215,0.999677285422215
2026-03-04T16:35:09+00:00,1772642109.9633653,3.6125,10.6,0.0,2304.0,16,13367316480,3656634368,78.5,17023950848,319848448,2.8,0.0,65557.05363637165,0.0,8.002570023971149,34.3,0.0,0.0,0.0,0.0
2026-03-04T16:35:10+00:00,1772642110.963562,3.60625,6.2,1.5,2304.0,16,13367541760,3656409088,78.5,17023950848,319848448,2.8,0.0,16380.77797750677,0.0,3.999213373414739,34.3,0.0,0.0,0.0,0.0
2026-03-04T16:35:11+00:00,1772642111.963818,2.1625,6.2,0.0,2304.0,16,13367296000,3656654848,78.5,17023950848,319848448,2.8,81899.02880741617,65519.22304593293,4.998720019983897,0.9997440039967793,34.3,173.9554566954396,57.9851522318132,2.9992320119903377,0.9997440039967793
2026-03-04T16:35:12+00:00,1772642112.963446,0.7937500000000001,3.1,0.0,2304.0,16,13368905728,3655045120,78.5,17023950848,319848448,2.8,0.0,4097.524981617046,0.0,1.0003723099650992,34.3,54.02010473811536,54.02010473811536,1.0003723099650992,1.0003723099650992
2026-03-04T16:35:13+00:00,1772642113.9633725,1.5750000000000002,6.2,0.0,2304.0,16,13366992896,3656957952,78.5,17023950848,319848448,2.8,0.0,94214.91847679397,0.0,3.00022031494546,34.3,0.0,0.0,0.0,0.0
2026-03-04T16:35:14+00:00,1772642114.9637158,1.6500000000000001,4.7,0.0,2304.0,16,13361090560,3662860288,78.5,17023950848,319848448,2.8,0.0,77797.29042000655,0.0,3.9986271803046134,34.3,0.0,0.0,0.0,0.0
2026-03-04T16:35:15+00:00,1772642115.9633677,1.2750000000000001,6.2,0.0,2304.0,16,13360697344,3663253504,78.5,17023950848,319848448,2.8,81948.52555449237,114727.93577628932,2.000696424670224,8.002785698680896,34.3,0.0,0.0,0.0,0.0
2026-03-04T16:35:16+00:00,1772642116.9636729,3.7875,7.8,0.0,2304.0,16,13358981120,3664969728,78.5,17023950848,319848448,2.8,0.0,4094.7503813533467,0.0,0.9996949173225944,34.3,0.0,0.0,0.0,0.0
2026-03-04T16:35:17+00:00,1772642117.963511,2.15,6.2,0.0,2304.0,16,13358206976,3665743872,78.5,17023950848,319848448,2.8,0.0,98319.91663918448,0.0,7.001133386986199,34.3,0.0,0.0,0.0,0.0
2026-03-04T16:35:18+00:00,1772642118.963557,1.76875,4.7,0.0,2304.0,16,13359558656,3664392192,78.5,17023950848,319848448,2.8,0.0,0.0,0.0,0.0,34.3,108.99498461913312,119.99447847977957,1.9999079746629929,1.9999079746629929
2026-03-04T16:35:19+00:00,1772642119.9633555,1.6625,6.2,0.0,2304.0,16,13366157312,3657793536,78.5,17023950848,319848448,2.8,0.0,151582.5383789373,0.0,22.004433094493113,34.3,0.0,0.0,0.0,0.0
2026-03-04T16:35:20+00:00,1772642120.9638164,1.175,4.7,0.0,2304.0,16,13357686784,3666264064,78.5,17023950848,319848448,2.8,4094.113174255887,8188.226348511774,0.9995393491835661,1.9990786983671323,34.3,0.0,0.0,0.0,0.0
2026-03-04T16:35:21+00:00,1772642121.9635794,4.05,7.7,0.0,2304.0,16,13361098752,3662852096,78.5,17023950848,319848448,2.8,0.0,61454.56399836883,0.0,2.0004740884885686,34.3,0.0,0.0,0.0,0.0
2026-03-04T16:35:22+00:00,1772642122.963606,2.2375000000000003,7.7,0.0,2304.0,16,13359845376,3664105472,78.5,17023950848,319848448,2.8,0.0,65534.2500467288,0.0,0.9999732978321655,34.3,0.9999732978321655,0.0,0.9999732978321655,0.0
2026-03-04T16:35:23+00:00,1772642123.9635115,1.4625000000000001,6.2,0.0,2304.0,16,13361225728,3662725120,78.5,17023950848,319848448,2.8,0.0,360482.12041707174,0.0,32.00302915634514,34.3,1.0000946611357857,0.0,1.0000946611357857,0.0
2026-03-04T16:35:24+00:00,1772642124.9633882,2.55625,7.8,0.0,2304.0,16,13358891008,3665059840,78.5,17023950848,319848448,2.8,0.0,245790.2967031945,0.0,25.003081940022227,34.3,1.000123277600889,0.0,1.000123277600889,0.0
2026-03-04T16:35:25+00:00,1772642125.9633996,1.46875,6.2,0.0,2304.0,16,13358788608,3665162240,78.5,17023950848,319848448,2.8,0.0,163838.12502145744,0.0,5.999931336235013,34.3,0.9999885560391689,0.0,0.9999885560391689,0.0
2026-03-04T16:35:26+00:00,1772642126.963749,4.175,9.4,0.0,2304.0,16,13359759360,3664191488,78.5,17023950848,319848448,2.8,0.0,0.0,0.0,0.0,34.3,0.0,0.0,0.0,0.0
2026-03-04T16:35:27+00:00,1772642127.9635317,2.05,9.2,0.0,2304.0,16,13357490176,3666460672,78.5,17023950848,319848448,2.8,0.0,73744.01715078935,0.0,2.0004344930227145,34.3,0.0,0.0,0.0,0.0
2026-03-04T16:35:28+00:00,1772642128.9637458,2.7125,7.7,0.0,2304.0,16,13356838912,3667111936,78.5,17023950848,319848448,2.8,0.0,53236.602049674846,0.0,1.9995718918898304,34.3,54.988227026970335,65.9858724323644,0.9997859459449152,0.9997859459449152
2026-03-04T16:35:29+00:00,1772642129.963607,1.375,3.1,0.0,2304.0,16,13357023232,3666927616,78.5,17023950848,319848448,2.8,0.0,69641.66345027162,0.0,2.000277557739879,34.3,0.0,0.0,0.0,0.0
2026-03-04T16:35:30+00:00,1772642130.9633658,3.0375,6.2,0.0,2304.0,16,13346545664,3677405184,78.4,17023950848,319848448,2.8,0.0,12290.965559278962,0.0,2.0004826756638936,34.3,0.0,0.0,0.0,0.0
2026-03-04T16:35:31+00:00,1772642131.9635127,1.26875,6.2,0.0,2304.0,16,13348261888,3675688960,78.4,17023950848,319848448,2.8,0.0,200674.52776596454,0.0,2.999559467165047,34.3,1.9997063114433649,0.0,1.9997063114433649,0.0
2026-03-04T16:35:32+00:00,1772642132.9633362,2.6375,6.2,0.0,2304.0,16,13347545088,3676405760,78.4,17023950848,319848448,2.8,0.0,12290.168351311677,0.0,3.0005293826444523,34.3,1.000176460881484,142.02505744517075,1.000176460881484,1.000176460881484
2026-03-04T16:35:33+00:00,1772642133.9633665,1.76875,6.2,0.0,2304.0,16,13340581888,3683368960,78.4,17023950848,319848448,2.8,0.0,0.0,0.0,0.0,34.3,4047.8774336733636,7227.781148861431,8.999727495815284,9.999697217572539
2026-03-04T16:35:34+00:00,1772642134.9636793,2.73125,6.2,0.0,2304.0,16,13348081664,3675869184,78.4,17023950848,319848448,2.8,16378.876602625216,139220.45112231435,0.9996872926406992,18.994058560173286,34.3,55.98248838787916,661.7929877281429,2.999061877922098,2.999061877922098
2026-03-04T16:35:35+00:00,1772642135.963457,1.275,4.6,0.0,2304.0,16,13348196352,3675754496,78.4,17023950848,319848448,2.8,0.0,122907.31075611703,0.0,14.003111577031563,34.3,1.0002222555022544,0.0,1.0002222555022544,0.0
2026-03-04T16:35:36+00:00,1772642136.9632635,3.8125,7.8,1.6,2304.0,16,13352640512,3671310336,78.4,17023950848,319848448,2.8,0.0,69645.48307901864,0.0,2.00038726674571,34.3,5203.007280805591,7380.428820658296,11.002129967101403,10.00193633372855
2026-03-04T16:35:37+00:00,1772642137.9634833,1.8687500000000001,7.7,0.0,2304.0,16,13351038976,3672911872,78.4,17023950848,319848448,2.8,0.0,49141.197687085274,0.0,1.9995604527622588,34.3,246.94571591613897,802.8235217840469,3.9991209055245176,5.998681358286777
2026-03-04T16:35:38+00:00,1772642138.9638247,2.35625,6.2,0.0,2304.0,16,13345841152,3678109696,78.4,17023950848,319848448,2.8,0.0,69608.23467634761,0.0,1.9993174022388445,34.3,108.96279842201702,119.95904413433067,1.9993174022388445,1.9993174022388445
2026-03-04T16:35:39+00:00,1772642139.9638531,7.2625,15.2,3.1,2304.0,16,13343760384,3680190464,78.4,17023950848,319848448,2.8,0.0,4095.883792359521,0.0,0.9999716289940237,34.3,73.99790054555775,357.9898431798605,0.9999716289940237,0.9999716289940237
2026-03-04T16:35:40+00:00,1772642140.9633532,1.26875,3.1,0.0,2304.0,16,13345849344,3678101504,78.4,17023950848,319848448,2.8,49176.586511114554,24588.293255557277,1.000500213849173,3.001500641547519,34.3,2.001000427698346,0.0,2.001000427698346,0.0
2026-03-04T16:35:41+00:00,1772642141.9636223,1.7750000000000001,9.4,0.0,2304.0,16,13346512896,3677437952,78.4,17023950848,319848448,2.8,0.0,65518.36412212995,0.0,0.9997308978596489,34.3,0.9997308978596489,0.0,0.9997308978596489,0.0
2026-03-04T16:35:42+00:00,1772642142.9632351,0.7937500000000001,3.2,0.0,2304.0,16,13347733504,3676217344,78.4,17023950848,319848448,2.8,0.0,4097.586551799804,0.0,1.000387341747999,34.3,0.0,0.0,0.0,0.0
2026-03-04T16:35:43+00:00,1772642143.9633334,2.1375,10.8,0.0,2304.0,16,13365022720,3658928128,78.5,17023950848,319848448,2.8,0.0,73720.75852381901,0.0,5.999410687159751,34.3,0.9999017811932918,0.0,0.9999017811932918,0.0
2026-03-04T16:35:44+00:00,1772642144.963501,2.14375,6.2,0.0,2304.0,16,13347115008,3676835840,78.4,17023950848,319848448,2.8,0.0,28667.195141271517,0.0,5.998994518960278,34.3,97.98357714301788,107.98190134128501,2.999497259480139,1.999664839653426
2026-03-04T16:35:45+00:00,1772642145.9638824,2.7,6.2,0.0,2304.0,16,13350297600,3673653248,78.4,17023950848,319848448,2.8,65511.009533106575,106455.39049129818,0.9996186757370998,2.9988560272112994,34.3,0.9996186757370998,0.0,0.9996186757370998,0.0
2026-03-04T16:35:46+00:00,1772642146.9633813,4.1,9.2,0.0,2304.0,16,13351260160,3672690688,78.4,17023950848,319848448,2.8,0.0,73764.96774535197,0.0,13.006518292773105,34.3,0.0,0.0,0.0,0.0
2026-03-04T16:35:47+00:00,1772642147.963643,2.25,7.7,0.0,2304.0,16,13349249024,3674701824,78.4,17023950848,319848448,2.8,0.0,69613.77625505255,0.0,1.9994765698257282,34.3,0.0,0.0,0.0,0.0
2026-03-04T16:35:48+00:00,1772642148.9636524,3.50625,7.8,0.0,2304.0,16,13351788544,3672162304,78.4,17023950848,319848448,2.8,0.0,65535.390630666116,0.0,0.9999907017618731,34.3,54.99948859690302,65.99938631628362,0.9999907017618731,0.9999907017618731
2026-03-04T16:35:49+00:00,1772642149.9633434,1.66875,4.7,0.0,2304.0,16,13349007360,3674943488,78.4,17023950848,319848448,2.8,0.0,4097.266016186947,0.0,1.0003090859831414,34.3,0.0,0.0,0.0,0.0
2026-03-04T16:35:50+00:00,1772642150.963861,2.8125,6.2,0.0,2304.0,16,13347688448,3676262400,78.4,17023950848,319848448,2.8,0.0,73689.85763337086,0.0,2.998447983128697,34.3,0.0,0.0,0.0,0.0
2026-03-04T16:35:51+00:00,1772642151.9634285,2.43125,6.2,0.0,2304.0,16,13352394752,3671556096,78.4,17023950848,319848448,2.8,0.0,557297.0261166991,0.0,69.02985481181827,34.3,0.0,0.0,0.0,0.0
2026-03-04T16:35:52+00:00,1772642152.9632652,2.73125,9.2,0.0,2304.0,16,13343338496,3680612352,78.4,17023950848,319848448,2.8,0.0,65546.70487328486,0.0,1.0001633434033945,34.3,0.0,0.0,0.0,0.0
2026-03-04T16:35:53+00:00,1772642153.963325,0.2,1.6,0.0,2304.0,16,13344305152,3679645696,78.4,17023950848,319848448,2.8,0.0,106489.62733448483,0.0,17.99892288931722,34.3,0.0,0.0,0.0,0.0
2026-03-04T16:35:54+00:00,1772642154.9636054,1.575,4.7,0.0,2304.0,16,13351538688,3672412160,78.4,17023950848,319848448,2.8,0.0,208837.4461048557,0.0,14.995795475130379,34.3,0.0,0.0,0.0,0.0
2026-03-04T16:35:55+00:00,1772642155.963587,1.9500000000000002,3.1,0.0,2304.0,16,13349990400,3673960448,78.4,17023950848,319848448,2.8,0.0,77825.42873716659,0.0,4.000073434270487,34.3,0.0,0.0,0.0,0.0
2026-03-04T16:35:56+00:00,1772642156.9636805,1.875,9.4,0.0,2304.0,16,13360123904,3663826944,78.5,17023950848,319848448,2.8,0.0,36860.5550094691,0.0,5.999439291905778,34.3,0.0,0.0,0.0,0.0
2026-03-04T16:35:57+00:00,1772642157.9634035,1.25,7.6,0.0,2304.0,16,13349634048,3674316800,78.4,17023950848,319848448,2.8,0.0,4097.1350800903,0.0,1.000277119162671,34.3,0.0,0.0,0.0,0.0
2026-03-04T16:35:58+00:00,1772642158.96372,1.26875,4.7,0.0,2304.0,16,13348589568,3675361280,78.4,17023950848,319848448,2.8,0.0,16378.814141945719,0.0,1.9993669606867333,34.3,54.982591418885164,65.9791097026622,0.9996834803433666,0.9996834803433666
2026-03-04T16:35:59+00:00,1772642159.9633799,2.44375,6.2,0.0,2304.0,16,13345292288,3678658560,78.4,17023950848,319848448,2.8,0.0,69655.69849246711,0.0,2.0006806782073503,34.3,0.0,0.0,0.0,0.0
2026-03-04T16:36:00+00:00,1772642160.9635692,1.75,4.7,0.0,2304.0,16,13345923072,3678027776,78.4,17023950848,319848448,2.8,0.0,8190.449512264076,0.0,1.9996214629550966,34.3,0.0,0.0,0.0,0.0
2026-03-04T16:36:01+00:00,1772642161.9634595,1.94375,7.6,0.0,2304.0,16,13343412224,3680538624,78.4,17023950848,319848448,2.8,0.0,286751.4487615658,0.0,6.00065810745464,34.3,0.0,0.0,0.0,0.0
2026-03-04T16:36:02+00:00,1772642162.963586,2.0625,6.2,0.0,2304.0,16,13339934720,3684016128,78.4,17023950848,319848448,2.8,0.0,4095.481510953351,0.0,0.9998734157600955,34.3,0.0,0.0,0.0,0.0
2026-03-04T16:36:03+00:00,1772642163.963305,3.2375,6.3,1.5,2304.0,16,13345361920,3678588928,78.4,17023950848,319848448,2.8,0.0,0.0,0.0,0.0,34.3,0.0,0.0,0.0,0.0
2026-03-04T16:36:04+00:00,1772642164.9637775,1.7249999999999999,7.6,0.0,2304.0,16,13342322688,3681628160,78.4,17023950848,319848448,2.8,0.0,4094.065367327203,0.0,0.999527677570118,34.3,0.0,0.0,0.0,0.0
2026-03-04T16:36:05+00:00,1772642165.9635332,2.3625000000000003,6.2,0.0,2304.0,16,13341265920,3682684928,78.4,17023950848,319848448,2.8,0.0,73746.0219823198,0.0,5.001222193896471,34.3,0.0,0.0,0.0,0.0
2026-03-04T16:36:06+00:00,1772642166.9633813,3.2,7.6,0.0,2304.0,16,13344251904,3679698944,78.4,17023950848,319848448,2.8,0.0,69642.57680163924,0.0,2.0003037914073767,34.3,0.0,0.0,0.0,0.0
2026-03-04T16:36:07+00:00,1772642167.963366,1.9625000000000001,6.2,0.0,2304.0,16,13338415104,3685535744,78.4,17023950848,319848448,2.8,0.0,0.0,0.0,0.0,34.3,0.0,0.0,0.0,0.0
2026-03-04T16:36:08+00:00,1772642168.963582,0.78125,6.2,0.0,2304.0,16,13346836480,3677114368,78.4,17023950848,319848448,2.8,0.0,69616.96223264151,0.0,16.996328670078494,34.3,54.98812216790101,0.0,0.999784039416382,0.0
2026-03-04T16:36:09+00:00,1772642169.963535,0.9812500000000001,3.1,0.0,2304.0,16,13354401792,3669549056,78.4,17023950848,319848448,2.8,0.0,69635.27066143043,0.0,2.000093941332446,34.3,0.0,0.0,0.0,0.0
2026-03-04T16:36:10+00:00,1772642170.9632766,2.73125,6.2,0.0,2304.0,16,13344583680,3679367168,78.4,17023950848,319848448,2.8,0.0,73747.05961337588,0.0,5.001292562756068,34.3,55.01421819031675,0.0,1.0002585125512136,0.0
2026-03-04T16:36:11+00:00,1772642171.9632812,3.10625,12.3,0.0,2304.0,16,13344342016,3679608832,78.4,17023950848,319848448,2.8,0.0,65535.70312634482,0.0,0.9999954700675174,34.3,65.99970102445616,0.0,0.9999954700675174,0.0
2026-03-04T16:36:12+00:00,1772642172.9633827,2.25,6.2,0.0,2304.0,16,13342654464,3681296384,78.4,17023950848,319848448,2.8,0.0,4095.584026623883,0.0,0.9998984439999714,34.3,215.9780639039938,297.9697363119915,3.9995937759998856,4.999492219999857
2026-03-04T16:36:13+00:00,1772642173.9636555,1.35,9.1,0.0,2304.0,16,13347237888,3676712960,78.4,17023950848,319848448,2.8,0.0,4094.883117130757,0.0,0.9997273235182512,34.3,0.0,0.0,0.0,0.0
2026-03-04T16:36:14+00:00,1772642174.9636438,1.65625,6.1,0.0,2304.0,16,13348003840,3675947008,78.4,17023950848,319848448,2.8,0.0,4096.047852121533,0.0,1.0000116826468586,34.3,0.0,0.0,0.0,0.0
2026-03-04T16:36:15+00:00,1772642175.9637768,1.55625,4.6,0.0,2304.0,16,13347164160,3676786688,78.4,17023950848,319848448,2.8,0.0,12286.365451831312,0.0,1.9997339602590025,34.3,0.0,0.0,0.0,0.0
2026-03-04T16:36:16+00:00,1772642176.9637706,5.23125,10.9,1.6,2304.0,16,13347876864,3676073984,78.4,17023950848,319848448,2.8,0.0,4096.025390782394,0.0,1.000006198921483,34.3,0.0,0.0,0.0,0.0
2026-03-04T16:36:17+00:00,1772642177.9633381,2.54375,4.7,0.0,2304.0,16,13347860480,3676090368,78.4,17023950848,319848448,2.8,0.0,12293.316752574246,0.0,3.001298035296447,34.3,0.0,0.0,0.0,0.0
2026-03-04T16:36:18+00:00,1772642178.9634666,2.625,6.2,0.0,2304.0,16,13342396416,3681554432,78.4,17023950848,319848448,2.8,0.0,143341.57951561,0.0,4.9993575444897465,34.3,0.0,0.0,0.0,0.0
2026-03-04T16:36:19+00:00,1772642179.9636168,1.16875,7.7,0.0,2304.0,16,13341884416,3682066432,78.4,17023950848,319848448,2.8,0.0,69621.54258636727,0.0,1.9996996377058613,34.3,5013.246991728594,5098.234226331094,13.99789746394103,14.997747282793961
2026-03-04T16:36:20+00:00,1772642180.9632578,1.66875,4.8,0.0,2304.0,16,13362425856,3661524992,78.5,17023950848,319848448,2.8,0.0,81949.42462765914,0.0,6.002155124096129,34.3,0.0,0.0,0.0,0.0
2026-03-04T16:36:21+00:00,1772642181.9634702,3.5875,10.8,0.0,2304.0,16,13345361920,3678588928,78.4,17023950848,319848448,2.8,0.0,298944.4949357539,0.0,34.99256649571712,34.3,0.0,0.0,0.0,0.0
2026-03-04T16:36:22+00:00,1772642182.9634256,1.3625,6.2,0.0,2304.0,16,13341970432,3681980416,78.4,17023950848,319848448,2.8,0.0,65538.92200527548,0.0,1.000044586262138,34.3,110.0049044888352,132.00588538660224,2.000089172524276,2.000089172524276
2026-03-04T16:36:23+00:00,1772642183.9634404,1.56875,3.2,0.0,2304.0,16,13346156544,3677794304,78.4,17023950848,319848448,2.8,0.0,315387.337959539,0.0,22.999660020131767,34.3,0.0,0.0,0.0,0.0
2026-03-04T16:36:24+00:00,1772642184.9637704,1.83125,10.8,0.0,2304.0,16,13347684352,3676266496,78.4,17023950848,319848448,2.8,0.0,176069.90198317892,0.0,38.98713536373534,34.3,0.0,0.0,0.0,0.0
2026-03-04T16:36:25+00:00,1772642185.963374,2.25,4.7,0.0,2304.0,16,13350072320,3673878528,78.4,17023950848,319848448,2.8,0.0,155709.7373688804,0.0,6.002379884182786,34.3,0.0,0.0,0.0,0.0
2026-03-04T16:36:26+00:00,1772642186.963278,1.6625,4.7,0.0,2304.0,16,13349646336,3674304512,78.4,17023950848,319848448,2.8,0.0,131084.56370415905,0.0,2.0001917069116066,34.3,0.0,0.0,0.0,0.0
2026-03-04T16:36:27+00:00,1772642187.963304,1.56875,7.8,0.0,2304.0,16,13345533952,3678416896,78.4,17023950848,319848448,2.8,0.0,4095.893557453689,0.0,0.999974013050217,34.3,0.0,0.0,0.0,0.0
2026-03-04T16:36:28+00:00,1772642188.9634898,0.8875000000000001,4.7,0.0,2304.0,16,13345992704,3677958144,78.4,17023950848,319848448,2.8,0.0,4095.239399077444,0.0,0.9998143064153916,34.3,107.97994509286228,224.9582189434631,1.9996286128307832,2.9994429192461745
2026-03-04T16:36:29+00:00,1772642189.963657,2.74375,6.2,0.0,2304.0,16,13345464320,3678486528,78.4,17023950848,319848448,2.8,0.0,61429.733161223885,0.0,1.99966579300859,34.3,0.0,53.99097641123193,0.0,0.999832896504295
2026-03-04T16:36:30+00:00,1772642190.9633298,2.24375,7.8,0.0,2304.0,16,13349740544,3674210304,78.4,17023950848,319848448,2.8,0.0,12292.02084651027,0.0,2.0006544346533643,34.3,0.0,0.0,0.0,0.0
2026-03-04T16:36:31+00:00,1772642191.9637249,2.0500000000000003,7.7,0.0,2304.0,16,13349687296,3674263552,78.4,17023950848,319848448,2.8,4094.382474956273,102359.56187390683,0.9996050964248714,5.997630578549229,34.3,0.0,0.0,0.0,0.0
2026-03-04T16:36:32+00:00,1772642192.9634423,3.5875,7.7,0.0,2304.0,16,13349818368,3674132480,78.4,17023950848,319848448,2.8,0.0,4097.157553601508,0.0,1.0002826058597432,34.3,109.03080403871199,120.03391270316916,2.0005652117194863,2.0005652117194863
2026-03-04T16:36:33+00:00,1772642193.963684,3.03125,12.3,0.0,2304.0,16,13360377856,3663572992,78.5,17023950848,319848448,2.8,0.0,12285.030014888025,0.0,2.9992749059785218,34.3,0.0,0.0,0.0,0.0
2026-03-04T16:36:34+00:00,1772642194.9633017,1.64375,4.6,0.0,2304.0,16,13351796736,3672154112,78.4,17023950848,319848448,2.8,0.0,69658.6390936628,0.0,2.0007651394089727,34.3,0.0,0.0,0.0,0.0
2026-03-04T16:36:35+00:00,1772642195.9633763,2.54375,7.7,0.0,2304.0,16,13350621184,3673329664,78.4,17023950848,319848448,2.8,0.0,155636.38563234737,0.0,7.9994030444257485,34.3,0.0,0.0,0.0,0.0
2026-03-04T16:36:36+00:00,1772642196.9635892,1.75625,4.7,0.0,2304.0,16,13348487168,3675463680,78.4,17023950848,319848448,2.8,0.0,69617.17796041521,0.0,1.9995742750578818,34.3,0.0,0.0,0.0,0.0
2026-03-04T16:36:37+00:00,1772642197.9637976,1.08125,3.1,0.0,2304.0,16,13346177024,3677773824,78.4,17023950848,319848448,2.8,0.0,81902.93324383376,0.0,0.9997916655741425,34.3,0.0,0.0,0.0,0.0
2026-03-04T16:36:38+00:00,1772642198.963504,2.54375,7.8,0.0,2304.0,16,13345927168,3678023680,78.4,17023950848,319848448,2.8,0.0,151596.49255045166,0.0,3.0008807383033873,34.3,427.1253584185155,0.0,5.001467897172312,0.0
2026-03-04T16:36:39+00:00,1772642199.963286,1.09375,4.8,0.0,2304.0,16,13347151872,3676798976,78.4,17023950848,319848448,2.8,0.0,4096.89374966167,0.0,1.0002182006009936,34.3,501.1093185010978,0.0,6.001309203605961,0.0
2026-03-04T16:36:40+00:00,1772642200.9634895,2.61875,6.2,0.0,2304.0,16,13342322688,3681628160,78.4,17023950848,319848448,2.8,0.0,262090.63586544298,0.0,22.995317935581927,34.3,426.91307645623834,357.92712264949256,4.998982159909114,0.9997964319818229
2026-03-04T16:36:41+00:00,1772642201.9636307,1.2750000000000001,4.7,0.0,2304.0,16,13344886784,3679064064,78.4,17023950848,319848448,2.8,0.0,0.0,0.0,0.0,34.3,426.93974010321114,0.0,4.999294380599662,0.0
2026-03-04T16:36:42+00:00,1772642202.9634156,3.2875,12.1,0.0,2304.0,16,13344972800,3678978048,78.4,17023950848,319848448,2.8,0.0,131100.1935631261,0.0,4.000860399265322,34.3,55.01183048989818,0.0,1.0002150998163306,0.0
2026-03-04T16:36:43+00:00,1772642203.9633434,1.3625,9.1,0.0,2304.0,16,13344747520,3679203328,78.4,17023950848,319848448,2.8,0.0,126985.17351426478,0.0,6.0004334762914935,34.3,0.0,0.0,0.0,0.0
2026-03-04T16:36:44+00:00,1772642204.9635706,3.30625,6.2,0.0,2304.0,16,13343117312,3680833536,78.4,17023950848,319848448,2.8,0.0,405411.8851874867,0.0,11.997274064497121,34.3,54.98750612894514,0.0,0.9997728387080934,0.0
2026-03-04T16:36:45+00:00,1772642205.963441,5.33125,14.1,0.0,2304.0,16,13362008064,3661942784,78.5,17023950848,319848448,2.8,2054410.4564343214,557128.2593720193,100.01297165312273,46.00596696043646,34.3,0.0,0.0,0.0,0.0
2026-03-04T16:36:46+00:00,1772642206.9633687,1.675,4.7,0.0,2304.0,16,13364711424,3659239424,78.5,17023950848,319848448,2.8,122888.87759444979,176140.7245520447,3.0002167381457467,5.000361230242912,34.3,0.0,0.0,0.0,0.0
2026-03-04T16:36:47+00:00,1772642207.963278,1.48125,7.8,0.0,2304.0,16,13365518336,3658432512,78.5,17023950848,319848448,2.8,256023.19546086196,176143.95847707303,4.000362429075968,7.0006342508829436,34.3,0.0,0.0,0.0,0.0
2026-03-04T16:36:48+00:00,1772642208.963382,20.20625,25.0,15.4,2304.0,16,13419851776,3604099072,78.8,17023950848,319848448,2.8,5761961.041265966,602049.4166618193,211.97796478446816,10.998856663345046,34.3,5132.46647754092,0.0,108.98867057314636,0.0
2026-03-04T16:36:49+00:00,1772642209.9632082,12.15,32.8,3.1,2304.0,16,13472473088,3551477760,79.1,17023950848,319848448,2.8,12604046.673357219,901276.6483203472,556.096653571237,31.005388958108536,34.3,2231.3878311464564,0.0,20.003476747166797,0.0
2026-03-04T16:36:50+00:00,1772642210.963552,36.2125,57.8,18.8,2304.0,16,13533769728,3490181120,79.5,17023950848,319848448,2.8,18781894.79225101,3038187.4723894154,739.7456757391892,238.91786013738678,34.3,5593.07710237941,0.0,23.991751645595325,0.0
2026-03-04T16:36:51+00:00,1772642211.9634821,12.8125,39.1,6.2,2304.0,16,13547610112,3476340736,79.6,17023950848,319848448,2.8,37472313.69006519,4714825.361875303,625.0436634524802,480.0335335315048,34.3,12062.842669702106,0.0,54.00377252229429,0.0
2026-03-04T16:36:52+00:00,1772642212.9633825,4.1625,10.9,0.0,2304.0,16,13536538624,3487412224,79.5,17023950848,319848448,2.8,0.0,4096.408243810156,0.0,1.0000996688989638,34.3,13815.376826170286,0.0,27.002691060272024,0.0
2026-03-04T16:36:53+00:00,1772642213.9633336,10.925,14.1,7.8,2304.0,16,13536825344,3487125504,79.5,17023950848,319848448,2.8,299022.6149721311,249868.21251095884,6.000293269186064,34.00166185872103,34.3,16832.822717823303,0.0,76.00371474302347,0.0
2026-03-04T16:36:54+00:00,1772642214.9633727,5.8375,13.8,0.0,2304.0,16,13534560256,3489390592,79.5,17023950848,319848448,2.8,175097.15358801163,663526.0557019388,3.999843603527313,23.999061621163875,34.3,8962.649554603826,0.0,20.999178918518393,0.0
2026-03-04T16:36:55+00:00,1772642215.9635198,9.4,15.4,4.7,2304.0,16,13536624640,3487326208,79.5,17023950848,319848448,2.8,339917.9966135238,1761020.946311027,12.998087925851285,83.98764505934676,34.3,16727.53930765323,0.0,44.993381281792914,0.0
2026-03-04T16:36:56+00:00,1772642216.963397,4.88125,12.5,1.6,2304.0,16,13536854016,3487096832,79.5,17023950848,319848448,2.8,98316.07179474218,983160.7179474218,2.000245601292769,35.00429802262346,34.3,3471.4262410436004,0.0,29.003561218745148,0.0
2026-03-04T16:36:57+00:00,1772642217.9633875,9.48125,14.1,4.7,2304.0,16,13536198656,3487752192,79.5,17023950848,319848448,2.8,34816.332034416526,466948.4531674687,2.000019073668229,22.000209810350515,34.3,22857.21798341735,0.0,48.00045776803749,0.0
2026-03-04T16:36:58+00:00,1772642218.963203,4.8625,10.9,0.0,2304.0,16,13537263616,3486687232,79.5,17023950848,319848448,2.8,163870.2399553598,495707.47586496343,6.001107420240227,20.003691400800758,34.3,7289.345146451796,0.0,26.004798821040986,0.0
2026-03-04T16:36:59+00:00,1772642219.9633517,3.18125,13.4,0.0,2304.0,16,13534588928,3489361920,79.5,17023950848,319848448,2.8,65526.25145032287,307154.30367338844,0.9998512489368113,19.997024978736228,34.3,41562.81656705431,0.0,55.991669940461435,0.0
2026-03-04T16:37:00+00:00,1772642220.9636538,2.63125,10.8,0.0,2304.0,16,13528006656,3495944192,79.5,17023950848,316047360,2.8,11117793.577610293,147411.47048256363,442.86622059309684,2.9990940446485115,34.3,1720.4802836133629,0.0,23.992752357188092,0.0
2026-03-04T16:37:01+00:00,1772642221.963502,5.1625,9.4,3.1,2304.0,16,13530247168,3493703680,79.5,17023950848,316047360,2.8,0.0,573527.1030723231,0.0,38.00577203674016,34.3,2420.367587602926,0.0,20.00303791407377,0.0
2026-03-04T16:37:03+00:00,1772642222.973763,13.0,23.2,6.1,2304.0,16,13552623616,3471327232,79.6,17023950848,312295424,2.8,7741365.394438306,932511.4452220283,185.10067112826863,33.65466747786702,34.3,2706.231202484954,0.0,57.41090334459668,0.0
2026-03-04T16:37:03+00:00,1772642223.963284,19.0,40.0,10.2,2304.0,16,13586460672,3437490176,79.8,17023950848,312295424,2.8,105873347.996222,38799927.40677803,893.3615115055302,206.16034880896848,34.3,5124.701611815094,0.0,66.69893637937216,0.0
2026-03-04T16:37:04+00:00,1772642224.963529,7.5062500000000005,28.1,1.6,2304.0,16,13607395328,3416555520,79.9,17023950848,312295424,2.8,30095663.72438701,6355434.319278665,883.7833897293468,92.9772118154177,34.3,1413.653521580652,0.0,15.996079452114873,0.0
2026-03-04T16:37:05+00:00,1772642225.963449,10.59375,24.6,1.6,2304.0,16,13600485376,3423465472,79.9,17023950848,312295424,2.8,1184862.9177599829,3744043.930277007,43.00344494760093,729.058403879095,34.3,1327.1063126852662,0.0,13.00104149578633,0.0
2026-03-04T16:37:06+00:00,1772642226.9636016,8.25625,21.9,1.6,2304.0,16,13598339072,3425611776,79.9,17023950848,312295424,2.8,114670.50266988069,814979.6439752235,1.9996948707777744,64.99008330027766,34.3,4579.301254081103,0.0,36.99435510938883,0.0
2026-03-04T16:37:07+00:00,1772642227.9636304,5.95625,20.3,0.0,2304.0,16,13596442624,3427508224,79.9,17023950848,312295424,2.8,2930603.45605226,40366451.4824473,31.999076869892775,307.99111487271796,34.3,2136.9383522175267,0.0,32.99904802207692,0.0
2026-03-04T16:37:08+00:00,1772642228.9634976,3.21875,23.4,0.0,2304.0,16,13591625728,3432325120,79.8,17023950848,312295424,2.8,65544.7042809211,630867.7787038656,4.000531267146063,58.007703373617915,34.3,1294.1718649217514,0.0,13.001726618224705,0.0
2026-03-04T16:37:09+00:00,1772642229.963794,2.01875,7.6,0.0,2304.0,16,13586784256,3437166592,79.8,17023950848,312295424,2.8,184265.3921598304,982748.7581857622,8.99733360155422,52.984297875819294,34.3,4363.706796753796,0.0,32.990223205698804,0.0
2026-03-04T16:37:10+00:00,1772642230.963374,4.66875,20.6,0.0,2304.0,16,13596184576,3427766272,79.9,17023950848,312295424,2.8,441017.26850392914,1163752.8850649558,24.010086482139,50.02101350445625,34.3,1740.7312699550773,0.0,25.010506752228125,0.0
2026-03-04T16:37:11+00:00,1772642231.963253,5.7375,10.9,1.6,2304.0,16,13582245888,3441704960,79.8,17023950848,312295424,2.8,728152.0177195034,0.0,33.00398946348619,0.0,34.3,1293.1563144329589,0.0,12.001450713994979,0.0
2026-03-04T16:37:12+00:00,1772642232.9633052,1.7375,6.2,0.0,2304.0,16,13580017664,3443933184,79.8,17023950848,312295424,2.8,602080.56316487,1732517.5389029933,25.99864251548984,82.99566649175604,34.3,0.0,0.0,0.0,0.0
2026-03-04T16:37:13+00:00,1772642233.963767,2.9125,6.2,0.0,2304.0,16,13575045120,3448905728,79.7,17023950848,312295424,2.8,32752.874172860902,1023527.3179019032,1.9990767927771547,53.97507340498318,34.3,0.0,0.0,0.0,0.0
2026-03-04T16:37:14+00:00,1772642234.9637492,0.4,1.6,0.0,2304.0,16,13574348800,3449602048,79.7,17023950848,312295424,2.8,114690.05081792148,1163284.8011532037,6.000107290279096,61.001090784504136,34.3,183.00327235351241,0.0,5.000089408565913,0.0
2026-03-04T16:37:15+00:00,1772642235.9636497,1.5625,7.8,0.0,2304.0,16,13593640960,3430309888,79.9,17023950848,312295424,2.8,86024.55260811748,4096.407267053213,3.00029829129874,1.0000994304329134,34.3,1.0000994304329134,0.0,1.0000994304329134,0.0
2026-03-04T16:37:16+00:00,1772642236.9635866,3.7625,10.6,0.0,2304.0,16,13572726784,3451224064,79.7,17023950848,312295424,2.8,147465.31699490634,1323091.594148743,9.00056866423989,66.00417020442585,34.3,1.0000631849155432,0.0,1.0000631849155432,0.0
2026-03-04T16:37:17+00:00,1772642237.963536,4.18125,9.4,0.0,2304.0,16,13568991232,3454959616,79.7,17023950848,312295424,2.8,98308.96900115686,888876.9280521267,2.0001010945873388,51.002577911977134,34.3,1.0000505472936694,0.0,1.0000505472936694,0.0
2026-03-04T16:37:18+00:00,1772642238.9633155,6.9,12.3,3.1,2304.0,16,13569548288,3454402560,79.7,17023950848,312295424,2.8,1024.2258798930409,81938.07039144327,1.0002205858330477,1.0002205858330477,34.3,1.0002205858330477,0.0,1.0002205858330477,0.0
2026-03-04T16:37:19+00:00,1772642239.963391,3.6750000000000003,10.8,1.5,2304.0,16,13450080256,3573870592,79.0,17023950848,312573952,2.8,102392.26132706626,1302429.5640802828,3.999697708088526,52.995994632172966,34.3,0.9999244270221315,0.0,0.9999244270221315,0.0
2026-03-04T16:37:20+00:00,1772642240.96337,9.5125,18.5,3.1,2304.0,16,13406412800,3617538048,78.8,17023950848,314626048,2.8,499722.48459497554,3412039.5874394644,16.00033570040265,67.0014057454361,34.3,0.0,0.0,0.0,0.0
2026-03-04T16:37:21+00:00,1772642241.9633305,3.7,10.9,1.5,2304.0,16,13387599872,3636350976,78.6,17023950848,314626048,2.8,622616.6416002526,8954210.385119421,23.00091031816311,543.0214914244596,34.3,0.0,0.0,0.0,0.0
2026-03-04T16:37:22+00:00,1772642242.9634483,2.525,7.6,0.0,2304.0,16,13388382208,3635568640,78.6,17023950848,314626048,2.8,0.0,659378.3392249162,0.0,96.98857680393668,34.3,0.0,0.0,0.0,0.0
2026-03-04T16:37:23+00:00,1772642243.963376,1.475,4.7,0.0,2304.0,16,13389733888,3634216960,78.7,17023950848,314626048,2.8,0.0,979014.7248357832,0.0,95.0068633746153,34.3,0.0,0.0,0.0,0.0
2026-03-04T16:37:24+00:00,1772642244.9636755,4.29375,7.8,1.6,2304.0,16,13391224832,3632726016,78.7,17023950848,314626048,2.8,57326.83326564273,171980.49979692817,0.9997006359103433,14.99550953865515,34.3,0.0,0.0,0.0,0.0
2026-03-04T16:37:25+00:00,1772642245.9633942,2.63125,6.2,0.0,2304.0,16,13391978496,3631972352,78.7,17023950848,314626048,2.8,16388.610672138482,237634.854746008,1.0002814130943898,26.007316740454133,34.3,0.0,0.0,0.0,0.0
2026-03-04T16:37:26+00:00,1772642246.9635582,2.7375000000000003,7.8,0.0,2304.0,16,13390966784,3632984064,78.7,17023950848,314626048,2.8,16381.312940763653,135145.83176130013,0.9998359949196566,5.99901596951794,34.3,0.0,0.0,0.0,0.0
2026-03-04T16:37:27+00:00,1772642247.96331,1.28125,4.7,0.0,2304.0,16,13388013568,3635937280,78.6,17023950848,314626048,2.8,0.0,122910.50561817849,0.0,19.004716851769135,34.3,0.0,0.0,0.0,0.0
2026-03-04T16:37:28+00:00,1772642248.96318,1.5562500000000001,4.7,0.0,2304.0,16,13386706944,3637243904,78.6,17023950848,314626048,2.8,0.0,229405.80856076852,0.0,14.001819370164094,34.3,0.0,0.0,0.0,0.0
2026-03-04T16:37:29+00:00,1772642249.9633193,1.8625,4.7,0.0,2304.0,16,13385109504,3638841344,78.6,17023950848,314626048,2.8,0.0,155626.33114209486,0.0,13.998050961074528,34.3,0.0,0.0,0.0,0.0
2026-03-04T16:37:30+00:00,1772642250.963665,2.35,6.2,0.0,2304.0,16,13389520896,3634429952,78.7,17023950848,314626048,2.8,0.0,245675.06842393524,0.0,2.998963237596866,34.3,0.0,0.0,0.0,0.0
2026-03-04T16:37:31+00:00,1772642251.9633543,2.425,6.2,0.0,2304.0,16,13384998912,3638951936,78.6,17023950848,314626048,2.8,0.0,127015.45854723145,0.0,6.00186453568697,34.3,0.0,0.0,0.0,0.0
2026-03-04T16:37:32+00:00,1772642252.9633844,1.6625,9.2,0.0,2304.0,16,13378396160,3645554688,78.6,17023950848,314626048,2.8,4095.8769568213083,290807.2639343129,0.9999699601614522,11.999639521937427,34.3,0.0,0.0,0.0,0.0
2026-03-04T16:37:33+00:00,1772642253.963409,2.3375,7.7,0.0,2304.0,16,13378252800,3645698048,78.6,17023950848,314626048,2.8,0.0,0.0,0.0,0.0,34.3,0.0,0.0,0.0,0.0
2026-03-04T16:37:34+00:00,1772642254.9637408,3.36875,14.9,0.0,2304.0,16,13378535424,3645415424,78.6,17023950848,314626048,2.8,0.0,77798.18044395972,0.0,17.994028166006306,34.3,0.0,0.0,0.0,0.0
2026-03-04T16:37:35+00:00,1772642255.9633985,3.00625,10.6,0.0,2304.0,16,13379629056,3644321792,78.6,17023950848,314626048,2.8,0.0,4097.402824033573,0.0,1.0003424863363215,34.3,0.0,0.0,0.0,0.0
2026-03-04T16:37:36+00:00,1772642256.9638073,1.56875,7.8,0.0,2304.0,16,13387554816,3636396032,78.6,17023950848,314626048,2.8,65509.214077438635,4094.3258798399147,0.9995912792577917,0.9995912792577917,34.3,0.0,0.0,0.0,0.0
2026-03-04T16:37:37+00:00,1772642257.9637153,2.2375,7.7,0.0,2304.0,16,13392478208,3631472640,78.7,17023950848,314626048,2.8,65542.03180510445,0.0,1.0000920380417548,0.0,34.3,0.0,0.0,0.0,0.0
2026-03-04T16:37:38+00:00,1772642258.9633222,3.9875000000000003,7.8,1.5,2304.0,16,13396094976,3627855872,78.7,17023950848,314626048,2.8,4097.610984924827,885083.9727437627,1.0003933068664128,54.021238570786295,34.3,0.0,0.0,0.0,0.0
2026-03-04T16:37:39+00:00,1772642259.9634464,2.5375,6.2,0.0,2304.0,16,13407662080,3616288768,78.8,17023950848,314626048,2.8,0.0,159724.15969104788,0.0,12.99838539152408,34.3,0.0,0.0,0.0,0.0
2026-03-04T16:37:40+00:00,1772642260.963459,2.14375,10.6,0.0,2304.0,16,13394690048,3629260800,78.7,17023950848,314626048,2.8,0.0,98302.7578281963,0.0,3.999949455899915,34.3,0.0,0.0,0.0,0.0
2026-03-04T16:37:41+00:00,1772642261.9634027,1.4625000000000001,6.2,0.0,2304.0,16,13395894272,3628056576,78.7,17023950848,314626048,2.8,0.0,0.0,0.0,0.0,34.3,0.0,0.0,0.0,0.0
2026-03-04T16:37:42+00:00,1772642262.9637353,2.15625,7.8,0.0,2304.0,16,13395800064,3628150784,78.7,17023950848,314626048,2.8,16378.552593024428,446315.5581599157,0.9996675166640886,7.997340133312709,34.3,0.0,0.0,0.0,0.0
2026-03-04T16:37:43+00:00,1772642263.9632125,2.63125,6.2,0.0,2304.0,16,13394771968,3629178880,78.7,17023950848,314626048,2.8,0.0,86060.9971596649,0.0,2.001046250922268,34.3,0.0,0.0,0.0,0.0
2026-03-04T16:37:44+00:00,1772642264.963378,2.25625,6.2,0.0,2304.0,16,13395845120,3628105728,78.7,17023950848,314626048,2.8,0.0,176098.86224308092,0.0,3.9993382595176445,34.3,0.0,0.0,0.0,0.0
2026-03-04T16:37:45+00:00,1772642265.96369,1.075,6.3,0.0,2304.0,16,13398011904,3625938944,78.7,17023950848,314626048,2.8,0.0,131031.10651244526,0.0,1.9993760148993722,34.3,0.0,0.0,0.0,0.0
2026-03-04T16:37:46+00:00,1772642266.9639013,4.375,12.1,0.0,2304.0,16,13398286336,3625664512,78.7,17023950848,314626048,2.8,0.0,20475.674741787618,0.0,2.9993664172540457,34.3,0.0,0.0,0.0,0.0
2026-03-04T16:37:47+00:00,1772642267.963646,4.025,10.8,0.0,2304.0,16,13397729280,3626221568,78.7,17023950848,314626048,2.8,0.0,12291.13849671602,0.0,3.0007662345498094,34.3,0.0,0.0,0.0,0.0
2026-03-04T16:37:48+00:00,1772642268.9633443,1.84375,7.7,0.0,2304.0,16,13398605824,3625345024,78.7,17023950848,314626048,2.8,0.0,12291.707172768964,0.0,3.0009050714767977,34.3,0.0,0.0,0.0,0.0
2026-03-04T16:37:49+00:00,1772642269.9633892,1.64375,7.6,0.0,2304.0,16,13392478208,3631472640,78.7,17023950848,314626048,2.8,2047.9082072393987,178168.0140298277,3.9998207172644507,35.99838645538006,34.3,0.0,0.0,0.0,0.0
2026-03-04T16:37:50+00:00,1772642270.9633458,1.95,7.8,0.0,2304.0,16,13393416192,3630534656,78.7,17023950848,314626048,2.8,16384.710968350468,188424.17613603038,1.0000433940643596,21.00091127535155,34.3,0.0,0.0,0.0,0.0
2026-03-04T16:37:51+00:00,1772642271.963377,6.5125,12.3,1.6,2304.0,16,13393891328,3630059520,78.7,17023950848,314626048,2.8,65533.95318892771,86013.31356046762,0.9999687681415972,16.99946905840715,34.3,0.0,0.0,0.0,0.0
2026-03-04T16:37:52+00:00,1772642272.9633298,3.6,7.8,0.0,2304.0,16,13401804800,3622146048,78.7,17023950848,314626048,2.8,65539.09389605318,81923.86737006647,1.0000472091072568,1.0000472091072568,34.3,0.0,0.0,0.0,0.0
2026-03-04T16:37:53+00:00,1772642273.9636946,1.26875,6.2,0.0,2304.0,16,13389045760,3634905088,78.6,17023950848,314626048,2.8,0.0,237481.3714441515,0.0,10.995988878492334,34.3,0.0,0.0,0.0,0.0
2026-03-04T16:37:54+00:00,1772642274.9634776,1.2625,4.7,0.0,2304.0,16,13388177408,3635773440,78.6,17023950848,314626048,2.8,0.0,86034.66615920184,0.0,2.000434015978465,34.3,0.0,0.0,0.0,0.0
2026-03-04T16:37:55+00:00,1772642275.963496,3.11875,10.9,0.0,2304.0,16,13389381632,3634569216,78.7,17023950848,314626048,2.8,0.0,12287.774418203782,0.0,1.9999632842128552,34.3,0.0,0.0,0.0,0.0
2026-03-04T16:37:56+00:00,1772642276.9634998,2.725,9.2,0.0,2304.0,16,13389971456,3633979392,78.7,17023950848,314626048,2.8,0.0,294910.87500429153,0.0,2.999988555951859,34.3,0.0,0.0,0.0,0.0
2026-03-04T16:37:57+00:00,1772642277.9635892,1.5625,4.7,0.0,2304.0,16,13385654272,3638296576,78.6,17023950848,314626048,2.8,0.0,86008.31025782903,0.0,2.999731803077184,34.3,0.0,0.0,0.0,0.0
2026-03-04T16:37:58+00:00,1772642278.9633822,0.49375,3.1,0.0,2304.0,16,13387587584,3636363264,78.6,17023950848,314626048,2.8,16387.391326826022,225326.6307438578,1.000206990162721,8.001655921301769,34.3,0.0,0.0,0.0,0.0
2026-03-04T16:37:59+00:00,1772642279.963666,5.55,10.8,0.0,2304.0,16,13398044672,3625906176,78.7,17023950848,314626048,2.8,0.0,200647.07279190485,0.0,11.996596348368035,34.3,0.0,0.0,0.0,0.0
2026-03-04T16:38:00+00:00,1772642280.963388,4.15625,10.6,0.0,2304.0,16,13402329088,3621621760,78.7,17023950848,314626048,2.8,65554.22381614914,61457.084827639825,1.0002780733665335,4.001112293466134,34.3,0.0,0.0,0.0,0.0
2026-03-04T16:38:01+00:00,1772642281.9634519,3.8000000000000003,7.8,0.0,2304.0,16,13391523840,3632427008,78.7,17023950848,314626048,2.8,0.0,4095.7382979717595,0.0,0.9999361079032616,34.3,0.0,0.0,0.0,0.0
2026-03-04T16:38:02+00:00,1772642282.9634292,1.08125,6.2,0.0,2304.0,16,13393297408,3630653440,78.7,17023950848,314626048,2.8,0.0,4096.092775538844,0.0,1.000022650278038,34.3,0.0,0.0,0.0,0.0
2026-03-04T16:38:03+00:00,1772642283.9633868,1.75625,6.2,0.0,2304.0,16,13393514496,3630436352,78.7,17023950848,314626048,2.8,0.0,0.0,0.0,0.0,34.3,0.0,0.0,0.0,0.0
2026-03-04T16:38:04+00:00,1772642284.963506,1.58125,4.7,0.0,2304.0,16,13385658368,3638292480,78.6,17023950848,314626048,2.8,0.0,4095.511776950723,0.0,0.9998808049196101,34.3,0.0,0.0,0.0,0.0
2026-03-04T16:38:05+00:00,1772642285.9632692,1.9375,6.2,0.0,2304.0,16,13385302016,3638648832,78.6,17023950848,314626048,2.8,0.0,4096.96995619929,0.0,1.0002368057127173,34.3,0.0,0.0,0.0,0.0
2026-03-04T16:38:06+00:00,1772642286.9634979,3.41875,7.6,0.0,2304.0,16,13386158080,3637792768,78.6,17023950848,314626048,2.8,0.0,802632.4833661203,0.0,60.98605593975872,34.3,0.0,0.0,0.0,0.0
2026-03-04T16:38:07+00:00,1772642287.9633982,1.08125,4.7,0.0,2304.0,16,13373857792,3650093056,78.6,17023950848,314626048,2.8,32771.26595048125,0.0,1.0000996688989638,0.0,34.3,0.0,0.0,0.0,0.0
2026-03-04T16:38:08+00:00,1772642288.96328,1.85625,4.7,0.0,2304.0,16,13373444096,3650506752,78.6,17023950848,314626048,2.8,0.0,274464.45696321817,0.0,15.001774044019182,34.3,0.0,0.0,0.0,0.0
2026-03-04T16:38:09+00:00,1772642289.9634025,2.2625,9.4,0.0,2304.0,16,13373177856,3650772992,78.6,17023950848,314626048,2.8,0.0,12286.494325141162,0.0,1.999754935732611,34.3,0.0,0.0,0.0,0.0
2026-03-04T16:38:10+00:00,1772642290.9633658,3.225,9.4,0.0,2304.0,16,13377208320,3646742528,78.6,17023950848,314626048,2.8,16384.601584588057,303115.1293148791,1.0000367178093297,5.000183589046649,34.3,0.0,0.0,0.0,0.0
2026-03-04T16:38:11+00:00,1772642291.9637094,1.08125,4.7,0.0,2304.0,16,13375197184,3648753664,78.6,17023950848,314626048,2.8,0.0,0.0,0.0,0.0,34.3,0.0,0.0,0.0,0.0
2026-03-04T16:38:12+00:00,1772642292.963241,2.0500000000000003,4.7,0.0,2304.0,16,13371441152,3652509696,78.5,17023950848,314626048,2.8,98350.05281441868,307343.91504505835,4.001873893815864,5.00234236726983,34.3,0.0,0.0,0.0,0.0
2026-03-04T16:38:13+00:00,1772642293.9633949,3.0375,4.7,1.6,2304.0,16,13374173184,3649777664,78.6,17023950848,314626048,2.8,0.0,86002.77449475547,0.0,1.9996924873222535,34.3,0.0,0.0,0.0,0.0
2026-03-04T16:38:14+00:00,1772642294.9633894,5.15625,9.4,3.1,2304.0,16,13381021696,3642929152,78.6,17023950848,314626048,2.8,0.0,200705.10059197273,0.0,3.000016450972169,34.3,0.0,0.0,0.0,0.0
2026-03-04T16:38:15+00:00,1772642295.9634929,1.26875,4.7,0.0,2304.0,16,13378625536,3645325312,78.6,17023950848,314626048,2.8,0.0,0.0,0.0,0.0,34.3,0.0,0.0,0.0,0.0
2026-03-04T16:38:16+00:00,1772642296.963377,3.2062500000000003,9.0,0.0,2304.0,16,13389045760,3634905088,78.6,17023950848,314626048,2.8,32771.797315000316,1319064.8419287628,1.0001158848571874,249.02885532943966,34.3,0.0,0.0,0.0,0.0
2026-03-04T16:38:17+00:00,1772642297.9635546,2.1437500000000003,6.2,0.0,2304.0,16,13378347008,3645603840,78.6,17023950848,314626048,2.8,0.0,4095.2725901413787,0.0,0.999822409702485,34.3,0.0,0.0,0.0,0.0
2026-03-04T16:38:18+00:00,1772642298.9633904,1.175,4.8,0.0,2304.0,16,13379284992,3644665856,78.6,17023950848,314626048,2.8,16386.691848441023,49160.07554532307,1.0001642973901992,5.000821486950996,34.3,0.0,0.0,0.0,0.0
2026-03-04T16:38:19+00:00,1772642299.9637103,2.425,7.8,0.0,2304.0,16,13378994176,3644956672,78.6,17023950848,314626048,2.8,0.0,384900.84799718566,0.0,9.996801446070522,34.3,0.0,0.0,0.0,0.0
2026-03-04T16:38:20+00:00,1772642300.9638088,1.4875,4.7,0.0,2304.0,16,13380730880,3643219968,78.6,17023950848,314626048,2.8,28669.17703578096,278500.57691901503,0.9999015428216016,5.999409256929609,34.3,0.0,0.0,0.0,0.0
2026-03-04T16:38:21+00:00,1772642301.9633925,6.00625,12.3,0.0,2304.0,16,13380554752,3643396096,78.6,17023950848,314626048,2.8,0.0,94247.23312879632,0.0,3.001249356598048,34.3,0.0,0.0,0.0,0.0
2026-03-04T16:38:22+00:00,1772642302.9634662,4.55,10.8,1.5,2304.0,16,13379125248,3644825600,78.6,17023950848,314626048,2.8,0.0,0.0,0.0,0.0,34.3,0.0,0.0,0.0,0.0
2026-03-04T16:38:23+00:00,1772642303.9635134,2.91875,6.2,0.0,2304.0,16,13379936256,3644014592,78.6,17023950848,314626048,2.8,0.0,90107.74629455416,0.0,2.999858386049166,34.3,0.0,0.0,0.0,0.0
2026-03-04T16:38:24+00:00,1772642304.963241,1.75,4.7,0.0,2304.0,16,13378211840,3645739008,78.6,17023950848,314626048,2.8,16388.46215242817,323672.1275104563,1.0002723481706646,11.00299582987731,34.3,0.0,0.0,0.0,0.0
2026-03-04T16:38:25+00:00,1772642305.963414,1.94375,6.2,0.0,2304.0,16,13379780608,3644170240,78.6,17023950848,314626048,2.8,16381.168458191827,188383.437269206,0.9998271764033098,5.998963058419858,34.3,0.0,0.0,0.0,0.0
2026-03-04T16:38:26+00:00,1772642306.963302,2.325,7.7,0.0,2304.0,16,13374238720,3649712128,78.6,17023950848,314626048,2.8,0.0,81929.18071626106,0.0,2.0002241385805926,34.3,0.0,0.0,0.0,0.0
2026-03-04T16:38:27+00:00,1772642307.9635262,2.4375,4.7,0.0,2304.0,16,13376126976,3647823872,78.6,17023950848,314626048,2.8,0.0,98281.95025940082,0.0,3.9991027937581713,34.3,0.0,0.0,0.0,0.0
2026-03-04T16:38:28+00:00,1772642308.9638565,1.38125,3.2,0.0,2304.0,16,13378756608,3645194240,78.6,17023950848,314626048,2.8,0.0,4094.6479074116314,0.0,0.9996698992704178,34.3,0.0,0.0,0.0,0.0
2026-03-04T16:38:29+00:00,1772642309.9633691,1.375,4.7,0.0,2304.0,16,13377945600,3646005248,78.6,17023950848,314626048,2.8,0.0,180311.87094693555,0.0,5.002437825898203,34.3,0.0,0.0,0.0,0.0
2026-03-04T16:38:30+00:00,1772642310.9633608,3.31875,7.7,0.0,2304.0,16,13378048000,3645902848,78.6,17023950848,314626048,2.8,24576.20507983632,90112.75195939984,2.000016689439805,3.000025034159707,34.3,0.0,0.0,0.0,0.0
2026-03-04T16:38:31+00:00,1772642311.9637816,1.55625,4.6,0.0,2304.0,16,13378633728,3645317120,78.6,17023950848,314626048,2.8,0.0,12282.831276606748,0.0,2.9987381046403194,34.3,0.0,0.0,0.0,0.0
2026-03-04T16:38:32+00:00,1772642312.9633923,1.85625,4.6,0.0,2304.0,16,13379432448,3644518400,78.6,17023950848,314626048,2.8,0.0,77854.31160613366,0.0,17.00662131610136,34.3,0.0,0.0,0.0,0.0
2026-03-04T16:38:33+00:00,1772642313.9636447,0.9750000000000001,6.2,0.0,2304.0,16,13377359872,3646590976,78.6,17023950848,314626048,2.8,0.0,4094.966081361732,0.0,0.9997475784574541,34.3,0.0,0.0,0.0,0.0
2026-03-04T16:38:34+00:00,1772642314.9637651,3.10625,7.8,0.0,2304.0,16,13382041600,3641909248,78.6,17023950848,314626048,2.8,0.0,458696.7722744945,0.0,4.999398065561507,34.3,0.0,0.0,0.0,0.0
2026-03-04T16:38:35+00:00,1772642315.9636397,5.16875,9.4,0.0,2304.0,16,13380194304,3643756544,78.6,17023950848,314626048,2.8,0.0,81930.27472603462,0.0,6.000752543410738,34.3,0.0,0.0,0.0,0.0
2026-03-04T16:38:36+00:00,1772642316.9637046,3.0875,12.1,0.0,2304.0,16,13381185536,3642765312,78.6,17023950848,314626048,2.8,0.0,581594.2836958967,0.0,50.996692871937476,34.3,0.0,0.0,0.0,0.0
2026-03-04T16:38:37+00:00,1772642317.9634385,1.2750000000000001,4.7,0.0,2304.0,16,13376548864,3647401984,78.6,17023950848,314626048,2.8,0.0,81941.80267614998,0.0,1.0002661459490965,34.3,0.0,0.0,0.0,0.0
2026-03-04T16:38:38+00:00,1772642318.963602,3.0187500000000003,6.2,0.0,2304.0,16,13377777664,3646173184,78.6,17023950848,314626048,2.8,0.0,258005.80182360386,0.0,11.99803765920777,34.3,0.0,0.0,0.0,0.0
2026-03-04T16:38:39+00:00,1772642319.963331,2.1625,4.8,0.0,2304.0,16,13378650112,3645300736,78.6,17023950848,314626048,2.8,0.0,167981.53675825457,0.0,3.0008134662893227,34.3,0.0,0.0,0.0,0.0
2026-03-04T16:38:40+00:00,1772642320.9632332,2.2375,6.2,0.0,2304.0,16,13393960960,3629989888,78.7,17023950848,314626048,2.8,0.0,16385.60171907063,0.0,3.0002932835212337,34.3,0.0,0.0,0.0,0.0
2026-03-04T16:38:41+00:00,1772642321.9634836,1.3625,4.7,0.0,2304.0,16,13372354560,3651596288,78.6,17023950848,314626048,2.8,0.0,245698.49196039236,0.0,3.9989988925845115,34.3,0.0,0.0,0.0,0.0
2026-03-04T16:38:42+00:00,1772642322.9634237,1.7750000000000001,4.7,0.0,2304.0,16,13373628416,3650322432,78.6,17023950848,314626048,2.8,0.0,167946.0504061346,0.0,3.000179539934283,34.3,0.0,0.0,0.0,0.0
2026-03-04T16:38:43+00:00,1772642323.9633548,2.0500000000000003,7.7,0.0,2304.0,16,13374709760,3649241088,78.6,17023950848,314626048,2.8,0.0,167947.57208641362,0.0,3.00020672315192,34.3,0.0,0.0,0.0,0.0
2026-03-04T16:38:44+00:00,1772642324.963567,0.9812500000000001,4.7,0.0,2304.0,16,13375492096,3648458752,78.6,17023950848,314626048,2.8,0.0,8190.262087522055,0.0,1.999575704961439,34.3,0.0,0.0,0.0,0.0
2026-03-04T16:38:45+00:00,1772642325.9634893,2.3375,7.7,0.0,2304.0,16,13364645888,3659304960,78.5,17023950848,314626048,2.8,0.0,69637.41253006096,0.0,3.0002331914950435,34.3,0.0,0.0,0.0,0.0
2026-03-04T16:38:46+00:00,1772642326.9638345,7.39375,11.1,3.1,2304.0,16,13359927296,3664023552,78.5,17023950848,314626048,2.8,0.0,90080.90136118626,0.0,4.998274445200765,34.3,0.0,0.0,0.0,0.0
2026-03-04T16:38:47+00:00,1772642327.9633284,1.56875,6.2,0.0,2304.0,16,13359603712,3664347136,78.5,17023950848,314626048,2.8,0.0,4098.074292116681,0.0,1.000506418973799,34.3,0.0,0.0,0.0,0.0
2026-03-04T16:38:48+00:00,1772642328.9632237,2.35625,7.8,0.0,2304.0,16,13356613632,3667337216,78.5,17023950848,314626048,2.8,0.0,307232.15668601636,0.0,19.001988857533565,34.3,0.0,0.0,0.0,0.0
2026-03-04T16:38:49+00:00,1772642329.9633076,2.74375,7.8,0.0,2304.0,16,13363662848,3660288000,78.5,17023950848,314626048,2.8,0.0,458713.50323077745,0.0,3.9996643348107686,34.3,0.0,0.0,0.0,0.0
2026-03-04T16:38:50+00:00,1772642330.9638634,0.49375,3.1,0.0,2304.0,16,13356736512,3667214336,78.5,17023950848,314626048,2.8,0.0,159655.27099116315,0.0,4.997222774913711,34.3,0.0,0.0,0.0,0.0
2026-03-04T16:38:51+00:00,1772642331.9634159,5.25625,10.9,1.6,2304.0,16,13356470272,3667480576,78.5,17023950848,314626048,2.8,0.0,159815.51931041374,0.0,4.001790848117332,34.3,0.0,0.0,0.0,0.0
2026-03-04T16:38:52+00:00,1772642332.9634566,1.58125,4.6,0.0,2304.0,16,13352869888,3671080960,78.4,17023950848,314626048,2.8,0.0,0.0,0.0,0.0,34.3,0.0,0.0,0.0,0.0
2026-03-04T16:38:53+00:00,1772642333.9636447,1.4625,7.8,0.0,2304.0,16,13361946624,3662004224,78.5,17023950848,314626048,2.8,0.0,298951.76350846095,0.0,3.999247692482622,34.3,0.0,0.0,0.0,0.0
2026-03-04T16:38:54+00:00,1772642334.9633636,1.3687500000000001,6.2,0.0,2304.0,16,13354958848,3668992000,78.4,17023950848,314626048,2.8,0.0,86040.18550937547,0.0,2.000562349083321,34.3,0.0,0.0,0.0,0.0
2026-03-04T16:38:55+00:00,1772642335.9637694,3.60625,7.8,0.0,2304.0,16,13349421056,3674529792,78.4,17023950848,314626048,2.8,0.0,257943.32958341815,0.0,5.997566257054923,34.3,0.0,0.0,0.0,0.0
2026-03-04T16:38:56+00:00,1772642336.9632201,4.29375,12.5,0.0,2304.0,16,13312823296,3711127552,78.2,17023950848,314679296,2.8,0.0,53277.26607633588,0.0,2.0010992366412212,34.3,0.0,0.0,0.0,0.0
2026-03-04T16:38:57+00:00,1772642337.9637005,2.45,7.8,0.0,2304.0,16,13304324096,3719626752,78.2,17023950848,315523072,2.8,77786.63025761387,929345.5299199132,12.993757624241628,4.99759908624678,34.3,0.9995198172493559,0.0,0.9995198172493559,0.0
2026-03-04T16:38:58+00:00,1772642338.9632711,3.31875,12.5,1.6,2304.0,16,13313671168,3710279680,78.2,17023950848,315523072,2.8,1069515.2411397202,569588.5766989314,38.01632390006638,18.007732373715655,34.3,1.0004295763175364,0.0,1.0004295763175364,0.0
2026-03-04T16:38:59+00:00,1772642339.9633887,2.05,4.7,0.0,2304.0,16,13311365120,3712585728,78.2,17023950848,315523072,2.8,0.0,12286.555833810313,0.0,1.9997649469092307,34.3,0.9998824734546153,0.0,0.9998824734546153,0.0
2026-03-04T16:39:00+00:00,1772642340.963424,2.2687500000000003,7.9,0.0,2304.0,16,13319053312,3704897536,78.2,17023950848,315523072,2.8,0.0,20479.277369248714,0.0,1.9999294305906945,34.3,0.9999647152953473,0.0,0.9999647152953473,0.0
2026-03-04T16:39:01+00:00,1772642341.9638548,2.53125,6.2,1.5,2304.0,16,13312757760,3711193088,78.2,17023950848,315523072,2.8,0.0,12282.708334455405,0.0,1.999138726311101,34.3,0.9995693631555504,0.0,0.9995693631555504,0.0
2026-03-04T16:39:02+00:00,1772642342.9637604,2.6375,9.4,0.0,2304.0,16,13315153920,3708796928,78.2,17023950848,315523072,2.8,0.0,4096.386755265018,0.0,1.0000944226721236,34.3,1.0000944226721236,0.0,1.0000944226721236,0.0
2026-03-04T16:39:03+00:00,1772642343.963547,1.96875,9.4,0.0,2304.0,16,13318615040,3705335808,78.2,17023950848,315523072,2.8,57356.2389397266,483431.15677769564,1.0002134301710137,42.008964067182575,34.3,0.0,0.0,0.0,0.0
2026-03-04T16:39:04+00:00,1772642344.9632564,1.375,4.7,0.0,2304.0,16,13317709824,3706241024,78.2,17023950848,315523072,2.8,0.0,0.0,0.0,0.0,34.3,215.06250409901062,0.0,4.001162866958337,0.0
2026-03-04T16:39:05+00:00,1772642345.9633076,2.73125,7.7,0.0,2304.0,16,13315723264,3708227584,78.2,17023950848,315523072,2.8,0.0,536548.4965270153,0.0,57.99702707271084,34.3,214.98897966608328,0.0,3.999794970531782,0.0
2026-03-04T16:39:06+00:00,1772642346.963728,0.9750000000000001,4.7,0.0,2304.0,16,13314592768,3709358080,78.2,17023950848,315523072,2.8,0.0,12282.837131056296,0.0,1.9991596892995274,34.3,215.90924644434895,0.0,4.997899223248819,0.0
2026-03-04T16:39:07+00:00,1772642347.9633129,2.15625,4.7,0.0,2304.0,16,13315321856,3708628992,78.2,17023950848,315523072,2.8,28683.9063093387,475333.3045547556,1.0004152591147706,6.002491554688624,34.3,216.08969596879044,0.0,5.002076295573853,0.0
2026-03-04T16:39:08+00:00,1772642348.9636316,3.8875,7.8,0.0,2304.0,16,13320581120,3703369728,78.2,17023950848,315523072,2.8,0.0,315291.4959044399,0.0,5.9980880156333685,34.3,0.9996813359388946,0.0,0.9996813359388946,0.0
2026-03-04T16:39:09+00:00,1772642349.9635177,2.63125,6.2,0.0,2304.0,16,13321940992,3702009856,78.3,17023950848,315523072,2.8,0.0,233498.61045451098,0.0,4.0004559082804105,34.3,1.0001139770701026,0.0,1.0001139770701026,0.0
2026-03-04T16:39:10+00:00,1772642350.9635637,1.95,9.1,0.0,2304.0,16,13324091392,3699859456,78.3,17023950848,315523072,2.8,0.0,106491.09983485505,0.0,5.999723923988979,34.3,0.9999539873314964,0.0,0.9999539873314964,0.0
2026-03-04T16:39:11+00:00,1772642351.963838,2.65,9.5,0.0,2304.0,16,13321936896,3702013952,78.3,17023950848,315523072,2.8,0.0,462721.0201973326,0.0,5.998353933006074,34.3,0.9997256555010124,0.0,0.9997256555010124,0.0
2026-03-04T16:39:12+00:00,1772642352.9633386,1.06875,4.6,0.0,2304.0,16,13318078464,3705872384,78.2,17023950848,315523072,2.8,0.0,4098.046920847696,0.0,1.000499736535082,34.3,0.0,0.0,0.0,0.0
2026-03-04T16:39:13+00:00,1772642353.963685,3.975,7.8,0.0,2304.0,16,13318475776,3705475072,78.2,17023950848,315523072,2.8,0.0,151499.5172046427,0.0,2.998961093314031,34.3,0.0,0.0,0.0,0.0
2026-03-04T16:39:14+00:00,1772642354.9635723,1.94375,6.2,0.0,2304.0,16,13317578752,3706372096,78.2,17023950848,315523072,2.8,0.0,69639.85342470881,0.0,2.0002255694137414,34.3,0.0,0.0,0.0,0.0
2026-03-04T16:39:15+00:00,1772642355.9633448,1.4625000000000001,4.7,0.0,2304.0,16,13314125824,3709825024,78.2,17023950848,315523072,2.8,0.0,73744.77334636985,0.0,3.0006825092110128,34.3,1.0002275030703376,0.0,1.0002275030703376,0.0
2026-03-04T16:39:16+00:00,1772642356.9637365,1.76875,4.7,0.0,2304.0,16,13317361664,3706589184,78.2,17023950848,315523072,2.8,0.0,4094.3961360808416,0.0,0.9996084316603617,34.3,0.9996084316603617,0.0,0.9996084316603617,0.0
2026-03-04T16:39:17+00:00,1772642357.9636886,3.29375,10.9,0.0,2304.0,16,13335953408,3687997440,78.3,17023950848,315523072,2.8,0.0,86020.12226786038,0.0,2.000095848862081,34.3,1.0000479244310405,0.0,1.0000479244310405,0.0
2026-03-04T16:39:18+00:00,1772642358.963326,1.96875,6.2,0.0,2304.0,16,13320478720,3703472128,78.2,17023950848,315523072,2.8,0.0,4097.4858903978575,0.0,1.0003627662104144,34.3,1.0003627662104144,0.0,1.0003627662104144,0.0
2026-03-04T16:39:19+00:00,1772642359.9636114,3.4125,7.8,1.5,2304.0,16,13320957952,3702992896,78.2,17023950848,315523072,2.8,106465.61609304824,245689.8832916498,1.9994293887666812,2.999144083150022,34.3,0.9997146943833406,0.0,0.9997146943833406,0.0
2026-03-04T16:39:20+00:00,1772642360.9633253,4.66875,9.2,1.6,2304.0,16,13325488128,3698462720,78.3,17023950848,315523072,2.8,0.0,389231.3599853474,0.0,35.010016446050464,34.3,1.0002861841728705,0.0,1.0002861841728705,0.0
2026-03-04T16:39:21+00:00,1772642361.9638133,1.46875,4.6,0.0,2304.0,16,13320568832,3703382016,78.2,17023950848,315523072,2.8,0.0,176042.08392291304,0.0,16.991707319049336,34.3,0.0,0.0,0.0,0.0
2026-03-04T16:39:22+00:00,1772642362.9633436,2.05625,4.7,0.0,2304.0,16,13319917568,3704033280,78.2,17023950848,315523072,2.8,0.0,81958.49464284096,0.0,1.0004699053081172,34.3,0.0,0.0,0.0,0.0
2026-03-04T16:39:23+00:00,1772642363.9633756,1.75625,4.7,0.0,2304.0,16,13313011712,3710939136,78.2,17023950848,315523072,2.8,0.0,69629.77546169475,0.0,1.9999361058620964,34.3,0.0,0.0,0.0,0.0
2026-03-04T16:39:24+00:00,1772642364.9634254,1.475,6.2,0.0,2304.0,16,13305507840,3718443008,78.2,17023950848,315523072,2.8,0.0,401387.99904351233,0.0,7.999601383998572,34.3,0.0,0.0,0.0,0.0
2026-03-04T16:39:25+00:00,1772642365.9634264,5.35625,12.5,0.0,2304.0,16,13307678720,3716272128,78.2,17023950848,315523072,2.8,0.0,307199.7070315294,0.0,6.999993324286152,34.3,0.0,0.0,0.0,0.0
2026-03-04T16:39:26+00:00,1772642366.9636054,6.9625,12.3,3.0,2304.0,16,13306896384,3717054464,78.2,17023950848,315523072,2.8,0.0,81905.33465711414,0.0,0.9998209797011005,34.3,0.0,0.0,0.0,0.0
2026-03-04T16:39:27+00:00,1772642367.963678,4.70625,10.6,0.0,2304.0,16,13304586240,3719364608,78.2,17023950848,315523072,2.8,28669.92202561002,86009.76607683007,0.9999275260048138,1.9998550520096277,34.3,0.0,0.0,0.0,0.0
2026-03-04T16:39:28+00:00,1772642368.9636424,3.58125,13.6,0.0,2304.0,16,13308461056,3715489792,78.2,17023950848,315523072,2.8,0.0,544787.3532265737,0.0,7.000248679412182,34.3,0.0,0.0,0.0,0.0
2026-03-04T16:39:29+00:00,1772642369.9636824,0.9875,4.7,0.0,2304.0,16,13305380864,3718569984,78.2,17023950848,315523072,2.8,57341.70321699609,151545.9299306325,1.9999198945659906,7.9996795782639625,34.3,0.0,0.0,0.0,0.0
2026-03-04T16:39:30+00:00,1772642370.9633682,5.0375000000000005,12.3,0.0,2304.0,16,13314936832,3709014016,78.2,17023950848,315523072,2.8,0.0,49167.450167494004,0.0,3.000943003387085,34.3,0.0,0.0,0.0,0.0
2026-03-04T16:39:31+00:00,1772642371.9634802,3.10625,9.1,0.0,2304.0,16,13311516672,3712434176,78.2,17023950848,315523072,2.8,0.0,376789.77816874045,0.0,16.998095248993152,34.3,0.0,0.0,0.0,0.0
2026-03-04T16:39:32+00:00,1772642372.9633307,1.375,4.7,0.0,2304.0,16,13307006976,3716943872,78.2,17023950848,315523072,2.8,0.0,454723.9759819366,0.0,36.00538238877243,34.3,0.0,0.0,0.0,0.0
2026-03-04T16:39:33+00:00,1772642373.9633796,1.2625,6.2,0.0,2304.0,16,13310615552,3713335296,78.2,17023950848,315523072,2.8,0.0,389100.98237481434,0.0,15.999218025280193,34.3,0.0,0.0,0.0,0.0
2026-03-04T16:39:34+00:00,1772642374.9634829,2.9250000000000003,10.8,0.0,2304.0,16,13312847872,3711102976,78.2,17023950848,315523072,2.8,0.0,0.0,0.0,0.0,34.3,0.0,0.0,0.0,0.0
2026-03-04T16:39:35+00:00,1772642375.9635344,3.1125000000000003,7.7,1.5,2304.0,16,13313937408,3710013440,78.2,17023950848,315523072,2.8,65532.625173798195,290801.0242087295,0.999948504238864,5.999691025433184,34.3,0.0,0.0,0.0,0.0
2026-03-04T16:39:36+00:00,1772642376.9634092,0.8875000000000001,4.7,0.0,2304.0,16,13311594496,3712356352,78.2,17023950848,315523072,2.8,0.0,4096.51275949448,0.0,1.000125185423457,34.3,0.0,0.0,0.0,0.0
2026-03-04T16:39:37+00:00,1772642377.9635692,1.9375,7.6,0.0,2304.0,16,13308067840,3715883008,78.2,17023950848,315523072,2.8,0.0,65525.51730201014,0.0,0.9998400467225669,34.3,0.0,0.0,0.0,0.0
2026-03-04T16:39:38+00:00,1772642378.9633815,2.41875,7.8,0.0,2304.0,16,13311340544,3712610304,78.2,17023950848,315523072,2.8,0.0,282677.04022566264,0.0,13.002439718260353,34.3,0.0,0.0,0.0,0.0
2026-03-04T16:39:39+00:00,1772642379.9633358,2.71875,6.2,0.0,2304.0,16,13312937984,3711012864,78.2,17023950848,315523072,2.8,0.0,159751.31283475502,0.0,4.000183113851037,34.3,0.0,0.0,0.0,0.0
2026-03-04T16:39:40+00:00,1772642380.9633775,2.35625,7.8,0.0,2304.0,16,13308030976,3715919872,78.2,17023950848,315523072,2.8,0.0,249845.57563025109,0.0,6.9997079494259005,34.3,0.0,0.0,0.0,0.0
2026-03-04T16:39:41+00:00,1772642381.9635541,2.025,10.4,0.0,2304.0,16,13327253504,3696697344,78.3,17023950848,315523072,2.8,0.0,147429.95382028082,0.0,1.9996467260780277,34.3,0.0,0.0,0.0,0.0
2026-03-04T16:39:42+00:00,1772642382.963289,3.94375,11.9,0.0,2304.0,16,13308293120,3715657728,78.2,17023950848,315523072,2.8,0.0,4097.086225481686,0.0,1.0002651917679897,34.3,0.0,0.0,0.0,0.0
2026-03-04T16:39:43+00:00,1772642383.963356,1.25625,7.6,0.0,2304.0,16,13310205952,3713744896,78.2,17023950848,315523072,2.8,0.0,233456.3594462861,0.0,3.99973203546954,34.3,0.0,0.0,0.0,0.0
2026-03-04T16:39:44+00:00,1772642384.9633193,2.24375,7.6,0.0,2304.0,16,13314162688,3709788160,78.2,17023950848,315523072,2.8,0.0,237576.72297652683,0.0,5.000183589046649,34.3,0.0,0.0,0.0,0.0
2026-03-04T16:39:45+00:00,1772642385.9632916,1.85,6.2,0.0,2304.0,16,13314162688,3709788160,78.2,17023950848,315523072,2.8,0.0,155652.30480655612,0.0,4.000110629280328,34.3,0.0,0.0,0.0,0.0
2026-03-04T16:39:46+00:00,1772642386.963493,3.5812500000000003,10.4,0.0,2304.0,16,13313720320,3710230528,78.2,17023950848,315523072,2.8,0.0,4095.1749709009146,0.0,0.9997985768801061,34.3,0.0,0.0,0.0,0.0
2026-03-04T16:39:47+00:00,1772642387.9633684,1.38125,3.1,0.0,2304.0,16,13310431232,3713519616,78.2,17023950848,315523072,2.8,0.0,249887.15915876388,0.0,5.0006235423356635,34.3,0.0,0.0,0.0,0.0
2026-03-04T16:39:48+00:00,1772642388.9632854,2.63125,6.2,0.0,2304.0,16,13314359296,3709591552,78.2,17023950848,315523072,2.8,0.0,331803.529627874,0.0,5.00041488275032,34.3,0.0,0.0,0.0,0.0
2026-03-04T16:39:49+00:00,1772642389.963615,2.4375,6.2,0.0,2304.0,16,13311537152,3712413696,78.2,17023950848,315523072,2.8,0.0,49135.81002200832,0.0,1.9993412281090626,34.3,0.0,0.0,0.0,0.0
2026-03-04T16:39:50+00:00,1772642390.9634135,4.35625,9.1,0.0,2304.0,16,13309870080,3714080768,78.2,17023950848,315523072,2.8,0.0,163873.01446371598,0.0,7.001410530065991,34.3,0.0,0.0,0.0,0.0
2026-03-04T16:39:51+00:00,1772642391.9633796,3.975,10.9,0.0,2304.0,16,13311352832,3712598016,78.2,17023950848,315523072,2.8,0.0,413710.0063335656,0.0,8.000270852675696,34.3,0.0,0.0,0.0,0.0
2026-03-04T16:39:52+00:00,1772642392.963546,1.4812500000000002,4.7,0.0,2304.0,16,13313024000,3710926848,78.2,17023950848,315523072,2.8,0.0,163812.73891168585,0.0,1.9996672230430403,34.3,0.0,0.0,0.0,0.0
2026-03-04T16:39:53+00:00,1772642393.9635959,0.9875,6.2,0.0,2304.0,16,13309497344,3714453504,78.2,17023950848,315523072,2.8,0.0,61436.93862910903,0.0,1.999900345999643,34.3,0.0,0.0,0.0,0.0
2026-03-04T16:39:54+00:00,1772642394.9634745,1.38125,3.1,0.0,2304.0,16,13317795840,3706155008,78.2,17023950848,315523072,2.8,0.0,20482.485653209085,0.0,5.000606848927999,34.3,0.0,0.0,0.0,0.0
2026-03-04T16:39:55+00:00,1772642395.9634519,4.5625,7.7,1.5,2304.0,16,13310689280,3713261568,78.2,17023950848,315523072,2.8,0.0,139267.1543683207,0.0,5.00011325139019,34.3,0.0,0.0,0.0,0.0
2026-03-04T16:39:56+00:00,1772642396.9635253,1.475,7.8,0.0,2304.0,16,13309972480,3713978368,78.2,17023950848,315523072,2.8,0.0,65531.18785336999,0.0,0.9999265724696349,34.3,0.0,0.0,0.0,0.0
2026-03-04T16:39:57+00:00,1772642397.9635222,2.23125,4.7,0.0,2304.0,16,13311500288,3712450560,78.2,17023950848,315523072,2.8,0.0,12288.038086055545,0.0,2.0000061989022697,34.3,0.0,0.0,0.0,0.0
2026-03-04T16:39:58+00:00,1772642398.9637573,3.38125,10.4,0.0,2304.0,16,13307834368,3716116480,78.2,17023950848,315523072,2.8,0.0,282557.57616183866,0.0,3.9990598981238485,34.3,0.0,0.0,0.0,0.0
2026-03-04T16:39:59+00:00,1772642399.9636939,1.85,6.2,0.0,2304.0,16,13311844352,3712106496,78.2,17023950848,315523072,2.8,32770.07825680168,364567.1206069187,2.000126846728618,22.0013953140148,34.3,0.0,0.0,0.0,0.0
2026-03-04T16:40:00+00:00,1772642400.963368,2.74375,6.2,1.6,2304.0,16,13316947968,3707002880,78.2,17023950848,315416576,2.8,0.0,340078.8378818952,0.0,5.001630122274673,34.3,0.0,0.0,0.0,0.0
2026-03-04T16:40:01+00:00,1772642401.963321,1.275,4.7,0.0,2304.0,16,13312204800,3711746048,78.2,17023950848,315416576,2.8,0.0,32769.53913479079,0.0,4.000187882664892,34.3,0.0,0.0,0.0,0.0
2026-03-04T16:40:02+00:00,1772642402.9636133,2.63125,7.7,0.0,2304.0,16,13310885888,3713064960,78.2,17023950848,315416576,2.8,0.0,4094.803084234888,0.0,0.9997077842370332,34.3,0.0,0.0,0.0,0.0
2026-03-04T16:40:03+00:00,1772642403.9635518,1.6625,6.2,0.0,2304.0,16,13314084864,3709865984,78.2,17023950848,315416576,2.8,0.0,40962.51968624092,0.0,3.0001845473320987,34.3,0.0,0.0,0.0,0.0
2026-03-04T16:40:04+00:00,1772642404.9636726,2.24375,6.2,0.0,2304.0,16,13313916928,3710033920,78.2,17023950848,315416576,2.8,0.0,81910.098853083,0.0,0.9998791363901735,34.3,0.0,0.0,0.0,0.0
2026-03-04T16:40:05+00:00,1772642405.9636233,3.9875000000000003,9.4,0.0,2304.0,16,13312417792,3711533056,78.2,17023950848,315416576,2.8,0.0,315407.56619792053,0.0,5.00024677540839,34.3,0.0,0.0,0.0,0.0
2026-03-04T16:40:06+00:00,1772642406.963873,1.55625,4.6,0.0,2304.0,16,13314437120,3709513728,78.2,17023950848,315416576,2.8,0.0,622436.6247229374,0.0,34.991265331553905,34.3,0.0,0.0,0.0,0.0
2026-03-04T16:40:07+00:00,1772642407.963488,2.05625,4.7,0.0,2304.0,16,13312188416,3711762432,78.2,17023950848,315416576,2.8,0.0,65561.22845810208,0.0,1.0003849557205517,34.3,0.0,0.0,0.0,0.0
2026-03-04T16:40:08+00:00,1772642408.9634767,1.5625,4.7,0.0,2304.0,16,13311049728,3712901120,78.2,17023950848,315416576,2.8,0.0,356356.07817167096,0.0,14.000160219118719,34.3,0.0,0.0,0.0,0.0
2026-03-04T16:40:09+00:00,1772642409.9633658,0.7875000000000001,3.1,0.0,2304.0,16,13311074304,3712876544,78.2,17023950848,315416576,2.8,0.0,4096.4541519118875,0.0,1.0001108769316132,34.3,0.0,0.0,0.0,0.0
2026-03-04T16:40:10+00:00,1772642410.9638305,2.89375,10.6,0.0,2304.0,16,13315903488,3708047360,78.2,17023950848,315416576,2.8,0.0,69599.65858302634,0.0,15.992568608232153,34.3,0.0,0.0,0.0,0.0
2026-03-04T16:40:11+00:00,1772642411.9637156,5.775,9.5,1.6,2304.0,16,13314691072,3709259776,78.2,17023950848,315416576,2.8,0.0,135183.534988371,0.0,4.000459723850941,34.3,0.0,0.0,0.0,0.0
2026-03-04T16:40:12+00:00,1772642412.9633687,3.10625,12.5,0.0,2304.0,16,13317976064,3705974784,78.2,17023950848,315416576,2.8,0.0,151604.59148612316,0.0,3.0010410582398745,34.3,0.0,0.0,0.0,0.0
2026-03-04T16:40:13+00:00,1772642413.9633136,1.7750000000000001,4.7,0.0,2304.0,16,13313212416,3710738432,78.2,17023950848,315416576,2.8,16384.90239344904,319505.5966722563,1.0000550777251611,12.000660932701935,34.3,0.0,0.0,0.0,0.0
2026-03-04T16:40:14+00:00,1772642414.9633238,2.5375,7.7,0.0,2304.0,16,13318262784,3705688064,78.2,17023950848,315416576,2.8,0.0,4095.9580082429993,0.0,0.999989748106201,34.3,0.0,0.0,0.0,0.0
2026-03-04T16:40:15+00:00,1772642415.9638784,1.5750000000000002,3.2,0.0,2304.0,16,13317652480,3706298368,78.2,17023950848,315416576,2.8,0.0,65499.676393677786,0.0,0.99944574575314,34.3,0.0,0.0,0.0,0.0
2026-03-04T16:40:16+00:00,1772642416.963272,4.04375,13.6,0.0,2304.0,16,13317464064,3706486784,78.2,17023950848,315416576,2.8,0.0,176234.8509163571,0.0,6.003639997604825,34.3,0.0,0.0,0.0,0.0
2026-03-04T16:40:17+00:00,1772642417.9632528,1.75,4.7,0.0,2304.0,16,13316165632,3707785216,78.2,17023950848,315416576,2.8,0.0,57345.10744326184,0.0,7.000135185945049,34.3,0.0,0.0,0.0,0.0
2026-03-04T16:40:18+00:00,1772642418.963602,1.75625,6.2,0.0,2304.0,16,13328404480,3695546368,78.3,17023950848,315416576,2.8,0.0,4094.56983546997,0.0,0.9996508387377856,34.3,0.0,0.0,0.0,0.0
2026-03-04T16:40:19+00:00,1772642419.963315,1.46875,4.7,0.0,2304.0,16,13317795840,3706155008,78.2,17023950848,315416576,2.8,16388.70447544776,266316.4477260261,1.0002871383940284,8.002297107152227,34.3,0.0,0.0,0.0,0.0
2026-03-04T16:40:20+00:00,1772642420.963406,1.46875,4.7,0.0,2304.0,16,13319385088,3704565760,78.2,17023950848,315416576,2.8,0.0,172016.33345809436,0.0,3.9996357295873874,34.3,0.0,0.0,0.0,0.0
2026-03-04T16:40:21+00:00,1772642421.96347,3.3875,7.7,0.0,2304.0,16,13315330048,3708620800,78.2,17023950848,315416576,2.8,0.0,126967.88723712455,0.0,5.99961664741957,34.3,0.0,0.0,0.0,0.0
2026-03-04T16:40:22+00:00,1772642422.9636655,3.7062500000000003,7.7,0.0,2304.0,16,13314641920,3709308928,78.2,17023950848,315416576,2.8,0.0,65523.190004395576,0.0,0.9998045349791805,34.3,0.0,0.0,0.0,0.0
2026-03-04T16:40:23+00:00,1772642423.9637506,2.15,4.7,0.0,2304.0,16,13316669440,3707281408,78.2,17023950848,315416576,2.8,0.0,73721.72514346213,0.0,1.999829783622562,34.3,0.0,0.0,0.0,0.0
2026-03-04T16:40:24+00:00,1772642424.9634454,0.9812500000000001,3.1,0.0,2304.0,16,13311455232,3712495616,78.2,17023950848,315416576,2.8,0.0,4097.250381586177,0.0,1.0003052689419378,34.3,0.0,0.0,0.0,0.0
2026-03-04T16:40:25+00:00,1772642425.9633355,1.46875,4.7,0.0,2304.0,16,13312589824,3711361024,78.2,17023950848,315416576,2.8,0.0,28675.151713595384,0.0,3.000329769140142,34.3,0.0,0.0,0.0,0.0
2026-03-04T16:40:26+00:00,1772642426.9635057,0.7937500000000001,4.7,0.0,2304.0,16,13313634304,3710316544,78.2,17023950848,315416576,2.8,0.0,135144.99415068064,0.0,1.9996595962162738,34.3,0.0,0.0,0.0,0.0
2026-03-04T16:40:27+00:00,1772642427.9635904,6.24375,12.7,0.0,2304.0,16,13318983680,3704967168,78.2,17023950848,315416576,2.8,0.0,532434.9354548248,0.0,23.997968845620107,34.3,0.0,0.0,0.0,0.0
2026-03-04T16:40:28+00:00,1772642428.963449,2.625,7.8,0.0,2304.0,16,13318955008,3704995840,78.2,17023950848,315416576,2.8,0.0,213022.1175393345,0.0,4.00056560883666,34.3,0.0,0.0,0.0,0.0
2026-03-04T16:40:29+00:00,1772642429.9637856,1.55625,7.8,0.0,2304.0,16,13313990656,3709960192,78.2,17023950848,315416576,2.8,0.0,12283.864673395436,0.0,1.9993269325187881,34.3,0.0,0.0,0.0,0.0
2026-03-04T16:40:30+00:00,1772642430.9637196,1.26875,3.1,0.0,2304.0,16,13314502656,3709448192,78.2,17023950848,315416576,2.8,0.0,65540.32841085667,0.0,1.0000660463082378,34.3,0.0,0.0,0.0,0.0
2026-03-04T16:40:31+00:00,1772642431.963437,4.0,10.9,0.0,2304.0,16,13311987712,3711963136,78.2,17023950848,315416576,2.8,0.0,356452.70716333116,0.0,9.002543452737688,34.3,0.0,0.0,0.0,0.0
2026-03-04T16:40:32+00:00,1772642432.9634647,1.16875,7.8,0.0,2304.0,16,13313441792,3710509056,78.2,17023950848,315416576,2.8,0.0,69630.074272009,0.0,1.9999446884193761,34.3,0.0,0.0,0.0,0.0
2026-03-04T16:40:33+00:00,1772642433.963574,2.44375,7.7,0.0,2304.0,16,13308346368,3715604480,78.2,17023950848,315416576,2.8,0.0,151535.45297873873,0.0,2.9996724486395174,34.3,0.0,0.0,0.0,0.0
2026-03-04T16:40:34+00:00,1772642434.963455,2.24375,4.7,0.0,2304.0,16,13314850816,3709100032,78.2,17023950848,315416576,2.8,0.0,131087.59560542277,0.0,1.000118985026724,34.3,0.0,0.0,0.0,0.0
2026-03-04T16:40:35+00:00,1772642435.9636636,1.8687500000000001,4.7,0.0,2304.0,16,13318819840,3705131008,78.2,17023950848,315416576,2.8,0.0,417704.8599757007,0.0,8.998122845294564,34.3,0.0,0.0,0.0,0.0
2026-03-04T16:40:36+00:00,1772642436.963699,3.58125,12.5,0.0,2304.0,16,13319348224,3704602624,78.2,17023950848,315416576,2.8,0.0,532461.0846563306,0.0,45.99836593710789,34.3,0.0,0.0,0.0,0.0
2026-03-04T16:40:37+00:00,1772642437.9633765,2.06875,6.2,0.0,2304.0,16,13316050944,3707899904,78.2,17023950848,315416576,2.8,65557.14744675052,0.0,1.0003226844291766,0.0,34.3,0.0,0.0,0.0,0.0
2026-03-04T16:40:38+00:00,1772642438.963488,2.425,7.7,0.0,2304.0,16,13315260416,3708690432,78.2,17023950848,315416576,2.8,0.0,28668.801138178667,0.0,3.9995537302146578,34.3,0.0,0.0,0.0,0.0
2026-03-04T16:40:39+00:00,1772642439.9636078,2.54375,6.2,0.0,2304.0,16,13318463488,3705487360,78.2,17023950848,315416576,2.8,0.0,4095.5098242922318,0.0,0.9998803281963456,34.3,0.0,0.0,0.0,0.0
2026-03-04T16:40:40+00:00,1772642440.963449,5.34375,9.1,1.6,2304.0,16,13318807552,3705143296,78.2,17023950848,315416576,2.8,0.0,73739.70889046694,0.0,3.000476435972776,34.3,0.0,0.0,0.0,0.0
2026-03-04T16:40:41+00:00,1772642441.9634295,5.2375,9.2,0.0,2304.0,16,13317320704,3706630144,78.2,17023950848,315416576,2.8,0.0,151554.9629485516,0.0,4.000078202822836,34.3,0.0,0.0,0.0,0.0
2026-03-04T16:40:42+00:00,1772642442.9636493,2.80625,6.2,0.0,2304.0,16,13332615168,3691335680,78.3,17023950848,315416576,2.8,65521.596916113696,69616.6967233708,1.9995604527622588,1.9995604527622588,34.3,0.0,0.0,0.0,0.0
2026-03-04T16:40:43+00:00,1772642443.9637175,1.85,4.7,0.0,2304.0,16,13314793472,3709157376,78.2,17023950848,315416576,2.8,0.0,28670.045055178216,0.0,4.999659084678121,34.3,0.0,0.0,0.0,0.0
2026-03-04T16:40:44+00:00,1772642444.963514,0.19375,1.6,0.0,2304.0,16,13313130496,3710820352,78.2,17023950848,315416576,2.8,0.0,77839.830367876,0.0,4.000813649664679,34.3,0.0,0.0,0.0,0.0
2026-03-04T16:40:45+00:00,1772642445.963549,2.73125,9.2,0.0,2304.0,16,13315166208,3708784640,78.2,17023950848,315416576,2.8,0.0,0.0,0.0,0.0,34.3,0.0,0.0,0.0,0.0
2026-03-04T16:40:46+00:00,1772642446.9637625,3.39375,10.6,0.0,2304.0,16,13315629056,3708321792,78.2,17023950848,315416576,2.8,0.0,73712.2533638444,0.0,2.9993592677345537,34.3,0.0,0.0,0.0,0.0
2026-03-04T16:40:47+00:00,1772642447.963377,2.1625,6.3,0.0,2304.0,16,13317812224,3706138624,78.2,17023950848,315416576,2.8,0.0,20487.89855288506,0.0,2.0007713430551815,34.3,0.0,0.0,0.0,0.0
2026-03-04T16:40:48+00:00,1772642448.9633143,3.5875,7.8,0.0,2304.0,16,13311205376,3712745472,78.2,17023950848,315416576,2.8,0.0,8192.513704086345,0.0,2.0001254160367052,34.3,0.0,0.0,0.0,0.0
2026-03-04T16:40:49+00:00,1772642449.9636173,1.375,6.2,0.0,2304.0,16,13306761216,3717189632,78.2,17023950848,315416576,2.8,0.0,0.0,0.0,0.0,34.3,0.0,0.0,0.0,0.0
2026-03-04T16:40:50+00:00,1772642450.9634027,3.125,7.7,0.0,2304.0,16,13302558720,3721392128,78.1,17023950848,315416576,2.8,0.0,69646.94461301606,0.0,2.000429245548485,34.3,0.0,0.0,0.0,0.0
2026-03-04T16:40:51+00:00,1772642451.9633749,2.24375,6.2,0.0,2304.0,16,13298053120,3725897728,78.1,17023950848,315416576,2.8,0.0,12288.342782999423,0.0,3.0000836872557186,34.3,0.0,0.0,0.0,0.0
2026-03-04T16:40:52+00:00,1772642452.9633892,0.8812500000000001,3.1,0.0,2304.0,16,13297602560,3726348288,78.1,17023950848,315416576,2.8,0.0,0.0,0.0,0.0,34.3,0.0,0.0,0.0,0.0
2026-03-04T16:40:53+00:00,1772642453.9633737,1.1875,3.1,0.0,2304.0,16,13298102272,3725848576,78.1,17023950848,315416576,2.8,4096.063477546225,94209.45998356317,1.0000154974478088,3.0000464923434262,34.3,0.0,0.0,0.0,0.0
2026-03-04T16:40:54+00:00,1772642454.963477,6.10625,18.8,1.6,2304.0,16,13297000448,3726950400,78.1,17023950848,315416576,2.8,0.0,4095.5771920861785,0.0,0.9998967754116647,34.3,0.0,0.0,0.0,0.0
2026-03-04T16:40:55+00:00,1772642455.9632635,2.0500000000000003,9.4,0.0,2304.0,16,13300674560,3723276288,78.1,17023950848,315416576,2.8,0.0,4096.874209980472,0.0,1.0002134301710137,34.3,0.0,0.0,0.0,0.0
2026-03-04T16:40:56+00:00,1772642456.9637885,1.1625,6.2,0.0,2304.0,16,13290213376,3733737472,78.1,17023950848,315416576,2.8,0.0,131003.22360744867,0.0,2.9984258333003693,34.3,0.0,0.0,0.0,0.0
2026-03-04T16:40:57+00:00,1772642457.9636085,3.8000000000000003,7.7,1.6,2304.0,16,13290668032,3733282816,78.1,17023950848,315416576,2.8,0.0,69644.53643632159,0.0,2.00036007687045,34.3,1.000180038435225,0.0,1.000180038435225,0.0
2026-03-04T16:40:58+00:00,1772642458.9633548,1.375,6.2,0.0,2304.0,16,13293727744,3730223104,78.1,17023950848,315416576,2.8,0.0,4097.039326153524,0.0,1.0002537417367001,34.3,1.0002537417367001,0.0,1.0002537417367001,0.0
2026-03-04T16:40:59+00:00,1772642459.9637876,1.3625,4.6,0.0,2304.0,16,13290692608,3733258240,78.1,17023950848,315416576,2.8,0.0,32753.826445818147,0.0,4.997837287264732,34.3,0.9995674574529464,0.0,0.9995674574529464,0.0
2026-03-04T16:41:00+00:00,1772642460.9637663,3.0125,12.1,0.0,2304.0,16,13292904448,3731046400,78.1,17023950848,315416576,2.8,0.0,65537.39065450865,0.0,1.0000212197038063,34.3,1.0000212197038063,0.0,1.0000212197038063,0.0
2026-03-04T16:41:01+00:00,1772642461.9634151,1.76875,6.2,0.0,2304.0,16,13287370752,3736580096,78.1,17023950848,315416576,2.8,0.0,127020.60843950066,0.0,5.001756569725801,34.3,1.0003513139451603,0.0,1.0003513139451603,0.0
2026-03-04T16:41:02+00:00,1772642462.9634147,1.8625,4.7,0.0,2304.0,16,13290045440,3733905408,78.1,17023950848,315416576,2.8,0.0,4096.001953125931,0.0,1.0000004768373856,34.3,1.0000004768373856,0.0,1.0000004768373856,0.0
2026-03-04T16:41:03+00:00,1772642463.963402,0.7875000000000001,6.2,0.0,2304.0,16,13293596672,3730354176,78.1,17023950848,315416576,2.8,0.0,4096.0517584665295,0.0,1.0000126363443675,34.3,0.0,0.0,0.0,0.0
2026-03-04T16:41:04+00:00,1772642464.9635725,5.0125,10.6,1.5,2304.0,16,13297479680,3726471168,78.1,17023950848,315416576,2.8,0.0,0.0,0.0,0.0,34.3,214.96335535071475,0.0,3.999318239083065,0.0
2026-03-04T16:41:05+00:00,1772642465.9633658,2.15,6.2,0.0,2304.0,16,13296553984,3727396864,78.1,17023950848,315416576,2.8,0.0,8193.693709479838,0.0,1.000206751645488,34.3,215.04445160377992,0.0,4.000827006581952,0.0
2026-03-04T16:41:06+00:00,1772642466.9634354,1.95625,7.8,0.0,2304.0,16,13295804416,3728146432,78.1,17023950848,315416576,2.8,0.0,491485.7836320828,0.0,36.9974243049867,34.3,215.98496351019264,0.0,4.999651933106311,0.0
2026-03-04T16:41:07+00:00,1772642467.96359,1.36875,6.2,0.0,2304.0,16,13294485504,3729465344,78.1,17023950848,315416576,2.8,0.0,0.0,0.0,0.0,34.3,215.96663418318016,0.0,4.999227643129171,0.0
2026-03-04T16:41:08+00:00,1772642468.9635355,1.55,4.6,0.0,2304.0,16,13296033792,3727917056,78.1,17023950848,315416576,2.8,0.0,184330.02007593567,0.0,15.00081543586716,34.3,1.000054362391144,0.0,1.000054362391144,0.0
2026-03-04T16:41:09+00:00,1772642469.963469,2.55,7.8,0.0,2304.0,16,13295415296,3728535552,78.1,17023950848,315416576,2.8,0.0,69636.63214406208,0.0,2.0001330464172247,34.3,1.0000665232086123,0.0,1.0000665232086123,0.0
2026-03-04T16:41:10+00:00,1772642470.963388,1.66875,7.8,0.0,2304.0,16,13291110400,3732840448,78.1,17023950848,315416576,2.8,0.0,8192.664116334809,0.0,2.000162137777053,34.3,1.0000810688885264,0.0,1.0000810688885264,0.0
2026-03-04T16:41:11+00:00,1772642471.96366,1.6500000000000001,6.2,0.0,2304.0,16,13294174208,3729776640,78.1,17023950848,315416576,2.8,0.0,73707.94881401138,0.0,2.999184115153458,34.3,0.999728038384486,0.0,0.999728038384486,0.0
2026-03-04T16:41:12+00:00,1772642472.9633417,3.00625,7.6,0.0,2304.0,16,13298630656,3725320192,78.1,17023950848,315416576,2.8,0.0,4097.304126026212,0.0,1.000318390143118,34.3,0.0,0.0,0.0,0.0
2026-03-04T16:41:13+00:00,1772642473.963672,4.9125,9.2,0.0,2304.0,16,13291847680,3732103168,78.1,17023950848,315416576,2.8,0.0,69609.01442599774,0.0,1.9993397985408357,34.3,0.0,0.0,0.0,0.0
2026-03-04T16:41:14+00:00,1772642474.9637015,1.58125,4.7,0.0,2304.0,16,13296680960,3727269888,78.1,17023950848,315416576,2.8,0.0,4095.878909829898,0.0,0.99997043697019,34.3,0.0,0.0,0.0,0.0
2026-03-04T16:41:15+00:00,1772642475.963517,1.8625,6.2,0.0,2304.0,16,13296345088,3727605760,78.1,17023950848,315416576,2.8,0.0,0.0,0.0,0.0,34.3,1.0001845700400378,0.0,1.0001845700400378,0.0
2026-03-04T16:41:16+00:00,1772642476.9633822,1.36875,6.2,0.0,2304.0,16,13297614848,3726336000,78.1,17023950848,315416576,2.8,0.0,81931.03664295751,0.0,5.000673623227387,34.3,1.0001347246454775,0.0,1.0001347246454775,0.0
2026-03-04T16:41:17+00:00,1772642477.9635282,2.71875,10.6,0.0,2304.0,16,13298151424,3725799424,78.1,17023950848,315416576,2.8,0.0,4095.402430942598,0.0,0.9998541091168452,34.3,0.9998541091168452,0.0,0.9998541091168452,0.0
2026-03-04T16:41:18+00:00,1772642478.963671,1.75625,7.6,0.0,2304.0,16,13296050176,3727900672,78.1,17023950848,315416576,2.8,0.0,16381.660490361755,0.0,3.9994288306547254,34.3,0.9998572076636814,0.0,0.9998572076636814,0.0
2026-03-04T16:41:19+00:00,1772642479.9634676,1.94375,4.7,0.0,2304.0,16,13308112896,3715837952,78.2,17023950848,315416576,2.8,0.0,0.0,0.0,0.0,34.3,1.0002034124161698,0.0,1.0002034124161698,0.0
2026-03-04T16:41:20+00:00,1772642480.9633799,2.35,6.2,0.0,2304.0,16,13292642304,3731308544,78.1,17023950848,315416576,2.8,0.0,122890.78219600872,0.0,17.001491677507715,34.3,1.000087745735748,0.0,1.000087745735748,0.0
2026-03-04T16:41:21+00:00,1772642481.963718,1.375,4.7,0.0,2304.0,16,13296005120,3727945728,78.1,17023950848,315416576,2.8,0.0,155595.39669024784,0.0,8.996958330413692,34.3,0.0,0.0,0.0,0.0
2026-03-04T16:41:22+00:00,1772642482.9633787,2.34375,7.7,0.0,2304.0,16,13297811456,3726139392,78.1,17023950848,315416576,2.8,0.0,0.0,0.0,0.0,34.3,0.0,0.0,0.0,0.0
2026-03-04T16:41:23+00:00,1772642483.96333,3.1125000000000003,7.7,0.0,2304.0,16,13296750592,3727200256,78.1,17023950848,315416576,2.8,0.0,147463.17222383825,0.0,7.000340478290933,34.3,0.0,0.0,0.0,0.0
2026-03-04T16:41:24+00:00,1772642484.9634845,2.8312500000000003,7.8,0.0,2304.0,16,13296693248,3727257600,78.1,17023950848,315416576,2.8,0.0,73716.61113452549,0.0,1.9996910572516682,34.3,0.0,0.0,0.0,0.0
2026-03-04T16:41:25+00:00,1772642485.963764,1.46875,4.7,0.0,2304.0,16,13296713728,3727237120,78.1,17023950848,315416576,2.8,0.0,4094.8557884731076,0.0,0.9997206514826923,34.3,0.0,0.0,0.0,0.0
2026-03-04T16:41:26+00:00,1772642486.9635742,3.5875,7.7,0.0,2304.0,16,13296607232,3727343616,78.1,17023950848,315416576,2.8,0.0,8193.554982606447,0.0,2.000379634425402,34.3,0.0,0.0,0.0,0.0
2026-03-04T16:41:27+00:00,1772642487.9635549,1.3625,4.6,0.0,2304.0,16,13291892736,3732058112,78.1,17023950848,315416576,2.8,0.0,4096.079103090131,0.0,1.000019312277864,34.3,0.0,0.0,0.0,0.0
2026-03-04T16:41:28+00:00,1772642488.9633505,2.34375,6.2,0.0,2304.0,16,13293617152,3730333696,78.1,17023950848,315416576,2.8,0.0,4096.837085099681,0.0,1.0002043664794142,34.3,0.0,0.0,0.0,0.0
2026-03-04T16:41:29+00:00,1772642489.9635692,1.46875,4.7,0.0,2304.0,16,13296615424,3727335424,78.1,17023950848,315416576,2.8,0.0,4095.104687929432,0.0,0.9997814179515215,34.3,0.0,0.0,0.0,0.0
2026-03-04T16:41:30+00:00,1772642490.9636192,4.825,12.3,0.0,2304.0,16,13295546368,3728404480,78.1,17023950848,315416576,2.8,0.0,0.0,0.0,0.0,34.3,0.0,0.0,0.0,0.0
2026-03-04T16:41:31+00:00,1772642491.9635406,4.5625,10.8,1.6,2304.0,16,13296193536,3727757312,78.1,17023950848,315416576,2.8,0.0,356380.03931545594,0.0,9.00070815889655,34.3,0.0,0.0,0.0,0.0
2026-03-04T16:41:32+00:00,1772642492.963258,1.75625,4.7,0.0,2304.0,16,13293686784,3730264064,78.1,17023950848,315416576,2.8,0.0,4097.157553601508,0.0,1.0002826058597432,34.3,0.0,0.0,0.0,0.0
2026-03-04T16:41:33+00:00,1772642493.9637852,1.1875,4.7,0.0,2304.0,16,13296103424,3727847424,78.1,17023950848,315416576,2.8,0.0,4093.841957910314,0.0,0.9994731342554477,34.3,0.0,0.0,0.0,0.0
2026-03-04T16:41:34+00:00,1772642494.9633052,1.3687500000000001,3.1,0.0,2304.0,16,13297459200,3726491648,78.1,17023950848,315416576,2.8,0.0,65567.46822775423,0.0,1.0004801670494725,34.3,0.0,0.0,0.0,0.0
2026-03-04T16:41:35+00:00,1772642495.9634464,4.725,10.6,0.0,2304.0,16,13294260224,3729690624,78.1,17023950848,315416576,2.8,65526.75130539589,487355.21283388196,0.9998588761199324,43.99379054927702,34.3,0.0,0.0,0.0,0.0
2026-03-04T16:41:36+00:00,1772642496.9635134,4.5375,19.4,0.0,2304.0,16,13290663936,3733286912,78.1,17023950848,315416576,2.8,0.0,110584.59131666184,0.0,8.999397079806466,34.3,0.0,0.0,0.0,0.0
2026-03-04T16:41:37+00:00,1772642497.9636126,1.6625,4.6,0.0,2304.0,16,13290373120,3733577728,78.1,17023950848,315416576,2.8,0.0,65529.500644619904,0.0,0.9999008277072129,34.3,0.0,0.0,0.0,0.0
2026-03-04T16:41:38+00:00,1772642498.9636345,1.85,6.2,0.0,2304.0,16,13292941312,3731009536,78.1,17023950848,315416576,2.8,0.0,24575.460949323813,0.0,1.9999561319436696,34.3,0.0,0.0,0.0,0.0
2026-03-04T16:41:39+00:00,1772642499.9634013,2.83125,6.2,0.0,2304.0,16,13295775744,3728175104,78.1,17023950848,315416576,2.8,0.0,49163.4636105087,0.0,3.0006996832585875,34.3,0.0,0.0,0.0,0.0
2026-03-04T16:41:40+00:00,1772642500.9633093,1.46875,6.2,0.0,2304.0,16,13294825472,3729125376,78.1,17023950848,315416576,2.8,0.0,217107.98035440844,0.0,4.000368152167019,34.3,0.0,0.0,0.0,0.0
2026-03-04T16:41:41+00:00,1772642501.963388,3.78125,12.3,0.0,2304.0,16,13300711424,3723239424,78.1,17023950848,315416576,2.8,0.0,217070.9212655979,0.0,4.999606640293289,34.3,0.0,0.0,0.0,0.0
2026-03-04T16:41:42+00:00,1772642502.9633882,3.40625,7.8,0.0,2304.0,16,13296140288,3727810560,78.1,17023950848,315416576,2.8,0.0,4095.999023437733,0.0,0.9999997615814777,34.3,0.0,0.0,0.0,0.0
2026-03-04T16:41:43+00:00,1772642503.9634907,2.05625,4.7,0.0,2304.0,16,13296267264,3727683584,78.1,17023950848,315416576,2.8,0.0,12286.74036351292,0.0,1.9997949810405142,34.3,0.0,0.0,0.0,0.0
2026-03-04T16:41:44+00:00,1772642504.9633727,2.53125,7.6,0.0,2304.0,16,13296340992,3727609856,78.1,17023950848,315416576,2.8,0.0,12289.450366480687,0.0,3.000354093379074,34.3,0.0,0.0,0.0,0.0
2026-03-04T16:41:45+00:00,1772642505.96342,2.625,7.6,0.0,2304.0,16,13295136768,3728814080,78.1,17023950848,315416576,2.8,0.0,77820.32634529677,0.0,2.999858386049166,34.3,0.0,0.0,0.0,0.0
2026-03-04T16:41:46+00:00,1772642506.9632947,1.95625,7.8,0.0,2304.0,16,13294546944,3729403904,78.1,17023950848,315416576,2.8,0.0,36868.61483545032,0.0,8.001001483387656,34.3,0.0,0.0,0.0,0.0
2026-03-04T16:41:47+00:00,1772642507.9634595,1.85,6.2,0.0,2304.0,16,13297459200,3726491648,78.1,17023950848,315416576,2.8,0.0,20476.626532331982,0.0,4.999176399495113,34.3,0.0,0.0,0.0,0.0
2026-03-04T16:41:48+00:00,1772642508.9635515,2.44375,6.2,0.0,2304.0,16,13298257920,3725692928,78.1,17023950848,315416576,2.8,0.0,49147.47697875171,0.0,10.998987767868424,34.3,0.0,0.0,0.0,0.0
2026-03-04T16:41:49+00:00,1772642509.9634693,5.53125,10.9,1.5,2304.0,16,13295460352,3728490496,78.1,17023950848,315416576,2.8,0.0,0.0,0.0,0.0,34.3,0.0,0.0,0.0,0.0
2026-03-04T16:41:50+00:00,1772642510.963399,3.025,7.8,0.0,2304.0,16,13295771648,3728179200,78.1,17023950848,315416576,2.8,0.0,8192.576212402024,0.0,2.000140676855963,34.3,0.0,0.0,0.0,0.0
2026-03-04T16:41:51+00:00,1772642511.9635427,1.375,6.2,0.0,2304.0,16,13296373760,3727577088,78.1,17023950848,315416576,2.8,0.0,139243.98139362803,0.0,4.999281271313047,34.3,0.0,0.0,0.0,0.0
2026-03-04T16:41:52+00:00,1772642512.9633102,1.84375,4.7,0.0,2304.0,16,13296259072,3727691776,78.1,17023950848,315416576,2.8,0.0,65551.2379171775,0.0,1.0002325121639632,34.3,0.0,0.0,0.0,0.0
2026-03-04T16:41:53+00:00,1772642513.9632797,1.25625,9.1,0.0,2304.0,16,13293486080,3730464768,78.1,17023950848,315416576,2.8,0.0,4096.125003814814,0.0,1.000030518509476,34.3,0.0,0.0,0.0,0.0
2026-03-04T16:41:54+00:00,1772642514.9634116,1.46875,7.8,0.0,2304.0,16,13296128000,3727822848,78.1,17023950848,315416576,2.8,35835.275281135924,8190.92006425964,0.9998681719066943,1.9997363438133886,34.3,0.0,0.0,0.0,0.0
2026-03-04T16:41:55+00:00,1772642515.963334,1.3625,4.6,0.0,2304.0,16,13296119808,3727831040,78.1,17023950848,315416576,2.8,0.0,65541.07851851427,0.0,7.000542444299316,34.3,0.0,0.0,0.0,0.0
2026-03-04T16:41:56+00:00,1772642516.9636545,1.95625,6.2,0.0,2304.0,16,13312782336,3711168512,78.2,17023950848,315416576,2.8,0.0,77799.07048827737,0.0,2.9990390042253305,34.3,0.0,0.0,0.0,0.0
2026-03-04T16:41:57+00:00,1772642517.9638433,0.9875,3.1,0.0,2304.0,16,13303312384,3720638464,78.1,17023950848,315416576,2.8,0.0,69618.85404481804,0.0,1.9996224162689007,34.3,0.0,0.0,0.0,0.0
2026-03-04T16:41:58+00:00,1772642518.9634502,2.34375,6.2,0.0,2304.0,16,13308137472,3715813376,78.2,17023950848,315416576,2.8,2048.8054924624134,4097.610984924827,1.0003933068664128,1.0003933068664128,34.3,0.0,0.0,0.0,0.0
2026-03-04T16:41:59+00:00,1772642519.9632368,2.25,7.8,0.0,2304.0,16,13302980608,3720970240,78.1,17023950848,315416576,2.8,16387.49683992189,65549.98735968755,1.0002134301710137,7.001494011197095,34.3,0.0,0.0,0.0,0.0
2026-03-04T16:42:00+00:00,1772642520.9632397,0.88125,4.6,0.0,2304.0,16,13305925632,3718025216,78.2,17023950848,315416576,2.8,0.0,65535.81250053644,0.0,0.9999971389852362,34.3,0.0,0.0,0.0,0.0
2026-03-04T16:42:01+00:00,1772642521.9637976,1.76875,6.2,0.0,2304.0,16,13303177216,3720773632,78.1,17023950848,315416576,2.8,0.0,81874.3223585322,0.0,3.997769646412705,34.3,0.0,0.0,0.0,0.0
2026-03-04T16:42:02+00:00,1772642522.963555,4.90625,14.9,0.0,2304.0,16,13301522432,3722428416,78.1,17023950848,315416576,2.8,53260.91426415602,397408.3602787026,1.0002425305017282,37.00897362856394,34.3,0.0,0.0,0.0,0.0
2026-03-04T16:42:03+00:00,1772642523.963699,4.06875,10.6,0.0,2304.0,16,13303279616,3720671232,78.1,17023950848,315416576,2.8,0.0,135148.53795887777,0.0,14.997840238689383,34.3,0.0,0.0,0.0,0.0
2026-03-04T16:42:04+00:00,1772642524.9633677,1.46875,6.2,0.0,2304.0,16,13304274944,3719675904,78.2,17023950848,315416576,2.8,0.0,0.0,0.0,0.0,34.3,0.0,0.0,0.0,0.0
2026-03-04T16:42:05+00:00,1772642525.9635062,2.25625,6.2,0.0,2304.0,16,13306712064,3717238784,78.2,17023950848,315416576,2.8,0.0,65526.923132338554,0.0,14.997922469865086,34.3,0.0,0.0,0.0,0.0
2026-03-04T16:42:06+00:00,1772642526.9635081,2.71875,7.7,0.0,2304.0,16,13302968320,3720982528,78.1,17023950848,315416576,2.8,0.0,229375.56250083447,0.0,10.999979019205057,34.3,0.0,0.0,0.0,0.0
2026-03-04T16:42:07+00:00,1772642527.9633222,2.625,12.1,0.0,2304.0,16,13304696832,3719254016,78.2,17023950848,315416576,2.8,0.0,0.0,0.0,0.0,34.3,0.0,0.0,0.0,0.0
2026-03-04T16:42:08+00:00,1772642528.9633815,1.46875,4.8,0.0,2304.0,16,13304590336,3719360512,78.2,17023950848,315416576,2.8,0.0,12287.270551117128,0.0,2.99982191189383,34.3,0.0,0.0,0.0,0.0
2026-03-04T16:42:09+00:00,1772642529.9635863,1.3687500000000001,6.2,0.0,2304.0,16,13305061376,3718889472,78.2,17023950848,315416576,2.8,16380.645218314521,53237.09695952219,0.9997952403756422,4.998976201878211,34.3,0.0,0.0,0.0,0.0
2026-03-04T16:42:10+00:00,1772642530.963439,1.26875,4.6,0.0,2304.0,16,13300457472,3723493376,78.1,17023950848,315416576,2.8,0.0,69642.26127754916,0.0,3.0004420931848497,34.3,0.0,0.0,0.0,0.0
2026-03-04T16:42:11+00:00,1772642531.963567,0.9875,4.7,0.0,2304.0,16,13302292480,3721658368,78.1,17023950848,315416576,2.8,0.0,8190.951306140089,0.0,1.9997439712256078,34.3,0.0,0.0,0.0,0.0
2026-03-04T16:42:12+00:00,1772642532.9636133,2.7375,7.8,0.0,2304.0,16,13301579776,3722371072,78.1,17023950848,315416576,2.8,0.0,4095.810555637409,0.0,0.9999537489349143,34.3,0.0,0.0,0.0,0.0
2026-03-04T16:42:13+00:00,1772642533.9632444,1.25,9.1,0.0,2304.0,16,13304479744,3719471104,78.2,17023950848,315416576,2.8,0.0,135217.87288698106,0.0,3.001106908890737,34.3,0.0,0.0,0.0,0.0
2026-03-04T16:42:14+00:00,1772642534.963417,1.7625000000000002,4.7,0.0,2304.0,16,13305929728,3718021120,78.2,17023950848,315416576,2.8,0.0,4095.2930907731725,0.0,0.9998274147395441,34.3,0.0,0.0,0.0,0.0
2026-03-04T16:42:15+00:00,1772642535.9634786,1.36875,7.8,0.0,2304.0,16,13304614912,3719335936,78.2,17023950848,315416576,2.8,0.0,65531.96899795497,0.0,1.9998769835801689,34.3,0.0,0.0,0.0,0.0
2026-03-04T16:42:16+00:00,1772642536.9637873,1.96875,6.2,0.0,2304.0,16,13304811520,3719139328,78.2,17023950848,315416576,2.8,0.0,77799.97909619103,0.0,3.9987653729538977,34.3,0.0,0.0,0.0,0.0
2026-03-04T16:42:17+00:00,1772642537.9634802,1.75625,4.7,0.0,2304.0,16,13302267904,3721682944,78.1,17023950848,315416576,2.8,0.0,12291.774596614943,0.0,3.000921532376695,34.3,0.0,0.0,0.0,0.0
2026-03-04T16:42:18+00:00,1772642538.9633725,2.0500000000000003,6.2,0.0,2304.0,16,13300408320,3723542528,78.1,17023950848,315416576,2.8,0.0,8192.882907646717,0.0,2.000215553624687,34.3,0.0,0.0,0.0,0.0
2026-03-04T16:42:19+00:00,1772642539.9635324,1.65625,4.7,0.0,2304.0,16,13304360960,3719589888,78.2,17023950848,315416576,2.8,0.0,65525.51730201014,0.0,0.9998400467225669,34.3,0.0,0.0,0.0,0.0
2026-03-04T16:42:20+00:00,1772642540.9631627,1.1875,4.7,0.0,2304.0,16,13325180928,3698769920,78.3,17023950848,315416576,2.8,65560.24333987717,233558.3668983124,1.0003699240093562,9.003329316084205,34.3,0.0,0.0,0.0,0.0
2026-03-04T16:42:21+00:00,1772642541.9639468,1.76875,7.7,0.0,2304.0,16,13306114048,3717836800,78.2,17023950848,315416576,2.8,0.0,155526.04289934732,0.0,21.982762025760955,34.3,0.0,0.0,0.0,0.0
2026-03-04T16:42:22+00:00,1772642542.9638517,1.475,4.7,0.0,2304.0,16,13305327616,3718623232,78.2,17023950848,315416576,2.8,0.0,65542.23496812636,0.0,1.0000951380634515,34.3,0.0,0.0,0.0,0.0
2026-03-04T16:42:23+00:00,1772642543.9633632,3.50625,6.2,1.5,2304.0,16,13308157952,3715792896,78.2,17023950848,315416576,2.8,0.0,4098.0019545566765,0.0,1.0004887584366886,34.3,0.0,0.0,0.0,0.0
2026-03-04T16:42:24+00:00,1772642544.9633446,0.8875000000000001,4.7,0.0,2304.0,16,13310603264,3713347584,78.2,17023950848,315416576,2.8,0.0,110594.05667887234,0.0,4.000074387980047,34.3,0.0,0.0,0.0,0.0
2026-03-04T16:42:25+00:00,1772642545.9633915,1.9625000000000001,4.7,0.0,2304.0,16,13307006976,3716943872,78.2,17023950848,315416576,2.8,0.0,221173.61181604202,0.0,6.999671236220947,34.3,0.0,0.0,0.0,0.0
2026-03-04T16:42:26+00:00,1772642546.9633033,2.35,4.7,0.0,2304.0,16,13307727872,3716222976,78.2,17023950848,315416576,2.8,0.0,77830.86584004422,0.0,3.0002646679704545,34.3,0.0,0.0,0.0,0.0
2026-03-04T16:42:27+00:00,1772642547.9633749,1.85625,9.2,0.0,2304.0,16,13303402496,3720548352,78.1,17023950848,315416576,2.8,0.0,8191.414104406518,0.0,0.9999284795418113,34.3,0.0,0.0,0.0,0.0
2026-03-04T16:42:28+00:00,1772642548.9634862,0.775,6.2,0.0,2304.0,16,13301555200,3722395648,78.1,17023950848,315416576,2.8,0.0,28668.807972592545,0.0,3.9995546836764153,34.3,0.0,0.0,0.0,0.0
2026-03-04T16:42:29+00:00,1772642549.963385,1.76875,6.2,0.0,2304.0,16,13299990528,3723960320,78.1,17023950848,315416576,2.8,0.0,8192.828208723187,0.0,2.0002021993953094,34.3,0.0,0.0,0.0,0.0
2026-03-04T16:42:30+00:00,1772642550.9634318,2.13125,7.7,0.0,2304.0,16,13301133312,3722817536,78.1,17023950848,315416576,2.8,0.0,65532.937643104066,0.0,0.9999532721420908,34.3,0.0,0.0,0.0,0.0
2026-03-04T16:42:31+00:00,1772642551.963279,2.94375,7.8,0.0,2304.0,16,13297094656,3726856192,78.1,17023950848,315416576,2.8,0.0,49159.51286691372,0.0,7.001069947680584,34.3,0.0,0.0,0.0,0.0
2026-03-04T16:42:32+00:00,1772642552.963456,1.45,7.6,0.0,2304.0,16,13299621888,3724328960,78.1,17023950848,315416576,2.8,0.0,81905.51037580994,0.0,2.999469374114134,34.3,0.0,0.0,0.0,0.0
2026-03-04T16:42:33+00:00,1772642553.96328,1.46875,4.7,0.0,2304.0,16,13310300160,3713650688,78.2,17023950848,315416576,2.8,0.0,430155.6871454986,0.0,30.00527951628757,34.3,0.0,0.0,0.0,0.0
2026-03-04T16:42:34+00:00,1772642554.9633222,1.4812500000000002,3.2,0.0,2304.0,16,13307613184,3716337664,78.2,17023950848,315416576,2.8,0.0,0.0,0.0,0.0,34.3,0.0,0.0,0.0,0.0
2026-03-04T16:42:35+00:00,1772642555.9632893,1.175,4.7,0.0,2304.0,16,13303250944,3720699904,78.1,17023950848,315416576,2.8,0.0,102403.36925147932,0.0,12.000394834157733,34.3,0.0,0.0,0.0,0.0
2026-03-04T16:42:36+00:00,1772642556.9634607,2.25,7.6,0.0,2304.0,16,13307715584,3716235264,78.2,17023950848,315416576,2.8,8190.5959438124655,221146.09048293656,0.9998286064224201,8.99845745780178,34.3,0.0,0.0,0.0,0.0
2026-03-04T16:42:37+00:00,1772642557.963525,1.3687500000000001,4.7,0.0,2304.0,16,13299462144,3724488704,78.1,17023950848,315416576,2.8,0.0,98297.67228233427,0.0,19.99871262254522,34.3,0.0,0.0,0.0,0.0
2026-03-04T16:42:38+00:00,1772642558.963328,3.90625,7.8,1.6,2304.0,16,13301882880,3722067968,78.1,17023950848,315416576,2.8,0.0,0.0,0.0,0.0,34.3,0.0,0.0,0.0,0.0
2026-03-04T16:42:39+00:00,1772642559.963407,3.025,7.8,0.0,2304.0,16,13299269632,3724681216,78.1,17023950848,315416576,2.8,0.0,77817.84033131838,0.0,3.9996834051870054,34.3,0.0,0.0,0.0,0.0
2026-03-04T16:42:40+00:00,1772642560.963495,1.7625,4.7,0.0,2304.0,16,13302042624,3721908224,78.1,17023950848,315416576,2.8,0.0,4095.6396801371643,0.0,0.9999120312834874,34.3,0.0,0.0,0.0,0.0
2026-03-04T16:42:41+00:00,1772642561.9636858,3.5,9.4,1.5,2304.0,16,13305176064,3718774784,78.2,17023950848,315416576,2.8,0.0,171999.1937572942,0.0,3.999237206038277,34.3,0.0,0.0,0.0,0.0
