ts_iso_utc,ts_unix,cpu_percent,cpu_percent_max,cpu_percent_min,cpu_frequency_mhz,cpu_count,memory_used,memory_available,memory_percent,memory_total,swap_used,swap_percent,disk_read_bytes_per_s,disk_write_bytes_per_s,disk_read_ops_per_s,disk_write_ops_per_s,disk_usage_percent_c,net_bytes_sent_per_s,net_bytes_recv_per_s,net_packets_sent_per_s,net_packets_recv_per_s
2026-03-04T20:03:45+00:00,1772654625.2928522,0.0,0.0,0.0,2304.0,16,14211928064,2812022784,83.5,17023950848,297066496,2.6,0.0,0.0,0.0,0.0,34.3,0.0,0.0,0.0,0.0
2026-03-04T20:03:46+00:00,1772654626.2926466,2.7625,21.9,0.0,2304.0,16,14210445312,2813505536,83.5,17023950848,297066496,2.6,2048.4209849569875,63501.05053366662,4.000822236244116,13.002672267793379,34.3,1.000205559061029,0.0,1.000205559061029,0.0
2026-03-04T20:03:47+00:00,1772654627.2925296,11.6125,24.6,6.2,2304.0,16,14218641408,2805309440,83.5,17023950848,297066496,2.6,16385.918193300466,667726.1663769939,1.0001170772278116,40.00468308911246,34.3,692.0810174416456,66.00772709703556,4.0004683089112465,1.0001170772278116
2026-03-04T20:03:48+00:00,1772654628.2925427,2.34375,9.2,0.0,2304.0,16,14216318976,2807631872,83.5,17023950848,297066496,2.6,0.0,0.0,0.0,0.0,34.3,2960.9611728514415,5764.924404420318,8.999881984350887,10.999855758651083
2026-03-04T20:03:49+00:00,1772654629.2928228,1.9375,6.2,0.0,2304.0,16,14215004160,2808946688,83.5,17023950848,297066496,2.6,0.0,241596.31876503254,0.0,23.99327847904852,34.3,3437.0371421237005,313.9120601008848,3.9988797465080865,3.9988797465080865
2026-03-04T20:03:50+00:00,1772654630.2928178,1.45,3.1,0.0,2304.0,16,14217392128,2806558720,83.5,17023950848,297066496,2.6,0.0,4096.020507915179,0.0,1.0000050068152293,34.3,1.0000050068152293,0.0,1.0000050068152293,0.0
2026-03-04T20:03:51+00:00,1772654631.2929764,4.39375,10.9,0.0,2304.0,16,14206877696,2817073152,83.5,17023950848,297066496,2.6,0.0,507823.48542170395,0.0,96.98462324751387,34.3,0.0,141.97748970254608,0.0,0.9998414767784934
2026-03-04T20:03:52+00:00,1772654632.293034,2.175,6.3,0.0,2304.0,16,14207148032,2816802816,83.5,17023950848,297066496,2.6,0.0,65532.21896815531,0.0,0.9999423060326433,34.3,0.0,0.0,0.0,0.0
2026-03-04T20:03:53+00:00,1772654633.292786,3.625,7.8,0.0,2304.0,16,14204407808,2819543040,83.4,17023950848,297066496,2.6,0.0,8194.033707878567,0.0,2.0004965107125408,34.3,0.0,0.0,0.0,0.0
2026-03-04T20:03:54+00:00,1772654634.2926366,7.45,19.7,0.0,2304.0,16,14093045760,2930905088,82.8,17023950848,298192896,2.6,0.0,1364171.6026533272,0.0,14.0020898123318,34.3,0.0,0.0,0.0,0.0
2026-03-04T20:03:55+00:00,1772654635.2930431,2.05625,7.9,0.0,2304.0,16,14098309120,2925641728,82.8,17023950848,298192896,2.6,0.0,81886.71275013947,0.0,0.999593661500726,34.3,0.0,0.0,0.0,0.0
2026-03-04T20:03:56+00:00,1772654636.2927158,3.3375,9.4,0.0,2304.0,16,14075232256,2948718592,82.7,17023950848,298192896,2.6,0.0,307300.5944529018,0.0,66.02161208949062,34.3,87.02848866341945,0.0,1.000327455901373,0.0
2026-03-04T20:03:57+00:00,1772654637.292718,1.8375,4.7,0.0,2304.0,16,14073872384,2950078464,82.7,17023950848,298192896,2.6,393215.1562518105,544766.8310571958,5.999987125424354,66.99985623390529,34.3,53.99988412881919,487.9989528678475,0.9999978542373924,0.9999978542373924
2026-03-04T20:03:58+00:00,1772654638.2926111,1.65625,7.8,0.0,2304.0,16,14067740672,2956210176,82.6,17023950848,298192896,2.6,0.0,77832.31338796564,0.0,3.0003204688000733,34.3,0.0,0.0,0.0,0.0
2026-03-04T20:03:59+00:00,1772654639.2926958,4.35625,7.7,1.6,2304.0,16,14067224576,2956726272,82.6,17023950848,298192896,2.6,0.0,221165.2808812349,0.0,4.999576842837523,34.3,0.0,0.0,0.0,0.0
2026-03-04T20:04:00+00:00,1772654640.292653,2.825,6.2,0.0,2304.0,16,14071496704,2952454144,82.7,17023950848,298192896,2.6,0.0,528406.5507670849,0.0,44.0018778648705,34.3,0.0,0.0,0.0,0.0
2026-03-04T20:04:01+00:00,1772654641.2931297,1.9375,9.2,0.0,2304.0,16,14084009984,2939940864,82.7,17023950848,298192896,2.6,0.0,81880.97563021546,0.0,10.994759911283813,34.3,0.0,219.89519822567627,0.0,1.999047256597057
2026-03-04T20:04:02+00:00,1772654642.2928274,2.1375,6.2,0.0,2304.0,16,14073286656,2950664192,82.7,17023950848,298192896,2.6,0.0,40972.38655713903,0.0,4.001209624720608,34.3,0.0,0.0,0.0,0.0
2026-03-04T20:04:03+00:00,1772654643.2928889,2.05625,7.7,0.0,2304.0,16,14071836672,2952114176,82.7,17023950848,298192896,2.6,0.0,0.0,0.0,0.0,34.3,0.0,0.0,0.0,0.0
2026-03-04T20:04:04+00:00,1772654644.2930086,3.75625,7.7,1.5,2304.0,16,14071062528,2952888320,82.7,17023950848,298192896,2.6,16382.039297168927,118769.78490447473,0.9998803281963456,6.999162297374419,34.3,0.0,0.0,0.0,0.0
2026-03-04T20:04:05+00:00,1772654645.2928736,1.6687500000000002,4.7,0.0,2304.0,16,14070509568,2953441280,82.7,17023950848,298192896,2.6,0.0,8193.10561794752,0.0,2.0002699262567187,34.3,0.0,0.0,0.0,0.0
2026-03-04T20:04:06+00:00,1772654646.2926557,1.65625,7.8,0.0,2304.0,16,14069334016,2954616832,82.6,17023950848,298192896,2.6,0.0,8193.785545346367,0.0,2.000435924156828,34.3,0.0,0.0,0.0,0.0
2026-03-04T20:04:07+00:00,1772654647.292861,2.6375,6.2,0.0,2304.0,16,14065229824,2958721024,82.6,17023950848,298192896,2.6,0.0,131045.09927213828,0.0,1.9995895274679303,34.3,54.988712005368086,65.9864544064417,0.9997947637339651,0.9997947637339651
2026-03-04T20:04:08+00:00,1772654648.2926936,2.74375,9.4,0.0,2304.0,16,14063398912,2960551936,82.6,17023950848,298192896,2.6,0.0,208930.96874333808,0.0,28.004687140076715,34.3,0.0,0.0,0.0,0.0
2026-03-04T20:04:09+00:00,1772654649.2926874,1.8687500000000001,4.7,0.0,2304.0,16,14068789248,2955161600,82.6,17023950848,298192896,2.6,0.0,155648.96484973098,0.0,7.000043392450381,34.3,0.0,0.0,0.0,0.0
2026-03-04T20:04:10+00:00,1772654650.2927015,3.48125,7.7,1.5,2304.0,16,14059765760,2964185088,82.6,17023950848,298192896,2.6,0.0,0.0,0.0,0.0,34.3,0.0,0.0,0.0,0.0
2026-03-04T20:04:11+00:00,1772654651.2926893,3.59375,9.2,1.5,2304.0,16,14065762304,2958188544,82.6,17023950848,298192896,2.6,0.0,73728.8964952758,0.0,3.000036478486157,34.3,0.0,0.0,0.0,0.0
2026-03-04T20:04:12+00:00,1772654652.2929544,2.73125,7.8,0.0,2304.0,16,14059220992,2964729856,82.6,17023950848,298192896,2.6,0.0,155606.745312503,0.0,3.998939795243189,34.3,0.0,0.0,0.0,0.0
2026-03-04T20:04:13+00:00,1772654653.2927966,1.4625000000000001,7.7,0.0,2304.0,16,14060908544,2963042304,82.6,17023950848,298192896,2.6,0.0,12289.93975928322,0.0,2.00031571602917,34.3,0.0,0.0,0.0,0.0
2026-03-04T20:04:14+00:00,1772654654.2931867,0.59375,3.2,0.0,2304.0,16,14080716800,2943234048,82.7,17023950848,298192896,2.6,0.0,45038.43263345043,0.0,2.9988302978593593,34.3,0.0,0.0,0.0,0.0
2026-03-04T20:04:15+00:00,1772654655.2931142,1.61875,4.6,0.0,2304.0,16,14060740608,2963210240,82.6,17023950848,298192896,2.6,0.0,16385.187586075346,0.0,4.000289938006676,34.3,0.0,0.0,0.0,0.0
2026-03-04T20:04:16+00:00,1772654656.2930956,2.88125,7.9,0.0,2304.0,16,14061932544,2962018304,82.6,17023950848,298192896,2.6,0.0,8192.152346583136,0.0,2.0000371939900234,34.3,0.0,0.0,0.0,0.0
2026-03-04T20:04:17+00:00,1772654657.29269,3.6125,9.4,1.5,2304.0,16,14064152576,2959798272,82.6,17023950848,298192896,2.6,0.0,77855.57432840648,0.0,3.001217143621755,34.3,1862.7554404745692,1990.807371935764,19.007708576271114,16.00649143264936
2026-03-04T20:04:18+00:00,1772654658.2927575,1.26875,6.2,0.0,2304.0,16,14063550464,2960400384,82.6,17023950848,298192896,2.6,0.0,65531.57842333464,0.0,0.9999325320943396,34.3,377.9744971316604,913.9383343342265,6.9995277246603775,9.999325320943397
2026-03-04T20:04:19+00:00,1772654659.2927022,1.5625,6.2,0.0,2304.0,16,14063861760,2960089088,82.6,17023950848,298192896,2.6,0.0,94213.21122574911,0.0,5.000276580850305,34.3,0.0,0.0,0.0,0.0
2026-03-04T20:04:20+00:00,1772654660.2927785,0.9875,4.8,0.0,2304.0,16,14061961216,2961989632,82.6,17023950848,298192896,2.6,0.0,8191.375047680078,0.0,1.999847423750019,34.3,0.0,0.0,0.0,0.0
2026-03-04T20:04:21+00:00,1772654661.2926815,5.0375,13.8,1.6,2304.0,16,14051450880,2972499968,82.5,17023950848,298192896,2.6,0.0,12289.192498528218,0.0,2.000194091557327,34.3,0.0,0.0,0.0,0.0
2026-03-04T20:04:22+00:00,1772654662.2930584,1.925,10.6,0.0,2304.0,16,14059491328,2964459520,82.6,17023950848,298192896,2.6,0.0,0.0,0.0,0.0,34.3,0.0,0.0,0.0,0.0
2026-03-04T20:04:23+00:00,1772654663.292936,2.24375,7.7,0.0,2304.0,16,14058733568,2965217280,82.6,17023950848,298192896,2.6,0.0,225307.55708140915,0.0,5.000611618461673,34.3,0.0,0.0,0.0,0.0
2026-03-04T20:04:24+00:00,1772654664.2926614,3.7125,6.2,1.5,2304.0,16,14058573824,2965377024,82.6,17023950848,298192896,2.6,0.0,110622.38334503495,0.0,19.005219939558593,34.3,0.0,0.0,0.0,0.0
2026-03-04T20:04:25+00:00,1772654665.293123,2.43125,7.8,0.0,2304.0,16,14053117952,2970832896,82.5,17023950848,298192896,2.6,0.0,65505.76395630374,0.0,0.9995386345871542,34.3,227.89480868587117,111.94832707376128,3.998154538348617,1.9990772691743084
2026-03-04T20:04:26+00:00,1772654666.292783,1.26875,4.7,0.0,2304.0,16,14056689664,2967261184,82.6,17023950848,298192896,2.6,0.0,135213.9707074711,0.0,10.00340100522839,34.3,0.0,0.0,0.0,0.0
2026-03-04T20:04:27+00:00,1772654667.2930355,1.8375,9.2,0.0,2304.0,16,14061527040,2962423808,82.6,17023950848,298192896,2.6,0.0,8189.932162723464,0.0,1.9994951569149082,34.3,54.986116815159974,0.0,0.9997475784574541,0.0
2026-03-04T20:04:28+00:00,1772654668.2928617,0.8625,4.7,0.0,2304.0,16,14056386560,2967564288,82.6,17023950848,298192896,2.6,0.0,430154.7639710748,0.0,45.00782268112529,34.3,141.0245110675259,120.02086048300077,2.0003476747166795,2.0003476747166795
2026-03-04T20:04:29+00:00,1772654669.293055,3.30625,7.8,0.0,2304.0,16,14055010304,2968940544,82.6,17023950848,298192896,2.6,0.0,126951.45298853547,0.0,5.998840079473387,34.3,0.0,0.0,0.0,0.0
2026-03-04T20:04:30+00:00,1772654670.292731,4.7125,10.9,0.0,2304.0,16,14055448576,2968502272,82.6,17023950848,298192896,2.6,0.0,208963.70650795562,0.0,17.00550996972295,34.3,0.0,0.0,0.0,0.0
2026-03-04T20:04:31+00:00,1772654671.292953,1.4625000000000001,3.1,0.0,2304.0,16,14056738816,2967212032,82.6,17023950848,298192896,2.6,49141.09226491484,241610.37030249796,2.9993342446847437,22.994895875916367,34.3,0.0,0.0,0.0,0.0
2026-03-04T20:04:32+00:00,1772654672.2930906,3.1875,13.4,0.0,2304.0,16,14060711936,2963238912,82.6,17023950848,298192896,2.6,0.0,73717.8588169724,0.0,2.9995873542062337,34.3,0.0,0.0,0.0,0.0
2026-03-04T20:04:33+00:00,1772654673.2933571,1.44375,6.2,0.0,2304.0,16,14058946560,2965004288,82.6,17023950848,298192896,2.6,0.0,0.0,0.0,0.0,34.3,0.0,0.0,0.0,0.0
2026-03-04T20:04:34+00:00,1772654674.2931175,4.85625,9.7,0.0,2304.0,16,14061531136,2962419712,82.6,17023950848,298192896,2.6,0.0,147491.34049921075,0.0,11.002636349089345,34.3,55.01318174544672,66.01581809453607,1.0002396680990313,1.0002396680990313
2026-03-04T20:04:35+00:00,1772654675.2925844,1.8687500000000001,6.2,0.0,2304.0,16,14059786240,2964164608,82.6,17023950848,298192896,2.6,0.0,16392.739033813385,0.0,3.0016001648828214,34.3,0.0,0.0,0.0,0.0
2026-03-04T20:04:36+00:00,1772654676.292652,2.13125,7.5,0.0,2304.0,16,14064664576,2959286272,82.6,17023950848,298192896,2.6,0.0,81914.47302916831,0.0,4.9996626604716985,34.3,0.0,0.0,0.0,0.0
2026-03-04T20:04:37+00:00,1772654677.2928815,4.85,9.2,1.6,2304.0,16,14056648704,2967302144,82.6,17023950848,298192896,2.6,0.0,20475.29893091429,0.0,3.999081822444197,34.3,0.0,0.0,0.0,0.0
2026-03-04T20:04:38+00:00,1772654678.2928112,3.125,12.5,0.0,2304.0,16,14081556480,2942394368,82.7,17023950848,298192896,2.6,0.0,49155.45727441215,0.0,10.000703384279815,34.3,55.00386861353898,66.00464233624677,1.0000703384279814,1.0000703384279814
2026-03-04T20:04:39+00:00,1772654679.2927318,1.75625,7.7,0.0,2304.0,16,14055047168,2968903680,82.6,17023950848,298192896,2.6,0.0,49155.90265359489,0.0,7.000555797834558,34.3,0.0,0.0,0.0,0.0
2026-03-04T20:04:40+00:00,1772654680.293066,1.375,4.8,0.0,2304.0,16,14058135552,2965815296,82.6,17023950848,298192896,2.6,0.0,0.0,0.0,0.0,34.3,41.98596565154946,0.0,0.9996658488464158,0.0
2026-03-04T20:04:41+00:00,1772654681.2927742,1.85625,6.2,0.0,2304.0,16,14060662784,2963288064,82.6,17023950848,298192896,2.6,0.0,135207.45682696253,0.0,30.00875728581377,34.3,0.0,0.0,0.0,0.0
2026-03-04T20:04:42+00:00,1772654682.2926915,1.2625,3.2,0.0,2304.0,16,14055985152,2967965696,82.6,17023950848,298192896,2.6,0.0,131082.84464719117,0.0,4.000330952367895,34.3,0.0,0.0,0.0,0.0
2026-03-04T20:04:43+00:00,1772654683.2927654,3.69375,7.8,1.5,2304.0,16,14057168896,2966781952,82.6,17023950848,298192896,2.6,0.0,12287.091863995114,0.0,1.9998521914054548,34.3,0.0,0.0,0.0,0.0
2026-03-04T20:04:44+00:00,1772654684.2928226,0.48125,1.6,0.0,2304.0,16,14055628800,2968322048,82.6,17023950848,298192896,2.6,0.0,131064.5004291289,0.0,3.999771131260037,34.3,0.0,0.0,0.0,0.0
2026-03-04T20:04:45+00:00,1772654685.292538,1.9875,9.4,0.0,2304.0,16,14055555072,2968395776,82.6,17023950848,298192896,2.6,0.0,12291.499042953797,0.0,2.0005695056890946,34.3,0.0,0.0,0.0,0.0
2026-03-04T20:04:46+00:00,1772654686.2928119,3.15625,18.2,0.0,2304.0,16,14059638784,2964312064,82.6,17023950848,298192896,2.6,0.0,73707.8082657582,0.0,2.9991783962303953,34.3,0.0,0.0,0.0,0.0
2026-03-04T20:04:47+00:00,1772654687.2925587,6.6499999999999995,15.6,0.0,2304.0,16,14071218176,2952732672,82.7,17023950848,298192896,2.6,0.0,77843.71006872486,0.0,3.000759793973255,34.3,0.0,0.0,0.0,0.0
2026-03-04T20:04:48+00:00,1772654688.2929657,3.2,6.2,0.0,2304.0,16,14063484928,2960465920,82.6,17023950848,298192896,2.6,0.0,0.0,0.0,0.0,34.3,108.95565717058416,119.95118220614769,1.9991863701024617,1.9991863701024617
2026-03-04T20:04:49+00:00,1772654689.292667,2.15,4.8,0.0,2304.0,16,14068375552,2955575296,82.6,17023950848,298192896,2.6,16388.895993871767,16388.895993871767,1.0002988277509623,4.001195311003849,34.3,0.0,0.0,0.0,0.0
2026-03-04T20:04:50+00:00,1772654690.2929971,1.06875,4.7,0.0,2304.0,16,14062342144,2961608704,82.6,17023950848,298192896,2.6,0.0,57325.07070376284,0.0,2.9990096978112533,34.3,0.0,0.0,0.0,0.0
2026-03-04T20:04:51+00:00,1772654691.2927253,1.3625,9.4,0.0,2304.0,16,14084440064,2939510784,82.7,17023950848,298192896,2.6,0.0,12291.340751756907,0.0,2.000543742147934,34.3,0.0,142.03860569250332,0.0,1.000271871073967
2026-03-04T20:04:52+00:00,1772654692.2928138,1.16875,3.1,0.0,2304.0,16,14063583232,2960367616,82.6,17023950848,298192896,2.6,0.0,196590.610913122,0.0,2.999734663591339,34.3,0.0,0.0,0.0,0.0
2026-03-04T20:04:53+00:00,1772654693.2930708,2.35,6.3,0.0,2304.0,16,14061871104,2962079744,82.6,17023950848,298192896,2.6,0.0,69614.10811411214,0.0,1.9994861016231658,34.3,0.0,0.0,0.0,0.0
2026-03-04T20:04:54+00:00,1772654694.293097,2.35625,9.4,0.0,2304.0,16,14063284224,2960666624,82.6,17023950848,298192896,2.6,0.0,61438.388714132656,0.0,5.999842647864517,34.3,0.0,0.0,0.0,0.0
2026-03-04T20:04:55+00:00,1772654695.293112,1.65625,4.6,0.0,2304.0,16,14064701440,2959249408,82.6,17023950848,298192896,2.6,0.0,65535.01563978545,0.0,0.9999849798551247,34.3,0.0,0.0,0.0,0.0
2026-03-04T20:04:56+00:00,1772654696.292609,2.225,9.1,0.0,2304.0,16,14059864064,2964086784,82.6,17023950848,298192896,2.6,0.0,8196.123167964079,0.0,2.00100663280373,34.3,0.0,0.0,0.0,0.0
2026-03-04T20:04:57+00:00,1772654697.2929535,2.53125,7.7,0.0,2304.0,16,14058041344,2965909504,82.6,17023950848,298192896,2.6,0.0,16378.357412705098,0.0,3.9986224152112055,34.3,0.0,0.0,0.0,0.0
2026-03-04T20:04:58+00:00,1772654698.2927172,1.55,4.7,0.0,2304.0,16,14060363776,2963587072,82.6,17023950848,298192896,2.6,0.0,479345.2562515605,0.0,39.009216817347045,34.3,55.012998075745834,66.015597690895,1.0002363286499243,1.0002363286499243
2026-03-04T20:04:59+00:00,1772654699.293074,0.475,4.6,0.0,2304.0,16,14058299392,2965651456,82.6,17023950848,298192896,2.6,0.0,57323.554167500835,0.0,4.998217264883931,34.3,0.0,0.0,0.0,0.0
2026-03-04T20:05:00+00:00,1772654700.292648,1.4875,4.8,0.0,2304.0,16,14065770496,2958180352,82.6,17023950848,298192896,2.6,0.0,196691.75441393454,0.0,16.00681595165483,34.3,0.0,0.0,0.0,0.0
2026-03-04T20:05:01+00:00,1772654701.2932124,1.15625,6.0,0.0,2304.0,16,14059249664,2964701184,82.6,17023950848,298192896,2.6,0.0,4093.6897803044367,0.0,0.9994359815196379,34.3,0.0,0.0,0.0,0.0
2026-03-04T20:05:02+00:00,1772654702.2926304,2.2375,6.2,0.0,2304.0,16,14065037312,2958913536,82.6,17023950848,298192896,2.6,0.0,81967.70354374654,0.0,4.002329274596999,34.3,55.032027525708735,66.03843303085048,1.0005823186492497,1.0005823186492497
2026-03-04T20:05:03+00:00,1772654703.2928574,1.33125,6.0,0.0,2304.0,16,14047150080,2976800768,82.5,17023950848,298192896,2.6,0.0,0.0,0.0,0.0,34.3,0.0,0.0,0.0,0.0
2026-03-04T20:05:04+00:00,1772654704.2929735,2.05625,7.8,0.0,2304.0,16,14064431104,2959519744,82.6,17023950848,298192896,2.6,65528.3915084208,172012.0277096046,0.9998839036319092,6.999187325423365,34.3,0.0,0.0,0.0,0.0
2026-03-04T20:05:05+00:00,1772654705.2929275,1.29375,4.8,0.0,2304.0,16,14045876224,2978074624,82.5,17023950848,298192896,2.6,0.0,4096.188485235608,0.0,1.0000460169032246,34.3,0.0,0.0,0.0,0.0
2026-03-04T20:05:06+00:00,1772654706.293035,2.14375,9.1,0.0,2304.0,16,14047563776,2976387072,82.5,17023950848,298192896,2.6,0.0,8191.119235330788,0.0,1.9997849695631806,34.3,0.0,0.0,0.0,0.0
2026-03-04T20:05:07+00:00,1772654707.2926886,2.04375,9.2,0.0,2304.0,16,14040969216,2982981632,82.5,17023950848,298192896,2.6,0.0,0.0,0.0,0.0,34.3,0.0,0.0,0.0,0.0
2026-03-04T20:05:08+00:00,1772654708.2926862,1.8875,10.1,0.0,2304.0,16,14041055232,2982895616,82.5,17023950848,298192896,2.6,0.0,49152.1171877794,0.0,3.000007152574426,34.3,109.00025987687081,120.00028610297704,2.0000047683829507,2.0000047683829507
2026-03-04T20:05:09+00:00,1772654709.2927954,2.35,7.8,0.0,2304.0,16,14049951744,2973999104,82.5,17023950848,298192896,2.6,0.0,122866.58349627464,0.0,14.998362243197588,34.3,0.0,0.0,0.0,0.0
2026-03-04T20:05:10+00:00,1772654710.2928634,1.25625,4.6,0.0,2304.0,16,14040961024,2982989824,82.5,17023950848,298192896,2.6,0.0,0.0,0.0,0.0,34.3,0.0,0.0,0.0,0.0
2026-03-04T20:05:11+00:00,1772654711.2930353,5.25625,9.5,1.6,2304.0,16,14042095616,2981855232,82.5,17023950848,298192896,2.6,0.0,192478.91291422577,0.0,22.996046984225362,34.3,0.0,0.0,0.0,0.0
2026-03-04T20:05:12+00:00,1772654712.2929242,1.64375,6.2,0.0,2304.0,16,14041706496,2982244352,82.5,17023950848,298192896,2.6,0.0,155665.29489026518,0.0,5.000555577015612,34.3,0.0,0.0,0.0,0.0
2026-03-04T20:05:13+00:00,1772654713.2928038,1.38125,4.7,0.0,2304.0,16,14038130688,2985820160,82.5,17023950848,298192896,2.6,0.0,118798.30347997126,0.0,13.001565406448902,34.3,0.0,0.0,0.0,0.0
2026-03-04T20:05:14+00:00,1772654714.2925894,1.06875,4.7,0.0,2304.0,16,14040879104,2983071744,82.5,17023950848,298192896,2.6,0.0,86034.44047593781,0.0,5.001071921266846,34.3,0.0,0.0,0.0,0.0
2026-03-04T20:05:15+00:00,1772654715.2926233,0.89375,4.7,0.0,2304.0,16,14058418176,2965532672,82.6,17023950848,298192896,2.6,0.0,4095.861332819638,0.0,0.9999661457079194,34.3,0.0,0.0,0.0,0.0
2026-03-04T20:05:16+00:00,1772654716.2930465,1.45625,6.1,0.0,2304.0,16,14042750976,2981199872,82.5,17023950848,298192896,2.6,0.0,8188.53466962848,0.0,1.9991539720772655,34.3,0.0,0.0,0.0,0.0
2026-03-04T20:05:17+00:00,1772654717.2929065,0.78125,3.1,0.0,2304.0,16,14034964480,2988986368,82.4,17023950848,298192896,2.6,0.0,69641.74648122417,0.0,3.0004199138854624,34.3,0.0,0.0,0.0,0.0
2026-03-04T20:05:18+00:00,1772654718.29271,1.88125,9.4,0.0,2304.0,16,14040281088,2983669760,82.5,17023950848,298192896,2.6,0.0,61452.07268426224,0.0,2.000392991024161,34.3,55.01080725316444,66.01296870379733,1.0001964955120806,1.0001964955120806
2026-03-04T20:05:19+00:00,1772654719.2927396,1.06875,4.6,0.0,2304.0,16,14042451968,2981498880,82.5,17023950848,298192896,2.6,0.0,8191.757819659796,0.0,1.99994087394038,34.3,2504.925944610326,655.9806066524446,5.9998226218211395,3.99988174788076
2026-03-04T20:05:20+00:00,1772654720.292979,2.3375,6.2,0.0,2304.0,16,14045003776,2978947072,82.5,17023950848,298192896,2.6,32760.158127126782,249796.2057193417,1.9995213700638905,23.994256440766684,34.3,2697.354328216188,70696.07732066394,24.99401712579863,56.98635904682088
2026-03-04T20:05:21+00:00,1772654721.2927318,1.36875,6.1,0.0,2304.0,16,14032314368,2991636480,82.4,17023950848,298192896,2.6,0.0,372828.17806354805,0.0,5.001236506046479,34.3,0.0,0.0,0.0,0.0
2026-03-04T20:05:22+00:00,1772654722.2928813,2.4875,6.1,0.0,2304.0,16,14044803072,2979147776,82.5,17023950848,298192896,2.6,0.0,0.0,0.0,0.0,34.3,0.0,219.96711745675913,0.0,1.9997010677887193
2026-03-04T20:05:23+00:00,1772654723.2928374,1.6625,4.7,0.0,2304.0,16,14033256448,2990694400,82.4,17023950848,298192896,2.6,0.0,73731.23451689509,0.0,3.0001316128293896,34.3,0.0,0.0,0.0,0.0
2026-03-04T20:05:24+00:00,1772654724.2929125,5.675,12.3,1.6,2304.0,16,14039003136,2984947712,82.5,17023950848,298192896,2.6,0.0,81913.84811826772,0.0,3.9996996151497908,34.3,0.0,0.0,0.0,0.0
2026-03-04T20:05:25+00:00,1772654725.2931888,1.8562500000000002,6.2,0.0,2304.0,16,14029541376,2994409472,82.4,17023950848,298192896,2.6,0.0,12284.60543019924,0.0,1.9994474984048245,34.3,173.95193236121972,57.98397745373991,2.9991712476072365,0.9997237492024122
2026-03-04T20:05:26+00:00,1772654726.2927494,1.875,9.4,0.0,2304.0,16,14020169728,3003781120,82.4,17023950848,298192896,2.6,0.0,45075.806554670395,0.0,8.00351678882642,34.3,54.02373832457833,54.02373832457833,1.0004395986033026,1.0004395986033026
2026-03-04T20:05:27+00:00,1772654727.293174,1.55,7.7,0.0,2304.0,16,14022393856,3001556992,82.4,17023950848,298192896,2.6,0.0,8188.522960807514,0.0,1.999151113478397,34.3,0.0,0.0,0.0,0.0
2026-03-04T20:05:28+00:00,1772654728.2926967,1.35625,9.2,0.0,2304.0,16,14036344832,2987606016,82.5,17023950848,298192896,2.6,65567.29618810858,266367.1407641911,1.0004775419328091,29.013848716051466,34.3,55.02626480630451,66.0315177675654,1.0004775419328091,1.0004775419328091
2026-03-04T20:05:29+00:00,1772654729.292805,1.43125,6.1,0.0,2304.0,16,14026850304,2997100544,82.4,17023950848,298192896,2.6,0.0,0.0,0.0,0.0,34.3,427.9536774231076,0.0,5.999350618080948,0.0
2026-03-04T20:05:30+00:00,1772654730.292667,2.0812500000000003,6.2,0.0,2304.0,16,14027182080,2996768768,82.4,17023950848,298192896,2.6,0.0,479298.16440706054,0.0,52.007179297641116,34.3,428.05909114212307,0.0,6.000828380497052,0.0
2026-03-04T20:05:31+00:00,1772654731.292802,2.9625,9.2,0.0,2304.0,16,14028156928,2995793920,82.4,17023950848,298192896,2.6,0.0,20477.231819524368,0.0,3.999459339750853,34.3,427.9421493533413,0.0,5.99918900962628,0.0
2026-03-04T20:05:32+00:00,1772654732.2926502,1.2000000000000002,3.2,0.0,2304.0,16,14028779520,2995171328,82.4,17023950848,298192896,2.6,0.0,139285.15360327848,0.0,4.000607582814753,34.3,515.0782262873995,0.0,7.001063269925819,0.0
2026-03-04T20:05:33+00:00,1772654733.2928896,1.38125,9.5,0.0,2304.0,16,14030569472,2993381376,82.4,17023950848,298192896,2.6,0.0,65520.316254253565,0.0,0.9997606850319453,34.3,0.0,0.0,0.0,0.0
2026-03-04T20:05:34+00:00,1772654734.2926848,2.5375,9.2,0.0,2304.0,16,14032314368,2991636480,82.4,17023950848,298192896,2.6,795810.9833304121,241713.50330241604,178.03646214508595,9.00184359160547,34.3,0.0,0.0,0.0,0.0
2026-03-04T20:05:35+00:00,1772654735.2928567,2.2,7.6,0.0,2304.0,16,14034366464,2989584384,82.4,17023950848,298192896,2.6,0.0,57334.14427232257,0.0,4.999140648744644,34.3,0.0,0.0,0.0,0.0
2026-03-04T20:05:36+00:00,1772654736.2926774,1.88125,9.4,0.0,2304.0,16,14031777792,2992173056,82.4,17023950848,298192896,2.6,0.0,16386.938026761083,0.0,4.000717291689718,34.3,0.0,0.0,0.0,0.0
2026-03-04T20:05:37+00:00,1772654737.292721,2.25,7.9,0.0,2304.0,16,14035488768,2988462080,82.4,17023950848,298192896,2.6,0.0,0.0,0.0,0.0,34.3,0.0,0.0,0.0,0.0
2026-03-04T20:05:38+00:00,1772654738.2926698,1.375,4.8,0.0,2304.0,16,14033911808,2990039040,82.4,17023950848,298192896,2.6,0.0,98309.03932081556,0.0,4.000205050488915,34.3,110.00563888844515,120.00615151466742,3.0001537878666857,2.0001025252444573
2026-03-04T20:05:39+00:00,1772654739.2930295,2.2375,7.7,0.0,2304.0,16,14032928768,2991022080,82.4,17023950848,298192896,2.6,0.0,139213.91450381608,0.0,3.998561423018614,34.3,0.9996403557546535,0.0,0.9996403557546535,0.0
2026-03-04T20:05:40+00:00,1772654740.2932463,1.8625,6.2,0.0,2304.0,16,14036938752,2987012096,82.5,17023950848,298192896,2.6,0.0,12285.337491088058,0.0,1.9995666489401134,34.3,0.9997833244700567,0.0,0.9997833244700567,0.0
2026-03-04T20:05:41+00:00,1772654741.293002,2.21875,4.7,0.0,2304.0,16,14035148800,2988802048,82.4,17023950848,298192896,2.6,0.0,45067.01343363988,0.0,9.002199949013647,34.3,1.0002444387792941,0.0,1.0002444387792941,0.0
2026-03-04T20:05:42+00:00,1772654742.2927284,1.66875,4.8,0.0,2304.0,16,14035992576,2987958272,82.4,17023950848,298192896,2.6,0.0,20485.602117926897,0.0,3.000820622743198,34.3,1.0002735409143992,0.0,1.0002735409143992,0.0
2026-03-04T20:05:43+00:00,1772654743.2928865,1.5375,6.2,0.0,2304.0,16,14037704704,2986246144,82.5,17023950848,298192896,2.6,0.0,16381.410565565831,0.0,1.9996839069294228,34.3,54.991307440559126,53.991465487094416,1.9996839069294228,0.9998419534647114
2026-03-04T20:05:44+00:00,1772654744.2930715,1.5750000000000002,7.9,0.0,2304.0,16,14031314944,2992635904,82.4,17023950848,298192896,2.6,0.0,0.0,0.0,0.0,34.3,0.0,0.0,0.0,0.0
2026-03-04T20:05:45+00:00,1772654745.2927306,2.16875,6.3,0.0,2304.0,16,14033293312,2990657536,82.4,17023950848,298192896,2.6,0.0,118824.51185893017,0.0,6.002046329081198,34.3,0.0,0.0,0.0,0.0
2026-03-04T20:05:46+00:00,1772654746.2926626,1.9375,6.2,0.0,2304.0,16,14030086144,2993864704,82.4,17023950848,298192896,2.6,0.0,69636.73176683272,0.0,17.001155216511894,34.3,0.0,0.0,0.0,0.0
2026-03-04T20:05:47+00:00,1772654747.2931771,2.55,9.5,0.0,2304.0,16,14031892480,2992058368,82.4,17023950848,298192896,2.6,0.0,77783.97957517547,0.0,2.9984572718637748,34.3,0.9994857572879249,0.0,0.9994857572879249,0.0
2026-03-04T20:05:48+00:00,1772654748.2928326,2.30625,4.6,0.0,2304.0,16,14030872576,2993078272,82.4,17023950848,298192896,2.6,0.0,0.0,0.0,0.0,34.3,56.01929948037842,66.02274581616028,2.0006892671563725,1.0003446335781863
2026-03-04T20:05:49+00:00,1772654749.2926242,0.59375,4.8,0.0,2304.0,16,14032007168,2991943680,82.4,17023950848,298192896,2.6,0.0,8193.707387031618,0.0,2.000416842537016,34.3,1.000208421268508,0.0,1.000208421268508,0.0
2026-03-04T20:05:50+00:00,1772654750.2927377,1.56875,7.9,0.0,2304.0,16,14030336000,2993614848,82.4,17023950848,298192896,2.6,0.0,20477.67604498925,0.0,3.9995461025369625,34.3,0.9998865256342406,0.0,0.9998865256342406,0.0
2026-03-04T20:05:51+00:00,1772654751.2927992,2.71875,7.7,0.0,2304.0,16,14031138816,2992812032,82.4,17023950848,298192896,2.6,0.0,69627.71706032715,0.0,2.9998154753702533,34.3,0.9999384917900844,0.0,0.9999384917900844,0.0
2026-03-04T20:05:52+00:00,1772654752.2926626,3.9375,23.8,0.0,2304.0,16,14059528192,2964422656,82.6,17023950848,298192896,2.6,0.0,65544.95434828795,0.0,1.000136632511718,34.3,1242.169697579554,3674.501987848052,7.000956427582026,7.000956427582026
2026-03-04T20:05:53+00:00,1772654753.2926595,8.36875,20.0,1.6,2304.0,16,14075252736,2948698112,82.7,17023950848,298192896,2.6,32768.10156281479,77824.24121168512,2.0000061989022697,3.0000092983534046,34.3,937.0029041857134,1448.0044880052433,6.000018596706809,7.000021696157944
2026-03-04T20:05:54+00:00,1772654754.2929342,7.44375,30.2,0.0,2304.0,16,14043680768,2980270080,82.5,17023950848,298192896,2.6,65518.00494249016,868113.5654879946,3.998901668853159,63.982426701650546,34.3,341.9060926869451,984.7295359550905,4.998627086066449,7.997803337706318
2026-03-04T20:05:55+00:00,1772654755.2926664,3.18125,9.2,0.0,2304.0,16,14061887488,2962063360,82.6,17023950848,298192896,2.6,0.0,86039.03644130792,0.0,3.0008034473112417,34.3,184.04927810175616,78.02088963009228,2.000535631540828,1.000267815770414
2026-03-04T20:05:56+00:00,1772654756.2930496,2.1625,7.6,0.0,2304.0,16,14055514112,2968436736,82.6,17023950848,298192896,2.6,0.0,393065.4014501261,0.0,35.98621229096614,34.3,9099.51362457402,8032.922276950107,12.995021105071103,18.99272315356546
2026-03-04T20:05:57+00:00,1772654757.2928832,4.10625,9.4,1.6,2304.0,16,14052675584,2971275264,82.5,17023950848,298192896,2.6,0.0,495698.4922436681,0.0,39.00649131081938,34.3,108.01797593765366,389.0647466643266,2.000332887734327,2.000332887734327
2026-03-04T20:05:58+00:00,1772654758.2932456,2.9625,12.1,0.0,2304.0,16,14045663232,2978287616,82.5,17023950848,298192896,2.6,0.0,131024.51720758545,0.0,14.994566025648359,34.3,261.90508658132467,342.8757431198258,2.998913205129672,2.998913205129672
2026-03-04T20:05:59+00:00,1772654759.2930157,4.25625,12.7,0.0,2304.0,16,14045384704,2978566144,82.5,17023950848,298192896,2.6,0.0,65551.06596269322,0.0,1.0002298883467593,34.3,54.01241397072501,0.0,1.0002298883467593,0.0
2026-03-04T20:06:00+00:00,1772654760.2926543,2.68125,7.6,0.0,2304.0,16,14044880896,2979069952,82.5,17023950848,298192896,2.6,0.0,20487.405020239516,0.0,4.001446293015531,34.3,0.0,0.0,0.0,0.0
2026-03-04T20:06:01+00:00,1772654761.2928782,2.0625,4.7,0.0,2304.0,16,14047653888,2976296960,82.5,17023950848,298192896,2.6,0.0,12285.249639174655,0.0,2.999328525189125,34.3,0.0,0.0,0.0,0.0
2026-03-04T20:06:02+00:00,1772654762.2931054,1.0625,3.1,0.0,2304.0,16,14043095040,2980855808,82.5,17023950848,298192896,2.6,0.0,184278.12963067577,0.0,38.99114070961564,34.3,0.0,0.0,0.0,0.0
2026-03-04T20:06:03+00:00,1772654763.2927153,3.2125,10.4,0.0,2304.0,16,14039183360,2984767488,82.5,17023950848,298192896,2.6,0.0,65561.57247461521,0.0,1.0003902049959597,34.3,0.0,0.0,0.0,0.0
2026-03-04T20:06:04+00:00,1772654764.2925954,1.5562500000000001,4.7,0.0,2304.0,16,14045581312,2978369536,82.5,17023950848,298192896,2.6,0.0,86026.31666690909,0.0,4.000479755715638,34.3,0.0,0.0,0.0,0.0
2026-03-04T20:06:05+00:00,1772654765.2926784,0.89375,4.7,0.0,2304.0,16,14056583168,2967367680,82.6,17023950848,298192896,2.6,0.0,147443.76663999778,0.0,8.999253334960802,34.3,54.99543704698268,65.99452445637922,0.999917037217867,0.999917037217867
2026-03-04T20:06:06+00:00,1772654766.2931352,1.43125,9.1,0.0,2304.0,16,14048022528,2975928320,82.5,17023950848,298192896,2.6,0.0,12282.389281782176,0.0,1.9990867971650677,34.3,0.0,0.0,0.0,0.0
2026-03-04T20:06:07+00:00,1772654767.2931373,1.28125,4.7,0.0,2304.0,16,14049316864,2974633984,82.5,17023950848,298192896,2.6,0.0,0.0,0.0,0.0,34.3,0.0,0.0,0.0,0.0
2026-03-04T20:06:08+00:00,1772654768.2927475,4.66875,18.2,0.0,2304.0,16,14048407552,2975543296,82.5,17023950848,298192896,2.6,0.0,8195.194604677832,0.0,2.000779932782674,34.3,55.02144815152353,66.02573778182824,1.000389966391337,1.000389966391337
2026-03-04T20:06:09+00:00,1772654769.292966,3.60625,6.3,1.6,2304.0,16,14047604736,2976346112,82.5,17023950848,298192896,2.6,65521.69062504469,8190.2113281305865,0.9997816562659407,1.9995633125318815,34.3,0.0,0.0,0.0,0.0
2026-03-04T20:06:10+00:00,1772654770.2931857,2.71875,7.7,0.0,2304.0,16,14044725248,2979225600,82.5,17023950848,298192896,2.6,0.0,12285.299421771319,0.0,1.9995604527622588,34.3,0.0,0.0,0.0,0.0
2026-03-04T20:06:11+00:00,1772654771.2931626,2.0375,7.8,0.0,2304.0,16,14039740416,2984210432,82.5,17023950848,298192896,2.6,0.0,49153.13674503905,0.0,10.00023127137025,34.3,0.0,0.0,0.0,0.0
2026-03-04T20:06:12+00:00,1772654772.2927127,2.475,10.0,0.0,2304.0,16,14037409792,2986541056,82.5,17023950848,298192896,2.6,0.0,73761.18485160232,0.0,3.001350295068453,34.3,0.0,0.0,0.0,0.0
2026-03-04T20:06:13+00:00,1772654773.2930937,1.2625,6.2,0.0,2304.0,16,14040109056,2983841792,82.5,17023950848,298192896,2.6,0.0,20472.200237279136,0.0,2.998857456632686,34.3,0.0,0.0,0.0,0.0
2026-03-04T20:06:14+00:00,1772654774.2926242,1.95625,7.7,0.0,2304.0,16,14034419712,2989531136,82.4,17023950848,298192896,2.6,0.0,0.0,0.0,0.0,34.3,0.0,0.0,0.0,0.0
2026-03-04T20:06:15+00:00,1772654775.2929637,3.23125,6.2,0.0,2304.0,16,14040244224,2983706624,82.5,17023950848,298192896,2.6,0.0,131027.51510298093,0.0,6.997624250189717,34.3,0.0,0.0,0.0,0.0
2026-03-04T20:06:16+00:00,1772654776.2932212,3.30625,7.7,1.5,2304.0,16,14030131200,2993819648,82.4,17023950848,298192896,2.6,0.0,155607.93219214262,0.0,3.9989702968786647,34.3,0.0,0.0,0.0,0.0
2026-03-04T20:06:17+00:00,1772654777.292655,1.2875,6.2,0.0,2304.0,16,14037934080,2986016768,82.5,17023950848,298192896,2.6,0.0,81966.4129998385,0.0,5.002832824697174,34.3,6155.485507507403,6464.660576073688,13.007365344212653,16.009065039030958
2026-03-04T20:06:18+00:00,1772654778.292903,3.84375,9.2,0.0,2304.0,16,14040461312,2983489536,82.5,17023950848,298192896,2.6,0.0,0.0,0.0,0.0,34.3,54.986365837938436,0.0,0.9997521061443353,0.0
2026-03-04T20:06:19+00:00,1772654779.2929757,1.85625,6.3,0.0,2304.0,16,14038147072,2985803776,82.5,17023950848,298192896,2.6,0.0,405474.51483940455,0.0,42.99687336769649,34.3,0.0,65.995200982976,0.0,0.9999272876208486
2026-03-04T20:06:20+00:00,1772654780.2926512,1.71875,4.5,0.0,2304.0,16,14036762624,2987188224,82.5,17023950848,298192896,2.6,0.0,409732.953297958,0.0,34.011036162428155,34.3,0.0,0.0,0.0,0.0
2026-03-04T20:06:21+00:00,1772654781.2926846,5.325,10.9,1.6,2304.0,16,14031708160,2992242688,82.4,17023950848,298192896,2.6,0.0,8191.726571626657,0.0,0.9999666225130196,34.3,0.0,0.0,0.0,0.0
2026-03-04T20:06:22+00:00,1772654782.2932932,1.5625,4.6,0.0,2304.0,16,14033129472,2990821376,82.4,17023950848,298192896,2.6,0.0,0.0,0.0,0.0,34.3,0.0,0.0,0.0,0.0
2026-03-04T20:06:23+00:00,1772654783.2928083,5.425,10.8,1.6,2304.0,16,14035828736,2988122112,82.4,17023950848,298192896,2.6,0.0,73763.77125328283,0.0,3.0014555360222506,34.3,0.0,0.0,0.0,0.0
2026-03-04T20:06:24+00:00,1772654784.2926848,0.8812500000000001,4.7,0.0,2304.0,16,14033571840,2990379008,82.4,17023950848,298192896,2.6,61447.58882785149,69640.60067156503,1.000123516078312,3.0003705482349363,34.3,0.0,0.0,0.0,0.0
2026-03-04T20:06:25+00:00,1772654785.2928784,2.7375000000000003,7.8,0.0,2304.0,16,14033231872,2990718976,82.4,17023950848,298192896,2.6,0.0,45047.27903209351,0.0,2.9994193247576466,34.3,65.98722514466823,0.0,0.9998064415858823,0.0
2026-03-04T20:06:26+00:00,1772654786.2927918,2.1625,7.9,0.0,2304.0,16,14033182720,2990768128,82.4,17023950848,298192896,2.6,0.0,12289.06356861005,0.0,2.0001731068701254,34.3,162.01402165648014,112.00969398472701,3.000259660305188,2.0001731068701254
2026-03-04T20:06:27+00:00,1772654787.292899,2.13125,6.2,0.0,2304.0,16,14034587648,2989363200,82.4,17023950848,298192896,2.6,0.0,73720.10826668459,0.0,2.9996788845493407,34.3,0.0,0.0,0.0,0.0
2026-03-04T20:06:28+00:00,1772654788.2927406,1.2375,4.5,0.0,2304.0,16,14033166336,2990784512,82.4,17023950848,298192896,2.6,0.0,16386.594160681412,0.0,3.000475005007583,34.3,0.0,0.0,0.0,0.0
2026-03-04T20:06:29+00:00,1772654789.2927473,3.2625,7.8,0.0,2304.0,16,14044999680,2978951168,82.5,17023950848,298192896,2.6,0.0,65535.562502920606,0.0,0.9999933243243501,34.3,108.99927235135416,119.999198918922,1.9999866486487001,1.9999866486487001
2026-03-04T20:06:30+00:00,1772654790.2926376,1.55,6.2,0.0,2304.0,16,14032293888,2991656960,82.4,17023950848,298192896,2.6,0.0,102411.2317005592,0.0,9.00098716118196,34.3,0.0,0.0,0.0,0.0
2026-03-04T20:06:31+00:00,1772654791.2927153,1.06875,6.1,0.0,2304.0,16,14032195584,2991755264,82.4,17023950848,298192896,2.6,0.0,28669.771657571706,0.0,5.999533689503007,34.3,0.0,0.0,0.0,0.0
2026-03-04T20:06:32+00:00,1772654792.2927144,4.45625,9.2,1.6,2304.0,16,14033170432,2990780416,82.4,17023950848,298192896,2.6,65536.0625000596,221184.21093770117,1.000000953675226,13.000012397777937,34.3,0.0,0.0,0.0,0.0
2026-03-04T20:06:33+00:00,1772654793.2929957,0.59375,1.6,0.0,2304.0,16,14032154624,2991796224,82.4,17023950848,298192896,2.6,0.0,0.0,0.0,0.0,34.3,0.0,0.0,0.0,0.0
2026-03-04T20:06:34+00:00,1772654794.2927074,1.80625,4.6,0.0,2304.0,16,14029766656,2994184192,82.4,17023950848,298192896,2.6,0.0,12291.543013454262,0.0,3.000864993519107,34.3,0.0,0.0,0.0,0.0
2026-03-04T20:06:35+00:00,1772654795.2930884,3.28125,9.5,0.0,2304.0,16,14030458880,2993491968,82.4,17023950848,298192896,2.6,0.0,69605.48080674907,0.0,8.996572369898058,34.3,0.0,0.0,0.0,0.0
2026-03-04T20:06:36+00:00,1772654796.292734,2.725,10.9,0.0,2304.0,16,14032142336,2991808512,82.4,17023950848,298192896,2.6,0.0,40974.52663447987,0.0,5.001773270810531,34.3,0.0,0.0,0.0,0.0
2026-03-04T20:06:37+00:00,1772654797.292654,1.05,4.6,0.0,2304.0,16,14027112448,2996838400,82.4,17023950848,298192896,2.6,0.0,0.0,0.0,0.0,34.3,0.0,0.0,0.0,0.0
2026-03-04T20:06:38+00:00,1772654798.2926772,1.8875000000000002,7.9,0.0,2304.0,16,14024888320,2999062528,82.4,17023950848,298192896,2.6,0.0,102397.63189070382,0.0,9.999768739326544,34.3,0.0,0.0,0.0,0.0
2026-03-04T20:06:39+00:00,1772654799.2927616,1.45625,6.1,0.0,2304.0,16,14033100800,2990850048,82.4,17023950848,298192896,2.6,0.0,94200.04949914868,0.0,10.999071676403654,34.3,54.995358382018274,65.99443005842193,0.9999156069457867,0.9999156069457867
2026-03-04T20:06:40+00:00,1772654800.2927365,3.68125,10.9,0.0,2304.0,16,14027550720,2996400128,82.4,17023950848,298192896,2.6,0.0,90114.25591584948,0.0,3.00007510373256,34.3,0.0,0.0,0.0,0.0
2026-03-04T20:06:41+00:00,1772654801.2930796,1.175,4.7,0.0,2304.0,16,14033735680,2990215168,82.4,17023950848,298192896,2.6,0.0,8189.1904170489,0.0,1.999314066662329,34.3,0.0,141.95129873302537,0.0,0.9996570333311645
2026-03-04T20:06:42+00:00,1772654802.293014,2.63125,10.8,0.0,2304.0,16,14044344320,2979606528,82.5,17023950848,298192896,2.6,0.0,40962.68572296472,0.0,8.000524555266546,34.3,55.00360631745751,66.00432758094901,1.0000655694083183,1.0000655694083183
2026-03-04T20:06:43+00:00,1772654803.2930877,1.56875,4.7,0.0,2304.0,16,14034837504,2989113344,82.4,17023950848,298192896,2.6,0.0,20478.491322083824,0.0,2.999779002258373,34.3,0.0,0.0,0.0,0.0
2026-03-04T20:06:44+00:00,1772654804.292702,1.45625,4.7,0.0,2304.0,16,14034599936,2989350912,82.4,17023950848,298192896,2.6,0.0,131122.58201258097,0.0,2.0007718202603297,34.3,0.0,0.0,0.0,0.0
2026-03-04T20:06:45+00:00,1772654805.2928178,6.0625,10.8,1.5,2304.0,16,14033399808,2990551040,82.4,17023950848,298192896,2.6,65528.407129796724,106483.66158591968,0.9998841419951893,6.9991889939663245,34.3,0.0,0.0,0.0,0.0
2026-03-04T20:06:46+00:00,1772654806.292687,2.6625,6.2,0.0,2304.0,16,14032715776,2991235072,82.4,17023950848,298192896,2.6,0.0,73737.65165394735,0.0,3.0003927268044985,34.3,0.0,0.0,0.0,0.0
2026-03-04T20:06:47+00:00,1772654807.2928894,2.2375,9.2,0.0,2304.0,16,14033989632,2989961216,82.4,17023950848,298192896,2.6,0.0,8190.342132456194,0.0,1.999595247181688,34.3,0.0,0.0,0.0,0.0
2026-03-04T20:06:48+00:00,1772654808.292914,0.86875,4.6,0.0,2304.0,16,14032588800,2991362048,82.4,17023950848,298192896,2.6,0.0,65534.39066452064,0.0,0.9999754434893896,34.3,0.0,0.0,0.0,0.0
2026-03-04T20:06:49+00:00,1772654809.2929845,3.21875,9.4,0.0,2304.0,16,14036123648,2987827200,82.4,17023950848,298192896,2.6,0.0,479198.18207409524,0.0,40.997106756305726,34.3,108.99230820578839,119.9915319696753,1.9998588661612549,1.9998588661612549
2026-03-04T20:06:50+00:00,1772654810.292612,1.66875,4.7,0.0,2304.0,16,14036058112,2987892736,82.4,17023950848,298192896,2.6,0.0,73755.4672603275,0.0,11.004098034174294,34.3,108.04023524462035,279.10394104860256,2.000745097122599,4.001490194245198
2026-03-04T20:06:51+00:00,1772654811.2926345,1.825,4.6,0.0,2304.0,16,14031134720,2992816128,82.4,17023950848,298192896,2.6,0.0,147452.69538656084,0.0,20.999529372272253,34.3,0.0,0.0,0.0,0.0
2026-03-04T20:06:52+00:00,1772654812.2929792,1.5374999999999999,9.2,0.0,2304.0,16,14035763200,2988187648,82.4,17023950848,298192896,2.6,0.0,0.0,0.0,0.0,34.3,0.0,0.0,0.0,0.0
2026-03-04T20:06:53+00:00,1772654813.2926257,1.75,6.2,0.0,2304.0,16,14028009472,2995941376,82.4,17023950848,298192896,2.6,0.0,16389.795017721957,0.0,4.001414799248525,34.3,0.0,0.0,0.0,0.0
2026-03-04T20:06:54+00:00,1772654814.2929866,0.19375,3.1,0.0,2304.0,16,14032642048,2991308800,82.4,17023950848,298192896,2.6,0.0,12283.566053627683,0.0,1.9992783290409641,34.3,0.0,0.0,0.0,0.0
2026-03-04T20:06:55+00:00,1772654815.2930827,4.14375,9.2,1.5,2304.0,16,14044659712,2979291136,82.5,17023950848,298192896,2.6,0.0,45051.67131434925,0.0,2.9997117796308537,34.3,0.0,0.0,0.0,0.0
2026-03-04T20:06:56+00:00,1772654816.2926364,2.0375,6.2,0.0,2304.0,16,14038020096,2985930752,82.5,17023950848,298192896,2.6,0.0,73760.92094326158,0.0,3.0013395566105783,34.3,0.0,0.0,0.0,0.0
2026-03-04T20:06:57+00:00,1772654817.2931073,2.98125,4.8,1.6,2304.0,16,14037315584,2986635264,82.5,17023950848,298192896,2.6,0.0,85975.51613322184,0.0,4.997646724633896,34.3,0.0,0.0,0.0,0.0
2026-03-04T20:06:58+00:00,1772654818.292711,2.3375,7.8,0.0,2304.0,16,14038028288,2985922560,82.5,17023950848,298192896,2.6,0.0,143416.82915927476,0.0,3.001189226268305,34.3,0.0,0.0,0.0,0.0
2026-03-04T20:06:59+00:00,1772654819.2928188,1.34375,7.5,0.0,2304.0,16,14035849216,2988101632,82.4,17023950848,298192896,2.6,0.0,0.0,0.0,0.0,34.3,54.994073552788294,65.99288826334595,0.9998922464143326,0.9998922464143326
2026-03-04T20:07:00+00:00,1772654820.29264,3.6375,12.1,0.0,2304.0,16,14036545536,2987405312,82.5,17023950848,298192896,2.6,0.0,77837.91850444755,0.0,5.000894229572339,34.3,0.0,0.0,0.0,0.0
2026-03-04T20:07:01+00:00,1772654821.2929373,4.6625000000000005,14.1,1.5,2304.0,16,13899730944,3124219904,81.6,17023950848,298913792,2.7,4094.7825885086368,1478216.5144516178,0.9997027803976164,9.997027803976165,34.3,0.0,0.0,0.0,0.0
2026-03-04T20:07:02+00:00,1772654822.2927005,3.20625,12.5,0.0,2304.0,16,13907976192,3115974656,81.7,17023950848,298913792,2.7,0.0,28678.78969339503,0.0,5.0011840285635865,34.3,0.0,0.0,0.0,0.0
2026-03-04T20:07:03+00:00,1772654823.292988,1.675,7.8,0.0,2304.0,16,13910867968,3113082880,81.7,17023950848,298913792,2.7,0.0,65517.16166663886,0.0,0.9997125498449533,34.3,0.0,0.0,0.0,0.0
2026-03-04T20:07:04+00:00,1772654824.292783,2.5625,9.1,0.0,2304.0,16,13916565504,3107385344,81.7,17023950848,298913792,2.7,0.0,90130.48035171091,0.0,6.0012304921682516,34.3,0.0,0.0,0.0,0.0
2026-03-04T20:07:05+00:00,1772654825.2927117,2.16875,4.8,0.0,2304.0,16,13914664960,3109285888,81.7,17023950848,298913792,2.7,0.0,118792.46837712401,0.0,6.0004277534242325,34.3,0.0,0.0,0.0,0.0
2026-03-04T20:07:06+00:00,1772654826.2926521,2.4375,7.7,0.0,2304.0,16,13932560384,3091390464,81.8,17023950848,298913792,2.7,0.0,77828.63894837788,0.0,3.0001788245931027,34.3,0.0,264.01573656419305,0.0,2.000119216395402
2026-03-04T20:07:07+00:00,1772654827.2926977,1.6625,4.7,0.0,2304.0,16,13919809536,3104141312,81.8,17023950848,298913792,2.7,0.0,0.0,0.0,0.0,34.3,0.0,263.9879785290005,0.0,1.9999089282500038
2026-03-04T20:07:08+00:00,1772654828.2926557,1.5625,6.2,0.0,2304.0,16,13917487104,3106463744,81.8,17023950848,298913792,2.7,0.0,53250.23446876204,0.0,12.00050356116933,34.3,0.0,0.0,0.0,0.0
2026-03-04T20:07:09+00:00,1772654829.2927911,2.76875,7.8,0.0,2304.0,16,13920526336,3103424512,81.8,17023950848,298913792,2.7,0.0,8190.890775213165,0.0,1.9997291931672767,34.3,108.98524102761658,119.98375159003659,1.9997291931672767,1.9997291931672767
2026-03-04T20:07:10+00:00,1772654830.2930334,1.975,3.1,1.6,2304.0,16,13916954624,3106996224,81.7,17023950848,298913792,2.7,0.0,24570.048316695746,0.0,2.9992734761591486,34.3,0.0,263.9360659020051,0.0,1.9995156507727658
2026-03-04T20:07:11+00:00,1772654831.2930164,4.21875,12.3,0.0,2304.0,16,13919383552,3104567296,81.8,17023950848,298913792,2.7,0.0,8192.138674222439,0.0,2.0000338560113375,34.3,0.0,0.0,0.0,0.0
2026-03-04T20:07:12+00:00,1772654832.2927287,1.6625,4.7,0.0,2304.0,16,13918105600,3105845248,81.8,17023950848,298913792,2.7,0.0,45068.969552576535,0.0,9.002590686549823,34.3,0.0,0.0,0.0,0.0
2026-03-04T20:07:13+00:00,1772654833.2930634,1.56875,7.9,0.0,2304.0,16,13922697216,3101253632,81.8,17023950848,298913792,2.7,0.0,77797.95793606227,0.0,2.998996116984309,34.3,0.0,0.0,0.0,0.0
2026-03-04T20:07:14+00:00,1772654834.292725,2.4375,7.7,0.0,2304.0,16,13919236096,3104714752,81.8,17023950848,298913792,2.7,0.0,65558.17937863785,0.0,1.0003384304601723,34.3,0.0,0.0,0.0,0.0
2026-03-04T20:07:15+00:00,1772654835.292665,3.7125000000000004,10.9,0.0,2304.0,16,13917700096,3106250752,81.8,17023950848,298913792,2.7,0.0,81924.92217073131,0.0,7.000420595643544,34.3,0.0,0.0,0.0,0.0
2026-03-04T20:07:16+00:00,1772654836.292648,1.46875,4.8,0.0,2304.0,16,13924876288,3099074560,81.8,17023950848,298913792,2.7,0.0,8192.138674222439,0.0,2.0000338560113375,34.3,0.0,0.0,0.0,0.0
2026-03-04T20:07:17+00:00,1772654837.292795,1.725,6.2,0.0,2304.0,16,13919031296,3104919552,81.8,17023950848,298913792,2.7,0.0,12286.195577508033,0.0,1.9997063114433649,34.3,0.0,0.0,0.0,0.0
2026-03-04T20:07:18+00:00,1772654838.292758,1.7875,4.7,0.0,2304.0,16,13923901440,3100049408,81.8,17023950848,298913792,2.7,0.0,65538.4219645034,0.0,1.0000369562454743,34.3,0.0,0.0,0.0,0.0
2026-03-04T20:07:19+00:00,1772654839.2927523,5.475,12.3,1.5,2304.0,16,13936615424,3087335424,81.9,17023950848,298913792,2.7,0.0,659459.7734590919,0.0,49.00028038185338,34.3,55.00031471432522,330.00188828595134,1.0000057220786405,3.000017166235921
2026-03-04T20:07:20+00:00,1772654840.2926295,0.9750000000000001,4.7,0.0,2304.0,16,13920571392,3103379456,81.8,17023950848,298913792,2.7,0.0,176149.6286322464,0.0,15.001842009695768,34.3,0.0,0.0,0.0,0.0
2026-03-04T20:07:21+00:00,1772654841.2927163,1.2625,4.6,0.0,2304.0,16,13917474816,3106476032,81.8,17023950848,298913792,2.7,0.0,90104.18036612195,0.0,2.9997396695042373,34.3,0.0,0.0,0.0,0.0
2026-03-04T20:07:22+00:00,1772654842.2930243,1.2375,4.6,0.0,2304.0,16,13919174656,3104776192,81.8,17023950848,298913792,2.7,0.0,0.0,0.0,0.0,34.3,0.0,0.0,0.0,0.0
2026-03-04T20:07:23+00:00,1772654843.2930448,5.3875,10.9,1.6,2304.0,16,13919301632,3104649216,81.8,17023950848,298913792,2.7,0.0,77822.40432959262,0.0,2.999938489267808,34.3,0.0,0.0,0.0,0.0
2026-03-04T20:07:24+00:00,1772654844.2927363,7.4625,16.9,1.6,2304.0,16,13920931840,3103019008,81.8,17023950848,298913792,2.7,0.0,32778.11249484261,0.0,7.002160261959785,34.3,0.0,0.0,0.0,0.0
2026-03-04T20:07:25+00:00,1772654845.2927117,2.14375,6.2,0.0,2304.0,16,13919129600,3104821248,81.8,17023950848,298913792,2.7,0.0,40961.00588407661,0.0,3.0000736731501423,34.3,0.0,0.0,0.0,0.0
2026-03-04T20:07:26+00:00,1772654846.2927268,1.1812500000000001,3.1,0.0,2304.0,16,13919154176,3104796672,81.8,17023950848,298913792,2.7,0.0,77822.83107224523,0.0,2.999954939565374,34.3,227.99657540696845,165.9975066559507,3.9999399194204988,2.999954939565374
2026-03-04T20:07:27+00:00,1772654847.2929125,1.5625,6.2,0.0,2304.0,16,13926113280,3097837568,81.8,17023950848,298913792,2.7,0.0,8190.478798154888,0.0,1.9996286128307832,34.3,54.989786852846535,65.98774422341585,0.9998143064153916,0.9998143064153916
2026-03-04T20:07:28+00:00,1772654848.292785,1.94375,4.7,0.0,2304.0,16,13923352576,3100598272,81.8,17023950848,298913792,2.7,0.0,16386.09011035181,0.0,3.0003827106357073,34.3,0.0,0.0,0.0,0.0
2026-03-04T20:07:29+00:00,1772654849.2928753,4.2625,9.2,0.0,2304.0,16,13929639936,3094310912,81.8,17023950848,298913792,2.7,0.0,0.0,0.0,0.0,34.3,536.9514807197588,119.98915770273939,7.999277180182626,1.9998192950456566
2026-03-04T20:07:30+00:00,1772654850.292725,4.46875,10.8,0.0,2304.0,16,13924175872,3099774976,81.8,17023950848,298913792,2.7,0.0,24579.69196079619,0.0,4.000600905077505,34.3,428.064296843293,0.0,6.000901357616257,0.0
2026-03-04T20:07:31+00:00,1772654851.292599,3.50625,9.2,1.5,2304.0,16,13924167680,3099783168,81.8,17023950848,298913792,2.7,0.0,8193.033333452559,0.0,2.000252278674941,34.3,428.05398763643734,0.0,6.000756836024823,0.0
2026-03-04T20:07:32+00:00,1772654852.2927501,2.31875,6.2,0.0,2304.0,16,13934538752,3089412096,81.9,17023950848,298913792,2.7,0.0,73716.85715307354,0.0,2.999546596397849,34.3,427.93531441942645,0.0,5.999093192795698,0.0
2026-03-04T20:07:33+00:00,1772654853.2930672,2.05625,6.2,0.0,2304.0,16,13923799040,3100151808,81.8,17023950848,298913792,2.7,0.0,0.0,0.0,0.0,34.3,0.0,0.0,0.0,0.0
2026-03-04T20:07:34+00:00,1772654854.2928915,1.26875,6.2,0.0,2304.0,16,13922107392,3101843456,81.8,17023950848,298913792,2.7,0.0,139288.47500373787,0.0,4.000702981495229,34.3,0.0,0.0,0.0,0.0
2026-03-04T20:07:35+00:00,1772654855.2929904,2.93125,6.3,0.0,2304.0,16,13925834752,3098116096,81.8,17023950848,298913792,2.7,0.0,180206.16973294277,0.0,6.999307462549935,34.3,0.0,0.0,0.0,0.0
2026-03-04T20:07:36+00:00,1772654856.2928672,2.15625,6.2,0.0,2304.0,16,13925765120,3098185728,81.8,17023950848,298913792,2.7,0.0,139281.16813181023,0.0,4.000493110403556,34.3,0.0,0.0,0.0,0.0
2026-03-04T20:07:37+00:00,1772654857.2927337,3.10625,10.8,1.5,2304.0,16,13927464960,3096485888,81.8,17023950848,298913792,2.7,0.0,0.0,0.0,0.0,34.3,0.0,0.0,0.0,0.0
2026-03-04T20:07:38+00:00,1772654858.2928271,1.08125,6.2,0.0,2304.0,16,13927849984,3096100864,81.8,17023950848,298913792,2.7,0.0,8191.234446548689,0.0,1.9998130973019261,34.3,0.9999065486509631,0.0,0.9999065486509631,0.0
2026-03-04T20:07:39+00:00,1772654859.2926958,2.50625,6.2,0.0,2304.0,16,13926129664,3097821184,81.8,17023950848,298913792,2.7,0.0,20482.690783172016,0.0,4.000525543588285,34.3,56.007357610235985,66.0086714692067,2.0002627717941426,1.0001313858970713
2026-03-04T20:07:40+00:00,1772654860.293166,2.95,7.6,0.0,2304.0,16,13929037824,3094913024,81.8,17023950848,298913792,2.7,0.0,126916.32883633011,0.0,16.992011011668442,34.3,87.95864523687193,0.0,1.9990601190198167,0.0
2026-03-04T20:07:41+00:00,1772654861.2927387,4.7375,13.8,0.0,2304.0,16,13922115584,3101835264,81.8,17023950848,298913792,2.7,0.0,65564.0119680039,0.0,1.000427428710997,34.3,1.000427428710997,0.0,1.000427428710997,0.0
2026-03-04T20:07:42+00:00,1772654862.2926276,2.1375,4.7,0.0,2304.0,16,13926858752,3097092096,81.8,17023950848,298913792,2.7,0.0,12289.365386073569,0.0,2.0002222308062447,34.3,1.0001111154031224,0.0,1.0001111154031224,0.0
2026-03-04T20:07:43+00:00,1772654863.2930574,1.06875,3.1,0.0,2304.0,16,13925527552,3098423296,81.8,17023950848,298913792,2.7,0.0,45036.64015812752,0.0,8.996132844086198,34.3,0.9995703160095775,0.0,0.9995703160095775,0.0
2026-03-04T20:07:44+00:00,1772654864.2928371,1.18125,4.6,0.0,2304.0,16,13931483136,3092467712,81.8,17023950848,298913792,2.7,0.0,0.0,0.0,0.0,34.3,0.0,0.0,0.0,0.0
2026-03-04T20:07:45+00:00,1772654865.2928455,5.99375,9.5,3.1,2304.0,16,13928611840,3095339008,81.8,17023950848,298913792,2.7,0.0,69631.41895016115,0.0,5.999949932516184,34.3,0.0,0.0,0.0,0.0
2026-03-04T20:07:46+00:00,1772654866.292864,1.85625,4.8,0.0,2304.0,16,13930815488,3093135360,81.8,17023950848,298913792,2.7,0.0,77822.5527612888,0.0,3.999925614786636,34.3,0.0,0.0,0.0,0.0
2026-03-04T20:07:47+00:00,1772654867.2927063,2.10625,6.2,0.0,2304.0,16,13930016768,3093934080,81.8,17023950848,298913792,2.7,0.0,12289.93975928322,0.0,2.00031571602917,34.3,1.000157858014585,0.0,1.000157858014585,0.0
2026-03-04T20:07:48+00:00,1772654868.2928374,2.05625,7.7,0.0,2304.0,16,13928452096,3095498752,81.8,17023950848,298913792,2.7,0.0,65527.40737675256,0.0,0.9998688869743738,34.3,0.9998688869743738,0.0,0.9998688869743738,0.0
2026-03-04T20:07:49+00:00,1772654869.293166,1.95,6.1,0.0,2304.0,16,13928484864,3095465984,81.8,17023950848,298913792,2.7,0.0,8189.309477696355,0.0,1.9993431342032117,34.3,109.96387238117664,119.9605880521927,2.9990147013048176,1.9993431342032117
2026-03-04T20:07:50+00:00,1772654870.292615,2.3125,10.6,0.0,2304.0,16,13928775680,3095175168,81.8,17023950848,298913792,2.7,0.0,20491.290400532635,0.0,4.00220515635403,34.3,1.0005512890885075,0.0,1.0005512890885075,0.0
2026-03-04T20:07:51+00:00,1772654871.2931044,0.86875,6.2,0.0,2304.0,16,13931012096,3092938752,81.8,17023950848,298913792,2.7,0.0,94161.91025501405,0.0,2.998532298372136,34.3,0.9995107661240452,0.0,0.9995107661240452,0.0
2026-03-04T20:07:52+00:00,1772654872.2930737,2.75,9.1,0.0,2304.0,16,13926268928,3097681920,81.8,17023950848,298913792,2.7,0.0,131076.03137398892,0.0,2.000061513885329,34.3,1.0000307569426645,0.0,1.0000307569426645,0.0
2026-03-04T20:07:53+00:00,1772654873.2926226,1.45625,7.7,0.0,2304.0,16,13931491328,3092459520,81.8,17023950848,298913792,2.7,0.0,69663.42433138727,0.0,2.0009025830476586,34.3,0.0,0.0,0.0,0.0
2026-03-04T20:07:54+00:00,1772654874.2931798,2.525,9.2,0.0,2304.0,16,13926563840,3097387008,81.8,17023950848,298913792,2.7,0.0,8187.438088699986,0.0,1.99888625212402,34.3,0.0,0.0,0.0,0.0
2026-03-04T20:07:55+00:00,1772654875.2931752,4.65,10.9,0.0,2304.0,16,13929652224,3094298624,81.8,17023950848,298913792,2.7,0.0,647170.9316539053,0.0,53.00024008859675,34.3,0.0,0.0,0.0,0.0
2026-03-04T20:07:56+00:00,1772654876.2927768,2.4375,6.2,0.0,2304.0,16,13939597312,3084353536,81.9,17023950848,298913792,2.7,16390.52994526351,49171.58983579054,1.0003985562294624,5.001992781147313,34.3,0.0,0.0,0.0,0.0
2026-03-04T20:07:57+00:00,1772654877.292677,1.46875,4.7,0.0,2304.0,16,13938450432,3085500416,81.9,17023950848,298913792,2.7,0.0,155663.55038156745,0.0,25.0024976841282,34.3,0.0,0.0,0.0,0.0
2026-03-04T20:07:58+00:00,1772654878.2931547,0.6937500000000001,3.1,0.0,2304.0,16,13936553984,3087396864,81.9,17023950848,298913792,2.7,0.0,208796.23907110727,0.0,3.998089749370161,34.3,0.0,0.0,0.0,0.0
2026-03-04T20:07:59+00:00,1772654879.2930088,2.49375,7.7,0.0,2304.0,16,13943455744,3080495104,81.9,17023950848,298913792,2.7,0.0,0.0,0.0,0.0,34.3,55.008026340513325,0.0,1.0001459334638787,0.0
2026-03-04T20:08:00+00:00,1772654880.29307,1.39375,4.7,0.0,2304.0,16,13935783936,3088166912,81.9,17023950848,298913792,2.7,0.0,20478.745194073945,0.0,3.9997549207175673,34.3,0.0,65.99595619183987,0.0,0.9999387301793918
2026-03-04T20:08:01+00:00,1772654881.2927325,1.36875,7.8,0.0,2304.0,16,13939568640,3084382208,81.9,17023950848,298913792,2.7,0.0,4097.383279496137,0.0,1.0003377147207366,34.3,0.0,0.0,0.0,0.0
2026-03-04T20:08:02+00:00,1772654882.2932837,4.5125,9.2,0.0,2304.0,16,13938552832,3085398016,81.9,17023950848,298913792,2.7,0.0,77781.12519611038,0.0,4.997245399626747,34.3,0.0,53.97025031596887,0.0,0.9994490799253494
2026-03-04T20:08:03+00:00,1772654883.2927299,2.775,4.8,1.6,2304.0,16,13935853568,3088097280,81.9,17023950848,298913792,2.7,0.0,65572.31698903216,0.0,1.0005541532750268,34.3,0.0,0.0,0.0,0.0
2026-03-04T20:08:04+00:00,1772654884.2928493,2.43125,7.7,0.0,2304.0,16,13936533504,3087417344,81.9,17023950848,298913792,2.7,0.0,8191.021601242489,0.0,1.999761133115842,34.3,0.0,0.0,0.0,0.0
2026-03-04T20:08:05+00:00,1772654885.2926714,2.9375,7.9,0.0,2304.0,16,13938814976,3085135872,81.9,17023950848,298913792,2.7,0.0,65547.65832355246,0.0,4.000711567599637,34.3,0.0,0.0,0.0,0.0
2026-03-04T20:08:06+00:00,1772654886.2927089,1.2625,3.1,0.0,2304.0,16,13938167808,3085783040,81.9,17023950848,298913792,2.7,0.0,131067.09393364249,0.0,3.9998502787366483,34.3,0.0,0.0,0.0,0.0
2026-03-04T20:08:07+00:00,1772654887.2928383,1.4375,9.2,0.0,2304.0,16,13937455104,3086495744,81.9,17023950848,298913792,2.7,0.0,0.0,0.0,0.0,34.3,0.0,0.0,0.0,0.0
2026-03-04T20:08:08+00:00,1772654888.2930164,0.775,3.1,0.0,2304.0,16,13938372608,3085578240,81.9,17023950848,298913792,2.7,0.0,12285.81191313288,0.0,1.9996438660698046,34.3,0.0,0.0,0.0,0.0
2026-03-04T20:08:09+00:00,1772654889.292779,2.8312500000000003,6.2,0.0,2304.0,16,13955407872,3068542976,82.0,17023950848,298913792,2.7,0.0,4096.9728872765845,0.0,1.00023752130776,34.3,0.0,0.0,0.0,0.0
2026-03-04T20:08:10+00:00,1772654890.2929356,1.9625000000000001,6.2,0.0,2304.0,16,13939998720,3083952128,81.9,17023950848,298913792,2.7,0.0,151528.26446014634,0.0,5.999060301156554,34.3,108.98292880434407,119.98120602313108,1.9996867670521847,1.9996867670521847
2026-03-04T20:08:11+00:00,1772654891.2930844,1.58125,6.3,0.0,2304.0,16,13940703232,3083247616,81.9,17023950848,298913792,2.7,0.0,81907.81431290359,0.0,0.9998512489368113,34.3,0.0,0.0,0.0,0.0
2026-03-04T20:08:12+00:00,1772654892.2927258,1.2750000000000001,3.1,0.0,2304.0,16,13936922624,3087028224,81.9,17023950848,298913792,2.7,0.0,12292.407830566686,0.0,2.0007174203396296,34.3,0.0,0.0,0.0,0.0
2026-03-04T20:08:13+00:00,1772654893.293065,0.9750000000000001,3.1,0.0,2304.0,16,13935722496,3088228352,81.9,17023950848,298913792,2.7,0.0,159689.8220918568,0.0,7.997286763414302,34.3,0.0,0.0,0.0,0.0
2026-03-04T20:08:14+00:00,1772654894.2925837,2.45625,6.3,0.0,2304.0,16,13937254400,3086696448,81.9,17023950848,298913792,2.7,0.0,28685.808404724394,0.0,7.0033711925596664,34.3,0.0,0.0,0.0,0.0
2026-03-04T20:08:15+00:00,1772654895.2930338,1.3687500000000001,6.2,0.0,2304.0,16,13938880512,3085070336,81.9,17023950848,298913792,2.7,0.0,155577.96902334306,0.0,6.996850477766508,34.3,0.0,0.0,0.0,0.0
2026-03-04T20:08:16+00:00,1772654896.2930052,1.2375,4.5,0.0,2304.0,16,13935849472,3088101376,81.9,17023950848,298913792,2.7,0.0,245767.03145117144,0.0,17.000486387817034,34.3,0.0,0.0,0.0,0.0
2026-03-04T20:08:17+00:00,1772654897.2926788,1.08125,4.7,0.0,2304.0,16,13942341632,3081609216,81.9,17023950848,298913792,2.7,0.0,20486.686752835423,0.0,4.001306006413169,34.3,0.0,0.0,0.0,0.0
2026-03-04T20:08:18+00:00,1772654898.2932029,2.6437500000000003,7.8,0.0,2304.0,16,13935566848,3088384000,81.9,17023950848,298913792,2.7,0.0,65501.67423821078,0.0,0.9994762304414486,34.3,0.0,0.0,0.0,0.0
2026-03-04T20:08:19+00:00,1772654899.292651,3.2625,6.3,0.0,2304.0,16,13940396032,3083554816,81.9,17023950848,298913792,2.7,0.0,139340.90768272532,0.0,4.002208975262101,34.3,0.0,0.0,0.0,0.0
2026-03-04T20:08:20+00:00,1772654900.292881,1.66875,7.8,0.0,2304.0,16,13935955968,3087994880,81.9,17023950848,298913792,2.7,0.0,122851.7350186603,0.0,6.998389852951027,34.3,54.987348844615205,65.98481861353825,0.9997699789930038,0.9997699789930038
2026-03-04T20:08:21+00:00,1772654901.2929575,4.7875000000000005,9.4,1.6,2304.0,16,13935009792,3088941056,81.9,17023950848,298913792,2.7,0.0,12287.0596422803,0.0,1.9998469469857258,34.3,0.0,0.0,0.0,0.0
2026-03-04T20:08:22+00:00,1772654902.2927687,1.5375,4.6,0.0,2304.0,16,13937807360,3086143488,81.9,17023950848,298913792,2.7,0.0,0.0,0.0,0.0,34.3,0.0,0.0,0.0,0.0
2026-03-04T20:08:23+00:00,1772654903.2932332,2.375,6.3,0.0,2304.0,16,13932146688,3091804160,81.8,17023950848,298913792,2.7,0.0,12282.295618089667,0.0,1.9990715524234484,34.3,0.0,0.0,0.0,0.0
2026-03-04T20:08:24+00:00,1772654904.2926896,1.85625,7.7,0.0,2304.0,16,13930397696,3093553152,81.8,17023950848,298913792,2.7,0.0,471296.1939530881,0.0,27.014685030429217,34.3,100.05438900158968,0.0,1.000543890015897,0.0
2026-03-04T20:08:25+00:00,1772654905.292928,2.9125,6.2,0.0,2304.0,16,13929287680,3094663168,81.8,17023950848,298913792,2.7,0.0,131040.75744880467,0.0,13.996662935510752,34.3,485.88415618987324,790.8114558563575,5.998569829504608,5.998569829504608
2026-03-04T20:08:26+00:00,1772654906.2927113,2.9125,6.2,0.0,2304.0,16,13933355008,3090595840,81.8,17023950848,298913792,2.7,0.0,65550.20620380384,0.0,1.0002167694672217,34.3,312.06763207377315,166.0359837315588,5.001083847336108,3.000650308401665
2026-03-04T20:08:27+00:00,1772654907.2929726,1.9500000000000002,6.2,0.0,2304.0,16,13930590208,3093360640,81.8,17023950848,298913792,2.7,0.0,8189.859934213662,0.0,1.9994775230013824,34.3,0.0,0.0,0.0,0.0
2026-03-04T20:08:28+00:00,1772654908.2926748,0.9750000000000001,6.2,0.0,2304.0,16,13929930752,3094020096,81.8,17023950848,298913792,2.7,0.0,94236.06206739477,0.0,4.001191494030009,34.3,0.0,0.0,0.0,0.0
2026-03-04T20:08:29+00:00,1772654909.2926767,3.61875,7.9,0.0,2304.0,16,13931790336,3092160512,81.8,17023950848,298913792,2.7,0.0,65535.87500023842,0.0,0.9999980926550052,34.3,0.0,141.99972915701073,0.0,0.9999980926550052
2026-03-04T20:08:30+00:00,1772654910.292647,2.525,6.2,0.0,2304.0,16,13927264256,3096686592,81.8,17023950848,298913792,2.7,0.0,172037.12710592465,0.0,16.00047685136948,34.3,109.00324854995459,120.00357638527112,2.000059606421185,2.000059606421185
2026-03-04T20:08:31+00:00,1772654911.292727,1.56875,4.7,0.0,2304.0,16,13931012096,3092938752,81.8,17023950848,298913792,2.7,16382.687605134171,12287.015703850628,0.9999198977743025,1.999839795548605,34.3,0.0,0.0,0.0,0.0
2026-03-04T20:08:32+00:00,1772654912.2926757,5.2875,15.4,1.5,2304.0,16,13950803968,3073146880,81.9,17023950848,298913792,2.7,0.0,12288.629915101945,0.0,3.0001537878666857,34.3,4102.210279276382,7890.404462089384,10.000512626222285,13.000666414088972
2026-03-04T20:08:33+00:00,1772654913.2928352,6.0625,13.8,1.6,2304.0,16,13963268096,3060682752,82.0,17023950848,298913792,2.7,16381.38713550719,192481.29884220948,0.9998405234074212,14.997607851111319,34.3,0.0,0.0,0.0,0.0
2026-03-04T20:08:34+00:00,1772654914.292737,1.36875,4.7,0.0,2304.0,16,13952352256,3071598592,82.0,17023950848,298913792,2.7,0.0,12289.207149826461,0.0,3.000294714313101,34.3,184.01807581120354,0.0,2.000196476208734,0.0
2026-03-04T20:08:35+00:00,1772654915.2928617,2.25,7.8,0.0,2304.0,16,13951594496,3072356352,82.0,17023950848,298913792,2.7,0.0,102387.23303726233,0.0,5.999251935777089,34.3,5157.356914123037,7795.028015219698,10.998628548924664,13.998254516813208
2026-03-04T20:08:36+00:00,1772654916.292959,2.6,9.2,0.0,2304.0,16,13956501504,3067449344,82.0,17023950848,298913792,2.7,0.0,73720.82882257471,0.0,2.9997082040435674,34.3,53.99474767278421,334.96741611819834,0.9999027346811891,0.9999027346811891
2026-03-04T20:08:37+00:00,1772654917.2931957,1.8875,7.9,0.0,2304.0,16,13949673472,3074277376,81.9,17023950848,298913792,2.7,0.0,0.0,0.0,0.0,34.3,0.0,0.0,0.0,0.0
2026-03-04T20:08:38+00:00,1772654918.293178,2.06875,4.8,0.0,2304.0,16,13951070208,3072880640,81.9,17023950848,298913792,2.7,0.0,8192.144533800007,0.0,2.0000352865722673,34.3,0.0,0.0,0.0,0.0
2026-03-04T20:08:39+00:00,1772654919.293025,1.53125,11.9,0.0,2304.0,16,13949542400,3074408448,81.9,17023950848,298913792,2.7,0.0,16386.508196416402,0.0,4.000612352640723,34.3,0.0,0.0,0.0,0.0
2026-03-04T20:08:40+00:00,1772654920.2930763,2.0375,9.2,0.0,2304.0,16,13948817408,3075133440,81.9,17023950848,298913792,2.7,0.0,143352.65174385908,0.0,4.999743713164728,34.3,54.997180844812,65.9966170137744,0.9999487426329455,0.9999487426329455
2026-03-04T20:08:41+00:00,1772654921.292646,0.6937500000000001,1.6,0.0,2304.0,16,13951086592,3072864256,81.9,17023950848,298913792,2.7,0.0,40977.63454207145,0.0,3.0012915924368735,34.3,0.0,0.0,0.0,0.0
2026-03-04T20:08:42+00:00,1772654922.2932196,1.9375,4.6,0.0,2304.0,16,13948133376,3075817472,81.9,17023950848,298913792,2.7,0.0,12280.955213012097,0.0,1.9988533875345211,34.3,0.0,0.0,0.0,0.0
2026-03-04T20:08:43+00:00,1772654923.2927556,1.2750000000000001,6.2,0.0,2304.0,16,13949538304,3074412544,81.9,17023950848,298913792,2.7,0.0,73762.22290939848,0.0,3.0013925337483105,34.3,0.0,0.0,0.0,0.0
2026-03-04T20:08:44+00:00,1772654924.292725,1.63125,4.7,0.0,2304.0,16,13952069632,3071881216,82.0,17023950848,298913792,2.7,0.0,81922.50007629627,0.0,1.000030518509476,34.3,0.0,0.0,0.0,0.0
2026-03-04T20:08:45+00:00,1772654925.2926695,2.1875,4.8,0.0,2304.0,16,13954134016,3069816832,82.0,17023950848,298913792,2.7,0.0,110598.14389599032,0.0,23.001277756146713,34.3,0.0,0.0,0.0,0.0
2026-03-04T20:08:46+00:00,1772654926.2928476,1.9625000000000001,6.2,0.0,2304.0,16,13964537856,3059412992,82.0,17023950848,298913792,2.7,0.0,253906.7795380795,0.0,38.99305538836119,34.3,0.0,0.0,0.0,0.0
2026-03-04T20:08:47+00:00,1772654927.2928662,1.45,7.6,0.0,2304.0,16,13951635456,3072315392,82.0,17023950848,298913792,2.7,0.0,135165.48637487,0.0,16.999683862843202,34.3,0.0,0.0,0.0,0.0
2026-03-04T20:08:48+00:00,1772654928.2928996,1.2375,4.7,0.0,2304.0,16,13950144512,3073806336,81.9,17023950848,298913792,2.7,0.0,0.0,0.0,0.0,34.3,0.0,0.0,0.0,0.0
2026-03-04T20:08:49+00:00,1772654929.2929447,1.2625,3.1,0.0,2304.0,16,13950218240,3073732608,81.9,17023950848,298913792,2.7,0.0,8191.630876008137,0.0,1.9999098818379242,34.3,0.0,0.0,0.0,0.0
2026-03-04T20:08:50+00:00,1772654930.2931948,5.36875,12.3,0.0,2304.0,16,13948964864,3074985984,81.9,17023950848,298913792,2.7,0.0,8189.951684161023,0.0,1.9994999228908747,34.3,108.97274579755268,119.96999537345249,1.9994999228908747,1.9994999228908747
2026-03-04T20:08:51+00:00,1772654931.292625,2.05,6.2,0.0,2304.0,16,13954039808,3069911040,82.0,17023950848,298913792,2.7,0.0,131146.73008272593,0.0,7.003991016991284,34.3,0.0,0.0,0.0,0.0
2026-03-04T20:08:52+00:00,1772654932.292721,1.1812500000000001,4.7,0.0,2304.0,16,13950902272,3073048576,81.9,17023950848,298913792,2.7,0.0,65529.703729962544,0.0,0.9999039265436179,34.3,0.0,0.0,0.0,0.0
2026-03-04T20:08:53+00:00,1772654933.2927341,1.2750000000000001,4.7,0.0,2304.0,16,13949652992,3074297856,81.9,17023950848,298913792,2.7,0.0,12287.83886930041,0.0,1.999973774300197,34.3,0.0,0.0,0.0,0.0
2026-03-04T20:08:54+00:00,1772654934.2927709,6.9375,21.5,1.6,2304.0,16,13970137088,3053813760,82.1,17023950848,298913792,2.7,0.0,385009.86380028125,0.0,21.999192267511084,34.3,1433.9473505277679,3792.860739575888,8.999669563981806,7.999706279094939
2026-03-04T20:08:55+00:00,1772654935.2928987,9.775,33.3,1.6,2304.0,16,13984649216,3039301632,82.1,17023950848,298913792,2.7,49145.71955259319,303065.27057432465,2.9996166719112054,24.996805599260043,34.3,851.8911348227823,1277.8367022341733,4.999361119852009,4.999361119852009
2026-03-04T20:08:56+00:00,1772654936.2931466,7.9875,22.7,1.5,2304.0,16,13969629184,3054321664,82.1,17023950848,298913792,2.7,65519.75402827516,163799.3850706879,0.9997521061443353,6.998264743010346,34.3,287.92860656956856,877.7823491947263,3.999008424577341,5.998512636866011
2026-03-04T20:08:57+00:00,1772654937.2929096,7.025,20.0,0.0,2304.0,16,13980676096,3043274752,82.1,17023950848,298913792,2.7,65551.53493159341,393309.2095895605,3.000711132732853,18.00426679639712,34.3,6974.652909515395,910.2157102622988,12.002844530931412,8.001896353954274
2026-03-04T20:08:58+00:00,1772654938.292932,1.9625,4.8,0.0,2304.0,16,13977194496,3046756352,82.1,17023950848,298913792,2.7,0.0,77822.25589846267,0.0,3.9999103566232868,34.3,142.99679524928248,569.9872258188184,1.9999551783116434,7.9998207132465735
2026-03-04T20:08:59+00:00,1772654939.2926025,1.1625,4.6,0.0,2304.0,16,13968060416,3055890432,82.0,17023950848,298913792,2.7,0.0,65557.60086736648,0.0,1.000329603078712,34.3,0.0,0.0,0.0,0.0
2026-03-04T20:09:00+00:00,1772654940.2930934,1.58125,4.8,0.0,2304.0,16,13981761536,3042189312,82.1,17023950848,298913792,2.7,0.0,569064.643972888,0.0,44.97792016562914,34.3,54.97301353576895,65.96761624292274,0.9995093370139809,0.9995093370139809
2026-03-04T20:09:01+00:00,1772654941.293025,0.59375,4.8,0.0,2304.0,16,13980131328,3043819520,82.1,17023950848,298913792,2.7,0.0,143369.81024158938,0.0,11.00075273896124,34.3,0.0,0.0,0.0,0.0
2026-03-04T20:09:02+00:00,1772654942.2931387,4.35625,10.6,0.0,2304.0,16,13975289856,3048660992,82.1,17023950848,298913792,2.7,0.0,155630.3008409736,0.0,33.99613376717402,34.3,0.0,0.0,0.0,0.0
2026-03-04T20:09:03+00:00,1772654943.292547,2.80625,6.2,0.0,2304.0,16,13980356608,3043594240,82.1,17023950848,298913792,2.7,0.0,0.0,0.0,0.0,34.3,0.0,0.0,0.0,0.0
2026-03-04T20:09:04+00:00,1772654944.293282,1.53125,4.7,0.0,2304.0,16,13973426176,3050524672,82.1,17023950848,298913792,2.7,0.0,8185.982938432887,0.0,1.9985309908283415,34.3,0.0,0.0,0.0,0.0
2026-03-04T20:09:05+00:00,1772654945.2930794,1.2750000000000001,6.2,0.0,2304.0,16,13972164608,3051786240,82.1,17023950848,298913792,2.7,0.0,8193.660492758476,0.0,2.0004053937398623,34.3,0.0,0.0,0.0,0.0
2026-03-04T20:09:06+00:00,1772654946.2926276,1.78125,7.9,0.0,2304.0,16,13978636288,3045314560,82.1,17023950848,298913792,2.7,0.0,118837.69125006649,0.0,6.002712044554813,34.3,0.0,0.0,0.0,0.0
2026-03-04T20:09:07+00:00,1772654947.2927113,1.9500000000000002,6.2,0.0,2304.0,16,13975457792,3048493056,82.1,17023950848,298913792,2.7,0.0,40956.57255245068,0.0,1.9998326441626308,34.3,0.0,0.0,0.0,0.0
2026-03-04T20:09:08+00:00,1772654948.292559,1.8562500000000002,6.2,0.0,2304.0,16,13980725248,3043225600,82.1,17023950848,298913792,2.7,0.0,12289.872355564881,0.0,3.0004571180578323,34.3,6248.952024541779,6419.978080271076,14.002133217603218,16.002437962975108
2026-03-04T20:09:09+00:00,1772654949.2928653,2.35,6.2,0.0,2304.0,16,13975605248,3048345600,82.1,17023950848,298913792,2.7,0.0,143316.09255339357,0.0,4.998468629791907,34.3,0.0,0.0,0.0,0.0
2026-03-04T20:09:10+00:00,1772654950.292915,5.51875,12.1,1.5,2304.0,16,13993795584,3030155264,82.2,17023950848,298913792,2.7,12287.387725821805,77820.1222635381,0.9999501729998215,2.999850518999464,34.3,54.997259514990176,65.99671141798821,0.9999501729998215,0.9999501729998215
2026-03-04T20:09:11+00:00,1772654951.2929459,1.28125,4.8,0.0,2304.0,16,13980344320,3043606528,82.1,17023950848,298913792,2.7,0.0,12287.622081935746,0.0,1.9999384898983963,34.3,0.0,0.0,0.0,0.0
2026-03-04T20:09:12+00:00,1772654952.2927346,1.2625,4.7,0.0,2304.0,16,13977325568,3046625280,82.1,17023950848,298913792,2.7,0.0,73743.57750932533,0.0,3.000633850477105,34.3,0.0,0.0,0.0,0.0
2026-03-04T20:09:13+00:00,1772654953.293077,1.41875,4.6,0.0,2304.0,16,13977255936,3046694912,82.1,17023950848,298913792,2.7,0.0,12283.794408614453,0.0,2.998973244290638,34.3,0.0,0.0,0.0,0.0
2026-03-04T20:09:14+00:00,1772654954.2927659,6.64375,15.2,3.1,2304.0,16,13976596480,3047354368,82.1,17023950848,298913792,2.7,0.0,0.0,0.0,0.0,34.3,0.0,0.0,0.0,0.0
2026-03-04T20:09:15+00:00,1772654955.2929983,3.90625,12.5,1.5,2304.0,16,13976993792,3046957056,82.1,17023950848,298913792,2.7,0.0,49140.5768741483,0.0,8.997908363186333,34.3,0.0,0.0,0.0,0.0
2026-03-04T20:09:16+00:00,1772654956.292626,1.95625,7.8,0.0,2304.0,16,13977612288,3046338560,82.1,17023950848,298913792,2.7,0.0,229461.45369879663,0.0,13.004843131296894,34.3,0.0,0.0,0.0,0.0
2026-03-04T20:09:17+00:00,1772654957.2927964,1.85625,6.3,0.0,2304.0,16,13981110272,3042840576,82.1,17023950848,298913792,2.7,0.0,679820.1115522957,0.0,59.989773586245974,34.3,54.99062578739214,65.98875094487057,0.9998295597707663,0.9998295597707663
2026-03-04T20:09:18+00:00,1772654958.2927215,1.28125,4.8,0.0,2304.0,16,13978374144,3045576704,82.1,17023950848,298913792,2.7,0.0,0.0,0.0,0.0,34.3,0.0,0.0,0.0,0.0
2026-03-04T20:09:19+00:00,1772654959.2928402,1.2750000000000001,6.2,0.0,2304.0,16,13980913664,3043037184,82.1,17023950848,298913792,2.7,0.0,86005.78832183259,0.0,15.998100506293264,34.3,0.0,0.0,0.0,0.0
2026-03-04T20:09:20+00:00,1772654960.2926939,2.3375,6.2,0.0,2304.0,16,13977300992,3046649856,82.1,17023950848,298913792,2.7,0.0,184346.98637238328,0.0,6.000878462642684,34.3,55.00805257422461,66.00966308906953,1.0001464104404474,1.0001464104404474
2026-03-04T20:09:21+00:00,1772654961.2929862,1.825,4.7,0.0,2304.0,16,13975470080,3048480768,82.1,17023950848,298913792,2.7,0.0,12284.409252704665,0.0,2.9991233527111,34.3,0.0,0.0,0.0,0.0
2026-03-04T20:09:22+00:00,1772654962.2927458,1.48125,4.6,0.0,2304.0,16,13970665472,3053285376,82.1,17023950848,298913792,2.7,0.0,65551.75378604325,0.0,1.0002403836981697,34.3,0.0,0.0,0.0,0.0
2026-03-04T20:09:23+00:00,1772654963.2928867,4.175,10.8,1.6,2304.0,16,13990670336,3033280512,82.2,17023950848,298913792,2.7,0.0,4095.4229328743627,0.0,0.99985911447128,34.3,0.0,0.0,0.0,0.0
2026-03-04T20:09:24+00:00,1772654964.292792,1.75625,6.2,0.0,2304.0,16,13977563136,3046387712,82.1,17023950848,298913792,2.7,0.0,8192.775464024357,0.0,2.0001893222715714,34.3,0.0,0.0,0.0,0.0
2026-03-04T20:09:25+00:00,1772654965.2927437,1.1812500000000001,6.2,0.0,2304.0,16,13971009536,3052941312,82.1,17023950848,298913792,2.7,0.0,12288.594755348047,0.0,2.000096802628263,34.3,0.0,0.0,0.0,0.0
2026-03-04T20:09:26+00:00,1772654966.2925751,2.4125,4.6,0.0,2304.0,16,13974847488,3049103360,82.1,17023950848,298913792,2.7,0.0,110610.6447443567,0.0,4.000674361413364,34.3,228.03843860056176,332.05597199730926,4.000674361413364,4.000674361413364
2026-03-04T20:09:27+00:00,1772654967.2930894,1.83125,10.8,0.0,2304.0,16,13974188032,3049762816,82.1,17023950848,298913792,2.7,0.0,69596.20883596917,0.0,1.9989719909228276,34.3,0.0,0.0,0.0,0.0
2026-03-04T20:09:28+00:00,1772654968.2931666,1.65625,7.8,0.0,2304.0,16,13975048192,3048902656,82.1,17023950848,298913792,2.7,0.0,86009.35598198458,0.0,4.999613791735524,34.3,0.0,0.0,0.0,0.0
2026-03-04T20:09:29+00:00,1772654969.2926915,3.04375,6.1,0.0,2304.0,16,13980561408,3043389440,82.1,17023950848,298913792,2.7,0.0,65567.15542907003,0.0,1.0004753941203313,34.3,428.2034686835018,0.0,6.002852364721988,0.0
2026-03-04T20:09:30+00:00,1772654970.2932196,4.9375,9.4,1.6,2304.0,16,13970259968,3053690880,82.1,17023950848,298913792,2.7,0.0,12281.514167337262,0.0,1.9989443631733825,34.3,482.74506370637187,0.0,6.996305271106839,0.0
2026-03-04T20:09:31+00:00,1772654971.2931044,2.56875,6.3,0.0,2304.0,16,13970284544,3053666304,82.1,17023950848,298913792,2.7,0.0,12289.41520203175,0.0,3.000345508308533,34.3,482.0555116682376,262.0301743922785,7.000806186053244,3.000345508308533
2026-03-04T20:09:32+00:00,1772654972.292857,2.05,4.7,0.0,2304.0,16,13969051648,3054899200,82.1,17023950848,298913792,2.7,0.0,16388.055691196314,0.0,4.000990158983475,34.3,428.1059470112318,0.0,6.001485238475213,0.0
2026-03-04T20:09:33+00:00,1772654973.2926888,0.9750000000000001,4.7,0.0,2304.0,16,13970857984,3053092864,82.1,17023950848,298913792,2.7,0.0,0.0,0.0,0.0,34.3,0.0,0.0,0.0,0.0
2026-03-04T20:09:34+00:00,1772654974.2928627,1.75,7.8,0.0,2304.0,16,13970247680,3053703168,82.1,17023950848,298913792,2.7,0.0,90096.34061233845,0.0,3.999304892238035,34.3,0.0,0.0,0.0,0.0
2026-03-04T20:09:35+00:00,1772654975.2928827,1.58125,4.8,0.0,2304.0,16,13979959296,3043991552,82.1,17023950848,298913792,2.7,0.0,20479.5898519641,0.0,3.9999198929617386,34.3,0.0,0.0,0.0,0.0
2026-03-04T20:09:36+00:00,1772654976.2929368,1.5375,7.6,0.0,2304.0,16,13974585344,3049365504,82.1,17023950848,298913792,2.7,0.0,118777.57163697205,0.0,6.99962117338029,34.3,0.0,0.0,0.0,0.0
2026-03-04T20:09:37+00:00,1772654977.2926753,0.8,4.8,0.0,2304.0,16,13968859136,3055091712,82.1,17023950848,298913792,2.7,0.0,0.0,0.0,0.0,34.3,0.0,0.0,0.0,0.0
2026-03-04T20:09:38+00:00,1772654978.2926292,5.0125,9.2,1.5,2304.0,16,13977653248,3046297600,82.1,17023950848,298913792,2.7,0.0,65539.01576376973,0.0,5.000230084516123,34.3,1.0000460169032246,0.0,1.0000460169032246,0.0
2026-03-04T20:09:39+00:00,1772654979.2928498,3.53125,9.2,0.0,2304.0,16,13971513344,3052437504,82.1,17023950848,298913792,2.7,0.0,4095.0968788592945,0.0,0.9997795114402575,34.3,0.9997795114402575,0.0,0.9997795114402575,0.0
2026-03-04T20:09:40+00:00,1772654980.2926636,1.36875,4.7,0.0,2304.0,16,13976133632,3047817216,82.1,17023950848,298913792,2.7,0.0,20483.81418678281,0.0,4.000744958356017,34.3,1.0001862395890042,0.0,1.0001862395890042,0.0
2026-03-04T20:09:41+00:00,1772654981.2927032,2.0,6.1,0.0,2304.0,16,13973250048,3050700800,82.1,17023950848,298913792,2.7,0.0,159737.67798458447,0.0,3.9998416963287378,34.3,55.99778374860232,65.99738798942417,1.9999208481643689,0.9999604240821844
2026-03-04T20:09:42+00:00,1772654982.2926323,1.3875,6.3,0.0,2304.0,16,13973528576,3050422272,82.1,17023950848,298913792,2.7,0.0,86022.09125163597,0.0,4.000283261329797,34.3,1.0000708153324493,0.0,1.0000708153324493,0.0
2026-03-04T20:09:43+00:00,1772654983.2927136,3.79375,7.9,1.5,2304.0,16,13979283456,3044667392,82.1,17023950848,298913792,2.7,0.0,4095.667019259079,0.0,0.9999187058737986,34.3,55.99544752893272,65.9946345876707,1.9998374117475972,0.9999187058737986
2026-03-04T20:09:44+00:00,1772654984.2930417,1.26875,7.6,0.0,2304.0,16,13975134208,3048816640,82.1,17023950848,298913792,2.7,0.0,0.0,0.0,0.0,34.3,0.0,0.0,0.0,0.0
2026-03-04T20:09:45+00:00,1772654985.2928941,1.65,6.2,0.0,2304.0,16,13980102656,3043848192,82.1,17023950848,298913792,2.7,0.0,40966.0458141229,0.0,9.001328425954739,34.3,0.0,0.0,0.0,0.0
2026-03-04T20:09:46+00:00,1772654986.2927604,4.54375,12.1,0.0,2304.0,16,13974212608,3049738240,82.1,17023950848,298913792,2.7,0.0,53255.12302303694,0.0,5.000668853575434,34.3,0.0,0.0,0.0,0.0
2026-03-04T20:09:47+00:00,1772654987.2926383,4.08125,16.9,0.0,2304.0,16,13994803200,3029147648,82.2,17023950848,298913792,2.7,0.0,458808.0068367721,0.0,42.005127579050175,34.3,1.0001220852154804,0.0,1.0001220852154804,0.0
2026-03-04T20:09:48+00:00,1772654988.2929895,1.5625,4.7,0.0,2304.0,16,13974540288,3049410560,82.1,17023950848,298913792,2.7,0.0,131025.98491006553,0.0,1.999297865448998,34.3,0.999648932724499,0.0,0.999648932724499,0.0
2026-03-04T20:09:49+00:00,1772654989.292622,1.5750000000000002,6.2,0.0,2304.0,16,13970522112,3053428736,82.1,17023950848,298913792,2.7,0.0,163900.21743656867,0.0,14.005145532909921,34.3,1.0003675380649943,0.0,1.0003675380649943,0.0
2026-03-04T20:09:50+00:00,1772654990.2925663,2.9125,6.2,1.5,2304.0,16,13973434368,3050516480,82.1,17023950848,298913792,2.7,0.0,135175.54143636135,0.0,4.000223172240807,34.3,1.0000557930602016,0.0,1.0000557930602016,0.0
2026-03-04T20:09:51+00:00,1772654991.2926252,3.9875,9.1,0.0,2304.0,16,13972951040,3050999808,82.1,17023950848,298913792,2.7,0.0,126968.52290125928,0.0,13.99917559710205,34.3,109.99352254865896,119.99293368944615,2.9998233422361533,1.9998822281574358
2026-03-04T20:09:52+00:00,1772654992.293059,1.5625,4.7,0.0,2304.0,16,13973864448,3050086400,82.1,17023950848,298913792,2.7,0.0,0.0,0.0,0.0,34.3,0.9995662663925089,0.0,0.9995662663925089,0.0
2026-03-04T20:09:53+00:00,1772654993.292788,1.24375,4.7,0.0,2304.0,16,13976498176,3047452672,82.1,17023950848,298913792,2.7,0.0,73747.9917475264,0.0,3.0008134662893227,34.3,0.0,0.0,0.0,0.0
2026-03-04T20:09:54+00:00,1772654994.2929409,3.04375,7.6,0.0,2304.0,16,13972320256,3051630592,82.1,17023950848,298913792,2.7,0.0,8190.74823817714,0.0,1.9996943940862157,34.3,0.0,0.0,0.0,0.0
2026-03-04T20:09:55+00:00,1772654995.2929442,1.4625000000000001,6.2,0.0,2304.0,16,13978099712,3045851136,82.1,17023950848,298913792,2.7,0.0,8191.97265634127,0.0,1.9999933243020678,34.3,0.0,0.0,0.0,0.0
2026-03-04T20:09:56+00:00,1772654996.2928512,1.75625,10.8,0.0,2304.0,16,13974323200,3049627648,82.1,17023950848,298913792,2.7,0.0,40963.80894791834,0.0,3.0002789756776127,34.3,0.0,0.0,0.0,0.0
2026-03-04T20:09:57+00:00,1772654997.2930245,0.9875,3.1,0.0,2304.0,16,13978095616,3045855232,82.1,17023950848,298913792,2.7,0.0,12285.870486296764,0.0,1.999653399462364,34.3,0.0,0.0,0.0,0.0
2026-03-04T20:09:58+00:00,1772654998.2931793,3.4125,7.8,1.5,2304.0,16,13979058176,3044892672,82.1,17023950848,298913792,2.7,0.0,8190.7326179816555,0.0,1.9996905805619276,34.3,0.0,0.0,0.0,0.0
2026-03-04T20:09:59+00:00,1772654999.292704,3.5,7.7,0.0,2304.0,16,13978353664,3045597184,82.1,17023950848,298913792,2.7,0.0,65567.15542907003,0.0,1.0004753941203313,34.3,0.0,0.0,0.0,0.0
2026-03-04T20:10:00+00:00,1772655000.2929192,2.74375,6.2,0.0,2304.0,16,14001602560,3022348288,82.2,17023950848,298913792,2.7,0.0,12285.357990048642,0.0,1.9995699853594793,34.3,0.0,0.0,0.0,0.0
2026-03-04T20:10:01+00:00,1772655001.2927299,2.01875,13.6,0.0,2304.0,16,13976924160,3047026688,82.1,17023950848,298913792,2.7,0.0,86032.28628618985,0.0,6.001136041168377,34.3,55.01041371071012,66.01249645285215,1.0001893401947295,1.0001893401947295
2026-03-04T20:10:02+00:00,1772655002.2928782,1.5625,7.7,0.0,2304.0,16,13974556672,3049394176,82.1,17023950848,298913792,2.7,0.0,16381.570672760377,0.0,2.999555176897042,34.3,54.9918449097791,0.0,0.9998517256323473,0.0
2026-03-04T20:10:03+00:00,1772655003.2932024,1.6125,7.6,0.0,2304.0,16,13976977408,3046973440,82.1,17023950848,298913792,2.7,0.0,81893.44611007936,0.0,0.9996758558359297,34.3,54.982172070976134,65.97860648517135,0.9996758558359297,0.9996758558359297
2026-03-04T20:10:04+00:00,1772655004.2930021,4.225,9.4,1.5,2304.0,16,13976809472,3047141376,82.1,17023950848,298913792,2.7,0.0,8193.64095363642,0.0,2.000400623446392,34.3,0.0,66.01322057373093,0.0,1.000200311723196
2026-03-04T20:10:05+00:00,1772655005.2927935,1.8625,7.8,0.0,2304.0,16,13978157056,3045793792,82.1,17023950848,298913792,2.7,0.0,73743.38406874183,0.0,3.0006259793596124,34.3,0.0,0.0,0.0,0.0
2026-03-04T20:10:06+00:00,1772655006.2926881,2.04375,6.1,0.0,2304.0,16,13976113152,3047837696,82.1,17023950848,298913792,2.7,0.0,61446.475291747796,0.0,6.000632352709745,34.3,0.0,0.0,0.0,0.0
2026-03-04T20:10:07+00:00,1772655007.2926376,3.8000000000000003,9.4,0.0,2304.0,16,13983096832,3040854016,82.1,17023950848,298913792,2.7,0.0,0.0,0.0,0.0,34.3,0.0,0.0,0.0,0.0
2026-03-04T20:10:08+00:00,1772655008.292995,0.9875,4.7,0.0,2304.0,16,13981458432,3042492416,82.1,17023950848,298913792,2.7,0.0,90079.80642751817,0.0,6.997499167620596,34.3,0.0,0.0,0.0,0.0
2026-03-04T20:10:09+00:00,1772655009.2926486,1.3625,7.8,0.0,2304.0,16,13983387648,3040563200,82.1,17023950848,298913792,2.7,0.0,8194.83887407399,0.0,2.0006930844907203,34.3,0.0,0.0,0.0,0.0
2026-03-04T20:10:10+00:00,1772655010.2928162,2.76875,7.7,0.0,2304.0,16,13980303360,3043647488,82.1,17023950848,298913792,2.7,0.0,12285.94077483065,0.0,1.999664839653426,34.3,0.0,0.0,0.0,0.0
2026-03-04T20:10:11+00:00,1772655011.292972,1.4937500000000001,7.9,0.0,2304.0,16,13981294592,3042656256,82.1,17023950848,298913792,2.7,16381.445710779464,12286.084283084598,0.9998440985583169,1.9996881971166338,34.3,108.98300674285655,119.98129182699803,1.9996881971166338,1.9996881971166338
2026-03-04T20:10:12+00:00,1772655012.2929068,1.63125,6.1,0.0,2304.0,16,13983727616,3040223232,82.1,17023950848,298913792,2.7,0.0,180235.77420666994,0.0,6.0003919857511745,34.3,0.0,0.0,0.0,0.0
2026-03-04T20:10:13+00:00,1772655013.292836,7.2875000000000005,13.8,0.0,2304.0,16,13988851712,3035099136,82.2,17023950848,298913792,2.7,0.0,421917.8761389764,0.0,9.000637337992044,34.3,0.0,0.0,0.0,0.0
2026-03-04T20:10:14+00:00,1772655014.292888,3.98125,10.8,0.0,2304.0,16,13982822400,3041128448,82.1,17023950848,298913792,2.7,0.0,0.0,0.0,0.0,34.3,0.0,0.0,0.0,0.0
2026-03-04T20:10:15+00:00,1772655015.2926085,3.4875000000000003,6.2,1.5,2304.0,16,13980848128,3043102720,82.1,17023950848,298913792,2.7,0.0,413811.62996633543,0.0,22.006149102866306,34.3,0.0,0.0,0.0,0.0
2026-03-04T20:10:16+00:00,1772655016.293027,2.05625,7.8,0.0,2304.0,16,13982818304,3041132544,82.1,17023950848,298913792,2.7,0.0,204714.3424818383,0.0,22.990380259190825,34.3,0.0,0.0,0.0,0.0
2026-03-04T20:10:17+00:00,1772655017.292909,1.525,6.1,0.0,2304.0,16,13983952896,3039997952,82.1,17023950848,298913792,2.7,0.0,20482.41727746781,0.0,3.000354093379074,34.3,0.0,0.0,0.0,0.0
2026-03-04T20:10:18+00:00,1772655018.2926834,2.9625,9.4,0.0,2304.0,16,13985808384,3038142464,82.2,17023950848,298913792,2.7,0.0,0.0,0.0,0.0,34.3,0.0,0.0,0.0,0.0
2026-03-04T20:10:19+00:00,1772655019.2929368,1.3625,6.2,0.0,2304.0,16,13985738752,3038212096,82.2,17023950848,298913792,2.7,0.0,12284.886531261747,0.0,1.9994932505308833,34.3,0.0,0.0,0.0,0.0
2026-03-04T20:10:20+00:00,1772655020.2930384,2.96875,7.7,0.0,2304.0,16,13986893824,3037057024,82.2,17023950848,298913792,2.7,0.0,77816.09650585377,0.0,2.9996953319999142,34.3,4951.497094687858,50149.906458818565,23.997562655999314,43.995531535998744
2026-03-04T20:10:21+00:00,1772655021.2926812,3.75,6.3,1.6,2304.0,16,13983379456,3040571392,82.1,17023950848,298913792,2.7,0.0,53267.024372699336,0.0,5.001786393169634,34.3,487.17399469472235,21221.579308940123,9.003215507705342,17.006073736776756
2026-03-04T20:10:22+00:00,1772655022.2927263,1.95,4.7,0.0,2304.0,16,13984092160,3039858688,82.1,17023950848,298913792,2.7,0.0,0.0,0.0,0.0,34.3,0.0,0.0,0.0,0.0
2026-03-04T20:10:23+00:00,1772655023.2927227,2.44375,6.3,0.0,2304.0,16,13983797248,3040153600,82.1,17023950848,298913792,2.7,0.0,86016.30761828762,0.0,4.000014305165905,34.3,0.0,0.0,0.0,0.0
2026-03-04T20:10:24+00:00,1772655024.2931764,2.6375,6.2,0.0,2304.0,16,14003888128,3020062720,82.3,17023950848,298913792,2.7,0.0,36847.28199919594,0.0,8.995918456834946,34.3,0.0,0.0,0.0,0.0
2026-03-04T20:10:25+00:00,1772655025.2927585,1.76875,6.2,0.0,2304.0,16,13983567872,3040382976,82.1,17023950848,298913792,2.7,0.0,8195.425259704652,0.0,2.000836245045081,34.3,0.0,0.0,0.0,0.0
2026-03-04T20:10:26+00:00,1772655026.2927058,0.96875,4.6,0.0,2304.0,16,13982806016,3041144832,82.1,17023950848,298913792,2.7,0.0,24577.294990108683,0.0,2.0001053865648344,34.3,228.01201406839112,112.00590164763072,4.000210773129669,2.0001053865648344
2026-03-04T20:10:27+00:00,1772655027.2929494,1.0875000000000001,3.1,0.0,2304.0,16,13983416320,3040534528,82.1,17023950848,298913792,2.7,0.0,204750.10981268203,0.0,6.9982947689881545,34.3,0.0,0.0,0.0,0.0
2026-03-04T20:10:28+00:00,1772655028.2927308,1.24375,3.1,0.0,2304.0,16,13985488896,3038461952,82.2,17023950848,298913792,2.7,65550.33125824065,360526.8219203236,1.0002186776464943,10.002186776464944,34.3,55.01202727055719,66.01443272466862,1.0002186776464943,1.0002186776464943
2026-03-04T20:10:29+00:00,1772655029.2926006,3.3125,7.7,0.0,2304.0,16,13986025472,3037925376,82.2,17023950848,298913792,2.7,0.0,131089.06472142646,0.0,2.0002603869846567,34.3,0.0,0.0,0.0,0.0
2026-03-04T20:10:30+00:00,1772655030.2926154,2.4875000000000003,9.5,0.0,2304.0,16,13985689600,3038261248,82.2,17023950848,298913792,2.7,0.0,8191.878908039976,0.0,1.9999704365331972,34.3,0.0,0.0,0.0,0.0
2026-03-04T20:10:31+00:00,1772655031.2930481,3.23125,7.8,0.0,2304.0,16,13985157120,3038793728,82.1,17023950848,298913792,2.7,0.0,73696.10950309083,0.0,2.998702372358839,34.3,108.95285286237116,119.94809489435357,1.9991349149058928,1.9991349149058928
2026-03-04T20:10:32+00:00,1772655032.2927675,2.6375,4.8,0.0,2304.0,16,13987295232,3036655616,82.2,17023950848,298913792,2.7,0.0,24582.898420200487,0.0,4.001122789746173,34.3,0.0,0.0,0.0,0.0
2026-03-04T20:10:33+00:00,1772655033.2927167,3.325,6.3,0.0,2304.0,16,13987999744,3035951104,82.2,17023950848,298913792,2.7,0.0,0.0,0.0,0.0,34.3,0.0,0.0,0.0,0.0
2026-03-04T20:10:34+00:00,1772655034.2928228,1.45625,4.6,0.0,2304.0,16,13985832960,3038117888,82.2,17023950848,298913792,2.7,0.0,73720.17856420015,0.0,2.999681744962571,34.3,0.0,0.0,0.0,0.0
2026-03-04T20:10:35+00:00,1772655035.2927325,1.6875,4.8,0.0,2304.0,16,13984452608,3039498240,82.1,17023950848,298913792,2.7,0.0,73734.66271142187,0.0,3.000271106421789,34.3,0.0,0.0,0.0,0.0
2026-03-04T20:10:36+00:00,1772655036.2932017,2.6375,7.9,0.0,2304.0,16,13981655040,3042295808,82.1,17023950848,298913792,2.7,0.0,12282.237079007271,0.0,1.9990620245780064,34.3,0.0,0.0,0.0,0.0
2026-03-04T20:10:37+00:00,1772655037.2930832,2.90625,9.1,0.0,2304.0,16,13996011520,3027939328,82.2,17023950848,298913792,2.7,0.0,49157.82490896696,0.0,3.0003555242289406,34.3,0.0,0.0,0.0,0.0
2026-03-04T20:10:38+00:00,1772655038.2926967,1.4625,4.8,0.0,2304.0,16,13982519296,3041431552,82.1,17023950848,298913792,2.7,0.0,73756.50515719886,0.0,3.001159877815709,34.3,0.0,0.0,0.0,0.0
2026-03-04T20:10:39+00:00,1772655039.292846,1.5625,4.6,0.0,2304.0,16,13978382336,3045568512,82.1,17023950848,298913792,2.7,0.0,8190.777526204251,0.0,1.9997015444834598,34.3,0.0,0.0,0.0,0.0
2026-03-04T20:10:40+00:00,1772655040.2929497,2.38125,7.5,0.0,2304.0,16,13981560832,3042390016,82.1,17023950848,298913792,2.7,0.0,114676.10670222867,0.0,24.997407466829284,34.3,0.0,0.0,0.0,0.0
2026-03-04T20:10:41+00:00,1772655041.2926953,2.76875,7.8,0.0,2304.0,16,13978431488,3045519360,82.1,17023950848,298913792,2.7,0.0,65552.67611728123,0.0,1.0002544573559757,34.3,55.01399515457867,66.0167941854944,1.0002544573559757,1.0002544573559757
2026-03-04T20:10:42+00:00,1772655042.2928076,1.3687500000000001,4.5,0.0,2304.0,16,13979971584,3043979264,82.1,17023950848,298913792,2.7,0.0,81910.80181416166,0.0,5.999326304748169,34.3,0.0,0.0,0.0,0.0
2026-03-04T20:10:43+00:00,1772655043.2926605,0.6625,3.1,0.0,2304.0,16,13977079808,3046871040,82.1,17023950848,298913792,2.7,0.0,16386.41051084642,0.0,3.0004413777184613,34.3,0.0,0.0,0.0,0.0
2026-03-04T20:10:44+00:00,1772655044.2926185,1.38125,4.7,0.0,2304.0,16,13983571968,3040378880,82.1,17023950848,298913792,2.7,0.0,65538.75011539944,0.0,1.0000419634307776,34.3,54.00226602526199,54.00226602526199,1.0000419634307776,1.0000419634307776
2026-03-04T20:10:45+00:00,1772655045.2927222,7.625,16.9,3.1,2304.0,16,13986488320,3037462528,82.2,17023950848,298913792,2.7,0.0,331741.5943885901,0.0,37.99605934958051,34.3,0.0,0.0,0.0,0.0
2026-03-04T20:10:46+00:00,1772655046.2931666,2.35625,7.8,0.0,2304.0,16,13984182272,3039768576,82.1,17023950848,298913792,2.7,0.0,339816.9811771121,0.0,34.98445248140685,34.3,0.0,0.0,0.0,0.0
2026-03-04T20:10:47+00:00,1772655047.2929873,0.8812500000000001,3.1,0.0,2304.0,16,13986488320,3037462528,82.2,17023950848,298913792,2.7,16386.938026761083,180256.31829437194,1.0001793229224294,12.002151875069154,34.3,0.0,0.0,0.0,0.0
2026-03-04T20:10:48+00:00,1772655048.292885,1.94375,7.6,0.0,2304.0,16,13986807808,3037143040,82.2,17023950848,298913792,2.7,0.0,0.0,0.0,0.0,34.3,0.0,0.0,0.0,0.0
2026-03-04T20:10:49+00:00,1772655049.2926412,1.4625,6.2,0.0,2304.0,16,13986021376,3037929472,82.2,17023950848,298913792,2.7,0.0,8193.99853432193,0.0,2.00048792341844,34.3,0.0,0.0,0.0,0.0
2026-03-04T20:10:50+00:00,1772655050.2928205,4.41875,9.2,1.5,2304.0,16,13980499968,3043450880,82.1,17023950848,298913792,2.7,0.0,4095.265756643058,0.0,0.9998207413679341,34.3,0.0,0.0,0.0,0.0
2026-03-04T20:10:51+00:00,1772655051.2928772,2.45625,9.2,0.0,2304.0,16,13977804800,3046146048,82.1,17023950848,298913792,2.7,0.0,77819.5842349415,0.0,2.9998297787934893,34.3,150.99143219927228,95.99455292139166,2.9998297787934893,1.9998865191956594
2026-03-04T20:10:52+00:00,1772655052.2926211,3.1125000000000003,7.7,1.6,2304.0,16,13982699520,3041251328,82.1,17023950848,298913792,2.7,0.0,28679.343677308425,0.0,2.0005122542765363,34.3,0.0,66.01690439112569,0.0,1.0002561271382682
2026-03-04T20:10:53+00:00,1772655053.2925408,1.75625,4.8,0.0,2304.0,16,13978832896,3045117952,82.1,17023950848,298913792,2.7,0.0,20481.64564003484,0.0,5.000401767586631,34.3,0.0,0.0,0.0,0.0
2026-03-04T20:10:54+00:00,1772655054.2927122,1.375,3.2,0.0,2304.0,16,13975859200,3048091648,82.1,17023950848,298913792,2.7,0.0,241622.58034246773,0.0,25.995543766982923,34.3,0.0,0.0,0.0,0.0
2026-03-04T20:10:55+00:00,1772655055.292623,2.15,6.2,0.0,2304.0,16,13982433280,3041517568,82.1,17023950848,298913792,2.7,0.0,4096.365266945323,0.0,1.000089176500323,34.3,0.0,0.0,0.0,0.0
2026-03-04T20:10:56+00:00,1772655056.292622,1.825,6.0,0.0,2304.0,16,13980717056,3043233792,82.1,17023950848,298913792,2.7,0.0,0.0,0.0,0.0,34.3,0.0,0.0,0.0,0.0
2026-03-04T20:10:57+00:00,1772655057.2927606,5.5125,10.9,1.6,2304.0,16,13978750976,3045199872,82.1,17023950848,298913792,2.7,0.0,204771.63478855797,0.0,22.99681445379313,34.3,0.0,0.0,0.0,0.0
2026-03-04T20:10:58+00:00,1772655058.2928064,1.275,6.1,0.0,2304.0,16,13981048832,3042902016,82.1,17023950848,298913792,2.7,0.0,135161.81278322832,0.0,3.9998169029127695,34.3,0.0,0.0,0.0,0.0
2026-03-04T20:10:59+00:00,1772655059.2926674,1.75625,6.2,0.0,2304.0,16,13980053504,3043897344,82.1,17023950848,298913792,2.7,0.0,0.0,0.0,0.0,34.3,0.0,0.0,0.0,0.0
2026-03-04T20:11:00+00:00,1772655060.2926626,3.61875,10.4,0.0,2304.0,16,13982871552,3041079296,82.1,17023950848,298913792,2.7,0.0,32768.15625074506,0.0,2.000009536788639,34.3,0.0,0.0,0.0,0.0
2026-03-04T20:11:01+00:00,1772655061.2930136,2.43125,6.2,0.0,2304.0,16,13992009728,3031941120,82.2,17023950848,298913792,2.7,0.0,147404.268155402,0.0,3.9985966839030493,34.3,0.0,53.98105523269116,0.0,0.9996491709757623
2026-03-04T20:11:02+00:00,1772655062.2927718,1.5875,6.2,0.0,2304.0,16,13982375936,3041574912,82.1,17023950848,298913792,2.7,0.0,114715.73326719593,0.0,6.001450889397108,34.3,55.013299819473495,66.01595978336819,1.000241814899518,1.000241814899518
2026-03-04T20:11:03+00:00,1772655063.2928903,1.55625,6.2,0.0,2304.0,16,13982670848,3041280000,82.1,17023950848,298913792,2.7,0.0,0.0,0.0,0.0,34.3,0.0,0.0,0.0,0.0
2026-03-04T20:11:04+00:00,1772655064.2929,2.525,9.2,0.0,2304.0,16,13979369472,3044581376,82.1,17023950848,298913792,2.7,0.0,81919.1992265777,0.0,4.999951124669049,34.3,0.0,0.0,0.0,0.0
2026-03-04T20:11:05+00:00,1772655065.2927592,2.24375,6.2,0.0,2304.0,16,13981335552,3042615296,82.1,17023950848,298913792,2.7,0.0,98317.85351453473,0.0,5.000704626186866,34.3,0.0,0.0,0.0,0.0
2026-03-04T20:11:06+00:00,1772655066.2926219,2.65,6.1,0.0,2304.0,16,13988950016,3035000832,82.2,17023950848,298913792,2.7,0.0,8193.12515451646,0.0,2.00027469592687,34.3,55.00755413798892,66.0090649655867,1.000137347963435,1.000137347963435
2026-03-04T20:11:07+00:00,1772655067.2926435,2.2062500000000003,11.8,0.0,2304.0,16,13982650368,3041300480,82.1,17023950848,298913792,2.7,0.0,12287.733404221586,0.0,1.9999566087600238,34.3,0.0,0.0,0.0,0.0
2026-03-04T20:11:08+00:00,1772655068.2931166,2.54375,9.1,0.0,2304.0,16,13985853440,3038097408,82.2,17023950848,298913792,2.7,0.0,4094.063416047707,0.0,0.9995272011835222,34.3,0.0,0.0,0.0,0.0
2026-03-04T20:11:09+00:00,1772655069.2931652,1.06875,4.6,0.0,2304.0,16,13982175232,3041775616,82.1,17023950848,298913792,2.7,0.0,12287.402372817027,0.0,1.999902729950688,34.3,0.0,0.0,0.0,0.0
2026-03-04T20:11:10+00:00,1772655070.292661,5.04375,10.4,1.6,2304.0,16,13973274624,3050676224,82.1,17023950848,298913792,2.7,0.0,8196.13294343361,0.0,2.001009019392971,34.3,0.0,0.0,0.0,0.0
2026-03-04T20:11:11+00:00,1772655071.2929668,4.83125,7.8,1.6,2304.0,16,13968650240,3055300608,82.1,17023950848,298913792,2.7,0.0,131031.91851056837,0.0,1.999388405007452,34.3,0.0,0.0,0.0,0.0
2026-03-04T20:11:12+00:00,1772655072.292636,2.6375,6.3,0.0,2304.0,16,13974695936,3049254912,82.1,17023950848,298913792,2.7,0.0,331885.8293140144,0.0,9.002979310818533,34.3,109.03608276435779,120.0397241442471,2.0006620690707853,2.0006620690707853
2026-03-04T20:11:13+00:00,1772655073.2927704,1.3687500000000001,6.2,0.0,2304.0,16,13966610432,3057340416,82.0,17023950848,298913792,2.7,0.0,24572.695756815232,0.0,5.999193300003719,34.3,0.0,0.0,0.0,0.0
2026-03-04T20:11:14+00:00,1772655074.2927132,1.7375,7.7,0.0,2304.0,16,13990375424,3033575424,82.2,17023950848,298913792,2.7,0.0,0.0,0.0,0.0,34.3,0.0,0.0,0.0,0.0
2026-03-04T20:11:15+00:00,1772655075.2928395,2.34375,7.8,0.0,2304.0,16,13970874368,3053076480,82.1,17023950848,298913792,2.7,0.0,200678.64187617437,0.0,8.998862887065377,34.3,0.0,0.0,0.0,0.0
2026-03-04T20:11:16+00:00,1772655076.2930727,3.8,7.9,1.5,2304.0,16,13970001920,3053948928,82.1,17023950848,298913792,2.7,0.0,417694.6047412307,0.0,46.98904340637888,34.3,0.0,0.0,0.0,0.0
2026-03-04T20:11:17+00:00,1772655077.2926157,2.425,6.2,0.0,2304.0,16,13968814080,3055136768,82.1,17023950848,298913792,2.7,0.0,86055.33145294077,0.0,13.005944346263835,34.3,0.0,0.0,0.0,0.0
2026-03-04T20:11:18+00:00,1772655078.2926304,0.7625,3.1,0.0,2304.0,16,13970182144,3053768704,82.1,17023950848,298913792,2.7,0.0,65535.031264319805,0.0,0.9999852182665986,34.3,0.0,0.0,0.0,0.0
2026-03-04T20:11:19+00:00,1772655079.2930088,1.8625,4.7,0.0,2304.0,16,13968859136,3055091712,82.1,17023950848,298913792,2.7,0.0,20472.253907453745,0.0,2.9988653184746696,34.3,0.0,0.0,0.0,0.0
2026-03-04T20:11:20+00:00,1772655080.2927442,1.6875,4.8,0.0,2304.0,16,13971980288,3051970560,82.1,17023950848,298913792,2.7,0.0,77844.60115510992,0.0,3.000794144034357,34.3,0.0,0.0,0.0,0.0
2026-03-04T20:11:21+00:00,1772655081.2927256,2.13125,7.7,0.0,2304.0,16,13972807680,3051143168,82.1,17023950848,298913792,2.7,0.0,12288.228519874703,0.0,2.0000371939900234,34.3,0.0,0.0,0.0,0.0
2026-03-04T20:11:22+00:00,1772655082.2929146,1.0625,4.6,0.0,2304.0,16,13963591680,3060359168,82.0,17023950848,298913792,2.7,0.0,147428.12636370506,0.0,4.999054849029712,34.3,54.98960333932684,65.9875240071922,0.9998109698059425,0.9998109698059425
2026-03-04T20:11:23+00:00,1772655083.2926288,3.10625,9.1,0.0,2304.0,16,13969080320,3054870528,82.1,17023950848,298913792,2.7,0.0,73749.08219851399,0.0,3.0008578368535965,34.3,0.0,0.0,0.0,0.0
2026-03-04T20:11:24+00:00,1772655084.292883,1.16875,9.1,0.0,2304.0,16,13966381056,3057569792,82.0,17023950848,298913792,2.7,0.0,36854.63323997645,0.0,2.999237731117875,34.3,0.0,0.0,0.0,0.0
2026-03-04T20:11:25+00:00,1772655085.292685,3.1875,9.2,0.0,2304.0,16,13966774272,3057176576,82.0,17023950848,298913792,2.7,0.0,8193.621414607554,0.0,2.0003958531756725,34.3,0.0,0.0,0.0,0.0
2026-03-04T20:11:26+00:00,1772655086.2930918,1.93125,9.2,0.0,2304.0,16,13966659584,3057291264,82.0,17023950848,298913792,2.7,0.0,147396.0478225743,0.0,2.998780269827765,34.3,227.90730050691013,111.95446340690323,3.9983736931036864,1.9991868465518432
2026-03-04T20:11:27+00:00,1772655087.2929263,4.01875,19.4,0.0,2304.0,16,13984960512,3038990336,82.1,17023950848,298913792,2.7,0.0,20483.38923266589,0.0,4.000661959505057,34.3,0.0,0.0,0.0,0.0
2026-03-04T20:11:28+00:00,1772655088.2927012,6.075,22.4,0.0,2304.0,16,13980213248,3043737600,82.1,17023950848,298913792,2.7,29366737.48757846,12290.76624759143,35.007879123185226,3.0006753534158763,34.3,0.0,0.0,0.0,0.0
2026-03-04T20:11:29+00:00,1772655089.2927268,5.38125,19.7,0.0,2304.0,16,13976821760,3047129088,82.1,17023950848,298913792,2.7,29359379.019107092,135164.55184577763,33.99913265533588,15.999591837805117,34.3,482.987678603742,65.99831633094611,6.999821429039739,0.9999744898628198
2026-03-04T20:11:30+00:00,1772655090.293132,6.975,18.5,3.1,2304.0,16,13976731648,3047219200,82.1,17023950848,298913792,2.7,33540837.510004282,0.0,41.982983810310955,0.0,34.3,427.82659692412113,141.94246907295607,5.997569115758708,0.9995948526264513
2026-03-04T20:11:31+00:00,1772655091.292896,4.71875,16.4,1.6,2304.0,16,13976911872,3047038976,82.1,17023950848,298913792,2.7,29367059.636104524,122909.01075378567,31.00731879367965,14.00330526166178,34.3,470.1109623557883,0.0,7.00165263083089,0.0
2026-03-04T20:11:32+00:00,1772655092.2929375,7.425,29.3,0.0,2304.0,16,13979131904,3044818944,82.1,17023950848,298913792,2.7,29358910.05052643,208887.3343438683,29.998755506644688,12.999460719546033,34.3,30445395.977839436,119.99502202657875,117.99510499280244,1.9999170337763126
2026-03-04T20:11:33+00:00,1772655093.2927458,6.025,25.8,0.0,2304.0,16,13977473024,3046477824,82.1,17023950848,298913792,2.7,33560865.23317706,0.0,46.00881936330035,0.0,34.3,31998049.659345176,0.0,59.01131179205914,0.0
2026-03-04T20:11:34+00:00,1772655094.2930286,6.325,25.0,0.0,2304.0,16,13976379392,3047571456,82.1,17023950848,298913792,2.7,29351828.346846733,85991.68460990254,35.98982335793912,4.998586577491545,34.3,33647249.75444012,0.0,91.97399302584442,0.0
2026-03-04T20:11:35+00:00,1772655095.2927988,5.24375,25.0,0.0,2304.0,16,13978505216,3045445632,82.1,17023950848,298913792,2.7,8390536.443224732,8193.883245336652,10.002298883467594,2.0004597766935186,34.3,30536410.351454448,0.0,77.01770140270047,0.0
2026-03-04T20:11:36+00:00,1772655096.2931197,7.86875,23.1,1.5,2304.0,16,13978181632,3045769216,82.1,17023950848,298913792,2.7,0.0,8189.371937125356,0.0,1.9993583830872452,34.3,33315058.81758488,0.0,93.96984400510053,0.0
2026-03-04T20:11:37+00:00,1772655097.2929244,6.5375000000000005,25.8,0.0,2304.0,16,13977178112,3046772736,82.1,17023950848,298913792,2.7,0.0,12290.39988267515,0.0,2.0003906059041583,34.3,31922173.277300384,0.0,70.01367120664554,0.0
2026-03-04T20:11:38+00:00,1772655098.2928972,8.56875,37.5,1.5,2304.0,16,14001324032,3022626816,82.2,17023950848,298913792,2.7,4096.111331150949,12288.333993452849,1.0000271804567746,2.0000543609135493,34.3,30446950.539530158,0.0,103.0027995870478,0.0
2026-03-04T20:11:39+00:00,1772655099.2927532,6.3125,26.1,0.0,2304.0,16,13984894976,3039055872,82.1,17023950848,298913792,2.7,16386.35971481031,163863.59714810312,1.0001440255621528,8.001152204497222,34.3,32041951.1954713,0.0,23.003312587929514,0.0
2026-03-04T20:11:40+00:00,1772655100.2931604,5.35,23.5,0.0,2304.0,16,13984915456,3039035392,82.1,17023950848,298913792,2.7,0.0,8188.665420403945,0.0,1.999185893653307,34.3,33218133.946934376,0.0,201.917775258984,0.0
2026-03-04T20:11:41+00:00,1772655101.2931194,8.3125,26.1,0.0,2304.0,16,13989281792,3034669056,82.2,17023950848,298913792,2.7,0.0,0.0,0.0,0.0,34.3,31605725.08743549,6532.26787521232,138.00565933547156,16.000656154837284
2026-03-04T20:11:42+00:00,1772655102.2927747,4.00625,19.1,0.0,2304.0,16,13983752192,3040198656,82.1,17023950848,298913792,2.7,0.0,94240.48971656087,0.0,8.002758977289476,34.3,33655126.71483175,120.04138465934214,78.0269000285724,2.000689744322369
2026-03-04T20:11:43+00:00,1772655103.2928104,7.125,28.6,0.0,2304.0,16,13987180544,3036770304,82.2,17023950848,298913792,2.7,0.0,81917.07041727005,0.0,4.99982119246033,34.3,30445034.200730775,0.0,167.9939920666671,0.0
2026-03-04T20:11:44+00:00,1772655104.292995,8.65625,31.0,0.0,2304.0,16,13983170560,3040780288,82.1,17023950848,298913792,2.7,0.0,401333.93944808654,0.0,32.993911436211675,34.3,31721112.313445423,0.0,141.9738007255169,0.0
2026-03-04T20:11:45+00:00,1772655105.292746,5.21875,19.1,0.0,2304.0,16,13985439744,3038511104,82.2,17023950848,298913792,2.7,0.0,0.0,0.0,0.0,34.3,33523068.193266336,0.0,31.00771809999857,0.0
2026-03-04T20:11:46+00:00,1772655106.2928233,6.5375,27.5,0.0,2304.0,16,13984849920,3039100928,82.1,17023950848,298913792,2.7,0.0,303080.5877460409,0.0,33.997373783801564,34.3,30443770.291212473,0.0,133.98964961851206,0.0
2026-03-04T20:11:47+00:00,1772655107.292996,6.04375,21.4,0.0,2304.0,16,13984206848,3039744000,82.1,17023950848,298913792,2.7,0.0,114668.20654164883,0.0,11.997928976874528,34.3,33132295.86705023,0.0,30.994649856925864,0.0
2026-03-04T20:11:48+00:00,1772655108.2930272,5.725,21.9,0.0,2304.0,16,13986156544,3037794304,82.2,17023950848,298913792,2.7,0.0,0.0,0.0,0.0,34.3,32102674.342505723,0.0,82.99740775575256,0.0
2026-03-04T20:11:49+00:00,1772655109.292612,4.5625,17.9,0.0,2304.0,16,13988855808,3035095040,82.2,17023950848,298913792,2.7,0.0,20488.504506670502,0.0,3.001245777344312,34.3,31812844.089941166,0.0,34.0141188099022,0.0
2026-03-04T20:11:50+00:00,1772655110.292948,6.04375,23.2,1.5,2304.0,16,13987356672,3036594176,82.2,17023950848,298913792,2.7,0.0,143311.8569930784,0.0,20.99294780172047,34.3,31792095.024993367,278.90630650857196,58.98018668102418,3.9986567241372324
2026-03-04T20:11:51+00:00,1772655111.2930145,6.69375,21.5,0.0,2304.0,16,14003568640,3020382208,82.3,17023950848,298913792,2.7,16382.910228740258,94201.73381525649,0.9999334856408849,13.999068798972388,34.3,32083374.852931984,0.0,30.997938054867433,0.0
2026-03-04T20:11:52+00:00,1772655112.292851,5.70625,28.2,0.0,2304.0,16,13986177024,3037773824,82.2,17023950848,298913792,2.7,0.0,126996.7709753249,0.0,4.0006543275997,34.3,31826095.321643505,66.01079640539506,82.01341371579386,1.000163581899925
2026-03-04T20:11:53+00:00,1772655113.2927582,5.3687499999999995,25.4,0.0,2304.0,16,13988663296,3035287552,82.2,17023950848,298913792,2.7,0.0,16385.519672191735,0.0,4.000371013718685,34.3,33423955.89901655,0.0,61.00565795920995,0.0
2026-03-04T20:11:54+00:00,1772655114.2930079,7.50625,30.3,0.0,2304.0,16,13990146048,3033804800,82.2,17023950848,298913792,2.7,0.0,167894.08956342388,0.0,4.998752190221986,34.3,30438523.80625316,0.0,73.9815324152854,0.0
2026-03-04T20:11:55+00:00,1772655115.2931602,7.9875,24.3,1.5,2304.0,16,13987827712,3036123136,82.2,17023950848,298913792,2.7,0.0,143338.1625066181,0.0,3.999390694939121,34.3,33425123.70005123,0.0,46.99284066553467,0.0
2026-03-04T20:11:56+00:00,1772655116.2929444,10.45,41.5,0.0,2304.0,16,14009532416,3014418432,82.3,17023950848,298913792,2.7,0.0,0.0,0.0,0.0,34.3,31821321.048705358,3792.8183719221565,67.01445963048114,8.001726523042525
2026-03-04T20:11:57+00:00,1772655117.2927897,12.049999999999999,36.4,0.0,2304.0,16,14020427776,3003523072,82.4,17023950848,298913792,2.7,32773.07109716941,28676.437210023236,2.000309515208094,4.000619030416188,34.3,30451685.90074672,1332.2061371285906,64.00990448665901,6.000928545624283
2026-03-04T20:11:58+00:00,1772655118.292882,10.99375,35.4,0.0,2304.0,16,14004948992,3019001856,82.3,17023950848,298913792,2.7,81912.4421036019,470996.542095711,4.999538702612421,30.99713995619701,34.3,32207248.301932134,853.9212104062016,37.9964941398544,5.9994464431349055
2026-03-04T20:11:59+00:00,1772655119.2927988,8.018749999999999,32.3,0.0,2304.0,16,14009016320,3014934528,82.3,17023950848,298913792,2.7,0.0,503849.9243868854,0.0,54.00449361044647,34.3,33293726.307178784,529.0440207393737,90.00748935074411,3.0002496450248035
2026-03-04T20:12:00+00:00,1772655120.2928581,6.01875,23.1,0.0,2304.0,16,14009880576,3014070272,82.3,17023950848,298913792,2.7,0.0,32766.054802979008,0.0,0.9999406372979434,34.3,30453395.096858233,7397.560834730185,37.997744217321845,13.999168922171206
2026-03-04T20:12:01+00:00,1772655121.2928755,5.125,20.0,0.0,2304.0,16,14000443392,3023507456,82.2,17023950848,298913792,2.7,0.0,49151.14454613879,0.0,5.999895574479833,34.3,33467537.51236,419.99269021358833,50.99911238307858,1.999965191493278
2026-03-04T20:12:02+00:00,1772655122.2927356,7.99375,22.1,1.5,2304.0,16,14000443392,3023507456,82.2,17023950848,298913792,2.7,0.0,335919.012438846,0.0,46.006438679577094,34.3,31779694.622476432,120.0167965554185,104.01455701469604,2.0002799425903084
2026-03-04T20:12:03+00:00,1772655123.2928483,6.65,25.7,0.0,2304.0,16,14001111040,3022839808,82.2,17023950848,298913792,2.7,0.0,65528.6102083615,0.0,0.9998872407281723,34.3,32109414.95744446,0.0,37.995715147670545,0.0
2026-03-04T20:12:04+00:00,1772655124.292775,7.0875,23.1,1.5,2304.0,16,14011973632,3011977216,82.3,17023950848,298913792,2.7,16385.20321335547,69637.11365676076,1.0000734383151533,8.000587506521226,34.3,33131086.91253306,0.0,67.00492036711528,0.0
2026-03-04T20:12:05+00:00,1772655125.2927477,6.8875,23.5,0.0,2304.0,16,13998837760,3025113088,82.2,17023950848,298913792,2.7,0.0,65537.78129841518,0.0,3.0000815413703243,34.3,30446949.53950298,0.0,90.00244624110972,0.0
2026-03-04T20:12:06+00:00,1772655126.292677,5.44375,22.7,0.0,2304.0,16,14001127424,3022823424,82.2,17023950848,298913792,2.7,0.0,73733.22107283083,0.0,3.0002124459973483,34.3,32242495.101331018,0.0,34.00240772130328,0.0
2026-03-04T20:12:07+00:00,1772655127.292953,5.96875,23.2,0.0,2304.0,16,13998391296,3025559552,82.2,17023950848,298913792,2.7,0.0,155605.03920474075,0.0,3.9988959499573586,34.3,32270666.43318519,0.0,36.98978753710557,0.0
2026-03-04T20:12:08+00:00,1772655128.2928054,6.6125,31.4,0.0,2304.0,16,13999955968,3023994880,82.2,17023950848,298913792,2.7,0.0,503882.36351371167,0.0,47.006937335541416,34.3,31172624.490226615,0.0,34.005018498051236,0.0
2026-03-04T20:12:09+00:00,1772655129.2927938,6.35,23.2,0.0,2304.0,16,13995778048,3028172800,82.2,17023950848,298913792,2.7,0.0,184322.15334546898,0.0,17.000198604996598,34.3,34795974.50433319,0.0,35.00040889264005,0.0
2026-03-04T20:12:10+00:00,1772655130.2926533,7.93125,24.3,1.5,2304.0,16,14005764096,3018186752,82.3,17023950848,298913792,2.7,0.0,290856.8446029356,0.0,9.001264034394326,34.3,30450398.105042428,0.0,72.01011227515461,0.0
2026-03-04T20:12:11+00:00,1772655131.2928748,8.2375,26.1,1.6,2304.0,16,13995032576,3028918272,82.2,17023950848,298913792,2.7,0.0,0.0,0.0,0.0,34.3,30439421.946255665,0.0,50.98870646755496,0.0
2026-03-04T20:12:12+00:00,1772655132.2926455,5.80625,26.0,0.0,2304.0,16,14005932032,3018018816,82.3,17023950848,298913792,2.7,0.0,122908.19005938462,0.0,6.001376467743389,34.3,34803605.50877844,0.0,47.01078233065655,0.0
2026-03-04T20:12:13+00:00,1772655133.2928674,5.51875,21.7,0.0,2304.0,16,13998518272,3025432576,82.2,17023950848,298913792,2.7,0.0,12285.27306622871,0.0,1.9995561631231624,34.3,30439365.44414985,65.98535338306436,29.993342446847436,0.9997780815615812
2026-03-04T20:12:14+00:00,1772655134.2929187,5.4437500000000005,26.2,0.0,2304.0,16,14011342848,3012608000,82.3,17023950848,298913792,2.7,0.0,12287.370149473634,0.0,1.999897485265891,34.3,32114687.801279716,0.0,65.9966170137744,0.0
2026-03-04T20:12:15+00:00,1772655135.2928588,6.5125,30.8,0.0,2304.0,16,14010875904,3013074944,82.3,17023950848,298913792,2.7,0.0,0.0,0.0,0.0,34.3,31952950.162420932,0.0,48.00287263894853,0.0
2026-03-04T20:12:16+00:00,1772655136.2935877,7.56875,27.5,0.0,2304.0,16,14010867712,3013083136,82.3,17023950848,298913792,2.7,0.0,77767.31963154944,0.0,2.997815055698092,34.3,31930517.582871713,0.0,66.95120291059072,0.0
2026-03-04T20:12:17+00:00,1772655137.2930574,7.3625,25.8,0.0,2304.0,16,14013243392,3010707456,82.3,17023950848,298913792,2.7,0.0,24589.038163393827,0.0,4.002122096906548,34.3,32081599.04075113,0.0,53.028117784011755,0.0
2026-03-04T20:12:18+00:00,1772655138.292938,6.0125,25.8,0.0,2304.0,16,14009335808,3014615040,82.3,17023950848,298913792,2.7,0.0,98315.74359024494,0.0,8.000955695820714,34.3,30523954.016350314,0.0,55.00657040876741,0.0
2026-03-04T20:12:19+00:00,1772655139.2927542,5.5,18.5,0.0,2304.0,16,14017101824,3006849024,82.3,17023950848,298913792,2.7,0.0,139289.6043159789,0.0,15.002757817811379,34.3,33109002.12075689,0.0,66.01213439837007,0.0
2026-03-04T20:12:20+00:00,1772655140.2929056,6.268750000000001,26.6,0.0,2304.0,16,14015197184,3008753664,82.3,17023950848,298913792,2.7,0.0,86002.97951030992,0.0,3.999394508477954,34.3,34790300.89464281,0.0,62.990463508527775,0.0
2026-03-04T20:12:21+00:00,1772655141.2928553,5.5062500000000005,22.1,0.0,2304.0,16,14006636544,3017314304,82.3,17023950848,298913792,2.7,0.0,12288.618195161624,0.0,2.000100617702087,34.3,30447653.709416553,0.0,53.00266636910531,0.0
2026-03-04T20:12:22+00:00,1772655142.292709,6.9750000000000005,29.6,0.0,2304.0,16,14003535872,3020414976,82.3,17023950848,298913792,2.7,0.0,81931.97440631654,0.0,4.000584687808424,34.3,32305493.466897774,0.0,43.006285393940566,0.0
2026-03-04T20:12:23+00:00,1772655143.293097,5.45,17.6,1.6,2304.0,16,14007054336,3016896512,82.3,17023950848,298913792,2.7,0.0,8188.823497812524,0.0,1.9992244867706357,34.3,32929172.542538,817.68281508919,40.98410197879803,5.997673460311907
2026-03-04T20:12:24+00:00,1772655144.2930462,8.15625,25.8,1.5,2304.0,16,14004092928,3019857920,82.3,17023950848,298913792,2.7,32769.66414701064,155655.90469830052,1.0000507857364087,5.000253928682043,34.3,30449602.326946173,12508.635227990999,32.00162514356508,19.000964928991763
2026-03-04T20:12:25+00:00,1772655145.2929647,5.5,25.8,0.0,2304.0,16,14011777024,3012173824,82.3,17023950848,298913792,2.7,0.0,12289.002034830073,0.0,2.000163091606457,34.3,32329146.091223527,0.0,32.002609465703316,0.0
2026-03-04T20:12:26+00:00,1772655146.292754,5.5687500000000005,20.6,0.0,2304.0,16,14010863616,3013087232,82.3,17023950848,298913792,2.7,0.0,65549.81541176414,0.0,1.0002108064539206,34.3,32922118.73237596,0.0,50.01054032269603,0.0
2026-03-04T20:12:27+00:00,1772655147.293087,8.5375,30.3,0.0,2304.0,16,14017351680,3006599168,82.3,17023950848,298913792,2.7,0.0,102365.90491076461,0.0,5.998002240865114,34.3,30435984.663608775,0.0,47.98401792692091,0.0
2026-03-04T20:12:28+00:00,1772655148.2929618,5.85625,20.6,0.0,2304.0,16,14035881984,2988068864,82.4,17023950848,298913792,2.7,0.0,147474.45934180127,0.0,4.000500741693828,34.3,33573868.43285352,0.0,100.0125185423457,0.0
2026-03-04T20:12:29+00:00,1772655149.2926993,4.91875,26.1,0.0,2304.0,16,14016180224,3007770624,82.3,17023950848,298913792,2.7,0.0,102426.88694060364,0.0,4.00105027111733,34.3,32022755.93678627,0.0,26.006826762262644,0.0
2026-03-04T20:12:30+00:00,1772655150.2933264,4.8375,19.7,0.0,2304.0,16,14017073152,3006877696,82.3,17023950848,298913792,2.7,0.0,0.0,0.0,0.0,34.3,32017259.869739193,0.0,61.961147828390914,0.0
2026-03-04T20:12:31+00:00,1772655151.292782,6.09375,19.1,0.0,2304.0,16,14015311872,3008638976,82.3,17023950848,298913792,2.7,0.0,12294.692119147305,0.0,2.001089212100798,34.3,28870730.616297964,0.0,38.02069502991517,0.0
2026-03-04T20:12:32+00:00,1772655152.2927155,2.34375,6.3,0.0,2304.0,16,14010957824,3012993024,82.3,17023950848,298913792,2.7,0.0,180235.98907874894,0.0,10.000665232086122,34.3,0.0,0.0,0.0,0.0
2026-03-04T20:12:33+00:00,1772655153.2926908,4.18125,6.2,1.5,2304.0,16,14015885312,3008065536,82.3,17023950848,298913792,2.7,131075.2500805875,65537.62504029374,2.0000495922941206,1.0000247961470603,34.3,109.00270278002957,120.00297553764723,2.0000495922941206,2.0000495922941206
2026-03-04T20:12:34+00:00,1772655154.2931561,1.05,4.6,0.0,2304.0,16,14010073088,3013877760,82.3,17023950848,298913792,2.7,0.0,77787.79809811413,0.0,2.9986044702706414,34.3,107.94976092974308,356.8339319622063,1.999069646847094,4.997674117117735
2026-03-04T20:12:35+00:00,1772655155.2930741,1.28125,6.3,0.0,2304.0,16,14011056128,3012894720,82.3,17023950848,298913792,2.7,0.0,49156.03158065408,0.0,10.000820227183855,34.3,0.0,78.00639777203406,0.0,1.0000820227183855
2026-03-04T20:12:36+00:00,1772655156.2926924,1.63125,7.6,0.0,2304.0,16,14015549440,3008401408,82.3,17023950848,298913792,2.7,8195.128147164252,483512.5606826909,1.0003818539018863,47.01794713338865,34.3,0.0,0.0,0.0,0.0
2026-03-04T20:12:37+00:00,1772655157.2929866,1.875,6.3,0.0,2304.0,16,14011138048,3012812800,82.3,17023950848,298913792,2.7,0.0,8189.59055262996,0.0,1.999411756013174,34.3,0.0,0.0,0.0,0.0
2026-03-04T20:12:38+00:00,1772655158.2925963,2.33125,6.2,0.0,2304.0,16,14012088320,3011862528,82.3,17023950848,298913792,2.7,0.0,118830.3784526651,0.0,7.002733105204873,34.3,0.0,0.0,0.0,0.0
2026-03-04T20:12:39+00:00,1772655159.2929866,1.5375,6.1,0.0,2304.0,16,14008111104,3015839744,82.3,17023950848,298913792,2.7,0.0,135115.2656989219,0.0,3.9984394442152547,34.3,0.0,0.0,0.0,0.0
2026-03-04T20:12:40+00:00,1772655160.2927287,1.475,4.7,0.0,2304.0,16,14009704448,3014246400,82.3,17023950848,298913792,2.7,0.0,77844.0813522394,0.0,3.000774106403143,34.3,0.0,0.0,0.0,0.0
2026-03-04T20:12:41+00:00,1772655161.2929502,1.375,7.8,0.0,2304.0,16,14017896448,3006054400,82.3,17023950848,298913792,2.7,0.0,0.0,0.0,0.0,34.3,0.0,0.0,0.0,0.0
2026-03-04T20:12:42+00:00,1772655162.2929366,1.28125,4.8,0.0,2304.0,16,14015664128,3008286720,82.3,17023950848,298913792,2.7,0.0,53248.7236426467,0.0,6.000081540262173,34.3,0.0,0.0,0.0,0.0
2026-03-04T20:12:43+00:00,1772655163.2930193,0.875,4.7,0.0,2304.0,16,14011412480,3012538368,82.3,17023950848,298913792,2.7,0.0,73721.90089521154,0.0,2.9997518267908343,34.3,54.99545015783196,65.99454018939835,0.9999172755969448,0.9999172755969448
2026-03-04T20:12:44+00:00,1772655164.2927573,1.375,6.3,0.0,2304.0,16,14010347520,3013603328,82.3,17023950848,298913792,2.7,0.0,20485.367617371438,0.0,3.0007862720758944,34.3,0.0,0.0,0.0,0.0
2026-03-04T20:12:45+00:00,1772655165.292925,3.05625,10.3,0.0,2304.0,16,14012391424,3011559424,82.3,17023950848,298913792,2.7,0.0,65525.01746576346,0.0,0.999832419826713,34.3,0.0,0.0,0.0,0.0
2026-03-04T20:12:46+00:00,1772655166.2928174,2.51875,9.0,0.0,2304.0,16,14009131008,3014819840,82.3,17023950848,298913792,2.7,0.0,4096.440477050579,0.0,1.0001075383424265,34.3,55.00591460883345,66.00709753060015,1.0001075383424265,1.0001075383424265
2026-03-04T20:12:47+00:00,1772655167.2927396,1.7750000000000001,4.8,0.0,2304.0,16,14002089984,3021860864,82.2,17023950848,298913792,2.7,0.0,86022.6860665459,0.0,5.000388652491739,34.3,0.0,0.0,0.0,0.0
2026-03-04T20:12:48+00:00,1772655168.2928758,1.76875,4.7,0.0,2304.0,16,14002905088,3021045760,82.3,17023950848,298913792,2.7,0.0,65527.07933943204,0.0,0.9998638815220954,34.3,0.0,0.0,0.0,0.0
2026-03-04T20:12:49+00:00,1772655169.2926807,0.9812500000000001,4.7,0.0,2304.0,16,14003945472,3020005376,82.3,17023950848,298913792,2.7,0.0,127000.7685023868,0.0,10.001950644404202,34.3,0.0,0.0,0.0,0.0
2026-03-04T20:12:50+00:00,1772655170.29274,1.08125,4.7,0.0,2304.0,16,14001549312,3022401536,82.2,17023950848,298913792,2.7,0.0,4095.756850372376,0.0,0.9999406372979434,34.3,0.0,0.0,0.0,0.0
2026-03-04T20:12:51+00:00,1772655171.2930615,4.3625,9.2,0.0,2304.0,16,14002151424,3021799424,82.2,17023950848,298913792,2.7,0.0,114651.15246736383,0.0,10.996465865138482,34.3,0.0,0.0,0.0,0.0
2026-03-04T20:12:52+00:00,1772655172.29275,1.45,6.2,0.0,2304.0,16,14002835456,3021115392,82.3,17023950848,298913792,2.7,0.0,45070.0444154861,0.0,3.0009351306476013,34.3,0.0,0.0,0.0,0.0
2026-03-04T20:12:53+00:00,1772655173.2927334,0.9812500000000001,3.2,0.0,2304.0,16,13998956544,3024994304,82.2,17023950848,298913792,2.7,0.0,12288.202151763075,0.0,2.000032902305188,34.3,109.00179317563274,120.00197413831128,2.000032902305188,2.000032902305188
2026-03-04T20:12:54+00:00,1772655174.2928832,0.86875,3.1,0.0,2304.0,16,14001733632,3022217216,82.2,17023950848,298913792,2.7,0.0,69621.57577953588,0.0,2.999550886641309,34.3,963.8556849074073,790.8815837777585,5.999101773282618,3.999401182188412
2026-03-04T20:12:55+00:00,1772655175.29266,1.76875,7.7,0.0,2304.0,16,14003331072,3020619776,82.3,17023950848,298913792,2.7,16387.657066110107,12290.742799582578,1.000223209601447,2.000446419202894,34.3,725.161826961049,2961.660923629884,5.001116048007234,6.001339257608681
2026-03-04T20:12:56+00:00,1772655176.2929132,5.9125,12.1,1.5,2304.0,16,14000250880,3023699968,82.2,17023950848,298913792,2.7,0.0,0.0,0.0,0.0,34.3,0.0,0.0,0.0,0.0
2026-03-04T20:12:57+00:00,1772655177.2929695,1.65625,4.7,0.0,2304.0,16,14002552832,3021398016,82.3,17023950848,298913792,2.7,0.0,20478.84772108503,0.0,3.99977494552442,34.3,0.0,0.0,0.0,0.0
2026-03-04T20:12:58+00:00,1772655178.2927616,6.475,10.6,3.1,2304.0,16,14003535872,3020414976,82.3,17023950848,298913792,2.7,0.0,4096.851739577511,0.0,1.0002079442327907,34.3,691.1436894648584,58.012060765501865,3.000623832698372,1.0002079442327907
2026-03-04T20:12:59+00:00,1772655179.2928407,2.38125,7.9,0.0,2304.0,16,14009135104,3014815744,82.3,17023950848,298913792,2.7,0.0,12287.027420734481,0.0,1.9998417025935027,34.3,851.9325653048322,2905.7699938683595,4.999604256483757,5.999525107780508
2026-03-04T20:13:00+00:00,1772655180.2927203,0.95,7.5,0.0,2304.0,16,14009487360,3014463488,82.3,17023950848,298913792,2.7,0.0,0.0,0.0,0.0,34.3,0.0,0.0,0.0,0.0
2026-03-04T20:13:01+00:00,1772655181.292918,1.55625,4.7,0.0,2304.0,16,14009778176,3014172672,82.3,17023950848,298913792,2.7,0.0,73713.4306139996,0.0,2.9994071701659997,34.3,0.0,0.0,0.0,0.0
2026-03-04T20:13:02+00:00,1772655182.293123,2.3375,6.2,0.0,2304.0,16,14009757696,3014193152,82.3,17023950848,298913792,2.7,0.0,53237.08426941116,0.0,4.9989750102737345,34.3,0.0,0.0,0.0,0.0
2026-03-04T20:13:03+00:00,1772655183.2927692,2.05,4.6,0.0,2304.0,16,14008254464,3015696384,82.3,17023950848,298913792,2.7,0.0,65559.19570694664,0.0,1.0003539383994544,34.3,55.01946661196999,66.02335993436398,1.0003539383994544,1.0003539383994544
2026-03-04T20:13:04+00:00,1772655184.2928646,3.325,9.4,1.5,2304.0,16,14009921536,3014029312,82.3,17023950848,298913792,2.7,0.0,94199.01648173506,0.0,4.999523208312196,34.3,0.0,0.0,0.0,0.0
2026-03-04T20:13:05+00:00,1772655185.2928548,2.33125,7.8,0.0,2304.0,16,14027403264,2996547584,82.4,17023950848,298913792,2.7,0.0,540677.2852079137,0.0,51.000498538122194,34.3,0.0,0.0,0.0,0.0
2026-03-04T20:13:06+00:00,1772655186.2927277,0.78125,3.2,0.0,2304.0,16,14007005184,3016945664,82.3,17023950848,298913792,2.7,0.0,147474.7406627591,0.0,10.001270932533036,34.3,0.0,0.0,0.0,0.0
2026-03-04T20:13:07+00:00,1772655187.2929134,1.075,3.1,0.0,2304.0,16,14007918592,3016032256,82.3,17023950848,298913792,2.7,0.0,12285.71819723233,0.0,1.9996286128307832,34.3,0.0,0.0,0.0,0.0
2026-03-04T20:13:08+00:00,1772655188.2926548,1.58125,4.7,0.0,2304.0,16,14007693312,3016257536,82.3,17023950848,298913792,2.7,0.0,53261.777978207196,0.0,13.003363764210741,34.3,0.0,0.0,0.0,0.0
2026-03-04T20:13:09+00:00,1772655189.29275,1.8625,4.8,0.0,2304.0,16,14003007488,3020943360,82.3,17023950848,298913792,2.7,0.0,225258.5713744215,0.0,6.999334160249248,34.3,0.0,0.0,0.0,0.0
2026-03-04T20:13:10+00:00,1772655190.292652,2.63125,7.7,0.0,2304.0,16,14003376128,3020574720,82.3,17023950848,298913792,2.7,0.0,8192.80281304268,0.0,2.000195999277998,34.3,0.0,0.0,0.0,0.0
2026-03-04T20:13:11+00:00,1772655191.292848,1.36875,4.8,0.0,2304.0,16,14003183616,3020767232,82.3,17023950848,298913792,2.7,0.0,147427.07208244232,0.0,1.9996076400070844,34.3,0.0,0.0,0.0,0.0
2026-03-04T20:13:12+00:00,1772655192.2929454,1.84375,4.6,0.0,2304.0,16,14009733120,3014217728,82.3,17023950848,298913792,2.7,0.0,49147.21921504981,0.0,4.9995136734059455,34.3,0.0,0.0,0.0,0.0
2026-03-04T20:13:13+00:00,1772655193.2930698,2.0375,6.2,0.0,2304.0,16,14004928512,3019022336,82.3,17023950848,298913792,2.7,0.0,94196.2768496238,0.0,4.999377804943519,34.3,108.9864361477687,119.98506731864444,1.9997511219774073,1.9997511219774073
2026-03-04T20:13:14+00:00,1772655194.2926848,3.2437500000000004,9.4,0.0,2304.0,16,14008848384,3015102464,82.3,17023950848,298913792,2.7,0.0,8195.155511892248,0.0,2.0007703886455683,34.3,0.0,0.0,0.0,0.0
2026-03-04T20:13:15+00:00,1772655195.2927125,0.7625,3.1,0.0,2304.0,16,14008156160,3015794688,82.3,17023950848,298913792,2.7,0.0,0.0,0.0,0.0,34.3,0.0,0.0,0.0,0.0
2026-03-04T20:13:16+00:00,1772655196.292627,1.88125,6.2,0.0,2304.0,16,14007226368,3016724480,82.3,17023950848,298913792,2.7,0.0,8192.699278436108,0.0,2.0001707222744405,34.3,0.0,0.0,0.0,0.0
2026-03-04T20:13:17+00:00,1772655197.292678,1.15625,3.1,0.0,2304.0,16,14014070784,3009880064,82.3,17023950848,298913792,2.7,0.0,147448.47694633805,0.0,5.999693886162844,34.3,0.0,0.0,0.0,0.0
2026-03-04T20:13:18+00:00,1772655198.2927458,2.21875,6.2,0.0,2304.0,16,14012940288,3011010560,82.3,17023950848,298913792,2.7,0.0,65531.56280044667,0.0,0.9999322937079875,34.3,0.0,141.99038570653423,0.0,0.9999322937079875
2026-03-04T20:13:19+00:00,1772655199.2930157,2.53125,7.8,0.0,2304.0,16,14010388480,3013562368,82.3,17023950848,298913792,2.7,0.0,12284.68448857282,0.0,1.9994603659786492,34.3,0.0,0.0,0.0,0.0
2026-03-04T20:13:20+00:00,1772655200.292695,0.9750000000000001,6.2,0.0,2304.0,16,14011703296,3012247552,82.3,17023950848,298913792,2.7,0.0,61459.70846841097,0.0,12.003849310236518,34.3,0.0,0.0,0.0,0.0
2026-03-04T20:13:21+00:00,1772655201.2926478,1.15,3.1,0.0,2304.0,16,14007095296,3016855552,82.3,17023950848,298913792,2.7,0.0,24577.160211019942,0.0,3.0001416273217703,34.3,0.0,0.0,0.0,0.0
2026-03-04T20:13:22+00:00,1772655202.2926333,3.06875,6.2,0.0,2304.0,16,14005465088,3018485760,82.3,17023950848,298913792,2.7,0.0,69633.01271004089,0.0,3.000043631234528,34.3,0.0,0.0,0.0,0.0
2026-03-04T20:13:23+00:00,1772655203.2930722,1.7625000000000002,4.7,0.0,2304.0,16,14002995200,3020955648,82.3,17023950848,298913792,2.7,0.0,73695.65286995564,0.0,2.998683791909002,34.3,96.95744260505774,107.95261650872408,1.9991225279393348,1.9991225279393348
2026-03-04T20:13:24+00:00,1772655204.2927501,2.44375,4.7,0.0,2304.0,16,14002610176,3021340672,82.3,17023950848,298913792,2.7,0.0,114724.9533090402,0.0,28.00902180396489,34.3,328.10568398930303,112.03608721585957,5.001611036422302,2.000644414568921
2026-03-04T20:13:25+00:00,1772655205.2926996,4.10625,6.3,1.6,2304.0,16,14007742464,3016208384,82.3,17023950848,298913792,2.7,0.0,8192.41408342974,0.0,2.0001010945873388,34.3,486.02456598472327,791.0399829092923,6.000303283762015,6.000303283762015
2026-03-04T20:13:26+00:00,1772655206.2927413,1.08125,3.1,0.0,2304.0,16,14004617216,3019333632,82.3,17023950848,298913792,2.7,0.0,0.0,0.0,0.0,34.3,245.9897365083959,346.9855226358268,3.9998331139576573,4.999791392447071
2026-03-04T20:13:27+00:00,1772655207.2930636,9.64375,23.1,1.5,2304.0,16,13970563072,3053387776,82.1,17023950848,297275392,2.6,1146510.4316273783,98272.32271091815,51.98324362149805,12.995810905374512,34.3,0.0,0.0,0.0,0.0
2026-03-04T20:13:28+00:00,1772655208.2930467,1.6625,3.2,0.0,2304.0,16,13967421440,3056529408,82.0,17023950848,297275392,2.6,0.0,98305.66409066926,0.0,5.000084640028343,34.3,0.0,0.0,0.0,0.0
2026-03-04T20:13:29+00:00,1772655209.2930353,2.61875,6.2,0.0,2304.0,16,13959696384,3064254464,82.0,17023950848,297275392,2.6,0.0,77824.89063519251,0.0,4.000045776891063,34.3,428.00489812734367,0.0,6.0000686653365936,0.0
2026-03-04T20:13:30+00:00,1772655210.2929714,1.26875,4.7,0.0,2304.0,16,13965434880,3058515968,82.0,17023950848,297275392,2.6,0.0,0.0,0.0,0.0,34.3,428.0273493122138,0.0,6.000383401573091,0.0
2026-03-04T20:13:31+00:00,1772655211.293074,1.2625,6.1,0.0,2304.0,16,13953994752,3069956096,82.0,17023950848,297275392,2.6,0.0,73720.44218107751,0.0,2.9996924715607713,34.3,482.95048792128415,65.99323437433696,6.9992824336418,0.9998974905202571
2026-03-04T20:13:32+00:00,1772655212.293026,2.64375,6.3,0.0,2304.0,16,13965058048,3058892800,82.0,17023950848,297275392,2.6,0.0,73731.53337245175,0.0,5.000239622155203,34.3,608.0291380540726,0.0,8.000383395448324,0.0
2026-03-04T20:13:33+00:00,1772655213.292728,1.8687500000000001,6.3,0.0,2304.0,16,13977112576,3046838272,82.1,17023950848,297275392,2.6,0.0,57361.09493843866,0.0,11.003279232750163,34.3,6030.797317659158,10885.244055526115,18.005366017227537,20.00596224136393
2026-03-04T20:13:34+00:00,1772655214.2927418,3.04375,8.8,0.0,2304.0,16,13967929344,3056021504,82.0,17023950848,297275392,2.6,0.0,45055.37696174055,0.0,3.999944687654523,34.3,107.99850656667212,618.9914404145375,1.9999723438272614,5.999917031481784
2026-03-04T20:13:35+00:00,1772655215.29271,4.5125,13.8,0.0,2304.0,16,13965189120,3058761728,82.0,17023950848,297275392,2.6,0.0,557073.6646226394,0.0,49.00155382315123,34.3,1718.0544789423225,670.0212461532923,6.000190264059333,5.000158553382778
2026-03-04T20:13:36+00:00,1772655216.2927477,4.39375,12.5,0.0,2304.0,16,13965877248,3058073600,82.0,17023950848,297275392,2.6,0.0,204792.28544685827,0.0,9.999623312834876,34.3,88.9966474842304,206.99220257568194,0.9999623312834877,1.9999246625669753
2026-03-04T20:13:37+00:00,1772655217.2926319,1.16875,3.1,0.0,2304.0,16,13971189760,3052761088,82.1,17023950848,297275392,2.6,0.0,86025.96795187583,0.0,3.0003476545715624,34.3,0.0,0.0,0.0,0.0
2026-03-04T20:13:38+00:00,1772655218.292599,2.1875,9.0,0.0,2304.0,16,13974364160,3049586688,82.1,17023950848,297275392,2.6,0.0,45057.4824706509,0.0,4.0001316113859104,34.3,1.0000329028464776,0.0,1.0000329028464776,0.0
2026-03-04T20:13:39+00:00,1772655219.2928867,2.86875,7.7,0.0,2304.0,16,13968273408,3055677440,82.1,17023950848,297275392,2.6,0.0,8189.643256328013,0.0,1.9994246231269563,34.3,0.9997123115634782,0.0,0.9997123115634782,0.0
2026-03-04T20:13:40+00:00,1772655220.292995,2.24375,7.8,0.0,2304.0,16,13972246528,3051704320,82.1,17023950848,297275392,2.6,0.0,282593.41151408496,0.0,66.99274856857058,34.3,0.9998917696801579,0.0,0.9998917696801579,0.0
2026-03-04T20:13:41+00:00,1772655221.2927241,2.14375,4.7,0.0,2304.0,16,13968949248,3055001600,82.1,17023950848,297275392,2.6,0.0,0.0,0.0,0.0,34.3,1.0002709168819375,0.0,1.0002709168819375,0.0
2026-03-04T20:13:42+00:00,1772655222.2931826,2.04375,6.2,0.0,2304.0,16,13992050688,3031900160,82.2,17023950848,297275392,2.6,0.0,98258.95034181897,0.0,6.996792118252897,34.3,0.9995417311789853,0.0,0.9995417311789853,0.0
2026-03-04T20:13:43+00:00,1772655223.2929726,1.16875,4.5,0.0,2304.0,16,13965766656,3058184192,82.0,17023950848,297275392,2.6,37383.8523573701,20484.30266157266,2.0004201817942047,4.000840363588409,34.3,1.0002100908971023,0.0,1.0002100908971023,0.0
2026-03-04T20:13:44+00:00,1772655224.293007,2.2125,7.7,0.0,2304.0,16,13967052800,3056898048,82.0,17023950848,297275392,2.6,0.0,12287.578139483432,0.0,1.9999313378065482,34.3,54.998111789680074,65.99773414761609,0.9999656689032741,0.9999656689032741
2026-03-04T20:13:45+00:00,1772655225.2930102,5.63125,12.7,1.6,2304.0,16,13967781888,3056168960,82.0,17023950848,297275392,2.6,0.0,73727.75390707143,0.0,1.9999933243020678,34.3,0.0,0.0,0.0,0.0
2026-03-04T20:13:46+00:00,1772655226.2927363,1.53125,6.0,0.0,2304.0,16,13965692928,3058257920,82.0,17023950848,297275392,2.6,0.0,16388.489511119908,0.0,3.000822054038069,34.3,0.0,0.0,0.0,0.0
2026-03-04T20:13:47+00:00,1772655227.2928917,1.24375,10.6,0.0,2304.0,16,13967302656,3056648192,82.0,17023950848,297275392,2.6,0.0,77811.90422402523,0.0,5.999067451482208,34.3,0.9998445752470347,0.0,0.9998445752470347,0.0
2026-03-04T20:13:48+00:00,1772655228.292789,1.28125,4.7,0.0,2304.0,16,13966843904,3057106944,82.0,17023950848,297275392,2.6,0.0,65542.73506708477,0.0,1.0001027689679682,34.3,1.0001027689679682,0.0,1.0001027689679682,0.0
2026-03-04T20:13:49+00:00,1772655229.2931254,2.2375,7.8,0.0,2304.0,16,13966516224,3057434624,82.0,17023950848,297275392,2.6,0.0,73703.20560667252,0.0,3.998654818070341,34.3,0.9996637045175852,0.0,0.9996637045175852,0.0
2026-03-04T20:13:50+00:00,1772655230.2933295,2.31875,9.2,0.0,2304.0,16,13971222528,3052728320,82.1,17023950848,297275392,2.6,0.0,114664.59852592034,0.0,9.997959553390098,34.3,0.9997959553390097,0.0,0.9997959553390097,0.0
2026-03-04T20:13:51+00:00,1772655231.2931848,5.68125,9.7,1.5,2304.0,16,13969047552,3054903296,82.1,17023950848,297275392,2.6,0.0,86028.45004395883,0.0,4.000578964097787,34.3,1.0001447410244468,0.0,1.0001447410244468,0.0
2026-03-04T20:13:52+00:00,1772655232.2931101,4.1875,9.4,0.0,2304.0,16,13961482240,3062468608,82.0,17023950848,297275392,2.6,0.0,45059.36255561827,0.0,3.000223891753702,34.3,1.0000746305845674,0.0,1.0000746305845674,0.0
2026-03-04T20:13:53+00:00,1772655233.2927644,2.25,7.8,0.0,2304.0,16,13957492736,3066458112,82.0,17023950848,297275392,2.6,0.0,12292.249515962158,0.0,3.0010374794829486,34.3,0.0,0.0,0.0,0.0
2026-03-04T20:13:54+00:00,1772655234.292884,1.8625,6.3,0.0,2304.0,16,13937930240,3086020608,81.9,17023950848,297275392,2.6,0.0,143342.84385022812,0.0,3.9995213127853826,34.3,108.98695577340168,119.98563938356148,1.9997606563926913,1.9997606563926913
2026-03-04T20:13:55+00:00,1772655235.2929823,4.8,15.2,0.0,2304.0,16,13894328320,3129622528,81.6,17023950848,298127360,2.6,0.0,860075.5161112219,0.0,10.998919593126208,34.3,0.0,0.0,0.0,0.0
2026-03-04T20:13:56+00:00,1772655236.2926998,0.9875,4.7,0.0,2304.0,16,13896032256,3127918592,81.6,17023950848,298127360,2.6,0.0,0.0,0.0,0.0,34.3,0.0,0.0,0.0,0.0
2026-03-04T20:13:57+00:00,1772655237.292899,1.15625,3.1,0.0,2304.0,16,13897592832,3126358016,81.6,17023950848,298127360,2.6,0.0,57332.586256617484,0.0,12.997412481445787,34.3,0.0,0.0,0.0,0.0
2026-03-04T20:13:58+00:00,1772655238.2927608,4.90625,9.4,1.6,2304.0,16,13898870784,3125080064,81.6,17023950848,298127360,2.6,0.0,8193.131015505309,0.0,2.000276126832351,34.3,0.0,0.0,0.0,0.0
2026-03-04T20:13:59+00:00,1772655239.2926593,3.7125,9.2,0.0,2304.0,16,13897007104,3126943744,81.6,17023950848,298127360,2.6,0.0,77831.90509976685,0.0,3.0003047298943843,34.3,0.0,0.0,0.0,0.0
2026-03-04T20:14:00+00:00,1772655240.2926261,2.15,6.3,0.0,2304.0,16,13900136448,3123814400,81.7,17023950848,298127360,2.6,16384.54298674468,0.0,1.0000331412808032,0.0,34.3,0.0,0.0,0.0,0.0
2026-03-04T20:14:01+00:00,1772655241.292778,3.03125,9.2,0.0,2304.0,16,13897072640,3126878208,81.6,17023950848,298127360,2.6,0.0,90098.31653126945,0.0,2.9995444512807214,34.3,0.0,0.0,0.0,0.0
2026-03-04T20:14:02+00:00,1772655242.2928827,2.03125,6.2,0.0,2304.0,16,13904084992,3119865856,81.7,17023950848,298127360,2.6,0.0,57337.99867500822,0.0,5.999372071185291,34.3,0.0,0.0,0.0,0.0
2026-03-04T20:14:03+00:00,1772655243.2927263,0.9750000000000001,3.1,0.0,2304.0,16,13904416768,3119534080,81.7,17023950848,298127360,2.6,346166.14128033636,65546.2516033773,16.002502832855786,1.0001564270534866,34.3,0.0,0.0,0.0,0.0
2026-03-04T20:14:04+00:00,1772655244.2931905,4.96875,10.6,0.0,2304.0,16,13897023488,3126927360,81.6,17023950848,298127360,2.6,0.0,16376.398060077912,0.0,2.998608043227157,34.3,54.97448079249787,65.96937695099744,0.9995360144090523,0.9995360144090523
2026-03-04T20:14:05+00:00,1772655245.2927382,3.325,10.9,0.0,2304.0,16,13905190912,3118759936,81.7,17023950848,298127360,2.6,0.0,311436.85667541344,0.0,34.01538447960802,34.3,0.0,0.0,0.0,0.0
2026-03-04T20:14:06+00:00,1772655246.2925956,2.21875,7.5,0.0,2304.0,16,13918326784,3105624064,81.8,17023950848,298127360,2.6,0.0,446527.6633736366,0.0,35.004990812422236,34.3,0.0,0.0,0.0,0.0
2026-03-04T20:14:07+00:00,1772655247.2926404,1.56875,4.6,0.0,2304.0,16,13908762624,3115188224,81.7,17023950848,298127360,2.6,0.0,77820.51187509715,0.0,2.999865537948338,34.3,0.0,0.0,0.0,0.0
2026-03-04T20:14:08+00:00,1772655248.292688,4.14375,12.1,0.0,2304.0,16,13907161088,3116789760,81.7,17023950848,298127360,2.6,0.0,4095.805673282389,0.0,0.9999525569537082,34.3,0.0,0.0,0.0,0.0
2026-03-04T20:14:09+00:00,1772655249.2927716,2.54375,6.2,0.0,2304.0,16,13911441408,3112509440,81.7,17023950848,298127360,2.6,0.0,77817.48784965629,0.0,2.999748966243946,34.3,54.99539771447235,65.99447725736681,0.9999163220813154,0.9999163220813154
2026-03-04T20:14:10+00:00,1772655250.2929392,1.55,4.7,0.0,2304.0,16,13907881984,3116068864,81.7,17023950848,298127360,2.6,0.0,77810.95824059412,0.0,2.999497259480139,34.3,0.0,0.0,0.0,0.0
2026-03-04T20:14:11+00:00,1772655251.292746,1.28125,6.3,0.0,2304.0,16,13908033536,3115917312,81.7,17023950848,298127360,2.6,0.0,0.0,0.0,0.0,34.3,0.0,0.0,0.0,0.0
2026-03-04T20:14:12+00:00,1772655252.29285,0.9812500000000001,3.2,0.0,2304.0,16,13905346560,3118604288,81.7,17023950848,298127360,2.6,0.0,45051.31689306131,0.0,3.9995842412163807,34.3,0.0,0.0,0.0,0.0
2026-03-04T20:14:13+00:00,1772655253.293028,1.65625,7.6,0.0,2304.0,16,13909491712,3114459136,81.7,17023950848,298127360,2.6,0.0,28666.894463976718,0.0,5.998931598209414,34.3,0.0,0.0,0.0,0.0
2026-03-04T20:14:14+00:00,1772655254.2931564,0.7875000000000001,1.6,0.0,2304.0,16,13907070976,3116879872,81.7,17023950848,298127360,2.6,0.0,20477.37338378895,0.0,2.999615241765959,34.3,108.98602045082986,119.98460967063836,1.9997434945106396,1.9997434945106396
2026-03-04T20:14:15+00:00,1772655255.2929707,1.46875,4.7,0.0,2304.0,16,13906042880,3117907968,81.7,17023950848,298127360,2.6,0.0,0.0,0.0,0.0,34.3,0.0,0.0,0.0,0.0
2026-03-04T20:14:16+00:00,1772655256.2929451,3.225,7.7,0.0,2304.0,16,13907845120,3116105728,81.7,17023950848,298127360,2.6,0.0,4096.104494853246,0.0,1.0000255114387808,34.3,0.0,0.0,0.0,0.0
2026-03-04T20:14:17+00:00,1772655257.2927241,5.31875,15.4,0.0,2304.0,16,13902340096,3121610752,81.7,17023950848,298127360,2.6,0.0,90131.92041831679,0.0,5.001105314404119,34.3,0.0,0.0,0.0,0.0
2026-03-04T20:14:18+00:00,1772655258.2928042,2.35,4.7,0.0,2304.0,16,13909581824,3114369024,81.7,17023950848,298127360,2.6,16382.687605134171,106487.46943337211,0.9999198977743025,3.99967959109721,34.3,54.995594377586634,65.99471325310397,0.9999198977743025,0.9999198977743025
2026-03-04T20:14:19+00:00,1772655259.2927334,2.1375,10.8,0.0,2304.0,16,13917925376,3106025472,81.8,17023950848,298127360,2.6,0.0,8192.580119203425,0.0,2.0001416306648987,34.3,0.0,0.0,0.0,0.0
2026-03-04T20:14:20+00:00,1772655260.2928514,1.525,4.6,0.0,2304.0,16,13906382848,3117568000,81.7,17023950848,298127360,2.6,0.0,36859.64992744587,0.0,7.999055973838079,34.3,0.0,0.0,0.0,0.0
2026-03-04T20:14:21+00:00,1772655261.2928941,0.59375,3.1,0.0,2304.0,16,13902057472,3121893376,81.7,17023950848,298127360,2.6,0.0,151545.5325025754,0.0,3.9998292995823324,34.3,54.99765286925707,65.99718344310848,0.9999573248955831,0.9999573248955831
2026-03-04T20:14:22+00:00,1772655262.293092,1.4812500000000002,6.2,0.0,2304.0,16,13903679488,3120271360,81.7,17023950848,298127360,2.6,28666.327294432074,110570.11956423799,0.9998021517310294,3.9992086069241175,34.3,0.0,0.0,0.0,0.0
2026-03-04T20:14:23+00:00,1772655263.292943,5.1937500000000005,11.9,0.0,2304.0,16,13906419712,3117531136,81.7,17023950848,298127360,2.6,0.0,24579.662655153148,0.0,3.0004471014591245,34.3,0.0,0.0,0.0,0.0
2026-03-04T20:14:24+00:00,1772655264.2929375,2.05625,4.7,0.0,2304.0,16,13906694144,3117256704,81.7,17023950848,298127360,2.6,0.0,49152.269532728016,0.0,3.000016450972169,34.3,229.00125575754222,124.00067997351631,4.000021934629559,2.0000109673147795
2026-03-04T20:14:25+00:00,1772655265.2926645,1.65,7.7,0.0,2304.0,16,13906452480,3117498368,81.7,17023950848,298127360,2.6,0.0,73748.13244906763,0.0,3.0008191914496924,34.3,54.01474544609446,54.01474544609446,1.000273063816564,1.000273063816564
2026-03-04T20:14:26+00:00,1772655266.2929034,1.56875,6.3,0.0,2304.0,16,13907931136,3116019712,81.7,17023950848,298127360,2.6,0.0,0.0,0.0,0.0,34.3,0.0,0.0,0.0,0.0
2026-03-04T20:14:27+00:00,1772655267.292956,0.975,4.7,0.0,2304.0,16,13908385792,3115565056,81.7,17023950848,298127360,2.6,0.0,16383.136764234328,0.0,3.9997892490806466,34.3,1881.9008416924444,4879.742883878389,6.999631185891132,8.999525810431455
2026-03-04T20:14:28+00:00,1772655268.293224,4.275,7.8,1.6,2304.0,16,13906771968,3117178880,81.7,17023950848,298127360,2.6,0.0,16379.610551295362,0.0,2.9991962679373834,34.3,107.9710656457458,3421.083209627242,1.999464178624922,5.998392535874767
2026-03-04T20:14:29+00:00,1772655269.2927287,2.33125,6.3,0.0,2304.0,16,13909929984,3114020864,81.7,17023950848,298127360,2.6,0.0,61470.454541334366,0.0,13.006443831988065,34.3,7883.905953543535,10711.306743481864,19.00941790829025,28.013879022743527
2026-03-04T20:14:30+00:00,1772655270.2927666,1.8562500000000002,6.2,0.0,2304.0,16,13910093824,3113857024,81.7,17023950848,298127360,2.6,0.0,65533.51571917549,0.0,0.9999620928829268,34.3,5368.796476688434,7644.710200089976,18.99927976477561,23.999090229190244
2026-03-04T20:14:31+00:00,1772655271.292692,1.5625,4.7,0.0,2304.0,16,13910327296,3113623552,81.7,17023950848,298127360,2.6,0.0,106503.94785873409,0.0,4.000298522338269,34.3,0.0,0.0,0.0,0.0
2026-03-04T20:14:32+00:00,1772655272.2927852,2.225,6.2,0.0,2304.0,16,13909798912,3114151936,81.7,17023950848,298127360,2.6,0.0,192494.0553837645,0.0,11.99888144430048,34.3,702.934471278603,2288.7866355003166,2.99972036107512,4.9995339351252
2026-03-04T20:14:33+00:00,1772655273.2930932,1.1,3.2,0.0,2304.0,16,13913489408,3110461440,81.7,17023950848,298127360,2.6,0.0,65515.81871657805,0.0,0.9996920580532539,34.3,107.96674226975142,107.96674226975142,1.9993841161065078,1.9993841161065078
2026-03-04T20:14:34+00:00,1772655274.2930603,2.4375,7.7,0.0,2304.0,16,13912485888,3111464960,81.7,17023950848,298127360,2.6,0.0,557074.3287280474,0.0,52.00171094801684,34.3,55.001809656556276,66.00217158786752,1.0000329028464776,1.0000329028464776
2026-03-04T20:14:35+00:00,1772655275.2930393,3.50625,9.4,0.0,2304.0,16,13910380544,3113570304,81.7,17023950848,298127360,2.6,0.0,49153.03127163694,0.0,7.0001468689261594,34.3,4950.1038573120695,5086.106710765493,13.000272756577154,13.000272756577154
2026-03-04T20:14:36+00:00,1772655276.2927704,1.7750000000000001,6.3,0.0,2304.0,16,13902311424,3121639424,81.7,17023950848,298127360,2.6,0.0,16388.407435318717,0.0,3.000807025510019,34.3,182.04895954760784,179.0481525220978,3.000807025510019,3.000807025510019
2026-03-04T20:14:37+00:00,1772655277.292925,1.25625,4.7,0.0,2304.0,16,13905268736,3118682112,81.7,17023950848,298127360,2.6,0.0,12286.10185575425,0.0,1.9996910572516682,34.3,0.0,0.0,0.0,0.0
2026-03-04T20:14:38+00:00,1772655278.2927635,0.4875,4.6,0.0,2304.0,16,13904953344,3118997504,81.7,17023950848,298127360,2.6,0.0,90126.5472699408,0.0,3.0004843063057347,34.3,0.0,0.0,0.0,0.0
2026-03-04T20:14:39+00:00,1772655279.2926166,1.85,6.2,0.0,2304.0,16,13910040576,3113910272,81.7,17023950848,298127360,2.6,0.0,8193.203301723925,0.0,2.0002937748349425,34.3,0.0,0.0,0.0,0.0
2026-03-04T20:14:40+00:00,1772655280.2929726,1.075,6.0,0.0,2304.0,16,13907451904,3116498944,81.7,17023950848,298127360,2.6,0.0,77796.30770888105,0.0,2.998932503169243,34.3,0.0,0.0,0.0,0.0
2026-03-04T20:14:41+00:00,1772655281.29268,1.9375,10.6,0.0,2304.0,16,13903822848,3120128000,81.7,17023950848,298127360,2.6,0.0,65555.17748517377,0.0,1.0002926252010158,34.3,0.0,0.0,0.0,0.0
2026-03-04T20:14:42+00:00,1772655282.2930624,4.19375,7.8,0.0,2304.0,16,13909614592,3114336256,81.7,17023950848,298127360,2.6,0.0,53227.644503168325,0.0,4.998088613954358,34.3,0.0,0.0,0.0,0.0
2026-03-04T20:14:43+00:00,1772655283.2929757,1.76875,6.2,0.0,2304.0,16,13922451456,3101499392,81.8,17023950848,298127360,2.6,0.0,16385.421998407226,0.0,4.000347167579889,34.3,0.0,0.0,0.0,0.0
2026-03-04T20:14:44+00:00,1772655284.2930264,1.6625,4.8,0.0,2304.0,16,13912080384,3111870464,81.7,17023950848,298127360,2.6,0.0,8191.584005500514,0.0,1.9998984388428989,34.3,54.99720706817972,65.99664848181567,0.9999492194214494,0.9999492194214494
2026-03-04T20:14:45+00:00,1772655285.2930694,1.4375,4.5,0.0,2304.0,16,13906087936,3117862912,81.7,17023950848,298127360,2.6,0.0,0.0,0.0,0.0,34.3,0.0,0.0,0.0,0.0
2026-03-04T20:14:46+00:00,1772655286.2927468,9.8125,18.5,3.2,2304.0,16,13912055808,3111895040,81.7,17023950848,298127360,2.6,0.0,45070.53886964098,0.0,10.003226844291765,34.3,0.0,0.0,0.0,0.0
2026-03-04T20:14:47+00:00,1772655287.2927492,1.675,6.2,0.0,2304.0,16,13908279296,3115671552,81.7,17023950848,298127360,2.6,0.0,40959.90234398283,0.0,5.99998569491936,34.3,0.0,0.0,0.0,0.0
2026-03-04T20:14:48+00:00,1772655288.292705,3.20625,9.2,0.0,2304.0,16,13912154112,3111796736,81.7,17023950848,297500672,2.6,352271.5377947073,65538.89075250368,9.000396984444171,2.000088218765371,34.3,0.0,0.0,0.0,0.0
2026-03-04T20:14:49+00:00,1772655289.2930863,1.64375,4.6,0.0,2304.0,16,13907038208,3116912640,81.7,17023950848,297500672,2.6,0.0,12283.317214911784,0.0,1.9992378279478815,34.3,0.0,0.0,0.0,0.0
2026-03-04T20:14:50+00:00,1772655290.2929912,2.55625,4.8,0.0,2304.0,16,13912633344,3111317504,81.7,17023950848,297500672,2.6,0.0,73735.01433914216,0.0,3.0002854141903548,34.3,0.0,0.0,0.0,0.0
2026-03-04T20:14:51+00:00,1772655291.2926295,1.1812500000000001,3.1,0.0,2304.0,16,13912264704,3111686144,81.7,17023950848,297500672,2.6,0.0,143411.86934609365,0.0,4.001447247379845,34.3,0.0,0.0,0.0,0.0
2026-03-04T20:14:52+00:00,1772655292.2930236,1.9625000000000001,7.7,0.0,2304.0,16,13912281088,3111669760,81.7,17023950848,297500672,2.6,0.0,73698.95480625755,0.0,9.996060493470262,34.3,0.0,0.0,0.0,0.0
2026-03-04T20:14:53+00:00,1772655293.2926424,1.28125,3.2,0.0,2304.0,16,13913829376,3110121472,81.7,17023950848,297500672,2.6,0.0,86048.80449828929,0.0,4.001525506802888,34.3,0.0,0.0,0.0,0.0
2026-03-04T20:14:54+00:00,1772655294.2929153,3.8625,9.1,0.0,2304.0,16,13908574208,3115376640,81.7,17023950848,297500672,2.6,0.0,73707.87853981779,0.0,2.9991812556892006,34.3,108.97025229004095,119.96725022756802,1.9994541704594668,1.9994541704594668
2026-03-04T20:14:55+00:00,1772655295.2928786,1.23125,6.0,0.0,2304.0,16,13915967488,3107983360,81.7,17023950848,297500672,2.6,0.0,151557.56465743954,0.0,4.000146871237319,34.3,0.0,0.0,0.0,0.0
2026-03-04T20:14:56+00:00,1772655296.2929764,1.9625000000000001,9.1,0.0,2304.0,16,13928292352,3095658496,81.8,17023950848,297500672,2.6,0.0,0.0,0.0,0.0,34.3,0.0,0.0,0.0,0.0
2026-03-04T20:14:57+00:00,1772655297.2928278,1.44375,4.7,0.0,2304.0,16,13918584832,3105366016,81.8,17023950848,297500672,2.6,0.0,20483.04244409625,0.0,4.000594227362549,34.3,0.0,0.0,0.0,0.0
2026-03-04T20:14:58+00:00,1772655298.292769,3.8937500000000003,15.6,0.0,2304.0,16,13929103360,3094847488,81.8,17023950848,297500672,2.6,16384.964900572406,8192.482450286203,1.0000588928572025,2.000117785714405,34.3,1804.1062427143931,4791.282155678857,12.00070671428643,14.000824500000835
2026-03-04T20:14:59+00:00,1772655299.2928703,12.49375,28.1,4.7,2304.0,16,13922512896,3101437952,81.8,17023950848,297500672,2.6,49147.02003585929,757683.2255528307,1.9997973647403682,45.995339389028466,34.3,1085.88996905402,1410.8570408243297,7.999189458961473,4.999493411850921
2026-03-04T20:15:00+00:00,1772655300.2928722,6.29375,21.5,0.0,2304.0,16,13931626496,3092324352,81.8,17023950848,297500672,2.6,0.0,0.0,0.0,0.0,34.3,53.99989700337028,317.99939346429164,0.9999980926550052,4.999990463275026
2026-03-04T20:15:01+00:00,1772655301.292649,3.65625,15.4,0.0,2304.0,16,13935640576,3088310272,81.9,17023950848,297500672,2.6,16387.657066110107,290880.91292345437,1.000223209601447,24.005357030434723,34.3,5649.260687828972,626.1397292105057,5.001116048007234,4.000892838405788
2026-03-04T20:15:02+00:00,1772655302.292715,5.90625,15.6,0.0,2304.0,16,13932072960,3091877888,81.8,17023950848,297500672,2.6,0.0,282605.33619353164,0.0,39.997358496593584,34.3,414.9725944021584,709.953113314536,3.9997358496593582,6.999537736903877
2026-03-04T20:15:03+00:00,1772655303.2931533,3.71875,7.8,0.0,2304.0,16,13931159552,3092791296,81.8,17023950848,297500672,2.6,0.0,0.0,0.0,0.0,34.3,54.975908822914,65.9710905874968,0.9995619785984363,0.9995619785984363
2026-03-04T20:15:04+00:00,1772655304.2926464,0.7937500000000001,3.2,0.0,2304.0,16,13929648128,3094302720,81.8,17023950848,297500672,2.6,0.0,319650.0235323977,0.0,33.01673545350412,34.3,55.027892422506866,0.0,1.0005071349546704,0.0
2026-03-04T20:15:05+00:00,1772655305.2927258,2.54375,10.8,0.0,2304.0,16,13929553920,3094396928,81.8,17023950848,297500672,2.6,0.0,511959.3538129759,0.0,21.99825348415131,34.3,0.0,65.99476045245393,0.0,0.9999206129159687
2026-03-04T20:15:06+00:00,1772655306.2926352,1.8562500000000002,6.2,0.0,2304.0,16,13927628800,3096322048,81.8,17023950848,297500672,2.6,0.0,8192.742254747582,0.0,2.000181214537984,34.3,0.0,0.0,0.0,0.0
2026-03-04T20:15:07+00:00,1772655307.2927048,1.3687500000000001,3.1,0.0,2304.0,16,13928300544,3095650304,81.8,17023950848,297500672,2.6,0.0,12287.14459080207,0.0,1.9998607732425244,34.3,0.0,0.0,0.0,0.0
2026-03-04T20:15:08+00:00,1772655308.2926626,1.1812500000000001,4.7,0.0,2304.0,16,13924675584,3099275264,81.8,17023950848,297500672,2.6,0.0,49154.07430628591,0.0,4.000168807477694,34.3,0.0,0.0,0.0,0.0
2026-03-04T20:15:09+00:00,1772655309.292914,1.625,7.7,0.0,2304.0,16,13933465600,3090485248,81.8,17023950848,297500672,2.6,0.0,12284.912885145915,0.0,1.9994975399000514,34.3,0.0,0.0,0.0,0.0
2026-03-04T20:15:10+00:00,1772655310.2930062,2.98125,6.1,0.0,2304.0,16,13922271232,3101679616,81.8,17023950848,297500672,2.6,0.0,139251.15157612326,0.0,3.999630962089937,34.3,0.0,141.98689915419277,0.0,0.9999077405224842
2026-03-04T20:15:11+00:00,1772655311.2927997,0.28125,1.5,0.0,2304.0,16,13918638080,3105312768,81.8,17023950848,297500672,2.6,0.0,0.0,0.0,0.0,34.3,0.0,0.0,0.0,0.0
2026-03-04T20:15:12+00:00,1772655312.2927756,1.88125,7.9,0.0,2304.0,16,13918564352,3105386496,81.8,17023950848,297500672,2.6,0.0,118786.86042044222,0.0,6.000144485138177,34.3,0.0,0.0,0.0,0.0
2026-03-04T20:15:13+00:00,1772655313.2930536,1.56875,6.3,0.0,2304.0,16,13918191616,3105759232,81.8,17023950848,297500672,2.6,0.0,12284.584933749973,0.0,1.9994441623942014,34.3,0.0,0.0,0.0,0.0
2026-03-04T20:15:14+00:00,1772655314.2930472,1.8625,4.7,0.0,2304.0,16,13919453184,3104497664,81.8,17023950848,297500672,2.6,0.0,8192.052734714469,0.0,2.0000128746861496,34.3,0.0,0.0,0.0,0.0
2026-03-04T20:15:15+00:00,1772655315.292743,1.16875,4.7,0.0,2304.0,16,13925498880,3098451968,81.8,17023950848,297500672,2.6,0.0,81944.92945909257,0.0,2.000608629372377,34.3,164.04990760853494,186.05660253163109,3.000912944058566,3.000912944058566
2026-03-04T20:15:16+00:00,1772655316.2926972,2.6437500000000003,6.2,0.0,2304.0,16,13922877440,3101073408,81.8,17023950848,297500672,2.6,0.0,8192.375017166923,0.0,2.0000915569255184,34.3,0.0,0.0,0.0,0.0
2026-03-04T20:15:17+00:00,1772655317.2927518,2.05,7.8,0.0,2304.0,16,13926555648,3097395200,81.8,17023950848,297500672,2.6,0.0,90107.08034672751,0.0,5.999672430756893,34.3,0.0,0.0,0.0,0.0
2026-03-04T20:15:18+00:00,1772655318.2930067,1.93125,7.8,0.0,2304.0,16,13918273536,3105677312,81.8,17023950848,297500672,2.6,0.0,65519.30113103173,0.0,0.9997451954808309,34.3,0.0,0.0,0.0,0.0
2026-03-04T20:15:19+00:00,1772655319.2930207,1.63125,4.5,0.0,2304.0,16,13922033664,3101917184,81.8,17023950848,297500672,2.6,0.0,28671.596685360804,0.0,5.999915601010213,34.3,0.0,0.0,0.0,0.0
2026-03-04T20:15:20+00:00,1772655320.2929873,1.625,6.1,0.0,2304.0,16,13918031872,3105918976,81.8,17023950848,297500672,2.6,0.0,8192.273446627265,0.0,2.0000667594304846,34.3,0.0,0.0,0.0,0.0
2026-03-04T20:15:21+00:00,1772655321.293212,6.4125,9.4,3.1,2304.0,16,13916405760,3107545088,81.7,17023950848,297500672,2.6,0.0,8190.16056936828,0.0,1.9995509202559278,34.3,4998.87730063982,79361.17624949764,35.9919165646067,68.9845067488295
2026-03-04T20:15:22+00:00,1772655322.292874,1.8375,6.2,0.0,2304.0,16,13920182272,3103768576,81.8,17023950848,297500672,2.6,0.0,73752.91662093445,0.0,10.003379533004347,34.3,0.0,0.0,0.0,0.0
2026-03-04T20:15:23+00:00,1772655323.2929842,2.8375,6.3,0.0,2304.0,16,13916114944,3107835904,81.7,17023950848,297500672,2.6,0.0,131057.56409010658,0.0,10.99878849022806,34.3,0.0,0.0,0.0,0.0
2026-03-04T20:15:24+00:00,1772655324.2933326,0.8875000000000001,3.2,0.0,2304.0,16,13917380608,3106570240,81.8,17023950848,297500672,2.6,0.0,110553.49095290132,0.0,18.993384043195938,34.3,65.9770182553122,0.0,0.9996517917471546,0.0
2026-03-04T20:15:25+00:00,1772655325.2929633,1.175,4.7,0.0,2304.0,16,13912702976,3111247872,81.7,17023950848,297500672,2.6,0.0,204875.6627086486,0.0,26.009605617308907,34.3,217.0801699598474,232.085711662141,4.001477787278293,4.001477787278293
2026-03-04T20:15:26+00:00,1772655326.2928896,2.13125,7.7,0.0,2304.0,16,13917995008,3105955840,81.8,17023950848,297500672,2.6,0.0,65540.82848072065,0.0,1.0000736767688088,34.3,0.0,0.0,0.0,0.0
2026-03-04T20:15:27+00:00,1772655327.292744,2.7375000000000003,4.8,0.0,2304.0,16,13915369472,3108581376,81.7,17023950848,297500672,2.6,0.0,413756.273428694,0.0,27.00393376434565,34.3,0.0,0.0,0.0,0.0
2026-03-04T20:15:28+00:00,1772655328.2927897,1.03125,10.3,0.0,2304.0,16,13914546176,3109404672,81.7,17023950848,297500672,2.6,0.0,16383.250034330704,0.0,2.999862677184577,34.3,0.0,0.0,0.0,0.0
2026-03-04T20:15:29+00:00,1772655329.2930562,1.75625,6.1,0.0,2304.0,16,13922271232,3101679616,81.8,17023950848,297500672,2.6,0.0,135131.98030424592,0.0,3.998934076238338,34.3,427.88594615750213,0.0,5.998401114357507,0.0
2026-03-04T20:15:30+00:00,1772655330.2927566,4.35,7.8,1.6,2304.0,16,13921021952,3102928896,81.8,17023950848,297500672,2.6,0.0,65555.64651290578,0.0,1.000299781996243,34.3,428.12830669439194,0.0,6.001798691977457,0.0
2026-03-04T20:15:31+00:00,1772655331.2927768,2.24375,7.8,0.0,2304.0,16,13920911360,3103039488,81.8,17023950848,297500672,2.6,0.0,4095.9169938696673,0.0,0.9999797348314617,34.3,427.9913265078656,0.0,5.999878408988771,0.0
2026-03-04T20:15:32+00:00,1772655332.2931879,1.26875,6.1,0.0,2304.0,16,13920616448,3103334400,81.8,17023950848,297500672,2.6,0.0,131018.14713533847,0.0,7.996713081990873,34.3,427.82414988651175,0.0,5.997534811493155,0.0
2026-03-04T20:15:33+00:00,1772655333.2928689,5.11875,11.9,1.5,2304.0,16,13941317632,3082633216,81.9,17023950848,297500672,2.6,0.0,0.0,0.0,0.0,34.3,0.0,0.0,0.0,0.0
2026-03-04T20:15:34+00:00,1772655334.2927256,1.6875,4.6,0.0,2304.0,16,13920509952,3103440896,81.8,17023950848,297500672,2.6,0.0,16386.347992692856,0.0,4.000573240403529,34.3,0.0,0.0,0.0,0.0
2026-03-04T20:15:35+00:00,1772655335.2925577,0.96875,3.1,0.0,2304.0,16,13921083392,3102867456,81.8,17023950848,297500672,2.6,0.0,32773.500923311716,0.0,8.0013429988554,34.3,109.01829835940481,120.02014498283098,2.00033574971385,2.00033574971385
2026-03-04T20:15:36+00:00,1772655336.2930245,2.11875,6.2,0.0,2304.0,16,13919150080,3104800768,81.8,17023950848,297500672,2.6,0.0,159669.46253022333,0.0,3.9981335769787494,34.3,0.0,0.0,0.0,0.0
2026-03-04T20:15:37+00:00,1772655337.2932615,3.46875,6.3,0.0,2304.0,16,13916078080,3107872768,81.7,17023950848,297500672,2.6,0.0,131040.94485969769,0.0,6.998341476576872,34.3,0.0,0.0,0.0,0.0
2026-03-04T20:15:38+00:00,1772655338.292982,1.46875,3.2,0.0,2304.0,16,13917188096,3106762752,81.8,17023950848,297500672,2.6,0.0,73748.60732073305,0.0,3.0008385140272233,34.3,1.0002795046757411,0.0,1.0002795046757411,0.0
2026-03-04T20:15:39+00:00,1772655339.2929237,2.1375,4.7,0.0,2304.0,16,13924065280,3099885568,81.8,17023950848,297500672,2.6,0.0,8192.478543577952,0.0,2.000116831928211,34.3,1.0000584159641055,0.0,1.0000584159641055,0.0
2026-03-04T20:15:40+00:00,1772655340.2930236,1.575,4.6,0.0,2304.0,16,13925056512,3098894336,81.8,17023950848,297500672,2.6,65529.45377895036,102389.77152960993,0.999900112593847,10.998901238532317,34.3,0.999900112593847,0.0,0.999900112593847,0.0
2026-03-04T20:15:41+00:00,1772655341.2931802,0.5875,3.1,0.0,2304.0,16,13919281152,3104669696,81.8,17023950848,297500672,2.6,0.0,65525.73598276599,0.0,0.9998433835260924,34.3,0.9998433835260924,0.0,0.9998433835260924,0.0
2026-03-04T20:15:42+00:00,1772655342.2928884,1.28125,6.3,0.0,2304.0,16,13921341440,3102609408,81.8,17023950848,297500672,2.6,0.0,86041.10888988525,0.0,5.001459547635628,34.3,1.0002919095271257,0.0,1.0002919095271257,0.0
2026-03-04T20:15:43+00:00,1772655343.293089,0.86875,6.2,0.0,2304.0,16,13914906624,3109044224,81.7,17023950848,297500672,2.6,0.0,77808.39863604237,0.0,3.999198120684744,34.3,0.999799530171186,0.0,0.999799530171186,0.0
2026-03-04T20:15:44+00:00,1772655344.292562,3.75625,12.7,0.0,2304.0,16,13920325632,3103625216,81.8,17023950848,297500672,2.6,0.0,8196.318681785284,0.0,2.0010543656702353,34.3,54.02846787309636,54.02846787309636,1.0005271828351177,1.0005271828351177
2026-03-04T20:15:45+00:00,1772655345.292837,1.375,4.6,0.0,2304.0,16,13920919552,3103031296,81.8,17023950848,297500672,2.6,0.0,0.0,0.0,0.0,34.3,54.98488484091244,65.98186180909494,0.9997251789256808,0.9997251789256808
