ts_iso_utc,ts_unix,disk_read_bytes_per_s,disk_write_bytes_per_s,disk_read_ops_per_s,disk_write_ops_per_s,disk_usage_percent_c,net_bytes_sent_per_s,net_bytes_recv_per_s,net_packets_sent_per_s,net_packets_recv_per_s
2026-03-07T15:38:47+00:00,1772897927.7509608,0.0,0.0,0.0,0.0,37.5,0.0,0.0,0.0,0.0
2026-03-07T15:38:48+00:00,1772897928.7507343,65550.84711283617,172070.97367119495,4.000906195851817,8.001812391703634,37.5,0.0,0.0,0.0,0.0
2026-03-07T15:38:49+00:00,1772897929.750872,346064.392779676,122863.09802828734,15.997799222433247,12.998211868227013,37.5,1247.8283393497932,829.8858346637247,7.998899611216624,4.99931225701039
2026-03-07T15:38:50+00:00,1772897930.7511199,0.0,544632.9553600373,0.0,45.98859688263942,37.5,3905.0317265997733,5952.524039983372,8.997768955299017,13.996529486020693
2026-03-07T15:38:51+00:00,1772897931.7509942,0.0,499774.7949993526,0.0,25.003141559505906,37.5,697.0875866790246,1104.1387312677807,5.000628311901181,7.0008796366616535
2026-03-07T15:38:52+00:00,1772897932.750735,0.0,65552.98877782858,0.0,1.000259228177316,37.5,0.0,0.0,0.0,0.0
2026-03-07T15:38:53+00:00,1772897933.7507224,358916.53533562965,376836.7617789207,12.000151636132411,11.000138999788042,37.5,0.0,0.0,0.0,0.0
2026-03-07T15:38:54+00:00,1772897934.750773,0.0,135161.16831405577,0.0,2.999848373447616,37.5,0.0,0.0,0.0,0.0
2026-03-07T15:38:55+00:00,1772897935.7506917,0.0,69637.66159310419,0.0,2.000162614691641,37.5,0.0,0.0,0.0,0.0
2026-03-07T15:38:56+00:00,1772897936.7511582,0.0,200610.3981654144,0.0,3.9981345297635205,37.5,0.0,0.0,0.0,0.0
2026-03-07T15:38:57+00:00,1772897937.750805,0.0,69656.61221201377,0.0,2.000706922449844,37.5,0.0,0.0,0.0,0.0
2026-03-07T15:38:58+00:00,1772897938.7509966,0.0,200665.53471710382,0.0,14.997125222997834,37.5,0.0,0.0,0.0,0.0
2026-03-07T15:38:59+00:00,1772897939.7507281,0.0,131107.196948949,0.0,2.000537062819656,37.5,0.0,0.0,0.0,0.0
2026-03-07T15:39:00+00:00,1772897940.7509038,0.0,143334.81399585845,0.0,3.999297265509443,37.5,0.0,0.0,0.0,0.0
2026-03-07T15:39:01+00:00,1772897941.7508316,0.0,315414.78582575446,0.0,7.000505722340076,37.5,0.0,0.0,0.0,0.0
2026-03-07T15:39:02+00:00,1772897942.7509558,0.0,69623.35166020037,0.0,1.9997515986960124,37.5,0.0,0.0,0.0,0.0
2026-03-07T15:39:03+00:00,1772897943.7507794,0.0,196642.69362098683,0.0,3.0005293826444523,37.5,0.0,0.0,0.0,0.0
2026-03-07T15:39:04+00:00,1772897944.7510326,0.0,405401.352162362,0.0,6.998228044942921,37.5,54.98607749598009,65.9832929951761,0.9997468635632744,0.9997468635632744
2026-03-07T15:39:05+00:00,1772897945.7508209,0.0,204843.3685568043,0.0,5.001058802656354,37.5,427.0904217468527,0.0,5.001058802656354,0.0
2026-03-07T15:39:06+00:00,1772897946.7509468,0.0,16381.937759605153,0.0,3.9994965233411017,37.5,481.9393310626027,65.99169263512817,5.999244785011652,0.9998741308352754
2026-03-07T15:39:07+00:00,1772897947.7509713,0.0,196603.1719935619,0.0,3.9999017739575584,37.5,426.98951436996936,141.99651297549332,4.999877217446948,0.9999754434893896
2026-03-07T15:39:08+00:00,1772897948.7507918,0.0,294964.95481943584,0.0,15.002693421398714,37.5,427.07667272915006,0.0,5.000897807132905,0.0
2026-03-07T15:39:09+00:00,1772897949.7506356,0.0,139285.75144367112,0.0,4.000624754241473,37.5,0.0,0.0,0.0,0.0
2026-03-07T15:39:10+00:00,1772897950.750742,0.0,135153.62848131594,0.0,2.999681029858752,37.5,0.0,0.0,0.0,0.0
2026-03-07T15:39:11+00:00,1772897951.7511575,0.0,131017.55387582646,0.0,1.9991692180759653,37.5,0.0,0.0,0.0,0.0
2026-03-07T15:39:12+00:00,1772897952.7510343,0.0,200728.74230760886,0.0,4.000493110403556,37.5,0.0,0.0,0.0,0.0
2026-03-07T15:39:13+00:00,1772897953.7509978,0.0,69634.54013172153,0.0,2.0000729587465975,37.5,0.0,0.0,0.0,0.0
2026-03-07T15:39:14+00:00,1772897954.7512126,0.0,262087.69959417955,0.0,4.998926154979316,37.5,107.97680494755322,224.95167697406922,1.9995704619917263,2.9993556929875895
2026-03-07T15:39:15+00:00,1772897955.7507005,0.0,135237.2581249362,0.0,3.0015371565371134,37.5,0.0,0.0,0.0,0.0
2026-03-07T15:39:16+00:00,1772897956.75098,0.0,429959.8577896763,0.0,37.98938475634231,37.5,0.0,0.0,0.0,0.0
2026-03-07T15:39:17+00:00,1772897957.7506478,0.0,438417.605975419,0.0,10.003322274190891,37.5,0.0,0.0,0.0,0.0
2026-03-07T15:39:18+00:00,1772897958.750706,0.0,196596.56316532794,0.0,2.9998254877521964,37.5,0.0,0.0,0.0,0.0
2026-03-07T15:39:19+00:00,1772897959.750714,0.0,77823.36914573885,0.0,3.999967575336084,37.5,0.0,0.0,0.0,0.0
2026-03-07T15:39:20+00:00,1772897960.750706,0.0,348162.8222885031,0.0,11.00008916927141,37.5,0.0,0.0,0.0,0.0
2026-03-07T15:39:21+00:00,1772897961.7511501,0.0,294781.06596996734,0.0,9.995560233899175,37.5,0.0,0.0,0.0,0.0
2026-03-07T15:39:22+00:00,1772897962.7507997,0.0,65558.97680280212,0.0,1.0003505981872882,37.5,0.0,0.0,0.0,0.0
2026-03-07T15:39:23+00:00,1772897963.751104,0.0,257969.458483104,0.0,4.998478160712426,37.5,0.0,0.0,0.0,0.0
2026-03-07T15:39:24+00:00,1772897964.750796,0.0,1048899.0995265455,0.0,201.06193447574202,37.5,0.0,0.0,0.0,0.0
2026-03-07T15:39:25+00:00,1772897965.7506802,0.0,213016.68254750207,0.0,6.000695309143125,37.5,0.0,0.0,0.0,0.0
2026-03-07T15:39:26+00:00,1772897966.7508085,16381.89870703116,491456.96121093474,0.9998717472553198,18.997563197851076,37.5,0.0,0.0,0.0,0.0
2026-03-07T15:39:27+00:00,1772897967.7507963,0.0,143361.7431852585,0.0,4.000048637981543,37.5,55.000668772246215,66.00080252669545,1.0000121594953857,1.0000121594953857
2026-03-07T15:39:28+00:00,1772897968.7506135,0.0,266288.69542822684,0.0,5.0009145024832256,37.5,0.0,0.0,0.0,0.0
2026-03-07T15:39:29+00:00,1772897969.7508824,0.0,196555.13921617606,0.0,2.999193408449952,37.5,0.0,0.0,0.0,0.0
2026-03-07T15:39:30+00:00,1772897970.7509105,0.0,229369.5470565432,0.0,6.999803071793921,37.5,54.998452706952236,65.99814324834269,0.9999718673991315,0.9999718673991315
2026-03-07T15:39:31+00:00,1772897971.7508554,4096.22559836226,204811.27991811302,1.0000550777251611,5.000275388625806,37.5,534.0294115052361,456.0251154426735,8.000440621801289,8.000440621801289
2026-03-07T15:39:32+00:00,1772897972.7508132,0.0,266251.23582571535,0.0,5.000211009347118,37.5,5150.217339627531,79345.34838072381,41.00173027664637,73.00308073646792
2026-03-07T15:39:33+00:00,1772897973.7507908,0.0,0.0,0.0,0.0,37.5,0.0,0.0,0.0,0.0
2026-03-07T15:39:34+00:00,1772897974.750766,0.0,155651.85947069764,0.0,7.0001735730294214,37.5,228.00565352152972,112.00277716847074,4.000099184588241,2.0000495922941206
2026-03-07T15:39:35+00:00,1772897975.750857,0.0,204781.34935487423,0.0,4.999544661984235,37.5,0.0,0.0,0.0,0.0
2026-03-07T15:39:36+00:00,1772897976.7508438,0.0,278531.7187996513,0.0,12.000160219424316,37.5,0.0,0.0,0.0,0.0
2026-03-07T15:39:37+00:00,1772897977.7505727,0.0,131107.54088449138,0.0,2.0005423108595486,37.5,0.0,0.0,0.0,0.0
2026-03-07T15:39:38+00:00,1772897978.7511063,0.0,135095.91541607352,0.0,2.9984001113297567,37.5,6243.66849849233,6371.600236575733,13.992533852872198,15.991467260425368
2026-03-07T15:39:39+00:00,1772897979.7507706,0.0,299108.408706536,0.0,6.002014836523491,37.5,0.0,0.0,0.0,0.0
2026-03-07T15:39:40+00:00,1772897980.7506967,0.0,417822.8811886712,0.0,68.00502623513529,37.5,0.0,0.0,0.0,0.0
2026-03-07T15:39:41+00:00,1772897981.7508342,0.0,225249.01305186012,0.0,4.99931225701039,37.5,0.0,0.0,0.0,0.0
2026-03-07T15:39:42+00:00,1772897982.750681,0.0,278570.70576567826,0.0,6.000919959910923,37.5,0.0,0.0,0.0,0.0
2026-03-07T15:39:43+00:00,1772897983.7507136,0.0,200697.44455006043,0.0,3.9998693508860894,37.5,0.0,0.0,0.0,0.0
2026-03-07T15:39:44+00:00,1772897984.7507753,0.0,196595.8601246423,0.0,2.9998147602026717,37.5,0.0,0.0,0.0,0.0
2026-03-07T15:39:45+00:00,1772897985.7509482,0.0,139239.9318946305,0.0,3.999308705613239,37.5,0.0,0.0,0.0,0.0
2026-03-07T15:39:46+00:00,1772897986.7507403,0.0,340038.6943849334,0.0,27.00561449428535,37.5,0.0,0.0,0.0,0.0
2026-03-07T15:39:47+00:00,1772897987.7509866,0.0,593773.7616024648,0.0,11.997045290998077,37.5,0.0,0.0,0.0,0.0
2026-03-07T15:39:48+00:00,1772897988.7506733,0.0,196669.61305226103,0.0,3.000940140567948,37.5,0.0,0.0,0.0,0.0
2026-03-07T15:39:49+00:00,1772897989.7508268,0.0,200673.18832462287,0.0,3.999385928025806,37.5,54.99155651035483,65.9898678124258,0.9998464820064515,0.9998464820064515
2026-03-07T15:39:50+00:00,1772897990.750798,0.0,212998.14470851654,0.0,7.000201946362378,37.5,0.0,0.0,0.0,0.0
2026-03-07T15:39:51+00:00,1772897991.750742,0.0,294928.52436333307,0.0,7.000392220538098,37.5,55.003081732799345,66.00369807935921,1.0000560315054425,1.0000560315054425
2026-03-07T15:39:52+00:00,1772897992.750807,0.0,131063.46930524817,0.0,1.9998698319282253,37.5,0.9999349159641127,0.0,0.9999349159641127,0.0
2026-03-07T15:39:53+00:00,1772897993.7509735,0.0,200670.60516681516,0.0,3.9993344460860807,37.5,0.0,0.0,0.0,0.0
2026-03-07T15:39:54+00:00,1772897994.7507317,0.0,266304.3807988477,0.0,5.001209074497591,37.5,2.000483629799036,0.0,2.000483629799036,0.0
2026-03-07T15:39:55+00:00,1772897995.7507842,0.0,135160.9105281076,0.0,2.9998426519910244,37.5,0.9999475506636748,0.0,0.9999475506636748,0.0
2026-03-07T15:39:56+00:00,1772897996.7508335,0.0,270322.6588615455,0.0,5.999703898738137,37.5,0.0,0.0,0.0,0.0
2026-03-07T15:39:57+00:00,1772897997.7510924,0.0,151512.76992317758,0.0,6.998188011126499,37.5,0.0,0.0,0.0,0.0
2026-03-07T15:39:58+00:00,1772897998.7507112,0.0,196682.98171037552,0.0,15.005720650510828,37.5,0.0,0.0,0.0,0.0
2026-03-07T15:39:59+00:00,1772897999.7511141,0.0,180151.41206016977,0.0,7.996777879091343,37.5,1996.1956780681764,4961.001076741291,11.995166818637014,9.995972348864179
2026-03-07T15:40:00+00:00,1772898000.750845,0.0,180272.52478038718,0.0,6.001615482301597,37.5,54.01453934071438,54.01453934071438,1.000269247050266,1.000269247050266
2026-03-07T15:40:01+00:00,1772898001.7508016,0.0,380944.5300141484,0.0,9.000390546579236,37.5,1.0000433940643596,0.0,1.0000433940643596,0.0
2026-03-07T15:40:02+00:00,1772898002.750915,0.0,155630.3379419183,0.0,4.999432628171204,37.5,0.9998865256342406,0.0,0.9998865256342406,0.0
2026-03-07T15:40:03+00:00,1772898003.7510843,0.0,229337.1784466035,0.0,10.998138266046311,37.5,0.9998307514587556,0.0,0.9998307514587556,0.0
2026-03-07T15:40:04+00:00,1772898004.750838,0.0,204850.4518787362,0.0,5.001231735320708,37.5,1.0002463470641416,0.0,1.0002463470641416,0.0
2026-03-07T15:40:05+00:00,1772898005.7507496,0.0,200721.7545001315,0.0,4.000353844470095,37.5,1.0000884611175238,0.0,1.0000884611175238,0.0
2026-03-07T15:40:06+00:00,1772898006.750889,0.0,143340.00767123993,0.0,4.999302722908759,37.5,0.9998605445817518,0.0,0.9998605445817518,0.0
2026-03-07T15:40:07+00:00,1772898007.7509193,0.0,65534.01568508339,0.0,0.9999697217572538,37.5,0.0,0.0,0.0,0.0
2026-03-07T15:40:08+00:00,1772898008.750733,0.0,266289.6479284,0.0,5.000932390482272,37.5,0.0,0.0,0.0,0.0
2026-03-07T15:40:09+00:00,1772898009.7511206,0.0,102360.3181177951,0.0,4.998062408095464,37.5,0.0,0.0,0.0,0.0
2026-03-07T15:40:10+00:00,1772898010.7507727,0.0,266332.64453133853,0.0,5.001739868752601,37.5,1.0003479737505203,0.0,1.0003479737505203,0.0
2026-03-07T15:40:11+00:00,1772898011.7510266,0.0,233412.73282230954,0.0,4.998730743350585,37.5,0.999746148670117,0.0,0.999746148670117,0.0
2026-03-07T15:40:12+00:00,1772898012.7509468,0.0,352284.13701293455,0.0,11.000878642641373,37.5,98.0078279071686,108.00862667320622,3.0002396298112837,2.0001597532075226
2026-03-07T15:40:13+00:00,1772898013.7506616,0.0,700615.779623134,0.0,62.017684257119065,37.5,1.0002852299535332,0.0,1.0002852299535332,0.0
2026-03-07T15:40:14+00:00,1772898014.750813,0.0,196578.2388807084,0.0,2.9995458813584657,37.5,0.9998486271194885,0.0,0.9998486271194885,0.0
2026-03-07T15:40:15+00:00,1772898015.7510731,0.0,225221.4166055878,0.0,13.996359341611457,37.5,55.98543736644583,65.9828368961683,1.9994799059444939,0.9997399529722469
2026-03-07T15:40:16+00:00,1772898016.751178,0.0,159727.2439452801,0.0,4.999475534144635,37.5,0.0,0.0,0.0,0.0
2026-03-07T15:40:17+00:00,1772898017.7511115,0.0,200717.35147406132,0.0,4.000266092834449,37.5,55.00365877647367,66.00439053176841,1.0000665232086123,1.0000665232086123
2026-03-07T15:40:18+00:00,1772898018.7506223,0.0,196704.2345813181,0.0,3.001468423176851,37.5,0.0,0.0,0.0,0.0
2026-03-07T15:40:19+00:00,1772898019.7509847,20472.580813685225,266143.55057790794,1.999275470086448,4.998188675216119,37.5,1883.317492821434,4522.361113335545,13.994928290605134,13.994928290605134
2026-03-07T15:40:20+00:00,1772898020.7506359,16389.716837819513,344184.0535942098,1.0003489280895699,19.006629633701827,37.5,867.302520653657,1681.586548118567,7.002442496626989,9.003140352806128
2026-03-07T15:40:21+00:00,1772898021.751185,0.0,225156.37159257467,0.0,9.994512233335168,37.5,0.0,0.0,0.0,0.0
2026-03-07T15:40:22+00:00,1772898022.7509232,0.0,200756.5547736028,0.0,15.003927782226773,37.5,6618.732675666304,1475.3862319189661,17.004451486523678,19.00497519082058
2026-03-07T15:40:23+00:00,1772898023.7507539,0.0,1061043.610482083,0.0,38.00643362232968,37.5,0.0,54.00914251594217,0.0,1.000169305850781
2026-03-07T15:40:24+00:00,1772898024.750698,0.0,167945.36966335803,0.0,6.00033475836121,37.5,3352.187018337796,0.0,18.00100427508363,0.0
2026-03-07T15:40:25+00:00,1772898025.7507303,0.0,139259.51772239385,0.0,3.999871258111037,37.5,4631.850916892581,0.0,26.9991309922495,0.0
2026-03-07T15:40:26+00:00,1772898026.7511115,0.0,241571.90522659844,0.0,6.997332397817585,37.5,0.0,0.0,0.0,0.0
2026-03-07T15:40:27+00:00,1772898027.7506564,0.0,200795.39022825856,0.0,5.002276741576116,37.5,5003.277196924431,0.0,27.012294404511024,0.0
2026-03-07T15:40:28+00:00,1772898028.7508597,0.0,135140.51633156996,0.0,2.9993900109101994,37.5,4631.0581768453485,0.0,26.994510098191796,0.0
2026-03-07T15:40:29+00:00,1772898029.7507043,0.0,245798.20906455757,0.0,8.001243784653568,37.5,0.0,0.0,0.0,0.0
2026-03-07T15:40:30+00:00,1772898030.7511265,8188.542475527725,335730.24149663677,1.999155877814386,40.98269549519492,37.5,4998.889272474872,0.0,26.98860435049421,0.0
2026-03-07T15:40:31+00:00,1772898031.7508729,0.0,233531.24159075084,0.0,8.002029933893601,37.5,4633.175331724395,0.0,27.0068510268909,0.0
2026-03-07T15:40:32+00:00,1772898032.7510493,36857.49724103013,311241.0878131433,1.9996472027468604,8.99841241236087,37.5,0.0,0.0,0.0,0.0
2026-03-07T15:40:33+00:00,1772898033.750821,0.0,196652.8696127461,0.0,3.0006846559562086,37.5,1649.3763325572627,0.0,9.002053967868626,0.0
2026-03-07T15:40:34+00:00,1772898034.7507606,0.0,200716.15503296338,0.0,14.000847867812734,37.5,228.01380813295026,112.00678294250187,4.000242247946495,2.0001211239732477
2026-03-07T15:40:35+00:00,1772898035.750794,0.0,704488.4851598925,0.0,57.998064105755134,37.5,0.0,0.0,0.0,0.0
2026-03-07T15:40:36+00:00,1772898036.7509022,0.0,241637.8446279857,0.0,9.998917696801579,37.5,54.994047332408684,65.99285679889043,0.9998917696801579,0.9998917696801579
2026-03-07T15:40:37+00:00,1772898037.7508264,0.0,143370.8699647543,0.0,4.000303291427296,37.5,0.0,0.0,0.0,0.0
2026-03-07T15:40:38+00:00,1772898038.750877,0.0,147448.54725169722,0.0,5.999696746895232,37.5,0.0,0.0,0.0,0.0
2026-03-07T15:40:39+00:00,1772898039.7508028,0.0,69637.1634687993,0.0,2.000148307352921,37.5,0.0,0.0,0.0,0.0
2026-03-07T15:40:40+00:00,1772898040.7507694,0.0,462863.44973444054,0.0,8.000267037721938,37.5,0.0,0.0,0.0,0.0
2026-03-07T15:40:41+00:00,1772898041.75102,0.0,65519.58223892853,0.0,0.9997494848469319,37.5,0.0,0.0,0.0,0.0
2026-03-07T15:40:42+00:00,1772898042.750658,0.0,163899.31834345945,0.0,5.0018102521807695,37.5,0.0,0.0,0.0,0.0
2026-03-07T15:40:43+00:00,1772898043.7507694,0.0,200681.6558081478,0.0,4.9994433545955195,37.5,0.0,0.0,0.0,0.0
2026-03-07T15:40:44+00:00,1772898044.7507272,0.0,131077.53148342908,0.0,2.000084403738847,37.5,0.0,0.0,0.0,0.0
2026-03-07T15:40:45+00:00,1772898045.751087,0.0,135119.387606645,0.0,2.9989210672639603,37.5,0.0,0.0,0.0,0.0
2026-03-07T15:40:46+00:00,1772898046.7506695,0.0,409771.0675094626,0.0,37.015452875610634,37.5,0.0,142.0593056307219,0.0,1.000417645286774
2026-03-07T15:40:47+00:00,1772898047.7510147,0.0,229296.83982847413,0.0,5.997929334240918,37.5,0.0,0.0,0.0,0.0
2026-03-07T15:40:48+00:00,1772898048.7507648,0.0,131104.7581850476,0.0,2.0004998502357116,37.5,0.0,0.0,0.0,0.0
2026-03-07T15:40:49+00:00,1772898049.7511406,0.0,135117.2300142044,0.0,2.998873180357875,37.5,0.0,0.0,0.0,0.0
2026-03-07T15:40:50+00:00,1772898050.7510788,0.0,204812.64726534885,0.0,6.000370525352017,37.5,0.0,0.0,0.0,0.0
2026-03-07T15:40:51+00:00,1772898051.7511299,0.0,147448.47694633805,0.0,3.9997959241085628,37.5,0.0,0.0,0.0,0.0
2026-03-07T15:40:52+00:00,1772898052.7508924,0.0,143394.05105468046,0.0,4.00095008523104,37.5,0.0,0.0,0.0,0.0
2026-03-07T15:40:53+00:00,1772898053.750719,0.0,147481.5630245969,0.0,5.000866801778052,37.5,54.009361459202964,54.009361459202964,1.0001733603556104,1.0001733603556104
2026-03-07T15:40:54+00:00,1772898054.750838,0.0,266208.32896324334,0.0,4.999405216407063,37.5,0.0,0.0,0.0,0.0
2026-03-07T15:40:55+00:00,1772898055.7508721,16383.441425293966,110588.22962073427,0.9999659073055399,5.999795443833239,37.5,0.0,0.0,0.0,0.0
2026-03-07T15:40:56+00:00,1772898056.7511284,0.0,196557.6222868065,0.0,2.999231297100929,37.5,0.0,0.0,0.0,0.0
2026-03-07T15:40:57+00:00,1772898057.750734,0.0,258149.79990984223,0.0,14.00552299858085,37.5,0.0,0.0,0.0,0.0
2026-03-07T15:40:58+00:00,1772898058.7509584,16380.32504323347,266180.2819525439,0.9997756984395428,4.998878492197714,37.5,0.0,0.0,0.0,0.0
2026-03-07T15:40:59+00:00,1772898059.7509484,0.0,143361.4355612501,0.0,4.000040054722381,37.5,0.0,0.0,0.0,0.0
2026-03-07T15:41:00+00:00,1772898060.7508419,0.0,139278.84337877997,0.0,4.000426337855583,37.5,811.0864400002193,342.0364518866523,49.005222638730885,1.0001065844638957
2026-03-07T15:41:01+00:00,1772898061.7509313,0.0,237546.76166448017,0.0,6.999374207180097,37.5,0.0,0.0,0.0,0.0
2026-03-07T15:41:02+00:00,1772898062.7509937,0.0,196595.71951710858,0.0,15.999000611743861,37.5,107.99325412927107,278.9825731672836,1.9998750764679827,3.9997501529359654
2026-03-07T15:41:03+00:00,1772898063.7510028,0.0,131070.81251075854,0.0,1.9999818803521505,37.5,83.99923897479033,53.99951076950806,0.9999909401760753,0.9999909401760753
2026-03-07T15:41:04+00:00,1772898064.7507956,0.0,77840.12736479759,0.0,4.000828914720271,37.5,1.0002072286800678,0.0,1.0002072286800678,0.0
2026-03-07T15:41:05+00:00,1772898065.7508411,0.0,577509.7013928972,0.0,31.99854285200006,37.5,427.98051064550083,0.0,5.9997267847500115,0.0
2026-03-07T15:41:06+00:00,1772898066.7509708,0.0,405451.4130705093,0.0,9.998703171128012,37.5,427.9444957242789,0.0,5.999221902676807,0.0
2026-03-07T15:41:07+00:00,1772898067.750984,0.0,229372.992226941,0.0,4.999934435750492,37.5,427.99438770024216,0.0,5.999921322900591,0.0
2026-03-07T15:41:08+00:00,1772898068.7510557,0.0,135158.3005007623,0.0,2.999784723472174,37.5,482.9653404790201,65.99526391638784,6.99949768810174,0.9999282411573914
2026-03-07T15:41:09+00:00,1772898069.7508368,0.0,135197.59046078753,0.0,3.0006567485082463,37.5,1.0002189161694153,0.0,1.0002189161694153,0.0
2026-03-07T15:41:10+00:00,1772898070.750782,0.0,397333.7883041644,0.0,6.000329035682251,37.5,0.0,0.0,0.0,0.0
2026-03-07T15:41:11+00:00,1772898071.7507246,0.0,196619.29752414307,0.0,3.0001723865378276,37.5,0.0,0.0,0.0,0.0
2026-03-07T15:41:12+00:00,1772898072.751063,0.0,143311.48126997869,0.0,4.998307800989769,37.5,0.0,0.0,0.0,0.0
2026-03-07T15:41:13+00:00,1772898073.7511325,0.0,417763.0156828013,0.0,5.99958375004023,37.5,0.999930625006705,0.0,0.999930625006705,0.0
2026-03-07T15:41:14+00:00,1772898074.7508938,0.0,262206.57743454265,0.0,4.000954855873759,37.5,1.0002387139684397,0.0,1.0002387139684397,0.0
2026-03-07T15:41:15+00:00,1772898075.7508097,0.0,135179.37693406528,0.0,3.0002525065266616,37.5,1.0000841688422206,0.0,1.0000841688422206,0.0
2026-03-07T15:41:16+00:00,1772898076.7510765,0.0,200650.4683832834,0.0,3.998933123072453,37.5,0.9997332807681133,0.0,0.9997332807681133,0.0
2026-03-07T15:41:17+00:00,1772898077.7508252,0.0,245821.7733357181,0.0,9.002262207118584,37.5,1.0002513563465092,0.0,1.0002513563465092,0.0
2026-03-07T15:41:18+00:00,1772898078.751014,57333.17391926192,131047.25467259868,0.9998112081344503,1.9996224162689007,37.5,0.9998112081344503,0.0,0.9998112081344503,0.0
2026-03-07T15:41:19+00:00,1772898079.7506084,16390.647227032943,200785.42853115356,1.000405714540585,23.009331434433452,37.5,0.0,0.0,0.0,0.0
2026-03-07T15:41:20+00:00,1772898080.7508302,0.0,266180.9798833629,0.0,4.998891599372049,37.5,0.0,0.0,0.0,0.0
2026-03-07T15:41:21+00:00,1772898081.7507987,0.0,135172.25404012998,0.0,3.000094416728737,37.5,55.001730973360175,66.00207716803222,1.0000314722429122,1.0000314722429122
2026-03-07T15:41:22+00:00,1772898082.7509556,0.0,241626.093837322,0.0,4.999215725911224,37.5,0.9998431451822448,0.0,0.9998431451822448,0.0
2026-03-07T15:41:23+00:00,1772898083.7510173,0.0,204787.3542965024,0.0,3.9997530136035624,37.5,0.9999382534008906,0.0,0.9999382534008906,0.0
2026-03-07T15:41:24+00:00,1772898084.7508583,0.0,69643.07500339205,0.0,2.0003181009705897,37.5,1.0001590504852949,0.0,1.0001590504852949,0.0
2026-03-07T15:41:25+00:00,1772898085.7506933,0.0,200737.11874536794,0.0,4.000660051525988,37.5,1.000165012881497,0.0,1.000165012881497,0.0
2026-03-07T15:41:26+00:00,1772898086.750735,0.0,262133.06295632903,0.0,3.9998331139576573,37.5,0.9999582784894143,0.0,0.9999582784894143,0.0
2026-03-07T15:41:27+00:00,1772898087.7508025,0.0,147446.05145250296,0.0,4.9996626604716985,37.5,0.9999325320943396,0.0,0.9999325320943396,0.0
2026-03-07T15:41:28+00:00,1772898088.7510524,0.0,200653.86408959248,0.0,3.999000798979442,37.5,0.0,0.0,0.0,0.0
2026-03-07T15:41:29+00:00,1772898089.7506738,0.0,131121.6437955731,0.0,2.0007575042049117,37.5,0.0,0.0,0.0,0.0
2026-03-07T15:41:30+00:00,1772898090.7511437,0.0,135104.51128012344,0.0,2.998590893113535,37.5,0.0,0.0,0.0,0.0
2026-03-07T15:41:31+00:00,1772898091.750674,0.0,266365.1075892331,0.0,5.002349526540586,37.5,0.0,0.0,0.0,0.0
2026-03-07T15:41:32+00:00,1772898092.7509995,0.0,229301.37584828545,0.0,7.997397316137188,37.5,0.0,0.0,0.0,0.0
2026-03-07T15:41:33+00:00,1772898093.750977,0.0,196612.4063487522,0.0,3.0000672355461457,37.5,0.0,0.0,0.0,0.0
2026-03-07T15:41:34+00:00,1772898094.7507203,0.0,151590.92503410857,0.0,7.0017978993267,37.5,270.0693475454584,154.0395537851874,5.0012842138047855,3.0007705282828714
2026-03-07T15:41:35+00:00,1772898095.7508757,0.0,647067.414073473,0.0,40.99362758512842,37.5,0.0,0.0,0.0,0.0
2026-03-07T15:41:36+00:00,1772898096.7506733,0.0,356424.1464396303,0.0,13.002631958611694,37.5,0.0,0.0,0.0,0.0
2026-03-07T15:41:37+00:00,1772898097.7507064,0.0,225272.53442709794,0.0,4.999834304578701,37.5,0.0,0.0,0.0,0.0
2026-03-07T15:41:38+00:00,1772898098.7509782,0.0,69613.07936132624,0.0,1.9994565533469164,37.5,54.9850552170402,65.98206626044824,0.9997282766734582,0.9997282766734582
2026-03-07T15:41:39+00:00,1772898099.7505996,0.0,331901.6608575444,0.0,6.002272512614734,37.5,0.0,0.0,0.0,0.0
2026-03-07T15:41:40+00:00,1772898100.7508142,0.0,192470.70026821105,0.0,3.999141877248401,37.5,0.0,0.0,0.0,0.0
2026-03-07T15:41:41+00:00,1772898101.750603,0.0,196649.54002486754,0.0,3.000633850477105,37.5,0.0,0.0,0.0,0.0
2026-03-07T15:41:42+00:00,1772898102.7507737,0.0,77810.71711124142,0.0,3.999317285734037,37.5,0.0,0.0,0.0,0.0
2026-03-07T15:41:43+00:00,1772898103.7507315,0.0,200712.4700840008,0.0,4.000168807477694,37.5,0.0,0.0,0.0,0.0
2026-03-07T15:41:44+00:00,1772898104.7507756,0.0,196599.3285074773,0.0,2.999867683524739,37.5,0.0,0.0,0.0,0.0
2026-03-07T15:41:45+00:00,1772898105.750853,0.0,135157.52717868492,0.0,2.9997675598962386,37.5,0.0,0.0,0.0,0.0
2026-03-07T15:41:46+00:00,1772898106.7509694,0.0,135152.27526704542,0.0,2.9996509958062285,37.5,0.0,0.0,0.0,0.0
2026-03-07T15:41:47+00:00,1772898107.7511635,0.0,290759.57149810804,0.0,6.998641754534676,37.5,0.0,0.0,0.0,0.0
2026-03-07T15:41:48+00:00,1772898108.7507339,0.0,65564.16835197693,0.0,1.0004298149410542,37.5,0.0,0.0,0.0,0.0
2026-03-07T15:41:49+00:00,1772898109.750892,0.0,200672.27942818144,0.0,3.9993678138588455,37.5,0.0,0.0,0.0,0.0
2026-03-07T15:41:50+00:00,1772898110.7507443,0.0,204830.2290706145,0.0,5.0007380144193,37.5,0.0,0.0,0.0,0.0
2026-03-07T15:41:51+00:00,1772898111.751036,0.0,233403.94269611422,0.0,9.997084990753248,37.5,0.0,0.0,0.0,0.0
2026-03-07T15:41:52+00:00,1772898112.7508097,0.0,229427.91018265803,0.0,5.001131552181964,37.5,0.0,0.0,0.0,0.0
2026-03-07T15:41:53+00:00,1772898113.7511947,0.0,217004.44330598373,0.0,3.998460408792448,37.5,54.97883062089616,65.97459674507539,0.999615102198112,0.999615102198112
2026-03-07T15:41:54+00:00,1772898114.7511373,0.0,331795.0645719914,0.0,6.000344773075655,37.5,0.0,0.0,0.0,0.0
2026-03-07T15:41:55+00:00,1772898115.7509997,0.0,73738.14397360629,0.0,2.000275172895136,37.5,0.0,0.0,0.0,0.0
2026-03-07T15:41:56+00:00,1772898116.7508407,0.0,131092.84706520857,0.0,2.0003181009705897,37.5,0.0,0.0,0.0,0.0
2026-03-07T15:41:57+00:00,1772898117.7507362,0.0,208917.8167313882,0.0,6.000626629463126,37.5,0.0,0.0,0.0,0.0
2026-03-07T15:41:58+00:00,1772898118.7509437,0.0,200662.3777740804,0.0,3.9991704754081714,37.5,0.0,0.0,0.0,0.0
2026-03-07T15:41:59+00:00,1772898119.750801,0.0,65545.34508236867,0.0,1.0001425946406353,37.5,0.0,0.0,0.0,0.0
2026-03-07T15:42:00+00:00,1772898120.7511573,0.0,135119.870659169,0.0,2.9989317884226074,37.5,0.0,141.94943798533677,0.0,0.9996439294742026
2026-03-07T15:42:01+00:00,1772898121.750767,0.0,200782.36359243412,0.0,4.001561774402784,37.5,0.0,0.0,0.0,0.0
2026-03-07T15:42:02+00:00,1772898122.750832,0.0,376807.4742525885,0.0,9.999349159641127,37.5,0.0,0.0,0.0,0.0
2026-03-07T15:42:03+00:00,1772898123.7508404,0.0,196606.35938869033,0.0,2.999974966258092,37.5,0.0,0.0,0.0,0.0
2026-03-07T15:42:04+00:00,1772898124.750821,0.0,167939.2432266954,0.0,6.000115873667185,37.5,0.0,0.0,0.0,0.0
2026-03-07T15:42:05+00:00,1772898125.7509387,0.0,552895.0125214641,0.0,25.996944309819998,37.5,0.0,0.0,0.0,0.0
2026-03-07T15:42:06+00:00,1772898126.75086,0.0,110600.70185652081,0.0,7.0005507902528725,37.5,55.00432763770114,66.00519316524137,1.000078684321839,1.000078684321839
2026-03-07T15:42:07+00:00,1772898127.7511592,0.0,200643.96425267766,0.0,3.9988034967450106,37.5,0.0,0.0,0.0,0.0
2026-03-07T15:42:08+00:00,1772898128.7509284,0.0,299077.02374243323,0.0,13.003000951986676,37.5,0.0,0.0,0.0,0.0
2026-03-07T15:42:09+00:00,1772898129.7509537,0.0,352247.0978812276,0.0,4.999873641346459,37.5,0.0,0.0,0.0,0.0
2026-03-07T15:42:10+00:00,1772898130.75112,0.0,69620.41403746649,0.0,1.9996672230430403,37.5,0.0,0.0,0.0,0.0
2026-03-07T15:42:11+00:00,1772898131.7508101,0.0,196668.95639307762,0.0,3.0009301207439822,37.5,0.0,0.0,0.0,0.0
2026-03-07T15:42:12+00:00,1772898132.750845,0.0,495598.7486473793,0.0,10.999617113089917,37.5,0.0,0.0,0.0,0.0
2026-03-07T15:42:13+00:00,1772898133.7507606,0.0,126986.71770145089,0.0,3.0002532219029794,37.5,409.03452258610616,384.03241240358136,2.0001688146019863,2.0001688146019863
2026-03-07T15:42:14+00:00,1772898134.750843,0.0,352226.94380317786,0.0,6.999422597832954,37.5,525.9566123514477,752.9378880240306,5.999505083856818,4.999587569880681
2026-03-07T15:42:15+00:00,1772898135.7509391,0.0,131059.40745992509,0.0,1.9998078530872359,37.5,0.0,0.0,0.0,0.0
2026-03-07T15:42:16+00:00,1772898136.7509494,0.0,200701.94240390699,0.0,3.999958992424804,37.5,0.0,0.0,0.0,0.0
2026-03-07T15:42:17+00:00,1772898137.7506356,0.0,213058.84909949658,0.0,7.002197001279279,37.5,0.0,0.0,0.0,0.0
2026-03-07T15:42:18+00:00,1772898138.7510302,0.0,65510.15082463866,0.0,0.9996055728857217,37.5,0.0,0.0,0.0,0.0
2026-03-07T15:42:19+00:00,1772898139.7509289,0.0,135181.69767701929,0.0,3.0003040144935036,37.5,0.0,0.0,0.0,0.0
2026-03-07T15:42:20+00:00,1772898140.751105,0.0,155620.58100286458,0.0,3.9992953588318403,37.5,0.0,0.0,0.0,0.0
2026-03-07T15:42:21+00:00,1772898141.7507546,0.0,135215.38965577935,0.0,3.001051794561864,37.5,0.0,0.0,0.0,0.0
2026-03-07T15:42:22+00:00,1772898142.7510104,0.0,356260.86022972426,0.0,6.998209696053537,37.5,0.0,0.0,0.0,0.0
2026-03-07T15:42:23+00:00,1772898143.750806,0.0,200745.01716988435,0.0,4.000817465917657,37.5,55.01124015636778,66.01348818764134,1.0002043664794142,1.0002043664794142
2026-03-07T15:42:24+00:00,1772898144.7509453,0.0,147435.4716083004,0.0,5.999164697603368,37.5,0.0,53.992482278430316,0.0,0.9998607829338948
2026-03-07T15:42:25+00:00,1772898145.7507477,0.0,266292.63247306825,0.0,5.00098844037463,37.5,0.0,0.0,0.0,0.0
2026-03-07T15:42:26+00:00,1772898146.7509062,0.0,65525.611022155346,0.0,0.9998414767784934,37.5,0.0,0.0,0.0,0.0
2026-03-07T15:42:27+00:00,1772898147.750814,0.0,421926.93034983764,0.0,9.000830488538519,37.5,0.0,0.0,0.0,0.0
2026-03-07T15:42:28+00:00,1772898148.7507102,0.0,69639.22242874063,0.0,2.0002074456784418,37.5,0.0,0.0,0.0,0.0
2026-03-07T15:42:29+00:00,1772898149.750746,0.0,290805.5999813086,0.0,5.999785430952396,37.5,0.0,0.0,0.0,0.0
2026-03-07T15:42:30+00:00,1772898150.751079,0.0,131028.35828577871,0.0,1.9993340802883715,37.5,0.0,0.0,0.0,0.0
2026-03-07T15:42:31+00:00,1772898151.750975,0.0,135182.08447525874,0.0,3.000312599326588,37.5,0.0,0.0,0.0,0.0
2026-03-07T15:42:32+00:00,1772898152.7511573,0.0,81905.06131841932,0.0,4.999088215235554,37.5,189.96535217895104,0.0,1.9996352860942215,0.0
2026-03-07T15:42:33+00:00,1772898153.7508743,0.0,196663.65637591318,0.0,3.0008492489000425,37.5,5897.669057171551,6309.785687353823,10.00283082966681,16.004529327466894
2026-03-07T15:42:34+00:00,1772898154.751016,0.0,184293.90018064802,0.0,12.998159192428517,37.5,227.96771506720782,119.98300793010938,3.999433597670313,1.9997167988351565
2026-03-07T15:42:35+00:00,1772898155.7507522,0.0,704697.8224371948,0.0,36.00949537799074,37.5,0.0,0.0,0.0,0.0
2026-03-07T15:42:36+00:00,1772898156.7512994,0.0,159656.64057395048,0.0,5.996718771557635,37.5,0.0,0.0,0.0,0.0
2026-03-07T15:42:37+00:00,1772898157.7507207,0.0,319672.97617558914,0.0,9.005210792205974,37.5,0.0,0.0,0.0,0.0
2026-03-07T15:42:38+00:00,1772898158.7510195,0.0,77800.75791986618,0.0,3.998805402953648,37.5,0.0,0.0,0.0,0.0
2026-03-07T15:42:39+00:00,1772898159.7506752,0.0,135214.5511827249,0.0,3.0010331849859044,37.5,0.0,0.0,0.0,0.0
2026-03-07T15:42:40+00:00,1772898160.750875,0.0,81903.63608192523,0.0,4.999001225703444,37.5,0.0,0.0,0.0,0.0
2026-03-07T15:42:41+00:00,1772898161.750806,0.0,196621.54780848423,0.0,3.00020672315192,37.5,0.0,0.0,0.0,0.0
2026-03-07T15:42:42+00:00,1772898162.7510962,0.0,208835.40527719917,0.0,6.997969501284823,37.5,0.0,0.0,0.0,0.0
2026-03-07T15:42:43+00:00,1772898163.7507138,0.0,200780.78326996922,0.0,4.001530278817945,37.5,0.0,0.0,0.0,0.0
2026-03-07T15:42:44+00:00,1772898164.7510195,0.0,335769.3712125076,0.0,30.990527664073625,37.5,0.0,0.0,0.0,0.0
2026-03-07T15:42:45+00:00,1772898165.7509587,0.0,196619.95385175518,0.0,3.0001824013024168,37.5,0.0,0.0,0.0,0.0
2026-03-07T15:42:46+00:00,1772898166.750715,0.0,77842.9675123209,0.0,4.000974892697415,37.5,0.0,0.0,0.0,0.0
2026-03-07T15:42:47+00:00,1772898167.750797,0.0,221165.86086269934,0.0,5.999507944409161,37.5,0.0,0.0,0.0,0.0
2026-03-07T15:42:48+00:00,1772898168.7508996,32063784.8211324,847785.0850823914,1154.881601550897,63.993439393296455,37.5,1507.8454157045476,1298.866840185814,10.998872395722827,12.998667376763342
2026-03-07T15:42:49+00:00,1772898169.750818,1741453.9966857114,491560.0813932029,97.00790994291317,32.002609465703316,37.5,2088.170267637141,5153.420205524037,11.000897003835513,12.000978549638743
2026-03-07T15:42:50+00:00,1772898170.7509224,440274.023355906,253925.48323782487,18.99801608775939,22.997598422024524,37.5,53.99436151257932,385.9596952565855,0.9998955835662837,4.999477917831419
2026-03-07T15:42:51+00:00,1772898171.7509103,12023442.197212232,176130.1416276033,45.000547177292354,21.0002553494031,37.5,55.000668772246215,66.00080252669545,1.0000121594953857,1.0000121594953857
2026-03-07T15:42:52+00:00,1772898172.7510986,278475.5489416924,421808.5520734458,9.998116847918068,48.99077255479853,37.5,341.93559619879795,501.905465765487,1.9996233695836136,3.9992467391672273
2026-03-07T15:42:53+00:00,1772898173.7508051,1668585.7186803091,614580.3752045338,126.03699100874228,60.01761476606775,37.5,0.0,54.01585328946098,0.0,1.0002935794344625
2026-03-07T15:42:54+00:00,1772898174.7508078,36863.90332056605,81919.78515681345,2.999992132207524,18.99995017064765,37.5,0.0,0.0,0.0,0.0
2026-03-07T15:42:55+00:00,1772898175.7507951,57344.724618531414,208898.639681793,2.000025272688735,17.00021481785425,37.5,0.0,0.0,0.0,0.0
2026-03-07T15:42:56+00:00,1772898176.7508116,5504933.438989809,32767.460946367908,105.99825623519892,4.999917746943345,37.5,2923.9518984124684,11268.814618060911,11.999802592664029,19.99967098777338
2026-03-07T15:42:57+00:00,1772898177.7509475,241631.16266567243,196581.28488054706,4.999320599379147,20.997146517392416,37.5,107.98532494658957,341.9535289975337,1.999728239751659,1.999728239751659
2026-03-07T15:42:58+00:00,1772898178.751189,49140.13177264078,331695.8894653253,1.9995170805924796,24.993963507405997,37.5,0.0,0.0,0.0,0.0
2026-03-07T15:42:59+00:00,1772898179.7510881,0.0,106506.74131764827,0.0,16.00161377969475,37.5,0.0,0.0,0.0,0.0
2026-03-07T15:43:00+00:00,1772898180.7507403,0.0,0.0,0.0,0.0,37.5,0.0,0.0,0.0,0.0
2026-03-07T15:43:01+00:00,1772898181.7510111,0.0,475007.34734473616,0.0,36.989981503727854,37.5,0.0,0.0,0.0,0.0
2026-03-07T15:43:02+00:00,1772898182.7507868,0.0,278590.5023037595,0.0,23.00516125124393,37.5,0.0,0.0,0.0,0.0
2026-03-07T15:43:03+00:00,1772898183.7507873,24575.988281255588,0.0,0.9999995231630692,0.0,37.5,0.0,0.0,0.0,0.0
2026-03-07T15:43:04+00:00,1772898184.7508554,81914.41444336633,4095.720722168317,1.9998636338712485,0.9999318169356243,37.5,0.9999318169356243,0.0,0.9999318169356243,0.0
2026-03-07T15:43:05+00:00,1772898185.751297,0.0,24565.153226905768,0.0,3.998234574691694,37.5,426.8115408483383,0.0,4.997793218364618,0.0
2026-03-07T15:43:06+00:00,1772898186.750725,0.0,4098.344114191519,0.0,1.0005722935037888,37.5,429.2455139131254,0.0,7.004006054526522,0.0
2026-03-07T15:43:07+00:00,1772898187.7508204,0.0,4095.6094122493505,0.0,0.9999046416624391,37.5,427.95918663152395,0.0,5.9994278499746345,0.0
2026-03-07T15:43:08+00:00,1772898188.7510307,0.0,4095.138852961466,0.0,0.9997897590237954,37.5,426.91022710316065,0.0,4.998948795118977,0.0
2026-03-07T15:43:09+00:00,1772898189.7509844,92164.26289248494,4096.18946188822,5.000231276719018,1.0000462553438036,37.5,0.0,0.0,0.0,0.0
2026-03-07T15:43:10+00:00,1772898190.7507923,0.0,8193.57452131848,0.0,2.0003844046187695,37.5,0.0,0.0,0.0,0.0
2026-03-07T15:43:11+00:00,1772898191.7511253,0.0,0.0,0.0,0.0,37.5,0.0,0.0,0.0,0.0
2026-03-07T15:43:12+00:00,1772898192.7506673,0.0,118838.42824856412,0.0,5.002291059762431,37.5,0.0,0.0,0.0,0.0
2026-03-07T15:43:13+00:00,1772898193.7511232,0.0,4094.1336632813945,0.0,0.9995443513870592,37.5,0.9995443513870592,0.0,0.9995443513870592,0.0
2026-03-07T15:43:14+00:00,1772898194.751006,0.0,4096.480525116529,0.0,1.0001173157022776,37.5,1.0001173157022776,0.0,1.0001173157022776,0.0
2026-03-07T15:43:15+00:00,1772898195.7508068,0.0,0.0,0.0,0.0,37.5,488.0971701471979,632.1258433053875,4.000796476616377,3.0005973574622824
2026-03-07T15:43:16+00:00,1772898196.7509289,0.0,16382.000244110826,0.0,1.9997558891736849,37.5,0.9998779445868424,0.0,0.9998779445868424,0.0
2026-03-07T15:43:17+00:00,1772898197.7508383,0.0,8192.742254747582,0.0,2.000181214537984,37.5,1.000090607268992,0.0,1.000090607268992,0.0
2026-03-07T15:43:18+00:00,1772898198.750896,0.0,0.0,0.0,0.0,37.5,0.9999423060326433,0.0,0.9999423060326433,0.0
2026-03-07T15:43:19+00:00,1772898199.750786,0.0,1130620.267564618,0.0,193.02121514801578,37.5,0.0,0.0,0.0,0.0
2026-03-07T15:43:20+00:00,1772898200.7509916,0.0,12285.475128278595,0.0,2.9993835762398913,37.5,0.0,0.0,0.0,0.0
2026-03-07T15:43:21+00:00,1772898201.7508583,32772.3677696188,118799.83316486815,2.0002665875011476,6.000799762503442,37.5,1569.2091378946502,4193.558900696155,11.00146623125631,9.001199643755164
2026-03-07T15:43:22+00:00,1772898202.7506933,16386.703571050446,221220.498209181,1.000165012881497,8.001320103051976,37.5,1087.179369002187,1657.2734263446405,9.001485115933471,9.001485115933471
2026-03-07T15:43:23+00:00,1772898203.75099,16379.142065827873,593743.8998862604,0.999703495228752,34.98962233300632,37.5,0.999703495228752,131.96086137019526,0.999703495228752,1.999406990457504
2026-03-07T15:43:24+00:00,1772898204.7511208,65527.422997659276,344018.9707377112,0.9998691253304943,18.99751338127939,37.5,10023.687981438205,8274.91688123517,20.99725163194038,26.996466383923345
2026-03-07T15:43:25+00:00,1772898205.7507627,65559.4771572805,114729.08502524087,1.0003582329907303,6.002149397944382,37.5,194.06949720020168,717.2568530543537,4.001432931962921,4.001432931962921
2026-03-07T15:43:26+00:00,1772898206.750746,65537.09376825423,0.0,1.0000166895790745,0.0,37.5,1.0000166895790745,0.0,1.0000166895790745,0.0
2026-03-07T15:43:27+00:00,1772898207.7508008,0.0,417769.0910999887,0.0,22.99873883487415,37.5,0.9999451667336586,0.0,0.9999451667336586,0.0
2026-03-07T15:43:28+00:00,1772898208.7511094,0.0,163789.46871459085,0.0,17.994448467179172,37.5,0.0,0.0,0.0,0.0
2026-03-07T15:43:29+00:00,1772898209.7508085,0.0,4097.2327928029345,0.0,1.000300974805404,37.5,0.0,0.0,0.0,0.0
2026-03-07T15:43:30+00:00,1772898210.7508128,0.0,0.0,0.0,0.0,37.5,0.0,0.0,0.0,0.0
2026-03-07T15:43:31+00:00,1772898211.750759,0.0,4096.220715017699,0.0,1.000053885502368,37.5,0.0,0.0,0.0,0.0
2026-03-07T15:43:32+00:00,1772898212.7511497,122832.00117828102,20472.00019638017,4.998046922944377,4.998046922944377,37.5,0.0,0.0,0.0,0.0
2026-03-07T15:43:33+00:00,1772898213.75071,0.0,106542.84090581663,0.0,3.0013195116948044,37.5,0.0,0.0,0.0,0.0
2026-03-07T15:43:34+00:00,1772898214.7512388,0.0,8187.6702583710985,0.0,1.9989429341726315,37.5,0.0,0.0,0.0,0.0
2026-03-07T15:43:35+00:00,1772898215.7507136,0.0,241790.99736766837,0.0,52.027326631681824,37.5,66.03468380175,108.05675531195456,1.0005255121477274,2.001051024295455
2026-03-07T15:43:36+00:00,1772898216.7508097,0.0,12286.819449367977,0.0,2.9997117796308537,37.5,324.96877612667583,119.98847118523415,5.999423559261707,1.9998078530872359
2026-03-07T15:43:37+00:00,1772898217.7508566,0.0,81916.15252446,0.0,0.9999530337458497,37.5,0.0,0.0,0.0,0.0
2026-03-07T15:43:38+00:00,1772898218.750888,0.0,118780.2618363947,0.0,7.999748237903737,37.5,0.0,0.0,0.0,0.0
2026-03-07T15:43:39+00:00,1772898219.751218,0.0,8189.297766659484,0.0,1.9993402750633507,37.5,0.0,0.0,0.0,0.0
2026-03-07T15:43:40+00:00,1772898220.7508469,0.0,4097.521072461563,0.0,1.0003713555814362,37.5,0.0,0.0,0.0,0.0
2026-03-07T15:43:41+00:00,1772898221.7509882,0.0,0.0,0.0,0.0,37.5,0.0,0.0,0.0,0.0
2026-03-07T15:43:42+00:00,1772898222.7511485,0.0,61430.15782688626,0.0,3.9993592335212407,37.5,4639.256710884639,8588.623953986864,18.996956359225894,24.995995209507754
2026-03-07T15:43:43+00:00,1772898223.7511644,0.0,69630.88771308021,0.0,12.99979234073476,37.5,0.0,0.0,0.0,0.0
2026-03-07T15:43:44+00:00,1772898224.7509189,0.0,12291.01831933711,0.0,2.000491262912941,37.5,0.0,0.0,0.0,0.0
2026-03-07T15:43:45+00:00,1772898225.7509305,0.0,0.0,0.0,0.0,37.5,1622.9810395071659,352.9958761220145,4.999941588130517,3.999953270504414
2026-03-07T15:43:46+00:00,1772898226.7510214,0.0,4095.627963482359,0.0,0.9999091707720603,37.5,0.0,0.0,0.0,0.0
2026-03-07T15:43:47+00:00,1772898227.7510989,0.0,8191.365283556663,0.0,1.9998450399308259,37.5,0.0,0.0,0.0,0.0
2026-03-07T15:43:48+00:00,1772898228.7510514,0.0,262156.4380901289,0.0,9.000427027935638,37.5,0.0,0.0,0.0,0.0
2026-03-07T15:43:49+00:00,1772898229.7511563,2047.7851787856423,38907.918396927205,3.9995804273157076,8.999055961460341,37.5,0.0,0.0,0.0,0.0
2026-03-07T15:43:50+00:00,1772898230.7510822,0.0,12288.911200376348,0.0,3.0002224610293817,37.5,0.0,0.0,0.0,0.0
2026-03-07T15:43:51+00:00,1772898231.7507896,0.0,192568.33386269797,0.0,46.01346075924673,37.5,0.0,0.0,0.0,0.0
2026-03-07T15:43:52+00:00,1772898232.7507305,0.0,53251.148623671215,0.0,4.000236525215686,37.5,0.0,0.0,0.0,0.0
2026-03-07T15:43:53+00:00,1772898233.7508438,0.0,733100.9771756749,0.0,33.99614997595821,37.5,0.0,0.0,0.0,0.0
2026-03-07T15:43:54+00:00,1772898234.750759,0.0,131083.12594433693,0.0,15.001273263283188,37.5,0.0,0.0,0.0,0.0
2026-03-07T15:43:55+00:00,1772898235.7506983,0.0,61443.72092845817,0.0,2.0001211239732477,37.5,0.0,0.0,0.0,0.0
2026-03-07T15:43:56+00:00,1772898236.751073,0.0,0.0,0.0,0.0,37.5,0.0,0.0,0.0,0.0
2026-03-07T15:43:57+00:00,1772898237.7508218,0.0,4097.028578542043,0.0,1.000251117808116,37.5,0.0,0.0,0.0,0.0
2026-03-07T15:43:58+00:00,1772898238.7510197,0.0,78320.50135800191,0.0,27.994460248468823,37.5,0.0,0.0,0.0,0.0
2026-03-07T15:43:59+00:00,1772898239.7509277,0.0,69638.40879292347,0.0,2.0001840760835097,37.5,0.0,0.0,0.0,0.0
2026-03-07T15:44:00+00:00,1772898240.7507057,0.0,0.0,0.0,0.0,37.5,0.0,0.0,0.0,0.0
2026-03-07T15:44:01+00:00,1772898241.7507281,0.0,4095.9082051822456,0.0,0.9999775891558217,37.5,0.0,0.0,0.0,0.0
2026-03-07T15:44:02+00:00,1772898242.7508433,0.0,16382.113498492296,0.0,3.9995394283428456,37.5,0.0,0.0,0.0,0.0
2026-03-07T15:44:03+00:00,1772898243.750907,0.0,94202.00331142326,0.0,2.999809038874297,37.5,0.0,0.0,0.0,0.0
2026-03-07T15:44:04+00:00,1772898244.7510445,0.0,8190.873201885823,0.0,0.999862451402078,37.5,0.0,0.0,0.0,0.0
2026-03-07T15:44:05+00:00,1772898245.7508037,0.0,4096.986565692747,0.0,1.0002408607648308,37.5,0.0,0.0,0.0,0.0
2026-03-07T15:44:06+00:00,1772898246.7509983,0.0,24571.219680009155,0.0,4.999027441408113,37.5,0.0,0.0,0.0,0.0
2026-03-07T15:44:07+00:00,1772898247.7510467,20479.00883703377,0.0,3.999806413483158,0.0,37.5,0.0,0.0,0.0,0.0
2026-03-07T15:44:08+00:00,1772898248.7506304,0.0,225373.81835146944,0.0,22.00916194838569,37.5,0.0,0.0,0.0,0.0
2026-03-07T15:44:09+00:00,1772898249.7509608,0.0,8189.293862987971,0.0,1.9993393220185476,37.5,0.0,0.0,0.0,0.0
2026-03-07T15:44:10+00:00,1772898250.7510061,0.0,12287.443384589416,0.0,2.9998641075657755,37.5,0.0,0.0,0.0,0.0
2026-03-07T15:44:11+00:00,1772898251.7509077,0.0,0.0,0.0,0.0,37.5,0.0,0.0,0.0,0.0
2026-03-07T15:44:12+00:00,1772898252.7508132,0.0,20481.933776325088,0.0,4.000377690688494,37.5,0.0,0.0,0.0,0.0
2026-03-07T15:44:13+00:00,1772898253.7507286,0.0,8192.693418064931,0.0,2.0001692915197586,37.5,0.0,0.0,0.0,0.0
2026-03-07T15:44:14+00:00,1772898254.750863,0.0,4095.449292802539,0.0,0.9998655500006198,37.5,0.0,0.0,0.0,0.0
2026-03-07T15:44:15+00:00,1772898255.7508016,0.0,24577.511811744553,0.0,2.0001230315547325,37.5,0.0,0.0,0.0,0.0
2026-03-07T15:44:16+00:00,1772898256.7508438,0.0,12287.48146719463,0.0,2.999873405076814,37.5,0.0,0.0,0.0,0.0
2026-03-07T15:44:17+00:00,1772898257.7509913,0.0,20476.977985054793,0.0,2.9995573220295104,37.5,0.0,0.0,0.0,0.0
2026-03-07T15:44:18+00:00,1772898258.7508934,0.0,118795.64078911884,0.0,3.0002939989169968,37.5,0.0,0.0,0.0,0.0
2026-03-07T15:44:19+00:00,1772898259.7510302,0.0,4095.439529826612,0.0,0.9998631664615752,37.5,0.0,0.0,0.0,0.0
2026-03-07T15:44:20+00:00,1772898260.7507277,0.0,4097.239632867362,0.0,1.0003026447430083,37.5,0.0,0.0,0.0,0.0
2026-03-07T15:44:21+00:00,1772898261.7506812,0.0,484374.51935750834,0.0,28.001301825965896,37.5,55.0025571581473,66.00306858977676,1.0000464937844964,1.0000464937844964
2026-03-07T15:44:22+00:00,1772898262.7508469,0.0,2047.6607007534446,0.0,2.999502979619304,37.5,0.0,0.0,0.0,0.0
2026-03-07T15:44:23+00:00,1772898263.7510543,0.0,65522.40906908748,0.0,8.998133569668386,37.5,0.0,0.0,0.0,0.0
2026-03-07T15:44:24+00:00,1772898264.7506936,0.0,172094.07903422802,0.0,24.0086605795519,37.5,0.0,0.0,0.0,0.0
2026-03-07T15:44:25+00:00,1772898265.7509916,65516.47456903188,4094.7796605644926,0.9997020655675031,0.9997020655675031,37.5,0.0,0.0,0.0,0.0
2026-03-07T15:44:26+00:00,1772898266.7508209,0.0,12290.098014397217,0.0,2.0003414736974636,37.5,0.0,0.0,0.0,0.0
2026-03-07T15:44:27+00:00,1772898267.7507408,0.0,4096.328151287754,0.0,1.0000801150604868,37.5,55.00440632832678,0.0,1.0000801150604868,0.0
2026-03-07T15:44:28+00:00,1772898268.7507398,16384.0156250149,147456.1406251341,1.000000953675226,9.000008583077033,37.5,0.0,66.00006294256491,0.0,1.000000953675226
2026-03-07T15:44:29+00:00,1772898269.75112,0.0,69605.53057354335,0.0,3.998479467689761,37.5,0.0,0.0,0.0,0.0
2026-03-07T15:44:30+00:00,1772898270.7508051,0.0,0.0,0.0,0.0,37.5,55.01732775925874,66.0207933111105,1.0003150501683409,1.0003150501683409
2026-03-07T15:44:31+00:00,1772898271.7509627,0.0,4095.3545939000683,0.0,0.9998424301513839,37.5,0.0,0.0,0.0,0.0
2026-03-07T15:44:32+00:00,1772898272.750889,0.0,409630.17800450407,0.0,5.000368383844044,37.5,5838.430124976306,72009.30502206131,43.003168101058776,72.00530472735423
2026-03-07T15:44:33+00:00,1772898273.750987,0.0,0.0,0.0,0.0,37.5,0.0,0.0,0.0,0.0
2026-03-07T15:44:34+00:00,1772898274.7509148,0.0,77829.62247648486,0.0,4.000288984194329,37.5,0.0,0.0,0.0,0.0
2026-03-07T15:44:35+00:00,1772898275.750987,0.0,8191.4082458738085,0.0,1.9998555287777853,37.5,227.98353028066754,111.99190961155598,3.9997110575555705,1.9998555287777853
2026-03-07T15:44:36+00:00,1772898276.750768,0.0,53259.66954906358,0.0,3.0006574640773502,37.5,0.0,0.0,0.0,0.0
2026-03-07T15:44:37+00:00,1772898277.7508097,0.0,0.0,0.0,0.0,37.5,0.0,0.0,0.0,0.0
2026-03-07T15:44:38+00:00,1772898278.7508457,0.0,16383.410177484322,0.0,2.9998920002717875,37.5,0.0,0.0,0.0,0.0
2026-03-07T15:44:39+00:00,1772898279.7508779,0.0,106492.57237594825,0.0,3.999871258111037,37.5,0.0,0.0,0.0,0.0
2026-03-07T15:44:40+00:00,1772898280.7508035,0.0,200718.93079815127,0.0,18.00133905834823,37.5,0.0,0.0,0.0,0.0
2026-03-07T15:44:41+00:00,1772898281.750885,0.0,0.0,0.0,0.0,37.5,0.0,0.0,0.0,0.0
2026-03-07T15:44:42+00:00,1772898282.7509296,0.0,4095.817390953992,0.0,0.9999554177133769,37.5,0.0,141.9936693152995,0.0,0.9999554177133769
2026-03-07T15:44:43+00:00,1772898283.7509396,0.0,4095.958984785709,0.0,0.9999899865199485,37.5,0.0,0.0,0.0,0.0
2026-03-07T15:44:44+00:00,1772898284.750632,0.0,98334.24367674423,0.0,4.001230618357106,37.5,0.0,0.0,0.0,0.0
2026-03-07T15:44:45+00:00,1772898285.750782,0.0,0.0,0.0,0.0,37.5,0.0,0.0,0.0,0.0
2026-03-07T15:44:46+00:00,1772898286.7508686,0.0,4095.6455384897063,0.0,0.9999134615453384,37.5,0.0,0.0,0.0,0.0
2026-03-07T15:44:47+00:00,1772898287.7512238,0.0,40945.45438598749,0.0,3.998579529881591,37.5,0.0,0.0,0.0,0.0
2026-03-07T15:44:48+00:00,1772898288.751134,0.0,0.0,0.0,0.0,37.5,0.0,0.0,0.0,0.0
2026-03-07T15:44:49+00:00,1772898289.7509568,0.0,12290.177143482591,0.0,3.0005315291705545,37.5,0.0,0.0,0.0,0.0
2026-03-07T15:44:50+00:00,1772898290.7508056,0.0,286763.3463958776,0.0,10.00151180231158,37.5,0.0,0.0,0.0,0.0
2026-03-07T15:44:51+00:00,1772898291.750782,0.0,483339.4084724042,0.0,27.000637307904597,37.5,0.0,0.0,0.0,0.0
2026-03-07T15:44:52+00:00,1772898292.7512302,0.0,0.0,0.0,0.0,37.5,0.0,0.0,0.0,0.0
2026-03-07T15:44:53+00:00,1772898293.7508912,0.0,53266.05885689127,0.0,7.0023740234044265,37.5,0.0,0.0,0.0,0.0
2026-03-07T15:44:54+00:00,1772898294.7508805,0.0,102401.09864459968,0.0,5.000053644755844,37.5,0.0,0.0,0.0,0.0
2026-03-07T15:44:55+00:00,1772898295.7508006,0.0,4096.327174569006,0.0,1.0000798766037613,37.5,0.0,0.0,0.0,0.0
2026-03-07T15:44:56+00:00,1772898296.7507415,0.0,0.0,0.0,0.0,37.5,0.0,0.0,0.0,0.0
2026-03-07T15:44:57+00:00,1772898297.7513027,0.0,20468.512306697376,0.0,4.997195387377289,37.5,0.0,0.0,0.0,0.0
2026-03-07T15:44:58+00:00,1772898298.750733,0.0,4098.335315085185,0.0,1.000570145284469,37.5,0.0,0.0,0.0,0.0
2026-03-07T15:44:59+00:00,1772898299.7512224,0.0,12281.988294132268,0.0,2.998532298372136,37.5,0.0,0.0,0.0,0.0
2026-03-07T15:45:00+00:00,1772898300.7507992,0.0,0.0,0.0,0.0,37.5,0.0,0.0,0.0,0.0
2026-03-07T15:45:01+00:00,1772898301.750779,0.0,4096.083009494735,0.0,1.0000202659899255,37.5,0.0,0.0,0.0,0.0
2026-03-07T15:45:02+00:00,1772898302.750705,0.0,4096.302756751678,0.0,1.0000739152225777,37.5,0.0,0.0,0.0,0.0
2026-03-07T15:45:03+00:00,1772898303.7507448,0.0,0.0,0.0,0.0,37.5,0.0,0.0,0.0,0.0
2026-03-07T15:45:04+00:00,1772898304.7507455,0.0,159743.88574226922,0.0,4.999996423723871,37.5,0.9999992847447743,0.0,0.9999992847447743,0.0
2026-03-07T15:45:05+00:00,1772898305.7511427,0.0,4094.3736928529042,0.0,0.9996029523566661,37.5,426.8304606562964,0.0,4.99801476178333,0.0
2026-03-07T15:45:06+00:00,1772898306.7507858,0.0,77851.7862844629,0.0,3.0010711201350313,37.5,526.1878030636755,108.03856032486112,9.003213360405093,2.0007140800900207
2026-03-07T15:45:07+00:00,1772898307.7509375,0.0,0.0,0.0,0.0,37.5,427.9351103949043,0.0,5.999090332638846,0.0
2026-03-07T15:45:08+00:00,1772898308.7508569,0.0,40963.301047266476,0.0,2.0001611839485585,37.5,427.0344127730172,0.0,5.000402959871396,0.0
2026-03-07T15:45:09+00:00,1772898309.7507493,0.0,8192.880954101158,0.0,2.000215076684853,37.5,0.0,0.0,0.0,0.0
2026-03-07T15:45:10+00:00,1772898310.7509506,0.0,4095.1759470702823,0.0,0.9997988152027056,37.5,0.0,0.0,0.0,0.0
2026-03-07T15:45:11+00:00,1772898311.751057,0.0,0.0,0.0,0.0,37.5,0.0,0.0,0.0,0.0
2026-03-07T15:45:12+00:00,1772898312.7510743,0.0,4095.928712178233,0.0,0.999982595746639,37.5,4185.92714579543,110.99806812787692,5.999895574479833,0.999982595746639
2026-03-07T15:45:13+00:00,1772898313.7507653,0.0,16389.06406474779,0.0,3.0009272579494244,37.5,2117.6543350263105,6471.999786310926,10.003090859831415,16.004945375730262
2026-03-07T15:45:14+00:00,1772898314.7506795,16385.406370709767,167950.4152997751,1.000085838056016,7.000600866392112,37.5,1.000085838056016,0.0,1.000085838056016,0.0
2026-03-07T15:45:15+00:00,1772898315.750936,0.0,0.0,0.0,0.0,37.5,55.98563753462142,0.0,1.9994870548079078,0.0
2026-03-07T15:45:16+00:00,1772898316.7508082,0.0,4096.523504399862,0.0,1.0001278086913725,37.5,1.0001278086913725,66.00843537363059,1.0001278086913725,1.0001278086913725
2026-03-07T15:45:17+00:00,1772898317.7512,0.0,4094.3961360808416,0.0,0.9996084316603617,37.5,55.97807217298026,65.97415648958388,1.9992168633207235,0.9996084316603617
2026-03-07T15:45:18+00:00,1772898318.7508404,0.0,0.0,0.0,0.0,37.5,1.0003596645293498,0.0,1.0003596645293498,0.0
2026-03-07T15:45:19+00:00,1772898319.7511826,0.0,16378.396448396814,0.0,2.9989739590570337,37.5,0.0,0.0,0.0,0.0
2026-03-07T15:45:20+00:00,1772898320.7507873,0.0,4097.619780921165,0.0,1.0003954543264564,37.5,0.0,0.0,0.0,0.0
2026-03-07T15:45:21+00:00,1772898321.7507813,0.0,4096.02441420802,0.0,1.000005960500005,37.5,0.0,0.0,0.0,0.0
2026-03-07T15:45:22+00:00,1772898322.7511082,0.0,0.0,0.0,0.0,37.5,0.9996732349383591,0.0,0.9996732349383591,0.0
2026-03-07T15:45:23+00:00,1772898323.7506957,0.0,504015.8884809189,0.0,30.012379030161423,37.5,1.000412634338714,0.0,1.000412634338714,0.0
2026-03-07T15:45:24+00:00,1772898324.7508423,0.0,212960.7741098219,0.0,19.997067881406053,37.5,0.9998533940703027,0.0,0.9998533940703027,0.0
2026-03-07T15:45:25+00:00,1772898325.7508347,0.0,69632.53125405314,0.0,7.000053406169176,37.5,1.0000076294527394,0.0,1.0000076294527394,0.0
2026-03-07T15:45:26+00:00,1772898326.750944,0.0,0.0,0.0,0.0,37.5,0.9998908162131726,0.0,0.9998908162131726,0.0
2026-03-07T15:45:27+00:00,1772898327.7506218,163892.790441486,4097.31976103715,3.0009666218533813,1.0003222072844604,37.5,1.0003222072844604,0.0,1.0003222072844604,0.0
2026-03-07T15:45:28+00:00,1772898328.7511673,0.0,4093.766843190856,0.0,0.9994547957008926,37.5,0.0,0.0,0.0,0.0
2026-03-07T15:45:29+00:00,1772898329.7508757,0.0,12291.584052871862,0.0,3.0008750129081694,37.5,0.0,0.0,0.0,0.0
2026-03-07T15:45:30+00:00,1772898330.7511463,0.0,0.0,0.0,0.0,37.5,0.0,0.0,0.0,0.0
2026-03-07T15:45:31+00:00,1772898331.7512925,0.0,12286.20436399576,0.0,2.999561612303652,37.5,0.0,0.0,0.0,0.0
2026-03-07T15:45:32+00:00,1772898332.7510202,0.0,16388.46215242817,0.0,2.000544696341329,37.5,0.0,0.0,0.0,0.0
2026-03-07T15:45:33+00:00,1772898333.7508101,0.0,0.0,0.0,0.0,37.5,0.0,0.0,0.0,0.0
2026-03-07T15:45:34+00:00,1772898334.7510004,0.0,98285.30043274276,0.0,3.999239112660431,37.5,0.0,0.0,0.0,0.0
2026-03-07T15:45:35+00:00,1772898335.750902,0.0,20482.016800150504,0.0,4.000393906279395,37.5,228.02245265792553,112.01102937582307,4.000393906279395,2.0001969531396977
2026-03-07T15:45:36+00:00,1772898336.7508595,0.0,4096.173835502319,0.0,1.0000424403081833,37.5,0.0,0.0,0.0,0.0
2026-03-07T15:45:37+00:00,1772898337.7508287,0.0,0.0,0.0,0.0,37.5,0.0,0.0,0.0,0.0
2026-03-07T15:45:38+00:00,1772898338.7508101,0.0,61441.14259937352,0.0,2.0000371939900234,37.5,0.0,0.0,0.0,0.0
2026-03-07T15:45:39+00:00,1772898339.7512035,16377.55722202865,61415.839582607434,0.9996067640398346,6.997247348278842,37.5,0.0,0.0,0.0,0.0
2026-03-07T15:45:40+00:00,1772898340.750619,0.0,102459.89829793609,0.0,8.004679554526257,37.5,0.0,0.0,0.0,0.0
2026-03-07T15:45:41+00:00,1772898341.7507992,0.0,0.0,0.0,0.0,37.5,0.0,0.0,0.0,0.0
2026-03-07T15:45:42+00:00,1772898342.7510128,16380.500747520977,49141.50224256293,0.9997864225781846,4.998932112890923,37.5,0.0,0.0,0.0,0.0
2026-03-07T15:45:43+00:00,1772898343.7508082,0.0,4096.838062061607,0.0,1.0002046049955096,37.5,0.0,0.0,0.0,0.0
2026-03-07T15:45:44+00:00,1772898344.7507215,0.0,98312.53199044336,0.0,4.000347167579889,37.5,0.0,0.0,0.0,0.0
2026-03-07T15:45:45+00:00,1772898345.7507353,0.0,0.0,0.0,0.0,37.5,0.0,0.0,0.0,0.0
2026-03-07T15:45:46+00:00,1772898346.7506785,0.0,4096.2324350642075,0.0,1.0000567468418475,37.5,0.0,0.0,0.0,0.0
2026-03-07T15:45:47+00:00,1772898347.7509367,0.0,24569.65593495904,0.0,3.998967437330573,37.5,0.0,0.0,0.0,0.0
2026-03-07T15:45:48+00:00,1772898348.7509289,0.0,0.0,0.0,0.0,37.5,0.0,0.0,0.0,0.0
2026-03-07T15:45:49+00:00,1772898349.7508419,0.0,319515.80515405687,0.0,8.000696242839965,37.5,0.0,0.0,0.0,0.0
2026-03-07T15:45:50+00:00,1772898350.7509022,0.0,4095.7529445898576,0.0,0.9999396837377582,37.5,0.0,0.0,0.0,0.0
2026-03-07T15:45:51+00:00,1772898351.7508864,0.0,8192.128908278453,0.0,2.0000314717476693,37.5,55.0008654730609,120.00188830486015,1.0000157358738346,2.0000314717476693
2026-03-07T15:45:52+00:00,1772898352.7507906,18945.815847866736,81927.8523150994,5.000479267279016,13.001246094925442,37.5,91.00872266447809,0.0,1.0000958534558033,0.0
2026-03-07T15:45:53+00:00,1772898353.7507339,0.0,569376.3084739249,0.0,40.0022698736739,37.5,1815.1029955179533,5016.284642158707,10.000567468418476,11.000624215260322
2026-03-07T15:45:54+00:00,1772898354.7507231,0.0,180225.93361449544,0.0,17.00018239216987,37.5,54.00057936336311,54.00057936336311,1.0000107289511688,1.0000107289511688
2026-03-07T15:45:55+00:00,1772898355.7508073,0.0,28669.587117134965,0.0,5.999495071945096,37.5,0.0,0.0,0.0,0.0
2026-03-07T15:45:56+00:00,1772898356.750787,0.0,0.0,0.0,0.0,37.5,0.0,0.0,0.0,0.0
2026-03-07T15:45:57+00:00,1772898357.751267,0.0,49128.42147244834,0.0,11.994243523546958,37.5,0.0,0.0,0.0,0.0
2026-03-07T15:45:58+00:00,1772898358.7507126,0.0,4098.2717671057035,0.0,1.0005546306410409,37.5,0.0,0.0,0.0,0.0
2026-03-07T15:45:59+00:00,1772898359.7508254,0.0,106483.99158858742,0.0,3.999548962912689,37.5,0.0,0.0,0.0,0.0
2026-03-07T15:46:00+00:00,1772898360.7510822,0.0,0.0,0.0,0.0,37.5,0.0,0.0,0.0,0.0
2026-03-07T15:46:01+00:00,1772898361.750885,0.0,4096.807776458533,0.0,1.0001972110494466,37.5,0.0,0.0,0.0,0.0
2026-03-07T15:46:02+00:00,1772898362.7507598,0.0,32772.10207595584,0.0,4.000500741693828,37.5,108.01352002573336,279.0349267331445,2.000250370846914,4.000500741693828
2026-03-07T15:46:03+00:00,1772898363.7510595,0.0,0.0,0.0,0.0,37.5,83.97483340130199,53.98382147226557,0.9997003976345475,0.9997003976345475
2026-03-07T15:46:04+00:00,1772898364.750897,0.0,303153.2931713922,0.0,48.0078061398953,37.5,0.0,0.0,0.0,0.0
2026-03-07T15:46:05+00:00,1772898365.7507718,0.0,4096.51275949448,0.0,1.000125185423457,37.5,0.0,0.0,0.0,0.0
2026-03-07T15:46:06+00:00,1772898366.7510934,0.0,4094.683040756707,0.0,0.999678476747243,37.5,0.0,0.0,0.0,0.0
2026-03-07T15:46:07+00:00,1772898367.7512848,0.0,0.0,0.0,0.0,37.5,0.0,0.0,0.0,0.0
2026-03-07T15:46:08+00:00,1772898368.7508085,0.0,12293.85630533649,0.0,2.0009531746966944,37.5,0.0,0.0,0.0,0.0
2026-03-07T15:46:09+00:00,1772898369.7507272,0.0,16385.332139553924,0.0,3.000243922037462,37.5,0.0,0.0,0.0,0.0
2026-03-07T15:46:10+00:00,1772898370.7508478,0.0,4095.5059189808358,0.0,0.9998793747511806,37.5,0.0,0.0,0.0,0.0
2026-03-07T15:46:11+00:00,1772898371.750827,18350460.632895246,0.0,38.00078822817227,0.0,37.5,0.0,0.0,0.0,0.0
2026-03-07T15:46:12+00:00,1772898372.7506995,198206145.9748155,65544.36044140725,379.04834911031105,2.000255140423805,37.5,0.0,0.0,0.0,0.0
2026-03-07T15:46:13+00:00,1772898373.7507663,198167634.88313884,4095.7265807527037,377.97476746204154,0.9999332472540781,37.5,0.0,0.0,0.0,0.0
2026-03-07T15:46:14+00:00,1772898374.7507608,196609078.13091207,98304.53906545603,375.0020563715211,4.000021934629559,37.5,0.0,0.0,0.0,0.0
2026-03-07T15:46:15+00:00,1772898375.7507453,195562454.67196694,0.0,375.0058115429283,0.0,37.5,0.0,0.0,0.0,0.0
2026-03-07T15:46:16+00:00,1772898376.7510433,198121819.0967524,69611.25422959638,382.8858911123537,1.9994041311350061,37.5,0.0,0.0,0.0,0.0
2026-03-07T15:46:17+00:00,1772898377.7510455,192937570.00088835,4095.9912109563593,367.9992103593604,0.9999978542373924,37.5,27547070.8903985,0.0,47.999897003394835,0.0
2026-03-07T15:46:18+00:00,1772898378.7507417,196143289.5964131,4097.244518641651,376.11424292218277,1.0003038375589968,37.5,45109973.94120433,142.04314493337753,76.02309165448375,1.0003038375589968
2026-03-07T15:46:19+00:00,1772898379.7511063,198649120.05099916,45039.58118066186,379.86152451730084,3.998542363340009,37.5,23036054.390488848,0.0,33.98761008839008,0.0
2026-03-07T15:46:20+00:00,1772898380.7507894,197194770.79819268,36875.68436635086,380.12044431459765,7.002218711058378,37.5,30455772.163938016,0.0,21.00665613317513,0.0
2026-03-07T15:46:21+00:00,1772898381.7510715,190787020.67743936,454527.8008069147,363.89736304748413,36.98956712295855,37.5,39133976.29411222,0.0,57.9836457603134,0.0
2026-03-07T15:46:22+00:00,1772898382.750772,194044667.40047812,49166.72315890493,372.11143015772774,6.001797260608512,37.5,47858237.32793519,0.0,64.01917077982412,0.0
2026-03-07T15:46:23+00:00,1772898383.750635,196655439.62853107,77834.67040812604,377.05169027373967,10.001371094794155,37.5,43502145.73887058,4193.57490004719,57.007815240326686,9.001233985314741
2026-03-07T15:46:24+00:00,1772898384.7508273,196062372.8557323,221141.451545859,378.92709298991133,10.997883965406398,37.5,40844300.401666604,1736.6658589009921,62.9878808927821,9.998076332187635
2026-03-07T15:46:25+00:00,1772898385.7508447,195556020.43423754,323578.3682620804,373.9934908092429,11.999791148959666,37.5,45905463.03578529,0.0,55.999025361811775,0.0
2026-03-07T15:46:26+00:00,1772898386.7510288,193950861.57062232,0.0,369.93191064953294,0.0,37.5,43651108.61435454,1287.762975450266,110.97957319485988,15.997055595655478
2026-03-07T15:46:27+00:00,1772898387.7510424,199226732.53679404,16383.777346775825,379.9948359237557,3.9999456413026917,37.5,44209381.20074262,14935.797024624251,139.99809744559423,24.999660258141823
2026-03-07T15:46:28+00:00,1772898388.7507074,195100490.39229038,454808.3508388826,372.12465361078335,30.010052710547047,37.5,40419715.71972137,0.0,74.02479668601605,0.0
2026-03-07T15:46:29+00:00,1772898389.7509084,196044309.6693508,85998.71538804242,377.9240422326083,12.997387695830444,37.5,44829881.78272847,0.0,82.98332144260976,0.0
2026-03-07T15:46:30+00:00,1772898390.7509181,196081795.26873636,12287.879883986654,373.99634412524483,1.9999804498676195,37.5,42235913.13711771,0.0,43.999569897087625,0.0
2026-03-07T15:46:31+00:00,1772898391.7510881,197098782.69564867,4095.303829281264,375.9360937035535,0.9998300364456211,37.5,44911499.384325735,0.0,90.98453331655152,0.0
2026-03-07T15:46:32+00:00,1772898392.7508452,193509284.79668996,4096.99535900851,371.0901558086321,1.000243007570437,37.5,43562575.46376361,0.0,109.02648782517764,0.0
2026-03-07T15:46:33+00:00,1772898393.7508516,193985311.25803852,86015.44629262688,374.99758602742605,1.9999871254796058,37.5,43532029.77119355,0.0,82.99946570740363,0.0
2026-03-07T15:46:34+00:00,1772898394.7507327,189814838.43665215,0.0,362.04307257967406,0.0,37.5,43522347.8916354,0.0,40.00475940106896,0.0
2026-03-07T15:46:35+00:00,1772898395.750787,196073053.57938573,131064.87538728993,373.9796706760134,4.999728217593763,37.5,42054089.96338662,99.99456435187525,95.99478177780024,1.999891287037505
2026-03-07T15:46:36+00:00,1772898396.7511027,194973589.42817238,188356.54220631573,373.8819780972002,41.9867462034289,37.5,43483870.61185787,119.96213200979686,52.98327497099361,1.9993688668299479
2026-03-07T15:46:37+00:00,1772898397.7511497,197123029.43486056,0.0,379.98215282342284,0.0,37.5,43515126.16153388,0.0,93.99558517210987,0.0
2026-03-07T15:46:38+00:00,1772898398.750886,195611004.85140362,4097.080363006946,373.098382666404,1.0002637604997426,37.5,43527133.71117319,0.0,71.01872699548173,0.0
2026-03-07T15:46:39+00:00,1772898399.7510407,193956548.3938056,12286.098926972483,371.94244798451854,2.9995358708428914,37.5,44227686.488292,0.0,199.96905805619275,0.0
2026-03-07T15:46:40+00:00,1772898400.7511158,197641732.73975635,98296.61774192126,376.9716887278678,3.9996996151497908,37.5,39170838.19749064,0.0,74.99436778405858,0.0
2026-03-07T15:46:41+00:00,1772898401.750688,197216642.08017442,0.0,380.1626042633172,0.0,37.5,46764744.35351806,0.0,92.039367347961,0.0
2026-03-07T15:46:42+00:00,1772898402.7508311,196579879.02273807,20477.070731535216,375.9462204617793,2.9995709079397286,37.5,43488238.957516074,0.0,190.9726811388294,0.0
2026-03-07T15:46:43+00:00,1772898403.7510288,194996595.11756694,663420.8755259964,371.9264891005839,40.99189799226866,37.5,43485865.06216609,0.0,153.9695680685213,0.0
2026-03-07T15:46:44+00:00,1772898404.7510517,194506396.10189587,90109.9375472058,370.99150867823766,10.999748235742896,37.5,43493464.51359908,0.0,132.996955941255,0.0
2026-03-07T15:46:45+00:00,1772898405.7508736,197167403.25398034,8193.459244264475,376.06697703167026,2.0003562608067567,37.5,43503721.955393955,0.0,41.007303346538514,0.0
2026-03-07T15:46:46+00:00,1772898406.7509856,195013283.4487255,65528.657072824426,375.9578713894956,1.9997759116462532,37.5,43489586.69903075,0.0,48.994509835333204,0.0
2026-03-07T15:46:47+00:00,1772898407.751157,195525906.37069118,4095.2979719062328,372.9360701955627,0.9998286064224201,37.5,43487005.328895696,0.0,127.97806162206977,0.0
2026-03-07T15:46:48+00:00,1772898408.7507699,198257627.7222817,4097.586551799804,378.1464151807436,1.000387341747999,37.5,43512821.80660007,0.0,142.05500252821585,0.0
2026-03-07T15:46:49+00:00,1772898409.7509692,194472086.22591665,0.0,372.92566922677196,0.0,37.5,43485792.50176156,0.0,95.98086929160885,0.0
2026-03-07T15:46:50+00:00,1772898410.7510257,196072632.87602815,163830.742710585,378.9785857379866,4.999717489947052,37.5,43492002.475560494,0.0,91.99480181502577,0.0
2026-03-07T15:46:51+00:00,1772898411.751044,194507277.19055375,12287.774418203782,370.99318922148467,2.999944926319283,37.5,43294135.196282834,0.0,65.99878837902422,0.0
2026-03-07T15:46:52+00:00,1772898412.7509058,190375637.67163694,135186.69399130702,364.05034189183647,6.000829811403898,37.5,43700074.967672646,0.0,65.00898962354222,0.0
2026-03-07T15:46:53+00:00,1772898413.750907,197656340.3752809,98303.8828126397,378.9995481973312,19.99997615817051,37.5,42003395.92805013,0.0,38.9999535084325,0.0
2026-03-07T15:46:54+00:00,1772898414.7507343,197690700.3903834,12290.121459945918,381.0657776887528,3.000517934557109,37.5,44993240.51051751,0.0,63.01087662569928,0.0
2026-03-07T15:46:55+00:00,1772898415.750955,191978095.9198709,16380.383610910487,367.91877251068473,2.999337819380582,37.5,43486373.26966483,0.0,75.98322475764142,0.0
2026-03-07T15:46:56+00:00,1772898416.7511373,196572194.02212313,249810.49656978148,376.9313412798076,30.9943543227428,37.5,42248588.343820885,0.0,47.9912583061824,0.0
2026-03-07T15:46:57+00:00,1772898417.7511532,190313503.92356232,45055.28028493426,362.99420151436294,9.999840262103662,37.5,43683012.205606036,0.0,29.99952078631099,0.0
2026-03-07T15:46:58+00:00,1772898418.7510352,192960756.68756875,4096.483455493562,368.04343545449973,1.000118031126358,37.5,41970273.213987574,0.0,68.00802611659233,0.0
2026-03-07T15:46:59+00:00,1772898419.750712,194573752.83685654,4097.324647002539,375.12127505516406,1.0003234001471042,37.5,41738087.73983746,0.0,41.01325940603127,0.0
2026-03-07T15:47:00+00:00,1772898420.7506871,196088574.12055886,225285.58607600973,375.0092985551476,4.000099184588241,37.5,43495538.49502646,0.0,30.000743884411808,0.0
2026-03-07T15:47:01+00:00,1772898421.7507231,192406769.12437588,4095.8525443710805,366.9867880332487,0.9999640000905958,37.5,39143604.78304237,0.0,20.99924400190251,0.0
2026-03-07T15:47:02+00:00,1772898422.7510703,198112091.87338075,4094.5786184147805,377.86882757831717,0.999652983011421,37.5,45260450.40260835,0.0,55.98056704863958,0.0
2026-03-07T15:47:03+00:00,1772898423.7512965,196039356.2858898,4095.0734518275776,377.91449335713486,0.9997737919500922,37.5,36628304.50796841,0.0,24.994344798752305,0.0
2026-03-07T15:47:04+00:00,1772898424.750623,192543380.22153613,0.0,367.2473530226443,0.0,37.5,46227810.93241789,0.0,45.03032938969753,0.0
2026-03-07T15:47:05+00:00,1772898425.7505932,195057333.16152698,12288.366221851762,373.01111659755105,3.000089409631778,37.5,43587025.99460061,0.0,43.00128153805548,0.0
2026-03-07T15:47:06+00:00,1772898426.7508307,197085487.11356804,4095.027574666889,375.9107343932496,0.9997625914714084,37.5,43531485.79986938,0.0,36.99121588444211,0.0
2026-03-07T15:47:07+00:00,1772898427.7508283,189333955.40732625,131072.31250074506,369.0008797666544,1.0000023841914754,37.5,43001426.52339011,0.0,48.00011444119082,0.0
2026-03-07T15:47:08+00:00,1772898428.750865,190325939.90501562,49150.19537875931,363.9866356988197,4.999816424434337,37.5,43508429.524436295,0.0,40.99849468036156,0.0
2026-03-07T15:47:09+00:00,1772898429.7510023,197105219.71726295,147435.75278053246,375.9483713479289,30.99574338240903,37.5,43500598.10194523,0.0,33.995331451674424,0.0
2026-03-07T15:47:10+00:00,1772898430.7511172,195012725.57535568,98292.70442306234,373.9570256980928,3.999540381797784,37.5,42025592.5132505,0.0,33.996093245281166,0.0
2026-03-07T15:47:11+00:00,1772898431.7509592,194541599.48593405,0.0,371.05865380465326,0.0,37.5,46525272.32041846,0.0,36.005691474305976,0.0
2026-03-07T15:47:12+00:00,1772898432.7510912,196582034.6796006,69622.80394902521,378.9499468158398,1.9997358671020569,37.5,42006815.57627362,0.0,35.99524560783702,0.0
2026-03-07T15:47:13+00:00,1772898433.7508538,196654698.58927605,512121.61090957304,377.0895455330255,32.00760068184832,37.5,43532050.33418771,132.0313528126243,45.010688458849195,2.00047504261552
2026-03-07T15:47:14+00:00,1772898434.750757,196299321.3705436,24578.379136545525,376.0363995500129,4.000387229255456,37.5,20182780.651653428,795.076961814522,22.00212976090501,6.000580843883185
2026-03-07T15:47:15+00:00,1772898435.7507362,197136377.0848175,12288.254888099495,376.0077993103361,2.000041485693277,37.5,1.0000207428466386,0.0,1.0000207428466386,0.0
2026-03-07T15:47:16+00:00,1772898436.7510457,198643678.27410895,85989.38909458047,382.8815106866667,1.9993812568494342,37.5,0.9996906284247171,0.0,0.9996906284247171,0.0
2026-03-07T15:47:17+00:00,1772898437.7511501,197635937.4052335,8191.144620574996,377.96053058805524,1.9997911671325674,37.5,0.9998955835662837,0.0,0.9998955835662837,0.0
2026-03-07T15:47:18+00:00,1772898438.750776,197206058.59601238,4097.532799950391,376.140706245446,1.0003742187378883,37.5,1.0003742187378883,0.0,1.0003742187378883,0.0
2026-03-07T15:47:19+00:00,1772898439.750955,198669579.74429607,0.0,378.93215130671706,0.0,37.5,59.98925878206603,41.99248114744622,0.9998209797011005,0.9998209797011005
2026-03-07T15:47:20+00:00,1772898440.7511215,199065240.32548067,155622.10196610156,393.9344429394789,4.9991680576076005,37.5,54.990848633683605,65.98901836042033,0.9998336115215202,0.9998336115215202
2026-03-07T15:47:21+00:00,1772898441.7512388,198681846.23381162,4095.5195876033067,379.9554304905411,0.9998827118172136,37.5,54.993549149946745,65.9922589799361,0.9998827118172136,0.9998827118172136
2026-03-07T15:47:22+00:00,1772898442.7508726,198253466.58786178,0.0,378.1384784466968,0.0,37.5,1.0003663450970814,0.0,1.0003663450970814,0.0
2026-03-07T15:47:23+00:00,1772898443.750688,198741827.01786038,4096.755998883995,379.0699520451744,1.0001845700400378,37.5,1.0001845700400378,0.0,1.0001845700400378,0.0
2026-03-07T15:47:24+00:00,1772898444.75104,194442422.57930398,69607.50471378386,377.86702639318554,1.9992964359427805,37.5,4347958.927936165,0.0,10.996130397685294,0.0
2026-03-07T15:47:25+00:00,1772898445.7506142,197740777.1041422,16390.979534494545,377.1606008608669,3.0012779909352805,37.5,43512989.5089643,0.0,45.01916986402921,0.0
2026-03-07T15:47:26+00:00,1772898446.7507167,193442440.2831474,0.0,368.96217400197486,0.0,37.5,43490002.40543119,141.9854436538765,44.99538707341157,0.9998974905202571
2026-03-07T15:47:27+00:00,1772898447.7506726,196092361.13149104,4096.18067203148,376.0165851278898,1.0000441093826855,37.5,43496379.513824955,0.0,42.001852594072794,0.0
2026-03-07T15:47:28+00:00,1772898448.7507856,196061555.00397113,4095.5371616805464,373.9577388839171,0.9998870023634147,37.5,43489545.228815444,0.0,39.99548009453659,0.0
2026-03-07T15:47:29+00:00,1772898449.750977,195521991.2914965,4095.215970415057,376.92783712072185,0.9998085865271136,37.5,34788907.65948807,0.0,31.993874768867634,0.0
2026-03-07T15:47:30+00:00,1772898450.7509644,199825885.03678966,94209.19044473018,386.0048776289259,3.000037909033103,37.5,34796007.68877971,0.0,32.00040436301976,0.0
2026-03-07T15:47:31+00:00,1772898451.7510772,191867770.69008246,49146.45765627112,365.95873010651104,2.9996617221845168,37.5,42207618.1629946,0.0,70.99199409170022,0.0
2026-03-07T15:47:32+00:00,1772898452.7512016,192389752.2299099,8190.9805956194605,366.95433088285426,0.9998755609887037,37.5,37688397.509396575,0.0,42.99464912251426,0.0
2026-03-07T15:47:33+00:00,1772898453.7509015,197715924.18948618,4097.229861353741,381.1143987245546,1.0003002591195658,37.5,41891596.558274,0.0,31.009308032706542,0.0
2026-03-07T15:47:34+00:00,1772898454.7507834,195582506.09908462,0.0,374.04414364125785,0.0,37.5,45262097.705885984,0.0,31.003658964917097,0.0
2026-03-07T15:47:35+00:00,1772898455.751087,196024217.30704692,20473.786065659144,373.88652287873634,3.9987863409490516,37.5,30495912.281689025,0.0,23.99271804569431,0.0
2026-03-07T15:47:36+00:00,1772898456.7508988,202413244.41264,4096.770652781735,386.0726249935913,1.0001881476517909,37.5,24280075.379826233,58.01091256380387,20.003762953035817,1.0001881476517909
2026-03-07T15:47:37+00:00,1772898457.7510092,189247077.43106398,45051.02691615529,363.9598232750472,1.9997792487639958,37.5,43491227.09902886,53.99403971662788,31.996467980223933,0.9998896243819979
2026-03-07T15:47:38+00:00,1772898458.7520404,192215491.00613177,4091.7807179438814,367.62092387777057,0.9989699018417679,37.5,43584263.63525427,0.0,32.96600676077834,0.0
2026-03-07T15:47:39+00:00,1772898459.7507288,195291268.42807934,4101.379125253682,372.48853383651607,1.0013132630013872,37.5,43553095.6533635,0.0,31.040711153043006,0.0
2026-03-07T15:47:40+00:00,1772898460.750718,197134403.02269173,114689.23048195164,376.00403408563943,7.000075102658181,37.5,45049821.33214758,0.0,36.00038624224207,0.0
2026-03-07T15:47:41+00:00,1772898461.750901,191854324.16567728,0.0,372.93180306125925,0.0,37.5,43537974.3390622,0.0,34.993600823442556,0.0
2026-03-07T15:47:42+00:00,1772898462.7510679,198671995.03366575,245718.99121907869,378.93675810559415,8.998498213589308,37.5,41881116.334626615,0.0,28.995160910454437,0.0
2026-03-07T15:47:43+00:00,1772898463.7511795,197110294.45403755,4095.5430197398096,375.9580506401778,0.9998884325536644,37.5,43489607.434168056,0.0,34.996095139378255,0.0
2026-03-07T15:47:44+00:00,1772898464.7507389,195645624.9799392,20489.02741495677,375.165296904726,5.00220395872968,37.5,39168171.39973705,6408.823711924466,38.01675008634557,13.005730292697168
2026-03-07T15:47:45+00:00,1772898465.7508583,195536067.6648607,90101.23761366738,372.95545132610454,2.999641699673763,37.5,47838374.8157676,302.9638116670501,36.99558096264308,3.999522266231684
2026-03-07T15:47:46+00:00,1772898466.7510583,197092862.88633117,12285.542483772306,379.9240025906149,2.999400020452223,37.5,34269740.91447753,53.98920036814001,32.99340022497445,0.9998000068174077
2026-03-07T15:47:47+00:00,1772898467.7507696,191420387.83219928,4097.182958737142,365.1054150241838,1.000288808285435,37.5,46007081.38994103,0.0,32.00924186513392,0.0
2026-03-07T15:47:48+00:00,1772898468.7508566,200260588.76656634,4095.6435857036636,383.9665861597184,0.9999129847909335,37.5,23745157.63033889,0.0,15.998607756654936,0.0
2026-03-07T15:47:49+00:00,1772898469.7510607,194995340.1217937,0.0,371.9240953861116,0.0,37.5,48271324.483810864,0.0,40.991634168899395,0.0
2026-03-07T15:47:50+00:00,1772898470.750818,192984823.3683884,385117.47190532676,372.0903100814016,29.007040302044746,37.5,43505019.108126655,0.0,40.00971076144103,0.0
2026-03-07T15:47:51+00:00,1772898471.750657,196115273.3292449,163866.3714315215,375.06035941662935,20.0032191688869,37.5,33334184.555019055,0.0,31.004989711774694,0.0
2026-03-07T15:47:52+00:00,1772898472.7510557,194433339.89750943,0.0,370.8521650266827,0.0,37.5,42054535.553873524,0.0,39.98406091931889,0.0
2026-03-07T15:47:53+00:00,1772898473.7507412,198243206.35505638,16389.15396453839,378.1189086056831,2.000629146061815,37.5,26117001.12057448,0.0,18.005662314556336,0.0
2026-03-07T15:47:54+00:00,1772898474.750928,199192254.44186497,61428.53241422645,382.9285142358192,1.9996267061922672,37.5,33317740.186041433,0.0,22.995707121211073,0.0
2026-03-07T15:47:55+00:00,1772898475.7506793,193510392.34111303,102425.47020087707,370.0920309992629,4.00099492972176,37.5,43505278.48274648,0.0,65.01616760797862,0.0
2026-03-07T15:47:56+00:00,1772898476.7508144,192911905.52537516,0.0,367.95025925707847,0.0,37.5,42406493.34883099,0.0,62.99148460107593,0.0
2026-03-07T15:47:57+00:00,1772898477.7508516,198697761.77486685,8191.695323831912,378.9859042641961,0.9999628080849502,37.5,18480844.636431865,0.0,28.998921434463554,0.0
2026-03-07T15:47:58+00:00,1772898478.7508643,194508390.15605778,86014.91309967177,372.9952867626671,5.999924183849872,37.5,40814550.25980478,131.9983320446972,44.99943137887404,1.9999747279499576
2026-03-07T15:47:59+00:00,1772898479.7510054,196056039.9057445,4095.421956587243,378.9465140494544,0.9998588761199324,37.5,40836444.18913651,0.0,73.989556832875,0.0
2026-03-07T15:48:00+00:00,1772898480.7507613,195082763.62783882,221238.0131868132,372.0908424908425,4.000976800976801,37.5,33129172.176800977,0.0,91.02222222222223,0.0
2026-03-07T15:48:01+00:00,1772898481.7510445,200221305.06287795,49138.08206713301,383.8912661494766,5.998301033585572,37.5,23440812.594424684,0.0,29.991505167927862,0.0
2026-03-07T15:48:02+00:00,1772898482.7510135,200284223.6924038,12288.38087117988,382.0118402336193,3.0000929861279,37.5,15705618.786470948,0.0,25.00077488439917,0.0
2026-03-07T15:48:03+00:00,1772898483.750811,198745381.5181534,90130.24392726284,383.0775415498676,3.000607375064237,37.5,27817668.779455602,0.0,33.006681125706606,0.0
2026-03-07T15:48:04+00:00,1772898484.751172,198633452.1311954,0.0,378.8632433532627,0.0,37.5,27023811.33024931,0.0,32.98809242917591,0.0
2026-03-07T15:48:05+00:00,1772898485.750775,196686077.86933243,12292.879866833277,377.14971596648314,3.001191373738593,37.5,39160559.44722548,0.0,27.010722363647336,0.0
2026-03-07T15:48:06+00:00,1772898486.7506883,191906062.44534543,4096.3554996018065,366.03176583355986,1.0000867918949723,37.5,30448764.476622935,0.0,33.002864132534086,0.0
2026-03-07T15:48:07+00:00,1772898487.7506945,196606781.25755483,0.0,378.99765063788493,0.0,37.5,34795352.30768013,0.0,29.999814034661078,0.0
2026-03-07T15:48:08+00:00,1772898488.7510076,197594720.2385499,4094.718174704698,377.88170655233785,0.9996870543712641,37.5,32336069.400607347,0.0,41.98685628359309,0.0
2026-03-07T15:48:09+00:00,1772898489.751057,198171083.73268208,12287.393584615704,377.9813456205026,1.9999012995793788,37.5,24195411.892405096,0.0,16.99916104642472,0.0
2026-03-07T15:48:10+00:00,1772898490.751099,199221032.85478228,233462.14787669797,379.98396464306313,4.999789008461357,37.5,23782556.374016237,0.0,15.999324827076341,0.0
2026-03-07T15:48:11+00:00,1772898491.751047,198715527.66675162,0.0,382.01994666297895,0.0,37.5,31531792.390565284,0.0,28.00146205906652,0.0
2026-03-07T15:48:12+00:00,1772898492.7508526,194237294.4705013,4096.79605311949,379.07365823542165,1.0001943489061256,37.5,48630037.358092986,0.0,103.02001793733095,0.0
2026-03-07T15:48:13+00:00,1772898493.7508912,197648942.04485244,69629.31065074791,376.98543938608634,2.99988413304578,37.5,39748802.74980224,0.0,51.99799163946018,0.0
2026-03-07T15:48:14+00:00,1772898494.7574224,192727808.70499027,162776.86546029584,367.5991224384122,18.87671169278333,37.5,42409274.908588916,0.0,56.630135078349994,0.0
2026-03-07T15:48:15+00:00,1772898495.7510056,192073327.67533827,4122.452946328517,368.36371541900326,1.0064582388497356,37.5,44588777.15995863,0.0,41.264787792839165,0.0
2026-03-07T15:48:16+00:00,1772898496.7515008,193890546.2955437,85973.42635570983,374.81439364061555,17.991090894749547,37.5,43472932.40433602,0.0,37.98119188891571,0.0
2026-03-07T15:48:17+00:00,1772898497.7510219,196243245.16366142,57371.4799593063,375.1797046725004,11.00527133706001,37.5,43548627.04878163,0.0,46.02204377316005,0.0
2026-03-07T15:48:18+00:00,1772898498.7508712,193491427.39315045,81932.34561024324,371.0559109057647,13.001959142250515,37.5,43501056.76281025,0.0,108.01627595100427,0.0
2026-03-07T15:48:19+00:00,1772898499.7510443,197098171.90521926,0.0,375.93492871326305,0.0,37.5,40556611.97944425,0.0,37.99342364655318,0.0
2026-03-07T15:48:20+00:00,1772898500.751002,197156992.04251277,606233.5831108595,381.0160789122504,41.00173027664637,37.5,37727988.12443782,0.0,80.00337614955389,0.0
2026-03-07T15:48:21+00:00,1772898501.7506716,194751331.2172344,77849.72529775207,373.12329790375105,10.003305573827106,37.5,46506033.832873434,0.0,33.01090839362945,0.0
2026-03-07T15:48:22+00:00,1772898502.7509387,197603810.09001806,0.0,378.8988230986904,0.0,37.5,43582746.151219994,0.0,67.98184688841938,0.0
2026-03-07T15:48:23+00:00,1772898503.7507577,197167967.4565438,176159.87783891673,376.0680531626583,15.002714886808178,37.5,37641893.6658431,9127.651737134096,55.00995458496332,10.001809924538785
2026-03-07T15:48:24+00:00,1772898504.750731,197459608.74040672,49153.31253504847,399.010654733975,4.000106814375689,37.5,46264617.398566395,1111.0296676928476,63.001682326417104,8.000213628751379
2026-03-07T15:48:25+00:00,1772898505.7522256,194220557.0072921,65438.1930617561,371.4448214565013,9.985075845604873,37.5,43433964.595409244,5210.212576236623,103.84478879429068,9.985075845604873
2026-03-07T15:48:26+00:00,1772898506.7506986,194348880.5391878,102556.61122677504,371.56740981575723,8.0122352520918,37.5,43664198.330972165,108.16517590323932,61.09329379719998,2.00305881302295
2026-03-07T15:48:27+00:00,1772898507.7508643,198148030.69050935,114668.9992421929,377.9373754320323,16.997183551176054,37.5,27265508.08043196,53.991053633147466,24.995858163494198,0.9998343265397679
2026-03-07T15:48:28+00:00,1772898508.7506654,198744670.60792327,98323.55076249503,382.07597240471495,11.002187687046765,37.5,30467320.1553005,0.0,57.01133619651506,0.0
2026-03-07T15:48:29+00:00,1772898509.7508984,193790891.32807267,188372.1215489499,395.9077792405324,15.99627390870838,37.5,33599251.55995796,0.0,59.98602715765642,0.0
2026-03-07T15:48:30+00:00,1772898510.75073,199787356.9105365,131094.0662142628,381.06414205653476,5.0008417592721095,37.5,36062800.21735989,0.0,60.010101111265314,0.0
2026-03-07T15:48:31+00:00,1772898511.7507558,195030114.12930918,57342.52347551933,371.9904215418037,12.999665268934,37.5,31774595.82936917,0.0,37.99902155534554,0.0
2026-03-07T15:48:32+00:00,1772898512.7508125,197121102.63469815,122873.02773938132,377.97855212797964,11.999319115173957,37.5,20472794.299502544,0.0,30.998241047532723,0.0
2026-03-07T15:48:33+00:00,1772898513.7506626,199783688.61805266,61449.21524915498,386.05789528277705,14.002099828909012,37.5,24783212.62157511,0.0,28.004199657818024,0.0
2026-03-07T15:48:34+00:00,1772898514.7507458,196149310.79165024,65530.54732870633,375.96871636342746,6.999417591872319,37.5,46233980.95902379,53.99550713730075,90.99242869434015,0.9999167988389027
2026-03-07T15:48:35+00:00,1772898515.7509332,198667922.22674793,343999.5355179508,379.9288024809956,8.99831374297095,37.5,24730955.493054975,0.0,49.99063190539416,0.0
2026-03-07T15:48:36+00:00,1772898516.750904,195393075.41140753,143364.17004316932,385.011198846402,28.00081446155651,37.5,46463203.47829636,166.0048285935136,116.00337419787697,3.0000872637381972
2026-03-07T15:48:37+00:00,1772898517.7509365,203417148.21386787,0.0,391.9872898408369,0.0,37.5,4349304.974104768,0.0,3.999870304498336,0.0
2026-03-07T15:48:38+00:00,1772898518.7510235,201309073.52450645,12286.93075711099,383.9665861597184,2.9997389543728,37.5,21745337.66023493,0.0,41.996345361219205,0.0
2026-03-07T15:48:39+00:00,1772898519.7506433,197272842.44971353,4097.558209739813,381.14494089620814,1.000380422299759,37.5,44916532.752787754,0.0,74.02815125018216,0.0
2026-03-07T15:48:40+00:00,1772898520.7510898,195472134.3548892,24565.030289237086,372.83350821473925,4.997768206631894,37.5,40547039.39523619,0.0,40.98169929438153,0.0
2026-03-07T15:48:41+00:00,1772898521.7507827,195619495.44692793,0.0,377.1158059020047,0.0,37.5,46463780.24306323,0.0,91.02795314875975,0.0
2026-03-07T15:48:42+00:00,1772898522.7509956,194993620.33900768,4095.128115318542,372.9206022982949,0.9997871375289409,37.5,40611003.60092744,0.0,57.987653976678565,0.0
2026-03-07T15:48:43+00:00,1772898523.750575,195707268.6790919,159811.2118610675,374.15735950044603,5.002103736636979,37.5,44963688.3952239,8677.64956231783,115.04838594265051,27.011360177839688
2026-03-07T15:48:44+00:00,1772898524.7511458,196151977.5358017,871950.3133635062,378.7838000256392,143.91785541871252,37.5,42211037.03423978,0.0,91.947518739733,0.0
2026-03-07T15:48:45+00:00,1772898525.7507272,194067809.0159588,565484.7475549475,370.15497019950635,103.04314035283555,37.5,44774223.31176936,0.0,33.01382166644246,0.0
2026-03-07T15:48:46+00:00,1772898526.7509837,211465750.91648433,1306288.8867506639,803.7937960327789,224.94229366588962,37.5,43486813.962711364,1447.6286276809253,72.98127750048863,16.995639965867216
2026-03-07T15:48:47+00:00,1772898527.7510355,197646350.40403995,212980.98103883615,376.9804962235259,29.99844797534689,37.5,43494545.73000922,7544.609665799742,38.997982367950954,12.999327455983652
2026-03-07T15:48:48+00:00,1772898528.7510962,193974766.96697792,200691.7985933682,369.97750657458863,17.99890572525026,37.5,37820275.65062263,1.9998784139166954,109.99331276541825,1.9998784139166954
2026-03-07T15:48:49+00:00,1772898529.750766,197721865.68428916,0.0,379.12519082767875,0.0,37.5,17453510.318965856,0.0,17.005615419711184,0.0
2026-03-07T15:48:50+00:00,1772898530.7510543,193406522.9445572,200646.16413201438,373.8922262903249,14.995677525013031,37.5,42210533.89540302,0.0,86.97492964507559,0.0
2026-03-07T15:48:51+00:00,1772898531.7510889,218324612.36663982,65533.73445332152,706.9755593642932,13.999516027015705,37.5,33336032.55022054,940.9674701015557,92.99678503660434,11.999585166013462
2026-03-07T15:48:52+00:00,1772898532.7511675,195496938.66622928,208879.5657461414,409.9677445040497,26.99787585758376,37.5,43491947.13488138,956.9247109521356,72.99425694828201,9.999213280586577
2026-03-07T15:48:53+00:00,1772898533.7507396,194831796.478544,327820.29441558744,398.17040154237,38.016269493995125,37.5,42560721.343741424,6113.616391521163,72.03082640967497,17.007278457839924
2026-03-07T15:48:54+00:00,1772898534.7511601,200717888.00286746,98262.67363064659,386.8373076890079,17.99243291576781,37.5,15719180.978184339,119.94955277178539,15.99327370290472,1.99915921286309
2026-03-07T15:48:55+00:00,1772898535.7508602,202038453.50902995,118819.63764194335,389.11670799700266,20.00600041115695,37.5,20034194.867536392,1340.4020275475157,23.00690047283049,9.002700185020627
2026-03-07T15:48:56+00:00,1772898536.751039,199730301.43899554,57333.747926963515,383.9313477252021,9.998212180343804,37.5,26093239.165245548,1533.7257484647396,37.99320628530646,8.998390962309424
2026-03-07T15:48:57+00:00,1772898537.7510045,199760633.8637405,81922.83212915868,381.01317188976384,17.000587722115448,37.5,26347397.847827896,0.0,38.00131373178747,0.0
2026-03-07T15:48:58+00:00,1772898538.7510803,199632096.47175074,73722.41058002366,398.9697512672179,14.998862829594657,37.5,28656192.370363764,0.0,26.997953093270382,0.0
2026-03-07T15:48:59+00:00,1772898539.7511375,200790814.65742546,57340.71893774389,383.9780286009635,8.999485045335083,37.5,24835607.895117085,0.0,49.99713914075046,0.0
2026-03-07T15:49:00+00:00,1772898540.7511778,196436245.04547772,2654101.058996446,400.9838432623121,503.97969327731994,37.5,29142908.752358638,0.0,70.99713933073356,0.0
2026-03-07T15:49:01+00:00,1772898541.7507975,212199222.61824325,90146.28061427588,531.202004241172,19.00722802369542,37.5,5700588.8064218145,0.0,6.002282533798554,0.0
2026-03-07T15:49:02+00:00,1772898542.750666,202401805.5056837,245792.34800722598,389.0512018831824,19.002500863188857,37.5,13069741.070140533,0.0,37.00487010199936,0.0
2026-03-07T15:49:03+00:00,1772898543.751033,198632221.27758038,57322.95304019882,379.8605286564515,13.99486158207979,37.5,24718945.07812588,0.0,67.97504197010184,0.0
2026-03-07T15:49:04+00:00,1772898544.7507355,200337625.73666176,81944.38225485184,382.1136965497241,1.0002976349469217,37.5,31898456.270405166,0.0,31.009226683354576,0.0
2026-03-07T15:49:05+00:00,1772898545.751059,197068529.62800187,61420.1284994188,375.878390556339,13.995471988799858,37.5,39167855.86645632,620.7991503603365,78.97444907965634,4.9983828531428065
2026-03-07T15:49:06+00:00,1772898546.7507036,199824762.1263605,442525.3098270779,383.13619806082454,45.0160023831256,37.5,2873019.30694071,0.0,28.009957038389263,0.0
2026-03-07T15:49:07+00:00,1772898547.751046,204402338.95934448,0.0,394.8648104982673,0.0,37.5,5831597.441351466,0.0,9.996577480968792,0.0
2026-03-07T15:49:08+00:00,1772898548.7510674,201965330.2941631,53246.85744639154,393.9915458585913,10.99976397067133,37.5,14547525.843960296,0.0,36.9992060831672,0.0
2026-03-07T15:49:09+00:00,1772898549.7508914,198215740.63664576,110611.4624088425,380.06687387297586,14.002463774267532,37.5,34995738.602092825,252.0443479368156,52.00915116156512,2.0003519677525046
2026-03-07T15:49:10+00:00,1772898550.7507675,200073444.63772097,65544.1260074434,391.04848127609813,7.000867951234493,37.5,27274504.429267697,1123.1392441766195,41.00508371437346,6.000743958200995
2026-03-07T15:49:11+00:00,1772898551.75098,201808009.73197195,32761.040540904534,388.91738190954175,4.998938070816732,37.5,13045566.71781693,0.0,8.998088527470118,0.0
2026-03-07T15:49:12+00:00,1772898552.751153,199194960.96804076,4095.2911383232063,379.93423646553185,0.999826938067189,37.5,33483508.276321266,0.0,43.99238527495632,0.0
2026-03-07T15:49:13+00:00,1772898553.7509172,199276428.57971796,569478.2806862828,382.090095306458,35.00825480556553,37.5,20233993.09412434,955.2252382661451,22.0051887349269,12.002830219051036
2026-03-07T15:49:14+00:00,1772898554.750834,197738565.44718483,3350806.8142152214,379.0315384881335,19.00158108515709,37.5,26109029.482321102,8304.691017428657,42.00349503034725,29.002413235239768
2026-03-07T15:49:15+00:00,1772898555.7510257,200763819.87696525,0.0,386.92583075334414,0.0,37.5,26109006.202782862,10344.017170475707,34.99329218699495,25.995017053196246
2026-03-07T15:49:16+00:00,1772898556.7510846,199234091.22609213,724949.3081781578,381.97750557807024,12.999234483023331,37.5,28000190.08591289,1700.8998350478992,39.99764456314871,10.999352254865896
2026-03-07T15:49:17+00:00,1772898557.7507281,198251527.93715525,143411.11685268756,378.1347807639222,24.00855750882046,37.5,22669934.37564554,28771.255104632717,60.02139377205115,40.01426251470077
2026-03-07T15:49:18+00:00,1772898558.7506442,198721829.39962307,12289.031336553207,379.0318096153699,3.0002517911506854,37.5,23357261.219371133,12321.034022325483,56.004700101479465,18.001510746904113
2026-03-07T15:49:19+00:00,1772898559.7507854,200773965.999733,0.0,385.9455261822939,0.0,37.5,20138219.61518188,0.0,16.99760089403885,0.0
2026-03-07T15:49:20+00:00,1772898560.7509203,201299427.6656888,4095.4473402036297,384.9480532173822,0.9998650732919018,37.5,17396893.377688464,495.9330763527833,16.99770624596233,1.9997301465838035
2026-03-07T15:49:21+00:00,1772898561.750884,202382502.26579103,53249.92975743368,386.0139890018292,5.000181204686907,37.5,10422375.702976907,5276.191207185624,10.000362409373814,11.000398650311196
2026-03-07T15:49:22+00:00,1772898562.7509844,203403327.54928535,0.0,387.96105871064253,0.0,37.5,13103648.731455816,801.9195079534416,35.996386890678174,9.998996358521715
2026-03-07T15:49:23+00:00,1772898563.7507956,190926036.08887634,126999.98109078978,372.0702571019232,5.000944315886064,37.5,43695961.99990462,16027.026343551657,76.01435360146817,42.00793225344294
2026-03-07T15:49:24+00:00,1772898564.75076,191900321.13768232,176134.25705821553,367.01303790632437,17.0006039357153,37.5,41532649.421133935,1873.066539505574,35.00124339706091,7.000248679412182
2026-03-07T15:49:25+00:00,1772898565.75073,197154594.67010888,4096.12305057153,377.0113256995769,1.00003004164344,37.5,39376145.88859891,4495.135037187263,74.00222308161456,14.000420583008161
2026-03-07T15:49:26+00:00,1772898566.750969,200770724.79412752,700248.7137920333,385.90780839347593,12.996895101334681,37.5,11883296.135023285,778.8139449184398,9.997611616411294,2.9992834849233883
2026-03-07T15:49:27+00:00,1772898567.7511013,191864020.10938436,331732.1044411743,365.95157644154426,17.99761851351857,37.5,41998698.63512075,1113.8526124477605,37.994972417428095,8.998809256759285
2026-03-07T15:49:28+00:00,1772898568.7522902,195376274.88809517,2409678.9075527275,379.54871905757426,325.6128484546558,37.5,28784316.63594259,200.76129613308532,44.94655883576537,2.9964372557176913
2026-03-07T15:49:29+00:00,1772898569.750684,200600225.29093003,106667.33183827267,382.6145654505349,17.02734977135888,37.5,29879905.88072931,273.439205151822,57.091702174556254,3.004826430239803
2026-03-07T15:49:30+00:00,1772898570.7510533,196535417.43049625,12283.463589406016,376.8608213872126,2.998892477882328,37.5,24880829.25151858,0.0,40.98486386439182,0.0
2026-03-07T15:49:31+00:00,1772898571.750873,201887269.05892575,221223.87437463456,385.06940662179136,9.00162249245746,37.5,19225214.238085747,108.01946990948953,20.003605538794357,2.000360553879436
2026-03-07T15:49:32+00:00,1772898572.750684,192450081.75430658,12290.323681516515,371.0701567254742,3.000567305057743,37.5,26101664.93563985,306.05786511588974,49.0092659826098,2.0003782033718287
2026-03-07T15:49:33+00:00,1772898573.750738,0.0,8191.558617532834,0.0,1.9998922406086022,37.5,4355821.297028272,73056.06354943223,82.99552798525698,85.99536634616989
2026-03-07T15:49:34+00:00,1772898574.7508028,0.0,0.0,0.0,0.0,37.5,0.0,0.0,0.0,0.0
2026-03-07T15:49:35+00:00,1772898575.7509773,0.0,466862.52203223045,0.0,34.99389278184979,37.5,0.0,0.0,0.0,0.0
2026-03-07T15:49:36+00:00,1772898576.7510545,0.0,143348.92663664097,0.0,10.999150341818154,37.5,227.98238890313993,111.99134893487575,3.9996910333884195,1.9998455166942097
2026-03-07T15:49:37+00:00,1772898577.750789,0.0,0.0,0.0,0.0,37.5,0.0,0.0,0.0,0.0
2026-03-07T15:49:38+00:00,1772898578.7507367,0.0,4096.2138783548735,0.0,1.0000522163952328,37.5,0.0,0.0,0.0,0.0
2026-03-07T15:49:39+00:00,1772898579.7510006,0.0,69613.62691950801,0.0,1.9994722805465306,37.5,0.0,0.0,0.0,0.0
2026-03-07T15:49:40+00:00,1772898580.7507899,0.0,12290.590389705778,0.0,3.000632419361762,37.5,0.0,0.0,0.0,0.0
2026-03-07T15:49:41+00:00,1772898581.751205,0.0,0.0,0.0,0.0,37.5,0.0,0.0,0.0,0.0
2026-03-07T15:49:42+00:00,1772898582.7507434,0.0,57370.48097304435,0.0,11.0050797067433,37.5,4890.257236960114,2627.2126645370827,21.009697621964484,24.01108299653084
2026-03-07T15:49:43+00:00,1772898583.7510052,0.0,12284.784045009274,0.0,2.999214854738592,37.5,0.0,0.0,0.0,0.0
2026-03-07T15:49:44+00:00,1772898584.751273,0.0,20474.518069316902,0.0,2.999196982810093,37.5,0.0,0.0,0.0,0.0
2026-03-07T15:49:45+00:00,1772898585.7509942,0.0,0.0,0.0,0.0,37.5,0.0,0.0,0.0,0.0
2026-03-07T15:49:46+00:00,1772898586.7507994,0.0,20483.99003502336,0.0,4.0007793037154995,37.5,0.0,0.0,0.0,0.0
2026-03-07T15:49:47+00:00,1772898587.751124,0.0,4094.6713295746918,0.0,0.9996756175719462,37.5,0.0,0.0,0.0,0.0
2026-03-07T15:49:48+00:00,1772898588.7508037,0.0,16389.247774067062,0.0,2.0006405974202957,37.5,0.0,0.0,0.0,0.0
2026-03-07T15:49:49+00:00,1772898589.7506628,0.0,0.0,0.0,0.0,37.5,0.0,0.0,0.0,0.0
2026-03-07T15:49:50+00:00,1772898590.7508745,0.0,4095.132996058345,0.0,0.9997883291158068,37.5,0.0,0.0,0.0,0.0
2026-03-07T15:49:51+00:00,1772898591.7510054,0.0,8190.9278747074095,0.0,1.9997382506609886,37.5,0.0,0.0,0.0,0.0
2026-03-07T15:49:52+00:00,1772898592.7509072,0.0,28674.816682928413,0.0,3.000294714313101,37.5,0.0,0.0,0.0,0.0
2026-03-07T15:49:53+00:00,1772898593.7510555,0.0,32763.141345520755,0.0,2.999555176897042,37.5,0.0,0.0,0.0,0.0
2026-03-07T15:49:54+00:00,1772898594.7508233,0.0,4096.951392807148,0.0,1.0002322736345577,37.5,0.0,0.0,0.0,0.0
2026-03-07T15:49:55+00:00,1772898595.7512598,16376.850777203308,49130.55233160992,0.9995636460695378,4.997818230347689,37.5,0.0,0.0,0.0,0.0
2026-03-07T15:49:56+00:00,1772898596.7507205,0.0,0.0,0.0,0.0,37.5,0.0,0.0,0.0,0.0
2026-03-07T15:49:57+00:00,1772898597.7507331,0.0,4095.948242841513,0.0,0.9999873639749788,37.5,0.0,0.0,0.0,0.0
2026-03-07T15:49:58+00:00,1772898598.7509966,16379.684730618636,990970.9262024275,0.9997366168590476,199.94732337180952,37.5,0.0,0.0,0.0,0.0
2026-03-07T15:49:59+00:00,1772898599.7508721,0.0,4096.509829075522,0.0,1.0001244699891412,37.5,0.0,0.0,0.0,0.0
2026-03-07T15:50:00+00:00,1772898600.7508202,0.0,151559.87736255288,0.0,3.0001559338554338,37.5,110.00571757469923,132.00686108963907,2.000103955903622,2.000103955903622
2026-03-07T15:50:01+00:00,1772898601.7510958,0.0,4094.8714048042407,0.0,0.9997244640635353,37.5,54.98484552349444,65.98181462819333,0.9997244640635353,0.9997244640635353
2026-03-07T15:50:02+00:00,1772898602.7508016,0.0,8194.410865547201,0.0,1.0002942951107423,37.5,0.0,0.0,0.0,0.0
2026-03-07T15:50:03+00:00,1772898603.751327,0.0,4093.8487866578594,0.0,0.9994748014301414,37.5,0.0,0.0,0.0,0.0
2026-03-07T15:50:04+00:00,1772898604.7508528,0.0,0.0,0.0,0.0,37.5,0.0,0.0,0.0,0.0
2026-03-07T15:50:05+00:00,1772898605.7507918,0.0,389143.75144967344,0.0,19.001159738753586,37.5,0.0,0.0,0.0,0.0
2026-03-07T15:50:06+00:00,1772898606.7507215,0.0,180236.67667284454,0.0,17.001195753275685,37.5,0.0,0.0,0.0,0.0
2026-03-07T15:50:07+00:00,1772898607.7508807,0.0,0.0,0.0,0.0,37.5,0.0,0.0,0.0,0.0
2026-03-07T15:50:08+00:00,1772898608.7510993,0.0,429985.9922325904,0.0,6.99846992566065,37.5,0.0,0.0,0.0,0.0
2026-03-07T15:50:09+00:00,1772898609.75084,0.0,86038.31828935118,0.0,7.001816267037043,37.5,0.0,0.0,0.0,0.0
2026-03-07T15:50:10+00:00,1772898610.7509015,0.0,110585.19768404901,0.0,3.9997539671603377,37.5,0.0,0.0,0.0,0.0
2026-03-07T15:50:11+00:00,1772898611.751009,0.0,0.0,0.0,0.0,37.5,0.0,0.0,0.0,0.0
2026-03-07T15:50:12+00:00,1772898612.7511413,0.0,36859.12271568603,0.0,2.9996030855864286,37.5,0.0,0.0,0.0,0.0
2026-03-07T15:50:13+00:00,1772898613.7510881,0.0,69635.70234528136,0.0,2.0001063403401127,37.5,0.0,0.0,0.0,0.0
2026-03-07T15:50:14+00:00,1772898614.7508557,0.0,86035.99976629547,0.0,21.00488275544323,37.5,97.02255367990443,108.02511131370804,2.0004650243279265,2.0004650243279265
2026-03-07T15:50:15+00:00,1772898615.7509642,0.0,90102.22566969879,0.0,2.9996745939397234,37.5,0.0,0.0,0.0,0.0
2026-03-07T15:50:16+00:00,1772898616.7508905,0.0,4096.301780045041,0.0,1.0000736767688088,37.5,0.0,0.0,0.0,0.0
2026-03-07T15:50:17+00:00,1772898617.7510915,65522.830771841844,4095.1769232401152,0.9997990535254188,0.9997990535254188,37.5,54.98894794389803,65.98673753267764,0.9997990535254188,0.9997990535254188
2026-03-07T15:50:18+00:00,1772898618.7511547,0.0,4095.7412272869988,0.0,0.9999368230681149,37.5,54.996525268746325,65.99583032249559,0.9999368230681149,0.9999368230681149
2026-03-07T15:50:19+00:00,1772898619.750785,0.0,0.0,0.0,0.0,37.5,0.0,142.0524953288459,0.0,1.0003696854144077
2026-03-07T15:50:20+00:00,1772898620.750882,0.0,16382.414216000629,0.0,2.999709634277459,37.5,0.0,0.0,0.0,0.0
2026-03-07T15:50:21+00:00,1772898621.7509298,4095.80372034364,4095.80372034364,0.9999520801620215,0.9999520801620215,37.5,0.0,0.0,0.0,0.0
2026-03-07T15:50:22+00:00,1772898622.7510848,0.0,0.0,0.0,0.0,37.5,6834.940775035912,7134.894290616774,17.99721093485173,19.996901038724143
2026-03-07T15:50:23+00:00,1772898623.7511668,0.0,4095.6640900499874,0.0,0.9999179907348602,37.5,107.99114299936491,131.98917477700155,1.9998359814697204,1.9998359814697204
2026-03-07T15:50:24+00:00,1772898624.7512667,0.0,16382.36344473759,0.0,3.999600450375388,37.5,0.0,131.9868148623878,0.0,1.999800225187694
2026-03-07T15:50:25+00:00,1772898625.7508066,0.0,98349.25519908291,0.0,4.0018414387647665,37.5,0.0,78.03590805591296,0.0,1.0004603596911916
2026-03-07T15:50:26+00:00,1772898626.7508843,0.0,0.0,0.0,0.0,37.5,0.0,0.0,0.0,0.0
2026-03-07T15:50:27+00:00,1772898627.7508047,0.0,4096.3261978507235,0.0,1.0000796381471493,37.5,55.004380098093215,66.00525611771185,1.0000796381471493,1.0000796381471493
2026-03-07T15:50:28+00:00,1772898628.7509997,0.0,253902.482313506,0.0,6.99863508141122,37.5,0.0,0.0,0.0,0.0
2026-03-07T15:50:29+00:00,1772898629.751162,0.0,4095.3350688977434,0.0,0.9998376633051131,37.5,0.0,0.0,0.0,0.0
2026-03-07T15:50:30+00:00,1772898630.751189,0.0,12287.668954231303,0.0,1.9999461188527512,37.5,0.0,0.0,0.0,0.0
2026-03-07T15:50:31+00:00,1772898631.750828,0.0,69657.14384169014,0.0,16.005777537153065,37.5,0.0,0.0,0.0,0.0
2026-03-07T15:50:32+00:00,1772898632.750644,0.0,4096.754045038883,0.0,1.0001840930270711,37.5,0.0,0.0,0.0,0.0
2026-03-07T15:50:33+00:00,1772898633.750757,0.0,77815.20607193038,0.0,4.999435011817074,37.5,0.0,0.0,0.0,0.0
2026-03-07T15:50:34+00:00,1772898634.7512581,57315.27611389365,0.0,3.997996380712448,0.0,37.5,5231.378264162237,49971.956261620064,11.993989142137343,42.97846109265881
2026-03-07T15:50:35+00:00,1772898635.7507517,49176.90323602517,1905605.0003959753,9.00455991870578,22.011146467947466,37.5,41279.9041873202,92009.59375599331,14.007093206875659,83.04205258361998
2026-03-07T15:50:36+00:00,1772898636.750942,9821875.30939081,851805.9370837705,257.9509227665978,58.98877691174136,37.5,20907.022271210568,2093.6016754777356,10.997907559816186,14.997146672476617
2026-03-07T15:50:37+00:00,1772898637.7507317,2988660.4710253347,0.0,127.02671183582287,0.0,37.5,0.0,0.0,0.0,0.0
2026-03-07T15:50:38+00:00,1772898638.7509193,16380.926357974118,1908377.9207039848,0.9998123997786937,40.99230839092644,37.5,0.0,0.0,0.0,0.0
2026-03-07T15:50:39+00:00,1772898639.750797,0.0,4096.501037843803,0.0,1.0001223236923347,37.5,0.0,0.0,0.0,0.0
2026-03-07T15:50:40+00:00,1772898640.750841,0.0,12287.460961147106,0.0,2.999868398717555,37.5,0.0,0.0,0.0,0.0
2026-03-07T15:50:41+00:00,1772898641.7512293,0.0,0.0,0.0,0.0,37.5,0.0,0.0,0.0,0.0
2026-03-07T15:50:42+00:00,1772898642.7508535,0.0,36877.85676914887,0.0,4.001503555680216,37.5,0.0,0.0,0.0,0.0
2026-03-07T15:50:43+00:00,1772898643.7509496,0.0,61434.09724683988,0.0,1.9998078530872359,37.5,0.0,0.0,0.0,0.0
2026-03-07T15:50:44+00:00,1772898644.7510622,0.0,8191.078228730211,0.0,1.9997749581860866,37.5,0.0,0.0,0.0,0.0
2026-03-07T15:50:45+00:00,1772898645.750933,0.0,147475.05715011962,0.0,3.000387718711744,37.5,110.01421635276394,66.00852981165836,2.0002584791411624,1.0001292395705812
2026-03-07T15:50:46+00:00,1772898646.7508128,0.0,90122.82942629595,0.0,4.000480709618961,37.5,108.01297915971196,345.0414612046354,2.0002403548094807,5.000600887023702
2026-03-07T15:50:47+00:00,1772898647.750726,0.0,4096.3554996018065,0.0,1.0000867918949723,37.5,0.0,0.0,0.0,0.0
2026-03-07T15:50:48+00:00,1772898648.750982,0.0,69614.17448630373,0.0,1.9994880079935586,37.5,0.0,0.0,0.0,0.0
2026-03-07T15:50:49+00:00,1772898649.7509398,0.0,0.0,0.0,0.0,37.5,0.0,0.0,0.0,0.0
2026-03-07T15:50:50+00:00,1772898650.7507336,0.0,16387.379603232574,0.0,3.000618823834089,37.5,0.0,0.0,0.0,0.0
2026-03-07T15:50:51+00:00,1772898651.7509398,0.0,8190.310895222577,0.0,1.9995876209039494,37.5,0.0,0.0,0.0,0.0
2026-03-07T15:50:52+00:00,1772898652.7511034,0.0,4095.330187676252,0.0,0.9998364716006475,37.5,0.0,0.0,0.0,0.0
2026-03-07T15:50:53+00:00,1772898653.7508028,0.0,0.0,0.0,0.0,37.5,1.000300736243344,0.0,1.000300736243344,0.0
2026-03-07T15:50:54+00:00,1772898654.7506917,0.0,516153.34621508984,0.0,105.01166711732785,37.5,1.0001111154031224,0.0,1.0001111154031224,0.0
2026-03-07T15:50:55+00:00,1772898655.7508018,0.0,102388.72194539577,0.0,3.999559450992022,37.5,54.9939424511403,53.99405258839229,1.999779725496011,0.9998898627480055
2026-03-07T15:50:56+00:00,1772898656.7508016,0.0,1396736.333007892,0.0,5.00000119209318,37.5,4525.001078844328,4581.001092195771,18.000004291535447,15.00000357627954
2026-03-07T15:50:57+00:00,1772898657.7512856,0.0,36846.16683419385,0.0,1.9990324888343016,37.5,599.7097466502904,3879.1225445829623,9.995162444171507,14.992743666257262
2026-03-07T15:50:58+00:00,1772898658.7506468,0.0,16394.471532162348,0.0,3.001917394805117,37.5,0.0,0.0,0.0,0.0
2026-03-07T15:50:59+00:00,1772898659.7507966,0.0,4095.386810560934,0.0,0.999850295547103,37.5,0.0,0.0,0.0,0.0
2026-03-07T15:51:00+00:00,1772898660.7512178,163771.00562883707,479030.19146434846,3.99831556711028,98.95831028597944,37.5,0.0,0.0,0.0,0.0
2026-03-07T15:51:01+00:00,1772898661.7509465,0.0,4097.111629732761,0.0,1.0002713939777248,37.5,1.0002713939777248,0.0,1.0002713939777248,0.0
2026-03-07T15:51:02+00:00,1772898662.7511265,0.0,94191.04504418174,0.0,11.9978403164294,37.5,55.98992147667053,65.98812174036169,1.9996400527382332,0.9998200263691166
2026-03-07T15:51:03+00:00,1772898663.751194,0.0,438242.4307060504,0.0,16.998853045603774,37.5,192.98697869420755,332.97753318741513,3.9997301283773585,4.9996626604716985
2026-03-07T15:51:04+00:00,1772898664.7508008,0.0,0.0,0.0,0.0,37.5,1.0003933068664128,0.0,1.0003933068664128,0.0
2026-03-07T15:51:05+00:00,1772898665.7510157,0.0,114663.36857245355,0.0,3.9991409239834526,37.5,427.9080788662294,0.0,5.998711385975179,0.0
2026-03-07T15:51:06+00:00,1772898666.750941,0.0,4096.305686874388,0.0,1.0000746305845674,37.5,428.0319418901948,0.0,6.000447783507404,0.0
2026-03-07T15:51:07+00:00,1772898667.7510855,0.0,4095.4082886164424,0.0,0.9998555392129986,37.5,426.9383152439504,0.0,4.999277696064993,0.0
2026-03-07T15:51:08+00:00,1772898668.750718,0.0,0.0,0.0,0.0,37.5,427.15693875375257,0.0,5.0018376903249715,0.0
2026-03-07T15:51:09+00:00,1772898669.7510996,0.0,4094.438095819161,0.0,0.9996186757370998,37.5,0.0,0.0,0.0,0.0
2026-03-07T15:51:10+00:00,1772898670.7509184,0.0,61451.134830110284,0.0,14.002537233423567,37.5,1.0001812309588263,0.0,1.0001812309588263,0.0
2026-03-07T15:51:11+00:00,1772898671.7507207,0.0,0.0,0.0,0.0,37.5,1.000197688074926,0.0,1.000197688074926,0.0
2026-03-07T15:51:12+00:00,1772898672.7509072,0.0,12285.709411439957,0.0,1.9996271828515553,37.5,216.95954933939376,332.93792594478396,4.999067957128888,4.999067957128888
2026-03-07T15:51:13+00:00,1772898673.751294,0.0,4094.416627938624,0.0,0.9996134345553281,37.5,0.9996134345553281,0.0,0.9996134345553281,0.0
2026-03-07T15:51:14+00:00,1772898674.7507966,0.0,20490.19061508729,0.0,5.002487943136545,37.5,1.000497588627309,0.0,1.000497588627309,0.0
2026-03-07T15:51:15+00:00,1772898675.7508085,0.0,94206.8769665126,0.0,2.9999642376394555,37.5,0.9999880792131518,0.0,0.9999880792131518,0.0
2026-03-07T15:51:16+00:00,1772898676.7510993,0.0,4094.8089401943594,0.0,0.9997092139146385,37.5,0.0,0.0,0.0,0.0
2026-03-07T15:51:17+00:00,1772898677.7509658,0.0,4096.54694802544,0.0,1.0001335322327733,37.5,0.0,0.0,0.0,0.0
2026-03-07T15:51:18+00:00,1772898678.7509973,0.0,65533.93756490741,0.0,1.9999370594759343,37.5,0.0,0.0,0.0,0.0
2026-03-07T15:51:19+00:00,1772898679.7508113,0.0,0.0,0.0,0.0,37.5,0.0,54.01004405841006,0.0,1.0001860010816679
2026-03-07T15:51:20+00:00,1772898680.751044,0.0,16380.188386949143,0.0,2.999302072805629,37.5,0.0,0.0,0.0,0.0
2026-03-07T15:51:21+00:00,1772898681.7509012,0.0,286760.953114251,0.0,3.0004284993818113,37.5,0.0,54.007712988872605,0.0,1.0001428331272706
2026-03-07T15:51:22+00:00,1772898682.7507944,0.0,16385.750186940135,0.0,2.0002136458667157,37.5,0.0,0.0,0.0,0.0
2026-03-07T15:51:23+00:00,1772898683.7512221,65507.98073448237,0.0,0.9995724599377803,0.0,37.5,0.0,0.0,0.0,0.0
2026-03-07T15:51:24+00:00,1772898684.7510862,0.0,241696.8462606355,0.0,3.0004077511830745,37.5,0.0,0.0,0.0,0.0
2026-03-07T15:51:25+00:00,1772898685.7507818,0.0,106528.43370290723,0.0,4.001218212999821,37.5,55.016750428747535,66.02010051449705,1.0003045532499553,1.0003045532499553
2026-03-07T15:51:26+00:00,1772898686.750721,0.0,0.0,0.0,0.0,37.5,0.0,0.0,0.0,0.0
2026-03-07T15:51:27+00:00,1772898687.7506773,0.0,49154.14462482127,0.0,12.000523590044255,37.5,0.0,0.0,0.0,0.0
2026-03-07T15:51:28+00:00,1772898688.7511194,0.0,4094.1902530838925,0.0,0.9995581672568097,37.5,0.0,0.0,0.0,0.0
2026-03-07T15:51:29+00:00,1772898689.7508097,0.0,4097.268947687875,0.0,1.00030980168161,37.5,0.0,0.0,0.0,0.0
2026-03-07T15:51:30+00:00,1772898690.7510045,0.0,8190.404607638254,0.0,1.999610499911683,37.5,0.0,0.0,0.0,0.0
2026-03-07T15:51:31+00:00,1772898691.7510245,0.0,4095.9179703928203,0.0,0.9999799732404346,37.5,0.0,141.99715620014172,0.0,0.9999799732404346
2026-03-07T15:51:32+00:00,1772898692.7507503,0.0,4097.123354877975,0.0,1.0002742565620055,37.5,0.0,0.0,0.0,0.0
2026-03-07T15:51:33+00:00,1772898693.750905,0.0,192482.2165225689,0.0,22.99644167646217,37.5,0.0,0.0,0.0,0.0
2026-03-07T15:51:34+00:00,1772898694.7511904,0.0,0.0,0.0,0.0,37.5,0.0,0.0,0.0,0.0
2026-03-07T15:51:35+00:00,1772898695.7508643,0.0,438414.99195027066,0.0,10.003262630290564,37.5,0.0,0.0,0.0,0.0
2026-03-07T15:51:36+00:00,1772898696.7508616,0.0,4096.0107422156725,0.0,1.0000026226112482,37.5,270.000708105037,154.00040388213222,5.000013113056241,3.0000078678337445
2026-03-07T15:51:37+00:00,1772898697.750928,0.0,4095.7285336178907,0.0,0.9999337240278053,37.5,0.0,0.0,0.0,0.0
2026-03-07T15:51:38+00:00,1772898698.7507434,0.0,69644.85198102791,0.0,4.000738280160151,37.5,0.0,0.0,0.0,0.0
2026-03-07T15:51:39+00:00,1772898699.7507977,0.0,8191.55471170562,0.0,0.9999456435187525,37.5,0.0,0.0,0.0,0.0
2026-03-07T15:51:40+00:00,1772898700.750768,0.0,16384.488295802348,0.0,3.000089409631778,37.5,55.00163917658259,66.00196701189911,1.0000298032105925,1.0000298032105925
2026-03-07T15:51:41+00:00,1772898701.750907,0.0,0.0,0.0,0.0,37.5,0.0,0.0,0.0,0.0
2026-03-07T15:51:42+00:00,1772898702.7511442,0.0,4095.0285507659883,0.0,0.9997628297768526,37.5,0.0,53.98719280795004,0.0,0.9997628297768526
2026-03-07T15:51:43+00:00,1772898703.751014,0.0,28675.73290781204,0.0,7.000911354446298,37.5,0.0,0.0,0.0,0.0
2026-03-07T15:51:44+00:00,1772898704.7512572,0.0,4095.0041484281073,0.0,0.9997568721748309,37.5,0.0,0.0,0.0,0.0
2026-03-07T15:51:45+00:00,1772898705.75079,0.0,94252.02153734962,0.0,3.001401840735913,37.5,0.0,0.0,0.0,0.0
2026-03-07T15:51:46+00:00,1772898706.75084,0.0,4095.7959086072688,0.0,0.9999501729998215,37.5,0.0,0.0,0.0,0.0
2026-03-07T15:51:47+00:00,1772898707.7507155,0.0,4096.509829075522,0.0,1.0001244699891412,37.5,0.0,0.0,0.0,0.0
2026-03-07T15:51:48+00:00,1772898708.7506714,0.0,4096.18067203148,0.0,1.0000441093826855,37.5,0.0,0.0,0.0,0.0
2026-03-07T15:51:49+00:00,1772898709.7510543,0.0,0.0,0.0,0.0,37.5,0.0,0.0,0.0,0.0
2026-03-07T15:51:50+00:00,1772898710.7508879,0.0,16386.727016319608,0.0,3.0004993316014903,37.5,0.0,0.0,0.0,0.0
2026-03-07T15:51:51+00:00,1772898711.7512276,0.0,65513.74193709841,0.0,2.9989811067397345,37.5,0.0,0.0,0.0,0.0
2026-03-07T15:51:52+00:00,1772898712.7507088,0.0,4098.126103019755,0.0,1.0005190681200573,37.5,0.0,0.0,0.0,0.0
2026-03-07T15:51:53+00:00,1772898713.7510698,0.0,0.0,0.0,0.0,37.5,0.0,0.0,0.0,0.0
2026-03-07T15:51:54+00:00,1772898714.7508745,0.0,8193.599921783432,0.0,2.0003906059041583,37.5,0.0,0.0,0.0,0.0
2026-03-07T15:51:55+00:00,1772898715.7507973,0.0,163852.6572277407,0.0,5.000386267936423,37.5,0.0,0.0,0.0,0.0
2026-03-07T15:51:56+00:00,1772898716.75122,0.0,0.0,0.0,0.0,37.5,0.0,0.0,0.0,0.0
2026-03-07T15:51:57+00:00,1772898717.7512352,0.0,4095.9375009536598,0.0,0.9999847414437646,37.5,0.0,0.0,0.0,0.0
2026-03-07T15:51:58+00:00,1772898718.7507768,0.0,4097.878791073616,0.0,1.0004586892269571,37.5,0.0,0.0,0.0,0.0
2026-03-07T15:51:59+00:00,1772898719.7508025,0.0,16383.578135862666,0.0,2.999922754369385,37.5,0.0,0.0,0.0,0.0
2026-03-07T15:52:00+00:00,1772898720.7507477,0.0,8192.449243384834,0.0,2.0001096785607504,37.5,0.0,0.0,0.0,0.0
2026-03-07T15:52:01+00:00,1772898721.7508109,0.0,20478.706136434994,0.0,3.9997472922724597,37.5,0.0,0.0,0.0,0.0
2026-03-07T15:52:02+00:00,1772898722.7508059,0.0,4096.020507915179,0.0,1.0000050068152293,37.5,0.0,0.0,0.0,0.0
2026-03-07T15:52:03+00:00,1772898723.7507398,0.0,4096.270525678542,0.0,1.0000660463082378,37.5,0.0,0.0,0.0,0.0
2026-03-07T15:52:04+00:00,1772898724.7511654,0.0,32754.060619781896,0.0,1.9991492077503599,37.5,0.0,0.0,0.0,0.0
2026-03-07T15:52:05+00:00,1772898725.7508466,0.0,577720.1573358435,0.0,30.009566018525785,37.5,0.0,0.0,0.0,0.0
2026-03-07T15:52:06+00:00,1772898726.7508545,0.0,69631.45215274786,0.0,5.99995279349275,37.5,0.0,0.0,0.0,0.0
2026-03-07T15:52:07+00:00,1772898727.7508562,0.0,4095.9931640739087,0.0,0.9999983310727316,37.5,0.0,0.0,0.0,0.0
2026-03-07T15:52:08+00:00,1772898728.7507944,0.0,0.0,0.0,0.0,37.5,0.0,0.0,0.0,0.0
2026-03-07T15:52:09+00:00,1772898729.750807,0.0,4095.948242841513,0.0,0.9999873639749788,37.5,0.0,0.0,0.0,0.0
2026-03-07T15:52:10+00:00,1772898730.7512438,0.0,16376.846874362509,0.0,2.9986902235771193,37.5,0.0,0.0,0.0,0.0
2026-03-07T15:52:11+00:00,1772898731.7508516,0.0,0.0,0.0,0.0,37.5,0.0,0.0,0.0,0.0
2026-03-07T15:52:12+00:00,1772898732.7511227,0.0,4094.889949352166,0.0,0.9997289915410561,37.5,0.0,0.0,0.0,0.0
2026-03-07T15:52:13+00:00,1772898733.7511475,0.0,16383.593760072936,0.0,2.99992561524773,37.5,0.0,0.0,0.0,0.0
2026-03-07T15:52:14+00:00,1772898734.7508018,0.0,4097.41650532072,0.0,1.0003458264943164,37.5,586.2026543256693,791.2735487570042,7.002420785460214,6.002074958965897
2026-03-07T15:52:15+00:00,1772898735.7506607,0.0,94221.29875203638,0.0,3.000423491169637,37.5,0.0,0.0,0.0,0.0
2026-03-07T15:52:16+00:00,1772898736.750794,0.0,73718.17513754322,0.0,15.997867868390458,37.5,0.0,0.0,0.0,0.0
2026-03-07T15:52:17+00:00,1772898737.7509952,0.0,8190.351894140565,0.0,1.9995976304054113,37.5,0.0,0.0,0.0,0.0
2026-03-07T15:52:18+00:00,1772898738.7507923,0.0,12290.49367001371,0.0,3.000608806155691,37.5,0.0,0.0,0.0,0.0
2026-03-07T15:52:19+00:00,1772898739.751202,0.0,0.0,0.0,0.0,37.5,0.0,0.0,0.0,0.0
2026-03-07T15:52:20+00:00,1772898740.7507877,0.0,98344.75126116083,0.0,4.001658173061557,37.5,0.0,0.0,0.0,0.0
2026-03-07T15:52:21+00:00,1772898741.7509167,0.0,221155.47438248614,0.0,3.9994841287341965,37.5,0.0,0.0,0.0,0.0
2026-03-07T15:52:22+00:00,1772898742.7511785,0.0,8189.856030006183,0.0,1.9994765698257282,37.5,0.0,0.0,0.0,0.0
2026-03-07T15:52:23+00:00,1772898743.7512145,0.0,0.0,0.0,0.0,37.5,0.0,0.0,0.0,0.0
2026-03-07T15:52:24+00:00,1772898744.7507355,0.0,4097.962854236164,0.0,1.000479212460001,37.5,0.0,0.0,0.0,0.0
2026-03-07T15:52:25+00:00,1772898745.7507305,16384.082031660717,73728.36914247322,1.0000050068152293,4.000020027260917,37.5,55.00027537483761,66.00033044980513,1.0000050068152293,1.0000050068152293
2026-03-07T15:52:26+00:00,1772898746.7508156,0.0,0.0,0.0,0.0,37.5,0.0,0.0,0.0,0.0
2026-03-07T15:52:27+00:00,1772898747.7507343,0.0,8192.666069776962,0.0,2.000162614691641,37.5,445.0361817688902,86.00699243174057,4.000325229383282,1.0000813073458206
2026-03-07T15:52:28+00:00,1772898748.7511446,73697.76045471607,57320.480353668056,4.997949249587407,2.9987695497524443,37.5,1569.356064370446,5377.79339255605,8.996308649257333,13.99425789884474
2026-03-07T15:52:29+00:00,1772898749.7506866,49174.5220338886,823673.2440676341,3.0013746358574585,48.021994173719335,37.5,1350.6185861358563,2293.0502217950984,8.00366569561989,11.005040331477348
2026-03-07T15:52:30+00:00,1772898750.7507036,0.0,167933.15727468336,0.0,2.9999492177022797,37.5,119.9979687080912,0.0,1.9999661451348532,0.0
2026-03-07T15:52:31+00:00,1772898751.751088,0.0,147399.3498973764,0.0,13.994621436654118,37.5,4568.244283250666,8276.818963964008,20.99193215498118,23.990779605692772
2026-03-07T15:52:32+00:00,1772898752.7507346,0.0,233554.523299105,0.0,6.002120767349532,37.5,5574.969839406491,855.3022093473083,3.001060383674766,7.002474228574454
2026-03-07T15:52:33+00:00,1772898753.7510781,0.0,118743.20444545605,0.0,14.994848352318837,37.5,0.0,0.0,0.0,0.0
2026-03-07T15:52:34+00:00,1772898754.7510679,0.0,0.0,0.0,0.0,37.5,0.0,0.0,0.0,0.0
2026-03-07T15:52:35+00:00,1772898755.7510262,0.0,421905.6032735283,0.0,21.000876224837146,37.5,0.0,0.0,0.0,0.0
2026-03-07T15:52:36+00:00,1772898756.7513337,0.0,4094.7406217093458,0.0,0.9996925345970082,37.5,85.9735579753427,252.92221125304306,0.9996925345970082,0.9996925345970082
2026-03-07T15:52:37+00:00,1772898757.7509606,0.0,4097.528890779989,0.0,1.0003732643505832,37.5,228.08510427193298,112.04180560726532,4.001493057402333,2.0007465287011663
2026-03-07T15:52:38+00:00,1772898758.751151,0.0,0.0,0.0,0.0,37.5,0.0,0.0,0.0,0.0
2026-03-07T15:52:39+00:00,1772898759.7509854,0.0,4096.67882341916,0.0,1.0001657283738183,37.5,0.0,0.0,0.0,0.0
2026-03-07T15:52:40+00:00,1772898760.7510366,0.0,102394.75124561362,0.0,3.999794970531782,37.5,0.0,0.0,0.0,0.0
2026-03-07T15:52:41+00:00,1772898761.7507284,0.0,0.0,0.0,0.0,37.5,0.0,0.0,0.0,0.0
2026-03-07T15:52:42+00:00,1772898762.7513194,0.0,4093.5805315642956,0.0,0.9994093094639394,37.5,0.0,0.0,0.0,0.0
2026-03-07T15:52:43+00:00,1772898763.7510614,0.0,16388.227653103033,0.0,3.000774106403143,37.5,0.0,0.0,0.0,0.0
2026-03-07T15:52:44+00:00,1772898764.7507944,0.0,69650.59871639308,0.0,14.003739401848334,37.5,0.0,0.0,0.0,0.0
2026-03-07T15:52:45+00:00,1772898765.7507877,0.0,4096.02734393254,0.0,1.0000066757647803,37.5,0.0,0.0,0.0,0.0
2026-03-07T15:52:46+00:00,1772898766.7508235,0.0,24575.121125181013,0.0,4.99982119246033,37.5,0.0,0.0,0.0,0.0
2026-03-07T15:52:47+00:00,1772898767.7507908,0.0,401421.1117563988,0.0,93.00303779034073,37.5,0.0,0.0,0.0,0.0
2026-03-07T15:52:48+00:00,1772898768.7507384,0.0,4096.214855019594,0.0,1.0000524548387681,37.5,0.0,0.0,0.0,0.0
2026-03-07T15:52:49+00:00,1772898769.750923,0.0,0.0,0.0,0.0,37.5,0.0,0.0,0.0,0.0
2026-03-07T15:52:50+00:00,1772898770.751094,208860.24635484628,143335.46318469843,3.999315379037345,6.998801913315353,37.5,0.0,0.0,0.0,0.0
2026-03-07T15:52:51+00:00,1772898771.7511258,511.98376516323884,172538.5288600115,0.9999682913344509,30.999017031367977,37.5,0.0,0.0,0.0,0.0
2026-03-07T15:52:52+00:00,1772898772.7507234,0.0,4097.649101181697,0.0,1.0004026125931877,37.5,0.0,0.0,0.0,0.0
2026-03-07T15:52:53+00:00,1772898773.7508717,0.0,0.0,0.0,0.0,37.5,0.9998517256323473,0.0,0.9998517256323473,0.0
2026-03-07T15:52:54+00:00,1772898774.7510085,0.0,4095.439529826612,0.0,0.9998631664615752,37.5,0.9998631664615752,0.0,0.9998631664615752,0.0
2026-03-07T15:52:55+00:00,1772898775.750857,0.0,20483.10105542426,0.0,3.000454256165663,37.5,1.0001514187218876,0.0,1.0001514187218876,0.0
2026-03-07T15:52:56+00:00,1772898776.7507322,0.0,0.0,0.0,0.0,37.5,1.000124946945238,0.0,1.000124946945238,0.0
2026-03-07T15:52:57+00:00,1772898777.7512593,0.0,470791.8251596861,0.0,34.98155969894067,37.5,0.0,0.0,0.0,0.0
2026-03-07T15:52:58+00:00,1772898778.7511582,0.0,61446.2115654239,0.0,5.000505498488273,37.5,0.0,0.0,0.0,0.0
2026-03-07T15:52:59+00:00,1772898779.7508204,0.0,65558.1481074973,0.0,2.0006759066008697,37.5,0.0,0.0,0.0,0.0
2026-03-07T15:53:00+00:00,1772898780.7510557,0.0,110565.9817085394,0.0,2.9992942086734864,37.5,0.0,0.0,0.0,0.0
2026-03-07T15:53:01+00:00,1772898781.7508335,0.0,12290.731075611704,0.0,2.000444511004509,37.5,1.0002222555022544,0.0,1.0002222555022544,0.0
2026-03-07T15:53:02+00:00,1772898782.7511003,0.0,4094.907518026192,0.0,0.9997332807681133,37.5,0.9997332807681133,0.0,0.9997332807681133,0.0
2026-03-07T15:53:03+00:00,1772898783.7510266,4718939.650611887,196622.48544216194,12.000884121225704,32.00235765660188,37.5,1.0000736767688088,0.0,1.0000736767688088,0.0
2026-03-07T15:53:04+00:00,1772898784.7510598,197650025.84207344,0.0,377.9874734261498,0.0,37.5,0.9999668609157402,0.0,0.9999668609157402,0.0
2026-03-07T15:53:05+00:00,1772898785.7509527,196104704.99729913,98314.52456415398,374.04004096469714,4.000428245611734,37.5,428.0458222804556,0.0,6.000642368417601,0.0
2026-03-07T15:53:06+00:00,1772898786.75105,197113113.86515975,8191.203202508301,375.9634282401271,1.9998054693623781,37.5,427.9583704435489,0.0,5.999416408087135,0.0
2026-03-07T15:53:07+00:00,1772898787.7509766,194525132.5489562,8192.601606677736,373.02739249155223,2.0001468766303065,37.5,427.0313581605705,0.0,5.000367191575767,0.0
2026-03-07T15:53:08+00:00,1772898788.7508104,198738177.86316362,0.0,384.06382286179894,0.0,37.5,427.07096969267747,0.0,5.00083102684634,0.0
2026-03-07T15:53:09+00:00,1772898789.7551882,192619016.38978451,4078.14651909266,367.391617564744,0.9956412400128565,37.5,21652480.860976875,0.0,66.70796308086139,0.0
2026-03-07T15:53:10+00:00,1772898790.7506685,194867301.94023156,20572.98373524404,371.6798819355613,4.018160885789852,37.5,44499242.269966066,0.0,169.76729742462123,0.0
2026-03-07T15:53:11+00:00,1772898791.7506764,194509317.63704062,0.0,372.9970653287993,0.0,37.5,43494118.79640191,0.0,134.99893785358688,0.0
2026-03-07T15:53:12+00:00,1772898792.7506711,195036159.00536588,4096.021484487691,376.001972208831,1.0000052452362527,37.5,43494689.13872363,0.0,114.0005979569328,0.0
2026-03-07T15:53:13+00:00,1772898793.75097,195501020.32242584,8189.553465249071,372.8886038254277,1.999402701476824,37.5,42503995.42103039,0.0,55.98327564135108,0.0
2026-03-07T15:53:14+00:00,1772898794.7509801,192936006.02027825,12287.874024728999,369.9962067992944,1.999979496212402,37.5,44473287.059909925,0.0,86.99910808523948,0.0
2026-03-07T15:53:15+00:00,1772898795.7510986,196584705.8852136,98292.35294260681,374.9555700020096,2.999644560016077,37.5,43489307.77649381,0.0,81.99028464043944,0.0
2026-03-07T15:53:16+00:00,1772898796.7509952,191384923.29911992,4096.423871984587,369.0381857329865,1.000103484371237,37.5,43498960.996845394,0.0,120.01241812454845,0.0
2026-03-07T15:53:17+00:00,1772898797.7508829,193483999.3148721,4096.460012594684,370.04155387207834,1.000112307762374,37.5,43499399.77165519,66.00741231231667,41.00460461825733,1.000112307762374
2026-03-07T15:53:18+00:00,1772898798.7509956,193964686.21675003,8191.076276045187,369.9582790694237,0.9998872407281723,37.5,43489555.59636185,0.0,112.98725820228346,0.0
2026-03-07T15:53:19+00:00,1772898799.7507606,188788060.43298408,0.0,360.0846489581758,0.0,37.5,41728623.59483731,0.0,38.00893516780745,0.0
2026-03-07T15:53:20+00:00,1772898800.7508078,186637717.41592017,339951.95192945434,355.98319514450105,13.99933913489611,37.5,45267969.04047823,0.0,91.99565717217443,0.0
2026-03-07T15:53:21+00:00,1772898801.750828,192409796.70402148,4095.9169938696673,370.9924816224723,0.9999797348314617,37.5,41819273.50819965,1636.9668259191028,48.99900700674163,3.999918939325847
2026-03-07T15:53:22+00:00,1772898802.7507575,192427275.95836344,16385.156331604518,367.02590171501816,3.000211730640476,37.5,45176945.2228341,3419.241302353262,141.00995134010236,10.000705768801586
2026-03-07T15:53:23+00:00,1772898803.750674,187710767.80708992,0.0,358.0298763410376,0.0,37.5,41914589.62591578,0.0,88.00734390505953,0.0
2026-03-07T15:53:24+00:00,1772898804.751282,193868694.1585864,4093.5112786863683,369.7751887485245,0.9993924020230391,37.5,43513425.25699488,0.0,105.93559461444215,0.0
2026-03-07T15:53:25+00:00,1772898805.7510593,188785719.36144915,61453.68468797173,367.0817428464457,8.001781860412985,37.5,42120043.41564327,0.0,86.01915499943959,0.0
2026-03-07T15:53:26+00:00,1772898806.7508972,191396150.03073236,0.0,365.0591850866935,0.0,37.5,43527254.84025082,0.0,104.01686369593459,0.0
2026-03-07T15:53:27+00:00,1772898807.750963,190304021.32403627,147446.29751345783,362.9761148911214,16.998881413633786,37.5,43553149.04914437,4679.692059753301,81.99460446576296,8.999407807217885
2026-03-07T15:53:28+00:00,1772898808.7510638,187557404.63712656,446418.9781733114,384.9611762577159,30.996873932439463,37.5,43579864.92447303,8719.120667447489,80.99183188798699,14.998487386664257
2026-03-07T15:53:29+00:00,1772898809.7507124,189334505.63325295,4097.43995916839,361.1269104638156,1.0003515525313451,37.5,41907375.46644915,0.0,64.02249936200609,0.0
2026-03-07T15:53:30+00:00,1772898810.751137,190235765.4254802,102356.53701009393,366.84422932328584,2.9987266702175956,37.5,45343482.092413284,0.0,52.97750450717752,0.0
2026-03-07T15:53:31+00:00,1772898811.7568636,191318098.3977718,4072.6775033585623,366.8989254734642,0.994306031093399,37.5,42814760.02913196,0.0,65.62419805216433,0.0
2026-03-07T15:53:32+00:00,1772898812.7510538,193538110.60591432,4119.935937625901,369.1446506613051,1.0058437347719484,37.5,43827818.15384025,0.0,62.362311555860806,0.0
2026-03-07T15:53:33+00:00,1772898813.7509735,195575137.8875647,163853.16512027872,373.0299718619627,8.00064282813861,37.5,42023200.44065583,0.0,48.003856968831656,0.0
2026-03-07T15:53:34+00:00,1772898814.7511957,192895121.52430424,0.0,371.9173576885782,0.0,37.5,43484797.412074074,0.0,81.98178314640703,0.0
2026-03-07T15:53:35+00:00,1772898815.7506886,194654616.53236875,151628.89348612903,375.1902651056957,6.003044241691131,37.5,43516527.94141087,0.0,59.02993504329612,0.0
2026-03-07T15:53:36+00:00,1772898816.7507632,185584102.783498,147444.9969148554,353.97358471583937,34.99738831936265,37.5,43491214.46745674,0.0,41.99686598323518,0.0
2026-03-07T15:53:37+00:00,1772898817.7535148,193454253.4387834,200153.2605257683,368.9847058082264,6.9807917315069865,37.5,43375109.53348019,0.0,40.88749442739806,0.0
2026-03-07T15:53:38+00:00,1772898818.7578206,194720986.6765778,0.0,374.3879455811511,0.0,37.5,42738652.221439555,403.2636115967186,43.81135533396449,6.96998834858526
2026-03-07T15:53:39+00:00,1772898819.751139,193707990.94049725,4123.552259462221,370.4753983110589,1.0067266258452687,37.5,44362894.69637151,0.0,39.26233840796548,0.0
2026-03-07T15:53:40+00:00,1772898820.7510583,195575184.52006906,102408.2526181662,373.03006080640614,4.000322367897117,37.5,40507850.344553106,0.0,45.00362663884257,0.0
2026-03-07T15:53:41+00:00,1772898821.7509544,195055412.10771155,0.0,372.0386736063224,0.0,37.5,46492194.88692729,0.0,49.00509410405859,0.0
2026-03-07T15:53:42+00:00,1772898822.750688,187806559.4320921,200757.46443361577,362.09643118706606,16.00426215191452,37.5,37600425.502904594,0.0,95.02530652699248,0.0
2026-03-07T15:53:43+00:00,1772898823.7511253,192329598.02265418,151485.76138535005,371.83741049507904,22.989947423082846,37.5,49377473.22215237,455.80069673590333,100.95585607527684,7.996503451507076
2026-03-07T15:53:44+00:00,1772898824.7509313,190894263.36957142,368711.5568559839,365.0708502941464,46.008929078166396,37.5,42127959.88790625,15309.971247815065,77.01494650040897,27.005240980662883
2026-03-07T15:53:45+00:00,1772898825.751077,190288823.91308907,65526.45451552654,364.9468368250608,4.9992717373296,37.5,42051997.1278064,1789.739281963997,78.98849344980768,12.99810651705696
2026-03-07T15:53:46+00:00,1772898826.7509508,193486675.2028156,114702.46666833581,369.04654541552657,25.003153483436762,37.5,37622995.141131796,1383.1744507037215,82.01034342567257,18.002270508074467
2026-03-07T15:53:47+00:00,1772898827.751071,190817902.755246,286685.5510144922,367.9557853422612,30.99627539567961,37.5,47839188.50132068,722.9131326153664,64.99219034577983,3.9995194058941435
2026-03-07T15:53:48+00:00,1772898828.7508934,189825973.23891807,221223.29408886342,362.0643105295526,32.00568490868973,37.5,36417474.53888785,0.0,44.00781674944838,0.0
2026-03-07T15:53:49+00:00,1772898829.751029,193960247.31958273,122863.33233926272,371.94954126143983,4.999321791148385,37.5,32075376.648902602,65.99104764315868,21.997015881052896,0.999864358229677
2026-03-07T15:53:50+00:00,1772898830.7511585,190816128.69812128,233441.77832659928,363.95288219093567,25.996634442209693,37.5,43509945.146440856,206.97320498220793,48.993657218010576,1.9997411109392071
2026-03-07T15:53:51+00:00,1772898831.7511628,192937156.00355336,106495.54297071135,371.9984035560455,21.999905586647856,37.5,44576544.69822393,0.0,40.99982404784373,0.0
2026-03-07T15:53:52+00:00,1772898832.7509272,192983442.7081422,110618.0569191542,369.086941217881,18.004241035018588,37.5,45150813.615313515,0.0,47.01107381365964,0.0
2026-03-07T15:53:53+00:00,1772898833.751004,193971668.6432211,0.0,369.97159699100706,0.0,37.5,41845529.485958464,65.99493351731478,49.99616175554149,0.9999232351108299
2026-03-07T15:53:54+00:00,1772898834.7506862,191950412.13784498,167989.38903798762,366.1163561589145,20.006358260049975,37.5,45180274.83196616,0.0,31.009855303077458,0.0
2026-03-07T15:53:55+00:00,1772898835.7510445,192344770.57395253,90079.72055149343,366.86853518286233,14.994626778591103,37.5,43506121.88035531,0.0,60.978148899603816,0.0
2026-03-07T15:53:56+00:00,1772898836.751027,193989936.30876315,0.0,374.00650941734017,0.0,37.5,43534581.70007708,0.0,60.0010442915519,0.0
2026-03-07T15:53:57+00:00,1772898837.7507322,190372689.43362364,573609.1709862972,363.1070889160607,62.01829066885886,37.5,43561811.41418823,0.0,56.016520604130584,0.0
2026-03-07T15:53:58+00:00,1772898838.750813,191349654.3749921,118774.40018995658,364.9705016612856,12.998949374237569,37.5,41700027.641206175,0.0,28.997656296376118,0.0
2026-03-07T15:53:59+00:00,1772898839.7506611,191394187.53956383,57352.71030723231,365.0554419318463,13.00197464414795,37.5,43502580.85157835,0.0,48.00729099377705,0.0
2026-03-07T15:54:00+00:00,1772898840.750684,190836464.0999733,110589.46880793439,370.99150867823766,2.9999313370207896,37.5,21746882.253366392,131.99697882891473,21.99949647148579,1.9999542246805264
2026-03-07T15:54:01+00:00,1772898841.7508566,197622463.38835022,53238.810180051245,376.9349353568081,9.99827414739544,37.5,0.0,65.9886093728099,0.0,0.9998274147395441
2026-03-07T15:54:02+00:00,1772898842.7508342,197661005.8492789,45057.00978825572,377.00844926696567,9.000201706638437,37.5,0.0,0.0,0.0,0.0
2026-03-07T15:54:03+00:00,1772898843.750851,197128998.05490687,4095.931641765851,377.9936915496806,0.999983310977991,37.5,0.0,0.0,0.0,0.0
2026-03-07T15:54:04+00:00,1772898844.7508445,198182139.75821245,0.0,382.0024590650546,0.0,37.5,0.0,0.0,0.0,0.0
2026-03-07T15:54:05+00:00,1772898845.751105,198129233.20454678,8189.865790531861,377.9015220728813,0.9997394763832839,37.5,59.984368582997035,41.98905800809792,0.9997394763832839,0.9997394763832839
2026-03-07T15:54:06+00:00,1772898846.750882,198225099.87166783,20484.57133263763,380.0848196485498,5.001116048007234,37.5,0.0,0.0,0.0,0.0
2026-03-07T15:54:07+00:00,1772898847.750784,197675946.27309376,73735.22531738412,377.0369458639026,3.0002939989169968,37.5,0.0,0.0,0.0,0.0
2026-03-07T15:54:08+00:00,1772898848.7511017,197659293.51134238,0.0,377.87990524442415,0.0,37.5,0.0,0.0,0.0,0.0
2026-03-07T15:54:09+00:00,1772898849.7511592,196088828.95598546,69627.99925331591,378.9782243366086,3.9997701776950776,37.5,0.0,0.0,0.0,0.0
2026-03-07T15:54:10+00:00,1772898850.7508314,198245854.0554004,135212.3260546506,379.12428662636546,6.001967598306577,37.5,0.0,0.0,0.0,0.0
2026-03-07T15:54:11+00:00,1772898851.7507176,198727752.4452506,110604.57857894473,379.0431069283497,3.000341215791686,37.5,0.0,0.0,0.0,0.0
2026-03-07T15:54:12+00:00,1772898852.750808,198752728.5759501,4095.6299162535047,379.96566605867474,0.9999096475228283,37.5,0.0,0.0,0.0,0.0
2026-03-07T15:54:13+00:00,1772898853.7507684,198713016.56125954,4096.162115791135,383.01515877636837,1.00003957905057,37.5,0.0,0.0,0.0,0.0
2026-03-07T15:54:14+00:00,1772898854.751103,198114594.41725937,69608.71579640808,377.8736008019626,12.995652937633634,37.5,0.0,0.0,0.0,0.0
2026-03-07T15:54:15+00:00,1772898855.750741,196679182.01215136,0.0,375.13576891355774,0.0,37.5,0.0,0.0,0.0,0.0
2026-03-07T15:54:16+00:00,1772898856.7508879,198151762.27404955,258010.1071276687,377.9444928627959,12.998091024381871,37.5,0.0,0.0,0.0,0.0
2026-03-07T15:54:17+00:00,1772898857.750933,193168383.61793715,1376193.987169367,382.9827423719625,304.98625698028343,37.5,4002.819628498605,1840.917046231809,13.99936917286547,13.99936917286547
2026-03-07T15:54:18+00:00,1772898858.7516484,197239484.3016726,2473238.412369842,467.66538814787106,110.92063693250789,37.5,36569.834497135664,267454.6377697117,181.86987316861652,298.7862202055843
2026-03-07T15:54:19+00:00,1772898859.7509294,194107705.11186823,1674420.0259357027,401.2885547354417,140.10074230165048,37.5,19420.96504177236,158632.06762980737,79.05684744164563,177.12736705280096
2026-03-07T15:54:20+00:00,1772898860.750649,195606076.0803219,7526462.271365911,395.1107812592413,324.0908686784663,37.5,4967.392758818715,22660.353515561652,27.00757238987219,39.010937896482055
2026-03-07T15:54:21+00:00,1772898861.7510016,197371426.67466262,1971016.97786754,407.85618131347593,170.93972305050093,37.5,2915.971766890709,8211.104591443362,19.992950064386076,23.99154007726329
2026-03-07T15:54:22+00:00,1772898862.7511127,198302192.02008596,2494186.888209842,383.9573411653082,173.9806702155303,37.5,0.0,53.99400110137147,0.0,0.9998889092846569
2026-03-07T15:54:23+00:00,1772898863.7507095,196703688.20321265,200784.94962831057,378.1524581448371,33.01330983804134,37.5,4991.012205514795,5327.147723865761,12.00483994110594,10.00403328425495
2026-03-07T15:54:24+00:00,1772898864.7506752,198204052.79612413,1191976.9232799893,379.01301237911764,82.00281534323918,37.5,162.00556201957008,261.00896103152957,3.0001030003624085,3.0001030003624085
2026-03-07T15:54:25+00:00,1772898865.7506814,195558211.75751454,540668.6484582758,372.9976878309527,69.99956608087585,37.5,0.0,0.0,0.0,0.0
2026-03-07T15:54:26+00:00,1772898866.751672,195365888.84657347,0.0,376.62690239442617,0.0,37.5,0.0,0.0,0.0,0.0
2026-03-07T15:54:27+00:00,1772898867.7511184,197766060.86168882,249994.39888434636,378.209379715848,54.02991138797829,37.5,0.0,0.0,0.0,0.0
2026-03-07T15:54:28+00:00,1772898868.7511103,197133886.01295388,282626.2910341967,376.0030479678228,49.00039720857265,37.5,336.0027237159267,337.0027318222241,6.000048637784406,5.000040531487005
2026-03-07T15:54:29+00:00,1772898869.7510436,196621125.87624678,380953.4313852281,375.02503562211376,46.00307103631262,37.5,216.01442051833752,675.0450641198048,4.00026704663588,9.00060085493073
2026-03-07T15:54:30+00:00,1772898870.7510204,198709747.48127785,0.0,383.00885769348054,0.0,37.5,0.0,0.0,0.0,0.0
2026-03-07T15:54:31+00:00,1772898871.7507544,196168675.60670307,303184.66990175494,376.1000708768603,37.00984740011657,37.5,0.0,0.0,0.0,0.0
2026-03-07T15:54:32+00:00,1772898872.7507179,197139479.26232317,180230.5744585734,376.0137162443603,28.001021422452364,37.5,0.0,0.0,0.0,0.0
2026-03-07T15:54:33+00:00,1772898873.7510405,197592836.43613002,171976.52375492087,376.8784264299965,26.991293139548823,37.5,641.7929702070498,825.7336345654567,9.996775236869935,10.996452760556929
2026-03-07T15:54:34+00:00,1772898874.7508771,195591367.34188205,0.0,380.0620704932899,0.0,37.5,4988.814756896132,78799.86933672325,38.00620704932899,67.01094400802744
2026-03-07T15:54:35+00:00,1772898875.7511225,197083936.86211607,126944.8562733876,375.90777752326215,25.993622913842596,37.5,0.0,0.0,0.0,0.0
2026-03-07T15:54:36+00:00,1772898876.750733,196684623.6007127,442540.4031016035,375.1461479200605,55.02143502827554,37.5,42.016368567046776,0.0,1.0003897277868279,0.0
2026-03-07T15:54:37+00:00,1772898877.7507298,189792844.25182325,225280.69824435166,364.0011282002131,46.0001425747522,37.5,43496108.813645974,0.0,65.00020146432377,0.0
2026-03-07T15:54:38+00:00,1772898878.7507696,191357500.92836022,0.0,364.9854677741246,0.0,37.5,43492728.29776151,0.0,39.99840742730132,0.0
2026-03-07T15:54:39+00:00,1772898879.7510052,188699230.47042257,192466.66302321746,363.91427724220387,35.99152192505313,37.5,43484216.96412073,0.0,50.987989393825266,0.0
2026-03-07T15:54:40+00:00,1772898880.7507727,191934024.62149572,167975.04716276733,368.0855644763385,30.006975364918897,37.5,40612436.69046335,0.0,79.0183684609531,0.0
2026-03-07T15:54:41+00:00,1772898881.7510502,189739599.61315972,36853.77236961407,361.89956591255134,1.9994451155389577,37.5,44982350.532893114,0.0,30.991399290853845,0.0
2026-03-07T15:54:42+00:00,1772898882.7505805,190930509.1199623,749920.2259819948,364.17104553215466,48.022555454789625,37.5,42050172.318400204,0.0,29.013627253935397,0.0
2026-03-07T15:54:43+00:00,1772898883.7508106,188176097.58591595,200657.83386381183,362.9165023744604,33.99217928576213,37.5,45014757.2779376,0.0,55.98711882360821,0.0
2026-03-07T15:54:44+00:00,1772898884.750796,192940790.04080975,233475.3955571959,369.00536664184693,32.000465399834965,37.5,42003780.88338706,0.0,29.000421768600436,0.0
2026-03-07T15:54:45+00:00,1772898885.7510707,192360862.5111511,131036.00988498032,366.89922811727735,0.9997254172132898,37.5,43514302.43988162,0.0,29.991762516398694,0.0
2026-03-07T15:54:46+00:00,1772898886.7511678,186628418.25730354,167919.70568270376,355.9654584070273,13.998641622748266,37.5,43565932.5204144,0.0,29.997089191603425,0.0
2026-03-07T15:54:47+00:00,1772898887.7509227,193509700.12436292,151589.15363739472,372.09119743131623,22.00539339647569,37.5,41865058.88727382,0.0,32.007844940328276,0.0
2026-03-07T15:54:48+00:00,1772898888.7506466,190385491.28556743,520335.6588031993,365.1008002106294,80.02209319685029,37.5,43718490.181758516,0.0,81.02236936181092,0.0
2026-03-07T15:54:49+00:00,1772898889.7509584,193434717.0930391,0.0,369.88465091624295,0.0,37.5,27426499.005105335,0.0,58.98160649745496,0.0
2026-03-07T15:54:50+00:00,1772898890.7508388,199777638.6117685,167956.10201530735,381.0456058726664,22.002633409970237,37.5,21805857.85866667,66.00790022991072,23.00275311042343,1.0001197004531925
2026-03-07T15:54:51+00:00,1772898891.7510407,190669208.15781078,126950.36357547082,382.9226723900999,17.99636580423446,37.5,42093673.58097384,0.0,65.98667461552635,0.0
2026-03-07T15:54:52+00:00,1772898892.7508976,193489950.95950693,290857.6075145027,374.0535087836433,19.00271836066637,37.5,32024139.08984325,1122.1605263509298,29.004149076806566,18.002575289052352
2026-03-07T15:54:53+00:00,1772898893.7507443,191394461.3731248,0.0,365.05596422791444,0.0,37.5,43579869.93117851,0.0,84.01287943875292,0.0
2026-03-07T15:54:54+00:00,1772898894.7510993,191297208.4839457,503629.20897956594,366.8697593041411,53.980836518865445,37.5,47888980.15994211,0.0,48.98261091526679,0.0
2026-03-07T15:54:55+00:00,1772898895.7509892,188764472.29025796,192533.2074141086,360.03965814639656,30.003304845533044,37.5,45293540.055515684,0.0,47.005177591335105,0.0
2026-03-07T15:54:56+00:00,1772898896.7510028,192935362.03563213,262140.4375484132,371.99494464115037,20.99971461683913,37.5,41767933.37967428,0.0,51.999293336935,0.0
2026-03-07T15:54:57+00:00,1772898897.750725,189844986.8964096,53262.79414825027,362.10057620317383,7.001944843707781,37.5,41724071.179736234,0.0,40.01111339261589,0.0
2026-03-07T15:54:58+00:00,1772898898.7508543,191340394.44510716,335828.60326410073,366.95258133433265,14.998061907397792,37.5,45300864.09233426,0.0,40.9947025468873,0.0
2026-03-07T15:54:59+00:00,1772898899.7510633,190276758.44388503,4095.1437337268644,362.9241150739384,0.9997909506169103,37.5,41673488.361386076,0.0,28.993937567890395,0.0
2026-03-07T15:55:00+00:00,1772898900.750702,195630133.05726308,196679.08819429934,377.1363131167137,3.0010847197616477,37.5,45338245.171669066,0.0,31.01120877087036,0.0
2026-03-07T15:55:01+00:00,1772898901.7509563,192364759.8240022,151513.45609434778,367.9064073236908,5.9984740324514805,37.5,41657979.51728417,53.98626629206333,72.98143406149302,0.9997456720752468
2026-03-07T15:55:02+00:00,1772898902.7509046,191375021.13725346,200714.38432631464,365.0188849206037,4.000206958034013,37.5,43496711.382034756,0.0,31.0016039247636,0.0
2026-03-07T15:55:03+00:00,1772898903.7508893,191368040.04455635,135170.06253147175,365.0055695429923,3.00004577706569,37.5,43495124.68293279,0.0,58.00088502327001,0.0
2026-03-07T15:55:04+00:00,1772898904.7509677,190301616.7958856,262123.43911279007,362.9715286176407,3.999686265759126,37.5,43491104.57026014,65.99482338502558,50.995999888428855,0.9999215664397815
2026-03-07T15:55:05+00:00,1772898905.750765,191928303.38237453,217132.0030580996,370.0749978418745,4.0008107874797245,37.5,43506732.89142173,0.0,73.01479687150497,0.0
2026-03-07T15:55:06+00:00,1772898906.7516541,188576024.05667606,396959.0784179162,359.6802216657182,24.97779317123043,37.5,43456252.6587933,0.0,90.91916714327877,0.0
2026-03-07T15:55:07+00:00,1772898907.750653,193131331.5640386,332108.4803135005,368.36878121192666,11.01102335144346,37.5,43539989.737704426,0.0,75.07515921438723,0.0
2026-03-07T15:55:08+00:00,1772898908.7510943,195473159.19476187,131014.18176592619,372.8354629416692,1.9991177637623014,37.5,43475700.617267,0.0,87.96118160554127,0.0
2026-03-07T15:55:09+00:00,1772898909.750868,190884021.2719715,331851.08437134465,371.08396117190176,6.001357862618357,37.5,43507386.947938345,66.01493648880192,67.01516279923833,1.0002263104363929
2026-03-07T15:55:10+00:00,1772898910.7509975,190291908.56433526,135150.50324171537,362.9530116354661,2.9996116664088106,37.5,43490344.68394199,0.0,86.98873832585551,0.0
2026-03-07T15:55:11+00:00,1772898911.7510488,187685483.24315995,561123.2368259627,357.9816498625945,22.998821080557747,37.5,43492231.58844768,0.0,49.997437131647274,0.0
2026-03-07T15:55:12+00:00,1772898912.7508278,190883019.82410073,131100.97515391532,366.08090901438146,2.0004421257616474,37.5,43504076.01084854,0.0,41.009063578113775,0.0
2026-03-07T15:55:13+00:00,1772898913.751149,190779563.176472,233397.04457973267,363.88313899320985,13.995505345892687,37.5,43480497.24587293,0.0,66.97848986962929,0.0
2026-03-07T15:55:14+00:00,1772898914.7507935,195628966.59614822,196677.9154787013,377.13406440974114,4.001422434055609,37.5,43509928.000639185,0.0,45.0160023831256,0.0
2026-03-07T15:55:15+00:00,1772898915.7507339,4718873.266764806,196619.71944853358,9.000536473779308,3.0001788245931027,37.5,109.00649729354939,0.0,3.0001788245931027,0.0
2026-03-07T15:55:16+00:00,1772898916.7510493,0.0,135125.37770206932,0.0,2.999054015049479,37.5,0.0,0.0,0.0,0.0
2026-03-07T15:55:17+00:00,1772898917.7506976,65559.05498268592,348282.4795955189,1.000351791117644,7.002462537823508,37.5,0.0,0.0,0.0,0.0
2026-03-07T15:55:18+00:00,1772898918.7510161,5118.369659932692,298912.7881400692,0.9996815742056039,16.994586761495267,37.5,8161.40037181455,8940.152318120716,52.98312343289701,34.98885509719614
2026-03-07T15:55:19+00:00,1772898919.7509758,0.0,319500.8735655862,0.0,10.000402943634384,37.5,5257.211827468596,443.01785040300325,33.00132971399347,4.000161177453754
2026-03-07T15:55:20+00:00,1772898920.7511191,16381.652680096451,331728.4667719531,0.9998567309629182,15.99770769540669,37.5,73.98939809125594,309.9555865985046,0.9998567309629182,0.9998567309629182
2026-03-07T15:55:21+00:00,1772898921.751151,16383.476579222293,405491.0453357518,0.9999680529310482,17.99942495275887,37.5,5000.840232708172,0.0,26.9991374291383,0.0
2026-03-07T15:55:22+00:00,1772898922.7510898,0.0,143368.78471795857,0.0,5.000306386647551,37.5,4632.283836590291,0.0,27.001654487896772,0.0
2026-03-07T15:55:23+00:00,1772898923.7508352,0.0,196658.0752507133,0.0,3.000764087687886,37.5,108.02750715676389,108.02750715676389,2.000509391791924,2.000509391791924
2026-03-07T15:55:24+00:00,1772898924.7511175,0.0,237500.95642556957,0.0,5.998306752396861,37.5,4999.588678122784,0.0,26.99238038578587,0.0
2026-03-07T15:55:25+00:00,1772898925.7507818,0.0,135213.3902372012,0.0,3.0010074182617457,37.5,4633.555453796135,0.0,27.009066764355712,0.0
2026-03-07T15:55:26+00:00,1772898926.75063,0.0,200734.4860753131,0.0,4.000607582814753,37.5,0.0,0.0,0.0,0.0
2026-03-07T15:55:27+00:00,1772898927.7506888,0.0,184309.14614698928,0.0,12.999234483023331,37.5,1648.9028971158057,0.0,8.99947002670846,0.0
2026-03-07T15:55:28+00:00,1772898928.751025,0.0,200636.5519708922,0.0,3.9986557711035595,37.5,269.9092645494903,153.94824718748703,4.998319713879449,2.9989918283276698
2026-03-07T15:55:29+00:00,1772898929.7511258,0.0,69624.9782472137,0.0,1.999798318221901,37.5,0.0,0.0,0.0,0.0
2026-03-07T15:55:30+00:00,1772898930.750774,19598576.85331237,319600.4692660896,780.2745831691641,10.003520297040566,37.5,55.01936163372311,66.02323396046773,1.0003520297040565,1.0003520297040565
2026-03-07T15:55:31+00:00,1772898931.7510777,82359879.57615948,528223.5545939081,3457.9496641463943,39.98785387853592,37.5,0.0,0.0,0.0,0.0
2026-03-07T15:55:32+00:00,1772898932.7508364,33255255.814889114,659615.1516813043,1266.3055336952448,40.009653513277875,37.5,1610.3885539094344,5715.3790043717445,8.001930702655574,11.002654716151415
2026-03-07T15:55:33+00:00,1772898933.7505994,3166446.410015954,503927.4247866244,111.02631191111556,42.00995585825994,37.5,3811.9033756149674,7274.7240227886805,14.00331861941998,18.00426679639712
2026-03-07T15:55:34+00:00,1772898934.751103,0.0,262012.06643383307,0.0,3.9979868535435954,37.5,0.0,0.0,0.0,0.0
2026-03-07T15:55:35+00:00,1772898935.7512093,0.0,323549.5954552715,0.0,40.995640741402944,37.5,0.0,0.0,0.0,0.0
2026-03-07T15:55:36+00:00,1772898936.7507756,0.0,192595.52548142688,0.0,25.010846788956908,37.5,0.0,0.0,0.0,0.0
2026-03-07T15:55:37+00:00,1772898937.7507129,20481.284260215863,684074.8942912099,1.0000627080183526,54.00338623299105,37.5,0.0,142.0089045386061,0.0,1.0000627080183526
2026-03-07T15:55:38+00:00,1772898938.7507243,0.0,131070.50001716595,0.0,1.9999771120783378,37.5,0.0,0.0,0.0,0.0
2026-03-07T15:55:39+00:00,1772898939.7508085,0.0,520148.2234108772,0.0,32.99722289569803,37.5,0.0,0.0,0.0,0.0
2026-03-07T15:55:40+00:00,1772898940.75083,0.0,270330.1993432186,0.0,15.999656684612843,37.5,0.0,0.0,0.0,0.0
2026-03-07T15:55:41+00:00,1772898941.7508533,16383.617196444213,200699.3106564416,0.9999766355251595,14.999649532877392,37.5,0.0,0.0,0.0,0.0
2026-03-07T15:55:42+00:00,1772898942.750701,0.0,327729.92948173016,0.0,5.00076186342972,37.5,0.0,0.0,0.0,0.0
2026-03-07T15:55:43+00:00,1772898943.7510054,16379.013237022476,966361.7809843261,0.9996956321424851,30.99056459641704,37.5,0.0,0.0,0.0,0.0
2026-03-07T15:55:44+00:00,1772898944.7507043,0.0,397431.6756854989,0.0,16.004819413881236,37.5,0.0,0.0,0.0,0.0
2026-03-07T15:55:45+00:00,1772898945.750837,0.0,262109.1921224565,0.0,3.9994688739388504,37.5,107.98565959634897,53.99282979817448,1.9997344369694252,0.9998672184847126
2026-03-07T15:55:46+00:00,1772898946.7507513,0.0,204817.57963387208,0.0,10.00085838056016,37.5,0.0,0.0,0.0,0.0
2026-03-07T15:55:47+00:00,1772898947.750745,0.0,241665.49805616128,0.0,14.000086784900763,37.5,0.0,0.0,0.0,0.0
2026-03-07T15:55:48+00:00,1772898948.7510076,0.0,262075.20555846218,0.0,5.998425420191853,37.5,0.0,0.0,0.0,0.0
2026-03-07T15:55:49+00:00,1772898949.7508059,0.0,196647.6642503633,0.0,3.000605228429616,37.5,55.01109585454296,66.01331502545155,1.000201742809872,1.000201742809872
2026-03-07T15:55:50+00:00,1772898950.7506762,0.0,217116.15990233107,0.0,7.000908015718592,37.5,0.0,0.0,0.0,0.0
2026-03-07T15:55:51+00:00,1772898951.750884,741221.8992252053,200662.28211069095,92.98066922579649,3.999168568851462,37.5,0.0,0.0,0.0,0.0
2026-03-07T15:55:52+00:00,1772898952.7509148,0.0,139259.71692860514,0.0,3.9998769797967926,37.5,0.0,0.0,0.0,0.0
2026-03-07T15:55:53+00:00,1772898953.7507968,0.0,196631.205863691,0.0,3.000354093379074,37.5,0.0,0.0,0.0,0.0
2026-03-07T15:55:54+00:00,1772898954.750939,0.0,372683.0426813512,0.0,13.9980109180195,37.5,54.99218574936232,65.99062289923478,0.9998579227156785,0.9998579227156785
2026-03-07T15:55:55+00:00,1772898955.7507384,0.0,229422.00141124413,0.0,11.002206052610934,37.5,0.0,0.0,0.0,0.0
2026-03-07T15:55:56+00:00,1772898956.7507656,0.0,221177.98844464237,0.0,8.999755389186294,37.5,0.0,0.0,0.0,0.0
2026-03-07T15:55:57+00:00,1772898957.7512233,0.0,131012.0274532532,0.0,1.9990848915596497,37.5,0.0,0.0,0.0,0.0
2026-03-07T15:55:58+00:00,1772898958.7507024,0.0,266378.76857980416,0.0,5.002606080600288,37.5,0.0,0.0,0.0,0.0
2026-03-07T15:55:59+00:00,1772898959.7507758,0.0,12287.097722506873,0.0,1.9998531449392698,37.5,0.0,0.0,0.0,0.0
2026-03-07T15:56:00+00:00,1772898960.75112,0.0,352134.76829971676,0.0,30.989331103774582,37.5,0.0,0.0,0.0,0.0
2026-03-07T15:56:01+00:00,1772898961.7508047,0.0,135210.64919492838,0.0,3.0009465819186874,37.5,0.0,0.0,0.0,0.0
2026-03-07T15:56:02+00:00,1772898962.7509737,0.0,266195.0027234719,0.0,4.999154948983471,37.5,0.0,0.0,0.0,0.0
2026-03-07T15:56:03+00:00,1772898963.750798,0.0,135191.75515068675,0.0,3.000527236121421,37.5,0.0,0.0,0.0,0.0
2026-03-07T15:56:04+00:00,1772898964.7510717,0.0,131036.13481646316,0.0,1.9994527407297236,37.5,191.94746311005346,332.90888133149895,2.9991791110945853,4.9986318518243085
2026-03-07T15:56:05+00:00,1772898965.7509754,0.0,684097.8930656429,0.0,41.003949545768855,37.5,0.0,0.0,0.0,0.0
2026-03-07T15:56:06+00:00,1772898966.7508147,0.0,249896.15684359372,0.0,10.001607199490657,37.5,0.0,0.0,0.0,0.0
2026-03-07T15:56:07+00:00,1772898967.750806,0.0,135169.1601662078,0.0,3.000025749427552,37.5,0.0,0.0,0.0,0.0
2026-03-07T15:56:08+00:00,1772898968.751036,0.0,196562.82288330566,0.0,2.999310651905909,37.5,0.0,0.0,0.0,0.0
2026-03-07T15:56:09+00:00,1772898969.7508,0.0,331854.3290352213,0.0,6.00141654071219,37.5,0.0,0.0,0.0,0.0
2026-03-07T15:56:10+00:00,1772898970.7506976,65542.70381067628,2502912.0017702007,1.0001022920330243,402.0411213972758,37.5,0.0,0.0,0.0,0.0
2026-03-07T15:56:11+00:00,1772898971.7510464,0.0,270241.737957327,0.0,5.997907891453457,37.5,0.0,0.0,0.0,0.0
2026-03-07T15:56:12+00:00,1772898972.7507172,0.0,262230.3409282737,0.0,4.001317458011989,37.5,0.0,0.0,0.0,0.0
2026-03-07T15:56:13+00:00,1772898973.750698,0.0,135170.57817417476,0.0,4.000076295400532,37.5,0.0,0.0,0.0,0.0
2026-03-07T15:56:14+00:00,1772898974.7506738,0.0,69633.6934005563,0.0,2.0000486385729634,37.5,0.0,0.0,0.0,0.0
2026-03-07T15:56:15+00:00,1772898975.751256,0.0,130995.7319046709,0.0,1.9988362412211746,37.5,0.0,0.0,0.0,0.0
2026-03-07T15:56:16+00:00,1772898976.7511313,0.0,143377.87820584813,0.0,5.0006235423356635,37.5,2704.337211695127,0.0,3.000374125401398,0.0
2026-03-07T15:56:17+00:00,1772898977.7506177,0.0,143433.66087568432,0.0,4.002055269968871,37.5,4728.4283014682205,6033.098319478072,11.005651992414393,14.007193444891046
2026-03-07T15:56:18+00:00,1772898978.7509146,0.0,266160.9951307922,0.0,4.998516284757966,37.5,0.0,0.0,0.0,0.0
2026-03-07T15:56:19+00:00,1772898979.750882,0.0,131076.28138984452,0.0,2.000065328824532,37.5,432.0141110260989,324.01058326957417,8.000261315298127,6.000195986473595
2026-03-07T15:56:20+00:00,1772898980.7507355,0.0,135187.7900064144,0.0,4.0005856417617895,37.5,380.05563596737005,818.119763740286,3.000439231321342,4.0005856417617895
2026-03-07T15:56:21+00:00,1772898981.7510498,0.0,245682.79769721866,0.0,5.998115178154753,37.5,0.0,0.0,0.0,0.0
2026-03-07T15:56:22+00:00,1772898982.7511675,0.0,217062.4346516805,0.0,4.999411175460654,37.5,0.0,0.0,0.0,0.0
2026-03-07T15:56:23+00:00,1772898983.7507927,0.0,131121.14341865876,0.0,2.000749869059124,37.5,0.0,0.0,0.0,0.0
2026-03-07T15:56:24+00:00,1772898984.750719,0.0,192526.1836621169,0.0,4.000294707075235,37.5,0.0,0.0,0.0,0.0
2026-03-07T15:56:25+00:00,1772898985.750624,0.0,331807.5645261397,0.0,6.0005708283807095,37.5,0.0,0.0,0.0,0.0
2026-03-07T15:56:26+00:00,1772898986.7506697,0.0,188407.3753948031,0.0,15.999267611651078,37.5,0.0,0.0,0.0,0.0
2026-03-07T15:56:27+00:00,1772898987.7509162,0.0,196559.5431958045,0.0,2.999260607846138,37.5,0.0,53.98669094123048,0.0,0.9997535359487126
2026-03-07T15:56:28+00:00,1772898988.7506428,0.0,135204.97397831752,0.0,3.000820622743198,37.5,174.0475961191055,58.01586537303516,3.000820622743198,1.0002735409143992
2026-03-07T15:56:29+00:00,1772898989.7508085,0.0,200670.74867383757,0.0,3.9993373061590716,37.5,53.991053633147466,53.991053633147466,0.9998343265397679,0.9998343265397679
2026-03-07T15:56:30+00:00,1772898990.751025,0.0,131043.63114140596,0.0,1.9995671255707697,37.5,53.98831239041078,53.98831239041078,0.9997835627853848,0.9997835627853848
2026-03-07T15:56:31+00:00,1772898991.7507844,0.0,196655.3082556796,0.0,12.00288746677732,37.5,0.0,0.0,0.0,0.0
2026-03-07T15:56:32+00:00,1772898992.750988,77808.15752255339,212948.6416406724,2.9993892959454684,6.9985750238727595,37.5,0.0,0.0,0.0,0.0
2026-03-07T15:56:33+00:00,1772898993.7508872,0.0,110603.15444525011,0.0,8.000806889847375,37.5,0.0,142.0143222947909,0.0,1.000100861230922
2026-03-07T15:56:34+00:00,1772898994.7510533,0.0,196575.3335534366,0.0,3.99933539944329,37.5,208.96527462091188,224.96261621868504,1.999667699721645,0.9998338498608225
2026-03-07T15:56:35+00:00,1772898995.7507145,0.0,741627.257975956,0.0,34.011522859092416,37.5,0.0,0.0,0.0,0.0
2026-03-07T15:56:36+00:00,1772898996.7512321,0.0,229257.33485937602,0.0,16.991205237729286,37.5,0.0,0.0,0.0,0.0
2026-03-07T15:56:37+00:00,1772898997.7508276,0.0,200785.23696974223,0.0,4.0016190403727325,37.5,0.0,0.0,0.0,0.0
2026-03-07T15:56:38+00:00,1772898998.750931,0.0,65529.21945160818,0.0,0.9998965370423611,37.5,0.0,0.0,0.0,0.0
2026-03-07T15:56:39+00:00,1772898999.7508497,0.0,200720.31870953558,0.0,4.000325229383282,37.5,0.0,0.0,0.0,0.0
2026-03-07T15:56:40+00:00,1772899000.7508407,110593.00196220269,417795.78519054345,6.000054359928531,6.000054359928531,37.5,0.0,54.00048923935678,0.0,1.0000090599880884
2026-03-07T15:56:41+00:00,1772899001.7507944,0.0,372753.241031828,0.0,9.000416298094231,37.5,0.0,0.0,0.0,0.0
2026-03-07T15:56:42+00:00,1772899002.7506087,0.0,131096.34827215766,0.0,2.00037152514889,37.5,0.0,0.0,0.0,0.0
2026-03-07T15:56:43+00:00,1772899003.750771,0.0,208862.08851378493,0.0,17.997077939492037,37.5,0.0,0.0,0.0,0.0
2026-03-07T15:56:44+00:00,1772899004.7507427,0.0,135171.83506974537,0.0,3.0000851178476866,37.5,0.0,0.0,0.0,0.0
2026-03-07T15:56:45+00:00,1772899005.750725,0.0,131074.3125408001,0.0,2.0000352865722673,37.5,0.0,0.0,0.0,0.0
2026-03-07T15:56:46+00:00,1772899006.7512023,0.0,368464.12691543467,0.0,9.99522913724595,37.5,0.0,0.0,0.0,0.0
2026-03-07T15:56:47+00:00,1772899007.7508202,0.0,69658.62247939932,0.0,2.0007646622070117,37.5,0.0,0.0,0.0,0.0
2026-03-07T15:56:48+00:00,1772899008.750909,0.0,200686.15295432758,0.0,3.9996443111114397,37.5,0.0,0.0,0.0,0.0
2026-03-07T15:56:49+00:00,1772899009.7507112,0.0,131097.94263372087,0.0,2.0003958531756725,37.5,0.0,0.0,0.0,0.0
2026-03-07T15:56:50+00:00,1772899010.750727,0.0,200700.84184657052,0.0,3.9999370584855414,37.5,0.0,0.0,0.0,0.0
2026-03-07T15:56:51+00:00,1772899011.7511246,0.0,212907.3305465337,0.0,5.997614855389884,37.5,0.0,0.0,0.0,0.0
2026-03-07T15:56:52+00:00,1772899012.7507987,0.0,139309.403469692,0.0,4.001304097819738,37.5,0.0,0.0,0.0,0.0
2026-03-07T15:56:53+00:00,1772899013.750645,0.0,131092.1593501045,0.0,2.000307607270882,37.5,1.000153803635441,0.0,1.000153803635441,0.0
2026-03-07T15:56:54+00:00,1772899014.75071,0.0,139254.9361368262,0.0,3.9997396638564506,37.5,0.9999349159641127,0.0,0.9999349159641127,0.0
2026-03-07T15:56:55+00:00,1772899015.7509003,0.0,270284.5761900426,0.0,4.999048890825539,37.5,0.9998097781651077,0.0,0.9998097781651077,0.0
2026-03-07T15:56:56+00:00,1772899016.7507827,0.0,233499.44560877924,0.0,6.000705325061143,37.5,1.0001175541768572,0.0,1.0001175541768572,0.0
2026-03-07T15:56:57+00:00,1772899017.7507627,0.0,131074.62505257234,0.0,2.0000400551234794,37.5,0.0,0.0,0.0,0.0
2026-03-07T15:56:58+00:00,1772899018.7509356,0.0,262098.69533106923,0.0,4.999135882016549,37.5,0.0,0.0,0.0,0.0
2026-03-07T15:56:59+00:00,1772899019.7507126,0.0,143391.96513352392,0.0,5.001114855382391,37.5,0.0,0.0,0.0,0.0
2026-03-07T15:57:00+00:00,1772899020.7512033,0.0,262015.43808089008,0.0,3.9980383007948315,37.5,0.0,0.0,0.0,0.0
2026-03-07T15:57:01+00:00,1772899021.7512305,0.0,282616.3185681542,0.0,7.999782568165595,37.5,0.9999728210206994,0.0,0.9999728210206994,0.0
2026-03-07T15:57:02+00:00,1772899022.7508113,0.0,135224.67805290627,0.0,3.0012579468418474,37.5,1.0004193156139491,0.0,1.0004193156139491,0.0
2026-03-07T15:57:03+00:00,1772899023.750707,0.0,139278.54448759212,0.0,4.000417752975417,37.5,1.0001044382438542,0.0,1.0001044382438542,0.0
2026-03-07T15:57:04+00:00,1772899024.7510052,0.0,237497.16370587444,0.0,6.997912791037181,37.5,0.9997018272910259,0.0,0.9997018272910259,0.0
2026-03-07T15:57:05+00:00,1772899025.751119,0.0,200681.17740020278,0.0,3.9995451490792964,37.5,427.9513309514847,0.0,5.999317723618945,0.0
2026-03-07T15:57:06+00:00,1772899026.7512536,0.0,724894.3520210047,0.0,38.99474715420195,37.5,427.9423533845753,0.0,5.999191869877224,0.0
2026-03-07T15:57:07+00:00,1772899027.7507436,0.0,323749.10470747214,0.0,10.005102375502872,37.5,427.2178714339727,0.0,5.002551187751436,0.0
2026-03-07T15:57:08+00:00,1772899028.7508533,0.0,131057.62657636996,0.0,1.9997806789607233,37.5,426.95317495811446,0.0,4.999451697401809,0.0
2026-03-07T15:57:09+00:00,1772899029.7511199,0.0,135131.98030424592,0.0,2.9992005571787534,37.5,0.0,0.0,0.0,0.0
2026-03-07T15:57:10+00:00,1772899030.750772,0.0,135215.0349159103,0.0,3.0010439212515605,37.5,1.0003479737505203,0.0,1.0003479737505203,0.0
2026-03-07T15:57:11+00:00,1772899031.751212,0.0,208804.15075441793,0.0,5.99736186679739,37.5,0.9995603111328983,0.0,0.9995603111328983,0.0
2026-03-07T15:57:12+00:00,1772899032.7510927,65543.8134314336,262175.2537257344,1.0001192235020997,4.000476894008399,37.5,1.0001192235020997,0.0,1.0001192235020997,0.0
2026-03-07T15:57:13+00:00,1772899033.7506473,0.0,270456.4520827509,0.0,6.002673386069579,37.5,1.0004455643449297,0.0,1.0004455643449297,0.0
2026-03-07T15:57:14+00:00,1772899034.7510672,0.0,200619.7687633533,0.0,3.9983212843461673,37.5,586.7536484778001,794.6663552638007,7.996642568692335,5.997481926519251
2026-03-07T15:57:15+00:00,1772899035.7510858,0.0,131069.56254532849,0.0,1.999962807393318,37.5,55.9989586070129,65.99877264397949,1.999962807393318,0.999981403696659
2026-03-07T15:57:16+00:00,1772899036.7510052,0.0,196623.8450268791,0.0,12.000967103691352,37.5,0.0,0.0,0.0,0.0
2026-03-07T15:57:17+00:00,1772899037.7507086,16388.860816682805,204860.76020853507,1.0002966807057376,5.001483403528688,37.5,0.0,0.0,0.0,0.0
2026-03-07T15:57:18+00:00,1772899038.7511888,0.0,204701.70735392312,0.0,4.997600277195389,37.5,0.0,0.0,0.0,0.0
2026-03-07T15:57:19+00:00,1772899039.7507906,0.0,65562.10414360042,0.0,1.000398317620856,37.5,0.0,0.0,0.0,0.0
2026-03-07T15:57:20+00:00,1772899040.7510037,16380.508556687908,307134.5354378983,0.9997868992119084,7.9982951936952675,37.5,147.96846108336246,261.94416759352004,1.9995737984238169,0.9997868992119084
2026-03-07T15:57:21+00:00,1772899041.751212,0.0,159710.75789555482,0.0,4.998959519467236,37.5,0.0,0.0,0.0,0.0
2026-03-07T15:57:22+00:00,1772899042.750634,0.0,331967.8530644961,0.0,6.003469564968463,37.5,0.0,0.0,0.0,0.0
2026-03-07T15:57:23+00:00,1772899043.7508962,0.0,196556.4510192582,0.0,2.999213424976474,37.5,0.0,0.0,0.0,0.0
2026-03-07T15:57:24+00:00,1772899044.7511766,0.0,69612.4820349519,0.0,1.9994393966840505,37.5,0.0,0.0,0.0,0.0
2026-03-07T15:57:25+00:00,1772899045.7507503,0.0,73759.44309145153,0.0,2.000852948444323,37.5,0.0,0.0,0.0,0.0
2026-03-07T15:57:26+00:00,1772899046.7508526,0.0,311264.16341254616,0.0,6.999284102230106,37.5,0.0,0.0,0.0,0.0
2026-03-07T15:57:27+00:00,1772899047.750746,0.0,466993.7689759093,0.0,58.00618189890595,37.5,0.0,0.0,0.0,0.0
2026-03-07T15:57:28+00:00,1772899048.7509184,0.0,200669.40928294382,0.0,3.999310612303568,37.5,65.98862510300887,0.0,0.999827653075892,0.0
2026-03-07T15:57:29+00:00,1772899049.7512171,0.0,200644.05989860225,0.0,3.998805402953648,37.5,161.95161881962275,111.96655128270216,2.999104052215236,1.999402701476824
2026-03-07T15:57:30+00:00,1772899050.7505863,0.0,65577.36984839888,0.0,1.0006312537902662,37.5,0.0,0.0,0.0,0.0
2026-03-07T15:57:31+00:00,1772899051.750845,0.0,262076.2050374828,0.0,5.998448296451175,37.5,0.0,0.0,0.0,0.0
2026-03-07T15:57:32+00:00,1772899052.75093,16382.605587436028,229356.47822410442,0.999914891811281,35.99693610520612,37.5,0.0,0.0,0.0,0.0
2026-03-07T15:57:33+00:00,1772899053.7508006,0.0,139282.03163127322,0.0,4.00051791220339,37.5,0.0,0.0,0.0,0.0
2026-03-07T15:57:34+00:00,1772899054.7507696,0.0,196614.09393887807,0.0,3.0000929861279,37.5,0.0,0.0,0.0,0.0
2026-03-07T15:57:35+00:00,1772899055.750933,0.0,663443.6485549783,0.0,23.99608103859152,37.5,0.0,0.0,0.0,0.0
2026-03-07T15:57:36+00:00,1772899056.750884,0.0,393235.2196893779,0.0,20.000977563953544,37.5,0.0,0.0,0.0,0.0
2026-03-07T15:57:37+00:00,1772899057.7508845,0.0,135167.93554690573,0.0,2.9999985694892075,37.5,0.0,0.0,0.0,0.0
2026-03-07T15:57:38+00:00,1772899058.75116,0.0,262071.83237304905,0.0,3.9988988094032143,37.5,0.0,0.0,0.0,0.0
2026-03-07T15:57:39+00:00,1772899059.7507966,0.0,352384.0387103545,0.0,7.0025443738998945,37.5,0.0,0.0,0.0,0.0
2026-03-07T15:57:40+00:00,1772899060.750733,0.0,331797.12146173243,0.0,5.000318309065943,37.5,0.0,0.0,0.0,0.0
2026-03-07T15:57:41+00:00,1772899061.750737,0.0,208895.1533237442,0.0,5.999975681403498,37.5,0.0,0.0,0.0,0.0
2026-03-07T15:57:42+00:00,1772899062.7510557,0.0,262060.4641283656,0.0,3.9987253437555785,37.5,0.0,0.0,0.0,0.0
2026-03-07T15:57:43+00:00,1772899063.7511926,0.0,69622.4720070524,0.0,1.9997263329231505,37.5,0.0,0.0,0.0,0.0
2026-03-07T15:57:44+00:00,1772899064.7509801,0.0,204843.5151033299,0.0,5.001062380452391,37.5,0.0,0.0,0.0,0.0
2026-03-07T15:57:45+00:00,1772899065.7507737,0.0,131099.06808876153,0.0,2.0004130262567372,37.5,0.0,0.0,0.0,0.0
2026-03-07T15:57:46+00:00,1772899066.750734,0.0,253962.05117905038,0.0,12.000474948606842,37.5,0.0,0.0,0.0,0.0
2026-03-07T15:57:47+00:00,1772899067.7511728,0.0,278405.8660789525,0.0,7.996492017433148,37.5,0.0,0.0,0.0,0.0
2026-03-07T15:57:48+00:00,1772899068.7511635,0.0,151553.40919279063,0.0,7.000065088877312,37.5,0.0,0.0,0.0,0.0
2026-03-07T15:57:49+00:00,1772899069.750859,0.0,196667.8776053672,0.0,3.0009136597498656,37.5,0.0,0.0,0.0,0.0
2026-03-07T15:57:50+00:00,1772899070.7510371,0.0,200668.26124783704,0.0,3.999287732139609,37.5,0.0,0.0,0.0,0.0
2026-03-07T15:57:51+00:00,1772899071.7510355,0.0,294912.4921883214,0.0,7.000011682529873,37.5,0.0,0.0,0.0,0.0
2026-03-07T15:57:52+00:00,1772899072.750966,0.0,139273.6627797768,0.0,4.00027753848164,37.5,0.0,0.0,0.0,0.0
2026-03-07T15:57:53+00:00,1772899073.7510061,0.0,344050.2193019765,0.0,5.999759683697972,37.5,0.0,0.0,0.0,0.0
2026-03-07T15:57:54+00:00,1772899074.7507908,0.0,200747.21926569866,0.0,4.000861353350181,37.5,0.0,0.0,0.0,0.0
2026-03-07T15:57:55+00:00,1772899075.750779,0.0,200706.3926066471,0.0,5.000059605355327,37.5,0.0,0.0,0.0,0.0
2026-03-07T15:57:56+00:00,1772899076.751111,0.0,155596.32380317262,0.0,6.997675952291121,37.5,0.0,0.0,0.0,0.0
2026-03-07T15:57:57+00:00,1772899077.7508743,0.0,196654.55789756592,0.0,3.000710417138152,37.5,0.0,0.0,0.0,0.0
2026-03-07T15:57:58+00:00,1772899078.7509522,0.0,200688.35375888844,0.0,3.9996881728094795,37.5,0.0,0.0,0.0,0.0
2026-03-07T15:57:59+00:00,1772899079.7509682,0.0,200700.79399652535,0.0,3.999936104841465,37.5,0.0,0.0,0.0,0.0
2026-03-07T15:58:00+00:00,1772899080.75098,0.0,131070.46876788864,0.0,1.999976635252207,37.5,54.999357469435694,65.99922896332284,0.9999883176261035,0.9999883176261035
2026-03-07T15:58:01+00:00,1772899081.7508752,0.0,253978.5828604402,0.0,7.00073273698605,37.5,0.0,0.0,0.0,0.0
2026-03-07T15:58:02+00:00,1772899082.7508595,28672.451178974585,208899.28716110054,1.0000157358738346,6.000094415243007,37.5,0.0,0.0,0.0,0.0
2026-03-07T15:58:03+00:00,1772899083.750898,0.0,143354.4972815365,0.0,4.999808080410732,37.5,0.0,0.0,0.0,0.0
2026-03-07T15:58:04+00:00,1772899084.7507908,90121.64751714114,196629.04912830796,4.000428245611734,3.0003211842088007,37.5,0.0,142.01520271921657,0.0,1.0001070614029335
2026-03-07T15:58:05+00:00,1772899085.750699,0.0,839757.082270783,0.0,53.004865377705194,37.5,0.0,0.0,0.0,0.0
2026-03-07T15:58:06+00:00,1772899086.750889,0.0,311236.85889421974,0.0,9.998100164930475,37.5,0.0,0.0,0.0,0.0
2026-03-07T15:58:07+00:00,1772899087.7509625,0.0,200689.26280094558,0.0,4.999632862348174,37.5,0.0,0.0,0.0,0.0
2026-03-07T15:58:08+00:00,1772899088.751127,0.0,262100.88209327593,0.0,3.999342072956481,37.5,0.0,0.0,0.0,0.0
2026-03-07T15:58:09+00:00,1772899089.7508266,0.0,77847.38593155712,0.0,4.001201990725592,37.5,0.0,0.0,0.0,0.0
2026-03-07T15:58:10+00:00,1772899090.750726,0.0,221206.25614549956,0.0,6.000603736585817,37.5,0.0,0.0,0.0,0.0
2026-03-07T15:58:11+00:00,1772899091.7511475,0.0,270222.0948887436,0.0,5.997471921358833,37.5,0.0,0.0,0.0,0.0
2026-03-07T15:58:12+00:00,1772899092.750777,0.0,65560.29024959751,0.0,1.000370639794884,37.5,0.0,0.0,0.0,0.0
2026-03-07T15:58:13+00:00,1772899093.7508097,0.0,339956.8958705105,0.0,8.9997060394937,37.5,0.0,0.0,0.0,0.0
2026-03-07T15:58:14+00:00,1772899094.7509255,0.0,200680.74683500247,0.0,3.999536567980757,37.5,0.0,0.0,0.0,0.0
2026-03-07T15:58:15+00:00,1772899095.751128,0.0,196568.21117894867,0.0,2.999392870772532,37.5,0.0,0.0,0.0,0.0
2026-03-07T15:58:16+00:00,1772899096.7506962,0.0,229475.08184366676,0.0,6.002591775347031,37.5,0.0,0.0,0.0,0.0
2026-03-07T15:58:17+00:00,1772899097.7507803,0.0,200687.10981994474,0.0,3.9996633812967306,37.5,0.0,0.0,0.0,0.0
2026-03-07T15:58:18+00:00,1772899098.750659,0.0,200728.35940144904,0.0,4.0004854791424,37.5,0.0,0.0,0.0,0.0
2026-03-07T15:58:19+00:00,1772899099.7511215,0.0,196517.1045420619,0.0,2.998613045380583,37.5,0.0,0.0,0.0,0.0
2026-03-07T15:58:20+00:00,1772899100.7511914,0.0,200689.9804715447,0.0,3.9997205929437323,37.5,0.0,0.0,0.0,0.0
2026-03-07T15:58:21+00:00,1772899101.7505732,0.0,237714.9599941408,0.0,12.0074232216868,37.5,0.0,0.0,0.0,0.0
2026-03-07T15:58:22+00:00,1772899102.7507722,0.0,266187.0076200097,0.0,4.999004800556072,37.5,0.0,0.0,0.0,0.0
2026-03-07T15:58:23+00:00,1772899103.750613,0.0,131092.87832515745,0.0,2.000318577959556,37.5,0.0,0.0,0.0,0.0
2026-03-07T15:58:24+00:00,1772899104.7507632,0.0,184292.3186109722,0.0,6.998948731970515,37.5,0.0,0.0,0.0,0.0
2026-03-07T15:58:25+00:00,1772899105.750943,0.0,266192.1472742451,0.0,4.999101323509711,37.5,0.0,0.0,0.0,0.0
2026-03-07T15:58:26+00:00,1772899106.7508757,0.0,299028.1048673564,0.0,7.000470669920186,37.5,0.0,0.0,0.0,0.0
2026-03-07T15:58:27+00:00,1772899107.750762,0.0,131086.90794541597,0.0,2.0002274771944575,37.5,0.0,0.0,0.0,0.0
2026-03-07T15:58:28+00:00,1772899108.7509308,32762.46968351938,348101.2403873934,1.9996624562694933,22.996118247099172,37.5,1399.7637193886453,935.842029534123,8.99848105321272,7.998649825077973
2026-03-07T15:58:29+00:00,1772899109.7507925,0.0,602195.2732340039,0.0,13.001797924708445,37.5,228.0315328333481,166.02295811550783,4.000553207602598,3.000414905701949
2026-03-07T15:58:30+00:00,1772899110.7507987,0.0,32767.79687625914,0.0,1.9999876023107386,37.5,316.9980349662521,532.9966960158118,2.9999814034661076,4.999969005776847
2026-03-07T15:58:31+00:00,1772899111.7507553,0.0,12288.53322626285,0.0,3.000130182193079,37.5,0.0,0.0,0.0,0.0
2026-03-07T15:58:32+00:00,1772899112.7509232,65525.00184600363,589725.0166140327,1.999664362976185,36.993790715059426,37.5,0.0,0.0,0.0,0.0
2026-03-07T15:58:33+00:00,1772899113.750826,0.0,98313.56343028058,0.0,17.001653832140807,37.5,0.0,0.0,0.0,0.0
2026-03-07T15:58:34+00:00,1772899114.750995,0.0,0.0,0.0,0.0,37.5,0.0,0.0,0.0,0.0
2026-03-07T15:58:35+00:00,1772899115.7509916,16384.05468768254,57344.19140688889,1.0000033378712487,6.000020027227492,37.5,0.0,0.0,0.0,0.0
2026-03-07T15:58:36+00:00,1772899116.7507236,0.0,163883.91801925984,0.0,6.001608325900629,37.5,0.0,0.0,0.0,0.0
2026-03-07T15:58:37+00:00,1772899117.7507164,0.0,299010.1386871721,0.0,72.00051498781434,37.5,0.0,0.0,0.0,0.0
2026-03-07T15:58:38+00:00,1772899118.7509017,0.0,0.0,0.0,0.0,37.5,0.0,0.0,0.0,0.0
2026-03-07T15:58:39+00:00,1772899119.750715,0.0,57354.70707694083,0.0,4.0007468664160735,37.5,0.0,0.0,0.0,0.0
2026-03-07T15:58:40+00:00,1772899120.7508676,0.0,86002.87700241052,0.0,3.999389741555549,37.5,0.0,0.0,0.0,0.0
2026-03-07T15:58:41+00:00,1772899121.7510104,0.0,24572.490735542633,0.0,3.9994288306547254,37.5,0.0,0.0,0.0,0.0
2026-03-07T15:58:42+00:00,1772899122.7507925,0.0,0.0,0.0,0.0,37.5,0.0,0.0,0.0,0.0
2026-03-07T15:58:43+00:00,1772899123.7511876,65510.11959930037,139209.00414851328,0.9996050964248714,3.9984203856994855,37.5,0.0,0.0,0.0,0.0
2026-03-07T15:58:44+00:00,1772899124.750726,0.0,4097.891498074597,0.0,1.0004617915221183,37.5,0.0,0.0,0.0,0.0
2026-03-07T15:58:45+00:00,1772899125.750785,0.0,0.0,0.0,0.0,37.5,0.0,0.0,0.0,0.0
2026-03-07T15:58:46+00:00,1772899126.7512136,0.0,114638.88432428104,0.0,3.9982869811760966,37.5,0.0,0.0,0.0,0.0
2026-03-07T15:58:47+00:00,1772899127.750887,0.0,12292.01498330286,0.0,3.000980220532925,37.5,0.0,0.0,0.0,0.0
2026-03-07T15:58:48+00:00,1772899128.7507722,0.0,4096.469780436609,0.0,1.0001146924894064,37.5,0.0,0.0,0.0,0.0
2026-03-07T15:58:49+00:00,1772899129.7510495,0.0,0.0,0.0,0.0,37.5,0.0,0.0,0.0,0.0
2026-03-07T15:58:50+00:00,1772899130.750717,0.0,4097.3627579325,0.0,1.0003327045733643,37.5,0.0,0.0,0.0,0.0
2026-03-07T15:58:51+00:00,1772899131.75088,0.0,8190.664280326904,0.0,1.9996738965641856,37.5,0.0,0.0,0.0,0.0
2026-03-07T15:58:52+00:00,1772899132.750859,0.0,8192.171878606157,0.0,2.0000419625503314,37.5,0.0,0.0,0.0,0.0
2026-03-07T15:58:53+00:00,1772899133.7509494,0.0,0.0,0.0,0.0,37.5,0.9999096475228283,0.0,0.9999096475228283,0.0
2026-03-07T15:58:54+00:00,1772899134.750757,0.0,90129.34122714288,0.0,20.003848816393575,37.5,1.0001924408196787,0.0,1.0001924408196787,0.0
2026-03-07T15:58:55+00:00,1772899135.751032,0.0,4094.8733568540074,0.0,0.9997249406381854,37.5,0.9997249406381854,0.0,0.9997249406381854,0.0
2026-03-07T15:58:56+00:00,1772899136.7511117,0.0,98296.17249831809,0.0,3.9996814981411983,37.5,192.9846322853128,407.96751281040224,4.999601872676498,5.9995222472117975
2026-03-07T15:58:57+00:00,1772899137.7507932,0.0,0.0,0.0,0.0,37.5,0.0,85.02708344065587,0.0,1.0003186287135986
2026-03-07T15:58:58+00:00,1772899138.75069,0.0,4096.422895220192,0.0,1.0001032459033672,37.5,0.0,85.00877590178621,0.0,1.0001032459033672
2026-03-07T15:58:59+00:00,1772899139.750821,0.0,4095.462961047035,0.0,0.9998688869743738,37.5,0.0,0.0,0.0,0.0
2026-03-07T15:59:00+00:00,1772899140.750805,0.0,0.0,0.0,0.0,37.5,0.0,85.0013780817293,0.0,1.000016212726227
2026-03-07T15:59:01+00:00,1772899141.750874,16382.867265818813,24574.30089872822,0.9999308633922616,4.9996543169613075,37.5,0.9999308633922616,0.0,0.9999308633922616,0.0
2026-03-07T15:59:02+00:00,1772899142.750752,0.0,12289.500183127824,0.0,2.000244170430961,37.5,1.0001220852154804,0.0,1.0001220852154804,0.0
2026-03-07T15:59:03+00:00,1772899143.750685,0.0,8192.548864896544,0.0,2.0001340002188828,37.5,1.0000670001094414,0.0,1.0000670001094414,0.0
2026-03-07T15:59:04+00:00,1772899144.750806,0.0,61432.55949491896,0.0,1.99975779605856,37.5,0.99987889802928,0.0,0.99987889802928,0.0
2026-03-07T15:59:05+00:00,1772899145.751011,0.0,520085.485681486,0.0,32.99324293239619,37.5,427.9123628807748,0.0,5.998771442253853,0.0
2026-03-07T15:59:06+00:00,1772899146.750822,0.0,122903.2075072159,0.0,8.001510905417703,37.5,428.0808334398471,0.0,6.0011331790632765,0.0
2026-03-07T15:59:07+00:00,1772899147.751027,0.0,4095.160328416243,0.0,0.9997950020547468,37.5,426.9124658773769,0.0,4.9989750102737345,0.0
2026-03-07T15:59:08+00:00,1772899148.7509024,0.0,0.0,0.0,0.0,37.5,427.05325051546566,0.0,5.0006235423356635,0.0
2026-03-07T15:59:09+00:00,1772899149.7510421,0.0,8190.855628633885,0.0,0.9998603062297223,37.5,0.0,0.0,0.0,0.0
2026-03-07T15:59:10+00:00,1772899150.7507184,0.0,110627.81823758283,0.0,17.00550591398029,37.5,1.0003238772929581,0.0,1.0003238772929581,0.0
2026-03-07T15:59:11+00:00,1772899151.750857,0.0,20477.158597396927,0.0,4.999306298192609,37.5,6247.133150221484,6499.098187650391,14.997918894577827,15.997780154216349
2026-03-07T15:59:12+00:00,1772899152.7507381,0.0,0.0,0.0,0.0,37.5,1.000118985026724,0.0,1.000118985026724,0.0
2026-03-07T15:59:13+00:00,1772899153.7506113,0.0,655443.1355448031,0.0,9.001141692967572,37.5,1.0001268547741746,0.0,1.0001268547741746,0.0
2026-03-07T15:59:14+00:00,1772899154.750724,0.0,12286.61441406778,0.0,2.9996617221845168,37.5,0.9998872407281723,0.0,0.9998872407281723,0.0
2026-03-07T15:59:15+00:00,1772899155.750994,0.0,110562.16039715538,0.0,3.9989207319572984,37.5,0.9997301829893246,0.0,0.9997301829893246,0.0
2026-03-07T15:59:16+00:00,1772899156.750865,0.0,188440.30586945423,0.0,6.0007740065425725,37.5,0.0,0.0,0.0,0.0
2026-03-07T15:59:17+00:00,1772899157.7510629,0.0,69618.22342933503,0.0,1.9996043034620588,37.5,0.0,0.0,0.0,0.0
2026-03-07T15:59:18+00:00,1772899158.7510638,0.0,12287.988281261176,0.0,2.9999971389797793,37.5,0.0,0.0,0.0,0.0
2026-03-07T15:59:19+00:00,1772899159.7509625,0.0,0.0,0.0,0.0,37.5,4768.483180368342,8590.870494833065,19.00192542512552,25.00253345411253
2026-03-07T15:59:20+00:00,1772899160.7509792,16383.726567063404,122877.94925297554,0.999983310977991,15.999732975647856,37.5,0.0,0.0,0.0,0.0
2026-03-07T15:59:21+00:00,1772899161.7507396,0.0,8193.963361067264,0.0,2.0004793361980626,37.5,842.2018005393844,1013.2427837843187,13.003115685287407,13.003115685287407
2026-03-07T15:59:22+00:00,1772899162.751089,0.0,4094.568859589539,0.0,0.9996506004857273,37.5,5080.224351668466,7762.286912771672,10.996156605343,14.994759007285909
2026-03-07T15:59:23+00:00,1772899163.750734,0.0,0.0,0.0,0.0,37.5,0.0,0.0,0.0,0.0
2026-03-07T15:59:24+00:00,1772899164.750759,0.0,57342.578160255274,0.0,12.999677666073495,37.5,0.0,0.0,0.0,0.0
2026-03-07T15:59:25+00:00,1772899165.7508974,0.0,217057.93287587145,0.0,2.999584493973017,37.5,0.0,0.0,0.0,0.0
2026-03-07T15:59:26+00:00,1772899166.7510629,0.0,135145.63846562026,0.0,3.9993382595176445,37.5,0.0,0.0,0.0,0.0
2026-03-07T15:59:27+00:00,1772899167.7509394,0.0,0.0,0.0,0.0,37.5,0.0,0.0,0.0,0.0
2026-03-07T15:59:28+00:00,1772899168.750868,65540.67220806843,229392.35272823946,1.0000712922373722,7.000499045661605,37.5,0.0,0.0,0.0,0.0
2026-03-07T15:59:29+00:00,1772899169.7507238,2048.2954527733154,18434.65907495984,4.000577056197882,5.000721320247352,37.5,228.03289220327926,112.01615757354068,4.000577056197882,2.000288528098941
2026-03-07T15:59:30+00:00,1772899170.7508307,24573.375280350305,12286.687640175152,1.9997863997680911,2.999679599652137,37.5,0.0,0.0,0.0,0.0
2026-03-07T15:59:31+00:00,1772899171.750863,0.0,4095.867191806296,0.0,0.999967576124584,37.5,0.0,0.0,0.0,0.0
2026-03-07T15:59:32+00:00,1772899172.7507894,0.0,16385.207120180163,0.0,4.000294707075235,37.5,0.0,0.0,0.0,0.0
2026-03-07T15:59:33+00:00,1772899173.7511377,0.0,573240.3234594883,0.0,25.99094658542602,37.5,0.0,0.0,0.0,0.0
2026-03-07T15:59:34+00:00,1772899174.7507877,0.0,0.0,0.0,0.0,37.5,5860.05100891139,72028.20976351091,41.01435496165364,72.02520871314786
2026-03-07T15:59:35+00:00,1772899175.751254,0.0,57317.27027781882,0.0,7.996270965097492,37.5,0.0,0.0,0.0,0.0
2026-03-07T15:59:36+00:00,1772899176.7508113,0.0,114738.79983503667,0.0,5.002214697049241,37.5,0.0,0.0,0.0,0.0
2026-03-07T15:59:37+00:00,1772899177.7509606,0.0,4095.3887631021257,0.0,0.9998507722417299,37.5,0.0,0.0,0.0,0.0
2026-03-07T15:59:38+00:00,1772899178.7509503,0.0,0.0,0.0,0.0,37.5,0.0,0.0,0.0,0.0
2026-03-07T15:59:39+00:00,1772899179.7508168,189817599.38370678,4096.54694802544,366.0488727971951,1.0001335322327733,37.5,0.0,0.0,0.0,0.0
2026-03-07T15:59:40+00:00,1772899180.7509835,190809032.7994826,511914.6870693537,363.93934783836863,87.98533684004516,37.5,0.0,0.0,0.0,0.0
2026-03-07T15:59:41+00:00,1772899181.751123,197104796.8343267,102385.71976517138,375.94756476273864,3.999442178327007,37.5,0.0,0.0,0.0,0.0
2026-03-07T15:59:42+00:00,1772899182.750937,195071412.74625924,0.0,374.06956440454377,0.0,37.5,0.0,0.0,0.0,0.0
2026-03-07T15:59:43+00:00,1772899183.7511716,197086050.84741548,4095.039287886791,380.910636885954,0.9997654511442361,37.5,0.0,0.0,0.0,0.0
2026-03-07T15:59:44+00:00,1772899184.750668,193559737.07756898,4098.0635390745465,369.18589988244815,1.0005037937193717,37.5,31885379.56527182,0.0,77.03879211639162,0.0
2026-03-07T15:59:45+00:00,1772899185.7508388,194477649.16729647,4095.3009005916538,370.93667825183195,0.9998293214335092,37.5,45011374.211715795,0.0,79.98634571468074,0.0
2026-03-07T15:59:46+00:00,1772899186.7507548,196100169.38115838,12289.031336553207,376.03155782421925,2.0001678607671236,37.5,44899916.15092209,0.0,53.004448310328776,0.0
2026-03-07T15:59:47+00:00,1772899187.7507231,194517016.0705875,61441.948303967576,375.01189150370834,2.0000634213531114,37.5,43495839.23875302,0.0,64.00202948329957,0.0
2026-03-07T15:59:48+00:00,1772899188.7507625,194503196.42600578,16383.35549410426,370.98540578080326,2.9998819874458484,37.5,43178125.41289398,0.0,66.99736438629061,0.0
2026-03-07T15:59:49+00:00,1772899189.750949,195031541.67013884,0.0,374.93009678466666,0.0,37.5,42664403.506586514,0.0,51.99030675414044,0.0
2026-03-07T15:59:50+00:00,1772899190.7509606,193984293.7764752,4095.95214899652,369.9956775216583,0.9999883176261035,37.5,44630676.60165752,0.0,45.99946261080076,0.0
2026-03-07T15:59:51+00:00,1772899191.7507744,190876374.11811692,102419.07093391404,368.06853616875355,4.000744958356017,37.5,43502560.390354365,0.0,47.0087532606832,0.0
2026-03-07T15:59:52+00:00,1772899192.7506027,191922353.6554966,86030.76816012271,367.0630105418182,4.000686763398563,37.5,40782592.79603509,0.0,45.00772608823384,0.0
2026-03-07T15:59:53+00:00,1772899193.7510386,195998290.2292988,0.0,373.83707090244064,0.0,37.5,45117486.483647324,0.0,47.979089313682216,0.0
2026-03-07T15:59:54+00:00,1772899194.75088,192968578.85076326,8193.299034084717,368.0583550467744,2.000317146993339,37.5,43516499.469410695,0.0,46.0072943808468,0.0
2026-03-07T15:59:55+00:00,1772899195.750826,194521375.69476956,4096.22169168568,371.0200799842254,1.0000541239466991,37.5,41869176.00240529,0.0,45.00243557760146,0.0
2026-03-07T15:59:56+00:00,1772899196.7511203,195501859.07481638,40947.943003270855,376.8890261775662,8.997350757554631,37.5,45193486.91583513,0.0,30.990874831577063,0.0
2026-03-07T15:59:57+00:00,1772899197.7507555,194057348.32219434,0.0,370.13501800955646,0.0,37.5,41859469.51512292,0.0,55.02007024466379,0.0
2026-03-07T15:59:58+00:00,1772899198.751043,191834249.3599186,12284.467812494786,365.89479324325293,1.9994250996899066,37.5,41759520.76779986,0.0,41.98792709348804,0.0
2026-03-07T15:59:59+00:00,1772899199.7510593,192934856.05071175,4095.9335948265916,367.99403391020155,0.9999837877994608,37.5,43493754.85909214,0.0,41.999319087577355,0.0
2026-03-07T16:00:00+00:00,1772899200.7508166,194033653.93017313,712877.0224630516,377.09152392658166,7.00169938325218,37.5,45444923.942649275,0.0,31.007525840116795,0.0
2026-03-07T16:00:01+00:00,1772899201.7507358,193928506.0578541,471078.0743663812,387.0312813769309,87.0070322475271,37.5,40109645.81793506,0.0,208.01681272971996,0.0
2026-03-07T16:00:02+00:00,1772899202.751093,196013705.50289264,462682.75237773376,373.8664732034543,27.99000334143508,37.5,44980007.34398048,0.0,98.96465467150261,0.0
2026-03-07T16:00:03+00:00,1772899203.7509816,195581200.29960534,81929.12210941913,375.0417577030295,10.001113538747452,37.5,43499303.27665095,0.0,69.00768341735743,0.0
2026-03-07T16:00:04+00:00,1772899204.751011,192408053.54046786,0.0,370.9891205640246,0.0,37.5,40828953.67112218,65.99806457473214,76.99774200385416,0.9999706753747294
2026-03-07T16:00:05+00:00,1772899205.7508538,194541413.92745262,4096.643655817314,371.0582998799374,1.0001571425335238,37.5,46166077.51454785,0.0,44.006914271475054,0.0
2026-03-07T16:00:06+00:00,1772899206.7506876,196640677.30524105,16386.723108770086,377.0626594242141,3.000498616107804,37.5,43501689.01278541,0.0,30.00498616107804,0.0
2026-03-07T16:00:07+00:00,1772899207.7509754,197599712.4886823,8189.643256328013,376.89154145943127,0.9997123115634782,37.5,42068770.8182884,65.98101256318957,69.97986180944348,0.9997123115634782
2026-03-07T16:00:08+00:00,1772899208.7509127,191901441.00451857,81925.13704086345,366.0229511347171,1.0000627080183526,37.5,43545638.48947399,0.0,69.00432685326633,0.0
2026-03-07T16:00:09+00:00,1772899209.750975,196071511.0092341,4095.7451330471695,377.9764795634351,0.9999377766228441,37.5,27466650.825875867,0.0,50.99682660776505,0.0
2026-03-07T16:00:10+00:00,1772899210.7508757,194530141.9136114,4096.406290296736,372.03689941171535,1.0000991919669766,37.5,36490049.16075966,0.0,58.00575313408465,0.0
2026-03-07T16:00:11+00:00,1772899211.7510474,193953265.71534276,167907.1768228263,369.93649619167854,6.998798576599324,37.5,23183064.36324941,0.0,43.992448195767174,0.0
2026-03-07T16:00:12+00:00,1772899212.7508426,195075087.6821668,0.0,372.07620178635943,0.0,37.5,33438344.225042656,142.0290877786641,31.006350148863284,1.0002048435117188
2026-03-07T16:00:13+00:00,1772899213.750624,200846214.97524935,196650.99377472195,386.0844095715468,41.00896578350627,37.5,26134183.7123261,0.0,18.003936197636897,0.0
2026-03-07T16:00:14+00:00,1772899214.75086,201803247.4929099,12285.100293805392,385.9089122240301,2.999292063917332,37.5,15904254.049044477,0.0,31.992448681784875,0.0
2026-03-07T16:00:15+00:00,1772899215.751034,198670574.2681008,4095.287233428859,378.9340482103363,0.9998259847238425,37.5,24976786.901068263,0.0,18.996693709753007,0.0
2026-03-07T16:00:16+00:00,1772899216.7508671,198738320.03551313,102417.09269640147,379.06326300718905,3.000500762589887,37.5,24405069.035317592,0.0,38.00634299280524,0.0
2026-03-07T16:00:17+00:00,1772899217.7506876,196643303.21295723,86031.44515566879,382.06859246495395,2.000359122853162,37.5,23303263.616042823,0.0,17.003052544251876,0.0
2026-03-07T16:00:18+00:00,1772899218.7510402,202827934.59495497,28661.893212303876,386.8635837458705,1.9992950064386075,37.5,8697339.13489425,0.0,5.997885019315823,0.0
2026-03-07T16:00:19+00:00,1772899219.7512052,201817582.9935285,0.0,384.9364910002298,0.0,37.5,17667389.134200845,0.0,13.997690581826538,0.0
2026-03-07T16:00:20+00:00,1772899220.750898,199815135.496847,4097.2591760344285,383.11774033720366,1.0003074160240304,37.5,19947255.221362192,108.03320093059529,17.00522607240852,2.000614832048061
2026-03-07T16:00:21+00:00,1772899221.750672,199274432.65855017,143392.3754738745,384.0867200193067,8.001806667068891,37.5,32041542.416167285,0.0,41.009259168728065,0.0
2026-03-07T16:00:22+00:00,1772899222.751003,194446500.79409832,282530.5035965462,370.8772674447981,2.9990075534619796,37.5,27290998.726579547,0.0,24.991729612183164,0.0
2026-03-07T16:00:23+00:00,1772899223.7510788,199738584.3981441,0.0,382.9709642489836,0.0,37.5,23332133.02514696,0.0,15.998787018234301,0.0
2026-03-07T16:00:24+00:00,1772899224.751148,196594407.18982577,28670.017715182923,374.9740737720981,6.999516043745831,37.5,28893788.243378025,0.0,30.99785676516011,0.0
2026-03-07T16:00:25+00:00,1772899225.7510016,198209879.7475865,4096.5996971640725,378.0553431464891,1.0001464104404474,37.5,26100496.825827375,0.0,24.003513850570737,0.0
2026-03-07T16:00:26+00:00,1772899226.7508385,195591320.70166013,331830.11429361743,377.0614905499306,11.001794153976755,37.5,35961156.48455702,0.0,36.0058717766512,0.0
2026-03-07T16:00:27+00:00,1772899227.7508562,198177367.56168756,0.0,378.9933134305015,0.0,37.5,28330840.159699485,0.0,27.999506005419637,0.0
2026-03-07T16:00:28+00:00,1772899228.7506468,198222358.18604073,4096.857601397997,378.07914387901445,1.000209375341308,37.5,32646465.934090167,0.0,86.01800627935249,0.0
2026-03-07T16:00:29+00:00,1772899229.7509332,196093098.56224507,319396.54376576835,374.89265297026225,24.992843531350815,37.5,30460283.980551567,111.96793902045165,39.9885496501613,1.9994274825080651
2026-03-07T16:00:30+00:00,1772899230.7507722,200310252.43789187,4096.659285788037,386.06212995951716,1.000160958444345,37.5,20015791.192134544,54.008691755994626,21.003380127331244,1.000160958444345
2026-03-07T16:00:31+00:00,1772899231.7511117,198146359.71448293,94176.02648026755,378.87137011741464,2.9989818215098785,37.5,32191156.842899255,0.0,34.98812125094858,0.0
2026-03-07T16:00:32+00:00,1772899232.7508307,198875743.077385,413812.32078318676,384.1079710239976,18.005061141749888,37.5,26113100.275102697,0.0,26.00731053808317,0.0
2026-03-07T16:00:33+00:00,1772899233.7511349,198120591.33627674,126937.38284194318,377.8850390172515,14.995438056240138,37.5,18695650.36985399,0.0,16.994829797072157,0.0
2026-03-07T16:00:34+00:00,1772899234.7508125,194573567.21703276,0.0,378.12188453385585,0.0,37.5,33517958.242979173,0.0,31.009995821559606,0.0
2026-03-07T16:00:35+00:00,1772899235.7522418,195280306.0736619,8180.307727616534,372.46762480480555,1.9971454413126304,37.5,33441187.86204125,0.0,30.95575434034577,0.0
2026-03-07T16:00:36+00:00,1772899236.7509148,195819283.59350622,16405.77107854442,373.4956428403973,3.0039864035420694,37.5,37493309.03876442,0.0,35.04650804132414,0.0
2026-03-07T16:00:37+00:00,1772899237.7507293,193498163.90757754,4096.759906579809,371.0688294289817,1.000185524067336,37.5,46545957.79363142,0.0,43.00797753489545,0.0
2026-03-07T16:00:38+00:00,1772899238.7508075,191350156.17019084,0.0,368.971145978956,0.0,37.5,36175021.0665441,0.0,32.99741955909362,0.0
2026-03-07T16:00:39+00:00,1772899239.7508743,196594875.87612978,4095.7265807527037,374.97496772027927,0.9999332472540781,37.5,27720682.44479834,65.99559431876915,30.99793066487642,0.9999332472540781
2026-03-07T16:00:40+00:00,1772899240.7510285,194480848.0027042,4095.368261512471,372.9424710801151,0.9998457669708181,37.5,47836526.88944972,0.0,139.97840737591451,0.0
2026-03-07T16:00:41+00:00,1772899241.7508602,196116723.05653712,102417.2392298928,374.0629635935538,4.000673407417688,37.5,43501782.37299808,0.0,50.008417592721095,0.0
2026-03-07T16:00:42+00:00,1772899242.7508743,195032392.53859144,81918.84767245944,371.9947672626332,0.9999859335017022,37.5,38330218.82045784,0.0,28.999592071549362,0.0
2026-03-07T16:00:43+00:00,1772899243.7509406,196594969.61365876,65531.65653788625,378.97488140653826,10.99927096430586,37.5,41753620.55478997,0.0,66.99555950986296,0.0
2026-03-07T16:00:44+00:00,1772899244.7507977,192441179.04992935,86028.2859342753,368.0525625908356,13.001856830654516,37.5,46053365.0067308,0.0,40.005713325090824,0.0
2026-03-07T16:00:45+00:00,1772899245.7511148,193400945.19652763,36852.31425238712,368.8830284052422,8.9971470342742,37.5,43480672.42181753,0.0,29.990490114247333,0.0
2026-03-07T16:00:46+00:00,1772899246.751618,195985119.09846073,94160.63125134936,373.81194896404406,2.9984915692303,37.5,42482234.75096213,1878.0552195279113,61.96882576409286,13.992960656408066
2026-03-07T16:00:47+00:00,1772899247.7509856,192010813.76317307,36887.32334077352,369.23346117473494,2.0012653722207854,37.5,44738213.34917689,0.0,31.019613269422177,0.0
2026-03-07T16:00:48+00:00,1772899248.7577817,192677102.9791402,36615.15892762377,368.4956586954323,3.9729990155841763,37.5,42362026.51668499,0.0,28.80424286298528,0.0
2026-03-07T16:00:49+00:00,1772899249.7510502,187911455.87484416,0.0,358.41265845269044,0.0,37.5,44639542.53421186,0.0,54.36596504619462,0.0
2026-03-07T16:00:50+00:00,1772899250.7509186,193504122.50782213,57351.54786835273,370.04870101999353,6.000789746270166,37.5,34800147.94500772,66.00868720897182,24.003158985080663,1.000131624378361
2026-03-07T16:00:51+00:00,1772899251.7508478,195048947.47799516,28674.030417211987,379.0268390109983,3.0002124459973483,37.5,47850322.29653789,0.0,49.00346995129002,0.0
2026-03-07T16:00:52+00:00,1772899252.7507133,196126468.74941793,106510.32223838387,375.0504323110159,11.0014793477898,37.5,36194829.04911797,0.0,36.00484150185753,0.0
2026-03-07T16:00:53+00:00,1772899253.7508626,196578660.62890202,0.0,374.9440395906487,0.0,37.5,42093839.49317104,65.99015096795418,62.990598651228986,0.9998507722417299
2026-03-07T16:00:54+00:00,1772899254.7506323,194031247.79215032,8193.887153384727,372.08569593006814,2.000460730806818,37.5,47856442.92970993,0.0,82.01888996307953,0.0
2026-03-07T16:00:55+00:00,1772899255.7510436,191810521.6937328,49131.79346663238,365.8495363115936,8.99630007323591,37.5,42158704.3033001,0.0,29.987666910786366,0.0
2026-03-07T16:00:56+00:00,1772899256.7506244,193543393.75135967,249960.76852203888,373.15640472400304,13.005451102981338,37.5,44831669.73987071,0.0,53.022223727539306,0.0
2026-03-07T16:00:57+00:00,1772899257.751068,197044859.79163164,0.0,375.83324392629936,0.0,37.5,33795235.15636778,0.0,61.972502987847236,0.0
2026-03-07T16:00:58+00:00,1772899258.750839,200848322.4187518,4096.938691635766,385.08823151361577,1.0002291727626382,37.5,22771093.3186968,0.0,21.004812628015404,0.0
2026-03-07T16:00:59+00:00,1772899259.7507834,194521653.97528845,69635.86837895686,371.02061076219263,2.000111109230149,37.5,46952016.256289415,0.0,58.003222167674316,0.0
2026-03-07T16:01:00+00:00,1772899260.7511182,196542209.52268365,4094.6293650559096,378.873176112351,0.9996653723281029,37.5,40027627.16468925,0.0,49.98326861640515,0.0
2026-03-07T16:01:01+00:00,1772899261.7506485,195651318.41138995,4097.924732142048,374.1757445852358,1.0004699053081172,37.5,43514899.27809759,0.0,123.05779835289842,0.0
2026-03-07T16:01:02+00:00,1772899262.7506154,195565905.0897845,262152.6877879149,373.0123616977396,55.00182277044418,37.5,46652421.06974809,0.0,74.00245245477944,0.0
2026-03-07T16:01:03+00:00,1772899263.7510166,195480985.59907264,503605.9238582007,372.8503906232312,29.98796707425452,37.5,41716939.72465024,0.0,131.94705512671987,0.0
2026-03-07T16:01:04+00:00,1772899264.7510056,192940100.02320698,40960.44922367675,371.0040688960956,3.000032902124762,37.5,44473184.74874173,333.0036521358486,91.00099803111777,5.000054836874603
2026-03-07T16:01:05+00:00,1772899265.7508485,194017043.539508,20483.21827908657,371.0582998799374,4.000628570134095,37.5,43559263.9376199,0.0,182.02859994110136,0.0
2026-03-07T16:01:06+00:00,1772899266.7510803,197086614.5844879,98281.22402816883,375.9128848733671,3.9990732433336924,37.5,43611957.240347475,0.0,123.97127054334446,0.0
2026-03-07T16:01:07+00:00,1772899267.7507613,194048462.24706808,12291.92117274502,370.1180691663133,3.000957317564702,37.5,32711095.972384226,0.0,97.03095326792538,0.0
2026-03-07T16:01:08+00:00,1772899268.751102,194968710.1313034,0.0,373.8726215419332,0.0,37.5,34784144.03692513,0.0,75.97411560745167,0.0
2026-03-07T16:01:09+00:00,1772899269.7506917,191443672.85668048,4097.681353952921,370.1518801178176,1.0004104868049124,37.5,33755950.68682004,0.0,60.02462920829474,0.0
2026-03-07T16:01:10+00:00,1772899270.750904,198662949.8400451,4095.130067613067,378.9195057679083,0.9997876141633464,37.5,26145626.859543834,0.0,25.994477968247008,0.0
2026-03-07T16:01:11+00:00,1772899271.7509289,195030300.1199082,12287.695320054701,373.99072670088367,2.99992561524773,37.5,39221256.488070786,0.0,36.99908258805534,0.0
2026-03-07T16:01:12+00:00,1772899272.7508574,199243691.01931232,0.0,380.02718166220154,0.0,37.5,23830409.483710553,0.0,23.001645205870094,0.0
2026-03-07T16:01:13+00:00,1772899273.7510498,200239489.16270965,4095.212065664055,385.92574642244267,0.9998076332187634,37.5,24101405.79809974,0.0,53.98961219381323,0.0
2026-03-07T16:01:14+00:00,1772899274.750814,194556723.6923036,4096.966048102754,371.0875009389946,1.0002358515875864,37.5,38029080.10401127,0.0,66.01556620478071,0.0
2026-03-07T16:01:15+00:00,1772899275.7511868,189197418.80685285,458581.00126314745,362.86469259757456,5.997763514009497,37.5,28043545.935885496,0.0,26.989935813042738,0.0
2026-03-07T16:01:16+00:00,1772899276.7506227,195669801.01349208,102457.79627465864,373.21052744577804,3.00169325023414,37.5,30463306.301068384,0.0,84.04741100655592,0.0
2026-03-07T16:01:17+00:00,1772899277.7510805,193373752.52100173,12282.377573742488,372.8293322758747,2.9986273373394745,37.5,36029638.94018241,0.0,32.98490071073422,0.0
2026-03-07T16:01:18+00:00,1772899278.750764,196670269.71582952,258129.72900202626,376.119086777506,14.00443408214118,37.5,30463337.297987875,0.0,34.01076848520001,0.0
2026-03-07T16:01:19+00:00,1772899279.7510724,196547362.45750904,0.0,374.88434306623276,0.0,37.5,40532959.0292149,0.0,36.9885885158683,0.0
2026-03-07T16:01:20+00:00,1772899280.7510872,196080813.54284486,8191.878908039976,373.9944716317079,0.9999852182665986,37.5,44730736.79240009,0.0,84.99874355266088,0.0
2026-03-07T16:01:21+00:00,1772899281.7549162,189590601.13695064,32643.00983762924,361.6153738726628,7.969484823639951,37.5,43780747.413937606,0.0,58.77495057434464,0.0
2026-03-07T16:01:22+00:00,1772899282.7510066,194747944.198419,4112.076524459861,375.4679248408174,1.0039249327294582,37.5,39298655.546643704,0.0,27.105973183695372,0.0
2026-03-07T16:01:23+00:00,1772899283.7509453,195047087.23229474,0.0,372.0227951665778,0.0,37.5,38328564.52816671,0.0,26.001593210567265,0.0
2026-03-07T16:01:24+00:00,1772899284.7507386,193502270.64307582,4096.846854739919,369.076291357185,1.000206751645488,37.5,37478277.09373481,0.0,26.005375542782687,0.0
2026-03-07T16:01:25+00:00,1772899285.751123,192863860.48794493,4094.4263860382334,369.85785225443027,0.9996158169038656,37.5,30535824.143819846,0.0,20.99193215498118,0.0
2026-03-07T16:01:26+00:00,1772899286.7510095,199776400.07299107,122893.9468952947,386.0438110480449,6.000681000746812,37.5,21239422.40350534,0.0,29.00329150360959,0.0
2026-03-07T16:01:27+00:00,1772899287.751005,201327504.00413135,0.0,384.00173950983304,0.0,37.5,14516983.761254182,0.0,13.000058889655806,0.0
2026-03-07T16:01:28+00:00,1772899288.7509816,201855596.36019784,4096.095705361157,385.0089957431752,1.0000233655666888,37.5,10181059.880675389,0.0,10.00023365566689,0.0
2026-03-07T16:01:29+00:00,1772899289.7509506,202381440.6944185,61441.904355899394,388.0120262058751,2.0000619907519335,37.5,10161730.956909275,196.00607509368947,7.000216967631768,2.0000619907519335
2026-03-07T16:01:30+00:00,1772899290.7508287,198827679.55276382,4096.499084241878,388.04727653463107,1.0001218467387398,37.5,21774334.808448583,174.02120133254073,19.002315088036056,3.0003655402162197
2026-03-07T16:01:31+00:00,1772899291.7506962,196634065.95532206,12289.629122207629,375.0497168642465,2.0002651566093146,37.5,36384143.10857019,54.00715922845149,27.003579614225746,1.0001325783046573
2026-03-07T16:01:32+00:00,1772899292.751141,192475521.74440217,2820889.017312454,377.8319067149329,216.90350200301702,37.5,30497655.926260374,0.0,24.988882719241595,0.0
2026-03-07T16:01:33+00:00,1772899293.7507563,196691880.5278635,184390.9550384121,377.145128306648,9.003464601484966,37.5,34884691.89409949,0.0,24.00923893729324,0.0
2026-03-07T16:01:34+00:00,1772899294.7506602,195578215.68055516,81927.87185009851,377.03622665389577,1.0000960919201478,37.5,48986864.78961521,0.0,50.00480459600739,0.0
2026-03-07T16:01:35+00:00,1772899295.750916,194461100.3515994,32759.6193314689,371.9048581331308,7.9979539383469,37.5,40948352.464084156,0.0,28.99258302650751,0.0
2026-03-07T16:01:36+00:00,1772899296.7509067,191891192.26659068,102400.95215729097,366.0034032184423,4.000037193644179,37.5,41681075.564169645,0.0,32.00029754915343,0.0
2026-03-07T16:01:37+00:00,1772899297.7507808,199254523.15759355,4096.51568991763,380.0478423263427,1.0001259008587964,37.5,30449955.192906823,0.0,31.00390292662269,0.0
2026-03-07T16:01:38+00:00,1772899298.7507217,198716901.69473368,0.0,379.02241076418625,0.0,37.5,21748515.94206658,0.0,15.000886969558824,0.0
2026-03-07T16:01:39+00:00,1772899299.751331,200156041.33110565,4093.5054264378605,385.7649156750523,0.9993909732514308,37.5,21733985.355222713,0.0,14.990864598771463,0.0
2026-03-07T16:01:40+00:00,1772899300.7510154,195096721.44044188,4097.293377025409,372.11746490562797,1.000315765875344,37.5,45427037.7803357,0.0,32.01010450801101,0.0
2026-03-07T16:01:41+00:00,1772899301.750828,194022919.3136264,12290.303165981402,370.06934988713533,3.0005622963821783,37.5,45935790.22942742,0.0,33.006185260203964,0.0
2026-03-07T16:01:42+00:00,1772899302.7507725,189802799.8357262,0.0,364.0202218798871,0.0,37.5,39147188.68618485,0.0,27.00149997460701,0.0
2026-03-07T16:01:43+00:00,1772899303.7510562,193407398.8185153,85991.60262510207,373.89391952413706,1.9994327247280057,37.5,40558180.90960254,0.0,37.98922176983211,0.0
2026-03-07T16:01:44+00:00,1772899304.7509842,196622157.26935753,8192.58988622323,375.02700284835345,1.000072007595609,37.5,43520303.56677941,0.0,45.00324034180241,0.0
2026-03-07T16:01:45+00:00,1772899305.7510583,195544924.70009667,4095.696311580443,372.97234478015264,0.9999258573194441,37.5,43501832.41838214,0.0,43.99673772205554,0.0
2026-03-07T16:01:46+00:00,1772899306.7508116,195607692.7859615,94231.25280825056,375.0925590511842,3.0007404724094733,37.5,31927176.453166254,96.02369511710314,30.007404724094734,2.000493648272982
2026-03-07T16:01:47+00:00,1772899307.7510178,193422382.10157636,4095.1554476112883,372.92309129858654,0.9997938104519747,37.5,37739904.82127228,0.0,33.99298955536714,0.0
2026-03-07T16:01:48+00:00,1772899308.751121,194490769.69778845,12286.731576258535,370.9617036777276,2.999690326234994,37.5,43518733.33291312,0.0,36.99618069023159,0.0
2026-03-07T16:01:49+00:00,1772899309.75065,198274274.0068659,0.0,380.17910812321935,0.0,37.5,30478648.952123974,0.0,22.01036941766007,0.0
2026-03-07T16:01:50+00:00,1772899310.7509325,196028328.8971674,4094.843100291766,373.89436511453135,0.9997175537821694,37.5,41947412.76458024,0.0,33.99039682859376,0.0
2026-03-07T16:01:51+00:00,1772899311.7507527,198249270.79732636,114708.62089446888,383.0688633735141,7.001258599515923,37.5,42410766.08199926,0.0,30.005393997925385,0.0
2026-03-07T16:01:52+00:00,1772899312.7508824,194485623.27163988,8190.937637788068,371.95175796596203,1.9997406342256026,37.5,44579995.987580955,0.0,64.99157061233208,0.0
2026-03-07T16:01:53+00:00,1772899313.7509005,195555880.5642064,0.0,372.9932414325836,0.0,37.5,45115136.522207335,0.0,34.99936581807085,0.0
2026-03-07T16:01:54+00:00,1772899314.7508643,194628493.2634201,4096.148442879514,374.0135541105806,1.0000362409373813,37.5,40780097.85541392,0.0,28.00101474624668,0.0
2026-03-07T16:01:55+00:00,1772899315.7513533,195987874.6141468,4093.998049259417,373.8172046931206,0.9995112424949748,37.5,35872372.53517779,0.0,24.98778106237437,0.0
2026-03-07T16:01:56+00:00,1772899316.7506402,192551006.04216006,12296.768948537128,371.26475259662067,3.0021408565764474,37.5,30467848.92683701,0.0,21.014985996035133,0.0
2026-03-07T16:01:57+00:00,1772899317.7506757,196601015.8731067,0.0,374.98667883511865,0.0,37.5,29511211.632849384,0.0,20.999254014766645,0.0
2026-03-07T16:01:58+00:00,1772899318.750982,196547784.07322547,4094.745501525531,374.88514723439306,0.9996937259583816,37.5,37404566.44249568,0.0,25.99203687491792,0.0
2026-03-07T16:01:59+00:00,1772899319.7507992,192973272.45309532,4096.749160434259,368.0673073827654,1.0001829004966452,37.5,39173373.51926071,0.0,31.005669915396002,0.0
2026-03-07T16:02:00+00:00,1772899320.7511098,189209188.3854403,85989.28661907562,367.8857128420274,1.999378874141453,37.5,46121785.83329087,0.0,45.98571410525342,0.0
2026-03-07T16:02:01+00:00,1772899321.750857,191413494.7254393,94231.81461226678,365.09226746642935,3.000758362737775,37.5,41029715.18117811,0.0,28.007078052219235,0.0
2026-03-07T16:02:02+00:00,1772899322.7506812,189825656.37689355,487509.7787648984,362.06370616320334,37.006511403421335,37.5,39192788.08516856,0.0,29.00510353241132,0.0
2026-03-07T16:02:03+00:00,1772899323.7510738,197578991.59048903,110548.59028811347,378.851234440059,5.997644872401989,37.5,30473561.781944547,0.0,21.99136453214063,0.0
2026-03-07T16:02:04+00:00,1772899324.7508047,194038790.3090713,0.0,374.10069839679954,0.0,37.5,38643494.84633291,6404.723988862855,53.01427009366411,16.004307952804258
2026-03-07T16:02:05+00:00,1772899325.7510798,196553921.12899235,20474.366784270038,374.8968527393195,3.9988997625527416,37.5,40596368.516512856,0.0,39.98899762552742,0.0
2026-03-07T16:02:06+00:00,1772899326.750999,194526570.3957453,8192.662162893586,373.03014975089206,2.000161660862692,37.5,30524289.092037726,0.0,26.002101591214995,0.0
2026-03-07T16:02:07+00:00,1772899327.7510529,196073147.06926593,90107.14479286117,373.9798489938086,5.999676721825806,37.5,42087200.23227203,0.0,33.99816809034623,0.0
2026-03-07T16:02:08+00:00,1772899328.7507088,194053321.71856877,0.0,370.12733787263636,0.0,37.5,37517021.281329386,0.0,40.01376625650123,0.0
2026-03-07T16:02:09+00:00,1772899329.753348,195567551.79835325,8170.435820452592,377.0049731605322,0.9973676538638419,37.5,34821479.88852739,0.0,72.80783873206046,0.0
2026-03-07T16:02:10+00:00,1772899330.750732,202906004.0056768,4106.743928223705,388.01511235902683,1.0026230293514904,37.5,8721709.449041445,0.0,7.018361205460433,0.0
2026-03-07T16:02:11+00:00,1772899331.7508664,201299523.63983038,114672.58019847109,383.948371200238,4.999327750003099,37.5,26093167.301927976,0.0,17.997579900011157,0.0
2026-03-07T16:02:12+00:00,1772899332.7509634,192395026.68660223,0.0,366.9643911106152,0.0,37.5,43136274.21289333,0.0,72.99291703290167,0.0
2026-03-07T16:02:13+00:00,1772899333.7508092,195073419.40547642,4096.63193341754,377.05816379355775,1.0001542806195165,37.5,44073274.60321719,0.0,47.00725118911728,0.0
2026-03-07T16:02:14+00:00,1772899334.750751,198716712.17250302,4096.238295112612,379.0220492792187,1.0000581775177275,37.5,36087695.370400995,0.0,34.00197803560273,0.0
2026-03-07T16:02:15+00:00,1772899335.751193,197045188.50042158,8188.380506167785,375.83387088856045,1.9991163345136194,37.5,21750334.742041647,618.7265055319652,28.98718685044748,5.997349003540858
2026-03-07T16:02:16+00:00,1772899336.7511573,197663645.00280723,8192.292979227754,377.0134830528397,2.000071528131776,37.5,0.0,66.0023604283486,0.0,1.000035764065888
2026-03-07T16:02:17+00:00,1772899337.7507896,195106865.37068978,225362.85272572114,379.13938735373006,9.003309989930266,37.5,0.0,0.0,0.0,0.0
2026-03-07T16:02:18+00:00,1772899338.7508395,197646727.36575234,4095.7959086072688,376.98121522093265,0.9999501729998215,37.5,0.0,0.0,0.0,0.0
2026-03-07T16:02:19+00:00,1772899339.7511482,197071441.7863938,0.0,375.8839450576664,0.0,37.5,0.0,0.0,0.0,0.0
2026-03-07T16:02:20+00:00,1772899340.7509499,197695791.7790089,4096.812661202936,379.0751949697053,1.0001984036139981,37.5,0.0,0.0,0.0,0.0
2026-03-07T16:02:21+00:00,1772899341.7511184,198671663.51988304,98287.4324801532,382.9354516591256,3.9993258658916506,37.5,0.0,0.0,0.0,0.0
2026-03-07T16:02:22+00:00,1772899342.7509294,197693953.19175363,4096.774560505505,377.07129133558965,1.0001891016859144,37.5,0.0,0.0,0.0,0.0
2026-03-07T16:02:23+00:00,1772899343.7508745,197667415.34438926,0.0,379.02078408726214,0.0,37.5,0.0,0.0,0.0,0.0
2026-03-07T16:02:24+00:00,1772899344.7509391,197643805.95009124,12287.206105982132,376.9756430627656,2.999806178218294,37.5,0.0,0.0,0.0,0.0
2026-03-07T16:02:25+00:00,1772899345.7507663,199788262.09433803,4096.708130215265,381.06586855762106,1.000172883353336,37.5,0.0,0.0,0.0,0.0
2026-03-07T16:02:26+00:00,1772899346.7509732,199188218.53067288,16380.610076535599,383.92054866880306,2.999379286475024,37.5,0.0,0.0,0.0,0.0
2026-03-07T16:02:27+00:00,1772899347.7510896,199206262.69663906,0.0,380.955676467391,0.0,37.5,0.0,0.0,0.0,0.0
2026-03-07T16:02:28+00:00,1772899348.7508457,199409148.3312585,53260.99047309255,382.0931933729221,12.00292754051064,37.5,108.02634786459576,378.09221752608516,2.00048792341844,5.0012198085461
2026-03-07T16:02:29+00:00,1772899349.7510722,197611817.3877205,4095.072475707073,376.9146297220621,0.9997735536394221,37.5,0.0,84.98075205935088,0.0,0.9997735536394221
2026-03-07T16:02:30+00:00,1772899350.757188,195412871.80055904,4071.1014958449805,376.69615891729677,0.9939212636340284,37.5,18422398.208102643,119.27055163608341,21.866267799948623,1.9878425272680569
2026-03-07T16:02:31+00:00,1772899351.7509,195214076.18511826,98926.05212083696,372.3413013174405,3.018983524195464,37.5,42627000.780684896,0.0,44.27842502153347,0.0
2026-03-07T16:02:32+00:00,1772899352.7510204,192390531.91398796,421837.2102167226,366.9558180122146,36.99554568515515,37.5,43489223.83732847,0.0,125.98483125214997,0.0
2026-03-07T16:02:33+00:00,1772899353.7510388,193982998.81537706,110589.96976383404,369.99320757937824,12.99976134738356,37.5,43493661.53333233,0.0,56.99895360006637,0.0
2026-03-07T16:02:34+00:00,1772899354.7513075,190265420.11187312,0.0,369.9006085429602,0.0,37.5,43482776.27634443,0.0,74.97985308303247,0.0
2026-03-07T16:02:35+00:00,1772899355.7510839,195078762.7565407,8193.832441050936,372.0832114344419,2.000447373303451,37.5,41758432.71504944,0.0,38.00850009276557,0.0
2026-03-07T16:02:36+00:00,1772899356.750973,194532414.76599172,12289.362455735663,371.0411353416285,2.0002217538632263,37.5,45244842.0530936,0.0,42.004656831127754,0.0
2026-03-07T16:02:37+00:00,1772899357.7507303,197180145.6155273,262207.6404461799,378.0917666956177,6.0014566142161545,37.5,43505019.108126655,0.0,40.00971076144103,0.0
2026-03-07T16:02:38+00:00,1772899358.7510166,195503443.40452364,0.0,372.89322548775414,0.0,37.5,42554468.92300593,0.0,99.97137412540326,0.0
2026-03-07T16:02:39+00:00,1772899359.7510881,193448435.48966435,4095.707052203259,372.9733228690956,0.9999284795418113,37.5,42823723.00864253,0.0,76.99449292471947,0.0
2026-03-07T16:02:40+00:00,1772899360.7509944,194529075.08285034,28674.68677518431,373.0349528161184,7.000655950972732,37.5,45094165.255714774,0.0,91.00852736264551,0.0
2026-03-07T16:02:41+00:00,1772899361.7511673,195525626.71697766,163811.68458191826,372.93553679843455,4.999135882016549,37.5,41982563.168283224,0.0,38.99325987972908,0.0
2026-03-07T16:02:42+00:00,1772899362.7510688,193526383.93790206,81928.06720060202,371.03653480741394,1.0000984765698488,37.5,43899992.695012815,0.0,69.00679488331957,0.0
2026-03-07T16:02:43+00:00,1772899363.7507486,193524237.71618387,4097.3119435167655,373.11947141888515,1.0003202987101478,37.5,43184291.443935685,0.0,74.02370210455094,0.0
2026-03-07T16:02:44+00:00,1772899364.7507317,195562734.43103805,12288.208011333658,374.0063310741201,3.0000507840170063,37.5,42078068.28572089,0.0,73.00123574441382,0.0
2026-03-07T16:02:45+00:00,1772899365.751145,196002727.71103972,12282.924948469234,373.8455347271723,2.9987609737473715,37.5,23310644.521939155,0.0,15.993391859985982,0.0
2026-03-07T16:02:46+00:00,1772899366.750587,193570264.74909803,12294.859295547385,369.2059798223458,2.001116421801332,37.5,40440573.77488165,0.0,28.015629905218653,0.0
2026-03-07T16:02:47+00:00,1772899367.7510161,187614588.55348104,8188.485883095366,360.8451420651156,1.9991420613025797,37.5,43475802.2098213,0.0,29.987130919538696,0.0
2026-03-07T16:02:48+00:00,1772899368.7511861,193953589.35476065,12285.911487843792,370.9369435213254,2.9994901093368633,37.5,45421630.66586095,0.0,41.992861530716084,0.0
2026-03-07T16:02:49+00:00,1772899369.7509587,197701543.4779124,0.0,377.08576865751724,0.0,37.5,44419019.16474036,0.0,96.02184029475241,0.0
2026-03-07T16:02:50+00:00,1772899370.7509515,197575557.17050818,86016.61523877553,472.00337603122733,20.00014305217065,37.5,45003963.893433765,142.00101567041162,58.000414851294884,1.0000071526085326
2026-03-07T16:02:51+00:00,1772899371.7508116,200433042.9462856,73738.31980364912,638.0893016863083,17.00237951201762,37.5,40746472.538342476,0.0,29.004059167559472,0.0
2026-03-07T16:02:52+00:00,1772899372.7508776,186175480.60888657,176116.36893220086,370.97550005590546,8.999405661733556,37.5,43577880.03198222,0.0,63.99577359454973,0.0
2026-03-07T16:02:53+00:00,1772899373.750766,192959514.40236002,0.0,368.0410659835053,0.0,37.5,45323888.234691106,0.0,46.00513324793816,0.0
2026-03-07T16:02:54+00:00,1772899374.7515438,195931332.00918055,4092.816928667709,375.70780399879357,0.9992228829755149,37.5,30508693.735842153,0.0,34.97280090414302,0.0
2026-03-07T16:02:55+00:00,1772899375.7510233,194612137.34283718,90158.92481347747,371.193194089579,3.0015622163577818,37.5,39924032.17152177,0.0,71.03697245380083,0.0
2026-03-07T16:02:56+00:00,1772899376.7507923,192458159.14721432,249913.73697164666,371.08573104700673,57.01317161638648,37.5,43504511.743074186,0.0,59.013633778364955,0.0
2026-03-07T16:02:57+00:00,1772899377.7509632,192905007.6371813,94191.89826034244,367.93710257946265,2.9994872492890976,37.5,43487026.06157156,0.0,29.994872492890977,0.0
2026-03-07T16:02:58+00:00,1772899378.7507539,190880789.3643355,4096.857601397997,366.07663137491875,1.000209375341308,37.5,43503608.67620128,0.0,47.00984064104148,0.0
2026-03-07T16:02:59+00:00,1772899379.7507682,196605187.54023257,8191.882814176357,374.99463565870775,0.9999856950898873,37.5,43493837.8156593,0.0,51.99925614467414,0.0
2026-03-07T16:03:00+00:00,1772899380.7507963,15728197.512448676,4095.8847688668425,29.999156021973945,0.9999718673991315,37.5,4349486.6341860695,65.99814324834269,5.9998312043947895,0.9999718673991315
2026-03-07T16:03:01+00:00,1772899381.7509933,0.0,0.0,0.0,0.0,37.5,0.9998031050289264,0.0,0.9998031050289264,0.0
2026-03-07T16:03:02+00:00,1772899382.7509599,0.0,516113.22713751777,0.0,46.00153546690115,37.5,1.0000333797152423,0.0,1.0000333797152423,0.0
2026-03-07T16:03:03+00:00,1772899383.751253,0.0,28663.60109383003,0.0,3.998828277599056,37.5,0.999707069399764,0.0,0.999707069399764,0.0
2026-03-07T16:03:04+00:00,1772899384.75071,0.0,77866.27197200782,0.0,2.001086347964839,37.5,1.0005431739824195,0.0,1.0005431739824195,0.0
2026-03-07T16:03:05+00:00,1772899385.7507443,0.0,4095.8593798278107,0.0,0.9999656689032741,37.5,427.9853062906013,0.0,5.999794013419645,0.0
2026-03-07T16:03:06+00:00,1772899386.7511935,0.0,12282.482946903237,0.0,1.9991020421391987,37.5,427.80783701778853,0.0,5.997306126417596,0.0
2026-03-07T16:03:07+00:00,1772899387.7508698,0.0,102433.16503479892,0.0,4.0012955091718325,37.5,427.1382956040932,0.0,5.0016193864647915,0.0
2026-03-07T16:03:08+00:00,1772899388.7508984,0.0,0.0,0.0,0.0,37.5,426.98778378151565,0.0,4.999856952945148,0.0
2026-03-07T16:03:09+00:00,1772899389.750815,0.0,4096.341825399134,0.0,1.0000834534665854,37.5,0.0,0.0,0.0,0.0
2026-03-07T16:03:10+00:00,1772899390.750773,0.0,135173.67211301133,0.0,2.000083926861555,37.5,1.0000419634307776,0.0,1.0000419634307776,0.0
2026-03-07T16:03:11+00:00,1772899391.7512267,0.0,65506.27910968167,0.0,1.999092990407766,37.5,0.999546495203883,0.0,0.999546495203883,0.0
2026-03-07T16:03:12+00:00,1772899392.750834,0.0,8195.218060528205,0.0,2.0007856593086437,37.5,1.0003928296543219,0.0,1.0003928296543219,0.0
2026-03-07T16:03:13+00:00,1772899393.7508278,0.0,147456.9140681662,0.0,3.0000185967644493,37.5,1.000006198921483,0.0,1.000006198921483,0.0
2026-03-07T16:03:14+00:00,1772899394.7510262,0.0,151521.94346214284,0.0,5.998810050496575,37.5,0.9998016750827625,0.0,0.9998016750827625,0.0
2026-03-07T16:03:15+00:00,1772899395.7507143,0.0,98334.66581317989,0.0,5.001559743915807,37.5,1.0003119487831613,0.0,1.0003119487831613,0.0
2026-03-07T16:03:16+00:00,1772899396.7507315,0.0,0.0,0.0,0.0,37.5,0.0,0.0,0.0,0.0
2026-03-07T16:03:17+00:00,1772899397.7507987,0.0,135158.91272034953,0.0,3.999731081923222,37.5,0.0,0.0,0.0,0.0
2026-03-07T16:03:18+00:00,1772899398.7508073,0.0,4095.964844051746,0.0,0.9999914170048207,37.5,0.0,0.0,0.0,0.0
2026-03-07T16:03:19+00:00,1772899399.7508087,0.0,0.0,0.0,0.0,37.5,0.0,0.0,0.0,0.0
2026-03-07T16:03:20+00:00,1772899400.7512772,0.0,4094.0819532780192,0.0,0.9995317268745164,37.5,0.0,0.0,0.0,0.0
2026-03-07T16:03:21+00:00,1772899401.7510014,0.0,4097.130194577008,0.0,1.0002759264104024,37.5,0.0,0.0,0.0,0.0
2026-03-07T16:03:22+00:00,1772899402.7507389,0.0,28679.52834336902,0.0,4.00105027111733,37.5,0.0,0.0,0.0,0.0
2026-03-07T16:03:23+00:00,1772899403.7511764,0.0,0.0,0.0,0.0,37.5,0.0,0.0,0.0,0.0
2026-03-07T16:03:24+00:00,1772899404.7507913,0.0,4097.577755946124,0.0,1.0003851943227842,37.5,0.0,0.0,0.0,0.0
2026-03-07T16:03:25+00:00,1772899405.75072,65540.67220806843,61444.38019506414,1.0000712922373722,12.000855506848465,37.5,0.0,0.0,0.0,0.0
2026-03-07T16:03:26+00:00,1772899406.7507243,65535.71875120699,159743.31445606705,0.9999957084839933,18.999918461195875,37.5,589.9974680055561,1040.9955325318372,7.999965667871947,5.99997425090396
2026-03-07T16:03:27+00:00,1772899407.7508552,0.0,147436.70174473338,0.0,3.9994765013219773,37.5,4683.386983048035,5715.251920389105,12.998298629296427,15.99790600528791
2026-03-07T16:03:28+00:00,1772899408.7507477,0.0,61446.60715575868,0.0,5.000537691712132,37.5,3297.35455391498,5849.628991764852,13.001397998451543,13.001397998451543
2026-03-07T16:03:29+00:00,1772899409.750805,0.0,77819.54712979528,0.0,4.999713914075046,37.5,12578.28026503,5604.679297678126,14.999141742225138,14.999141742225138
2026-03-07T16:03:30+00:00,1772899410.7507281,0.0,32770.51581814133,0.0,3.000230330030029,37.5,444.0340888444442,637.0489067430427,8.00061421341341,9.000690990090087
2026-03-07T16:03:31+00:00,1772899411.7511516,0.0,0.0,0.0,0.0,37.5,0.0,53.97714438237593,0.0,0.9995767478217765
2026-03-07T16:03:32+00:00,1772899412.7508109,0.0,520369.2898948812,0.0,24.008179590376532,37.5,0.0,0.0,0.0,0.0
2026-03-07T16:03:33+00:00,1772899413.7508936,0.0,40956.61160845086,0.0,7.999338204775558,37.5,0.0,0.0,0.0,0.0
2026-03-07T16:03:34+00:00,1772899414.750916,0.0,8191.816410364491,0.0,1.9999551783116434,37.5,0.0,0.0,0.0,0.0
2026-03-07T16:03:35+00:00,1772899415.7508032,0.0,8192.923932318685,0.0,2.0002255694137414,37.5,0.0,0.0,0.0,0.0
2026-03-07T16:03:36+00:00,1772899416.7508183,0.0,12287.815432459773,0.0,2.999954939565374,37.5,0.0,0.0,0.0,0.0
2026-03-07T16:03:37+00:00,1772899417.7508764,0.0,114681.32851310796,0.0,5.999650975504393,37.5,0.0,0.0,0.0,0.0
2026-03-07T16:03:38+00:00,1772899418.750872,131072.59375268966,0.0,4.000018119894094,0.0,37.5,0.0,0.0,0.0,0.0
2026-03-07T16:03:39+00:00,1772899419.750815,0.0,4096.233411737777,0.0,1.0000569852875432,37.5,0.0,0.0,0.0,0.0
2026-03-07T16:03:40+00:00,1772899420.7512238,0.0,139207.0799145571,0.0,2.998773837773375,37.5,0.0,0.0,0.0,0.0
2026-03-07T16:03:41+00:00,1772899421.7507188,0.0,4098.06940436326,0.0,1.000505225674624,37.5,0.0,0.0,0.0,0.0
2026-03-07T16:03:42+00:00,1772899422.7511268,16377.31913160463,81886.59565802314,0.9995922321536029,9.995922321536028,37.5,0.0,0.0,0.0,0.0
2026-03-07T16:03:43+00:00,1772899423.7508106,0.0,364659.2844932647,0.0,83.02624817015496,37.5,0.0,0.0,0.0,0.0
2026-03-07T16:03:44+00:00,1772899424.751009,0.0,8190.375322277991,0.0,1.999603350165525,37.5,0.0,0.0,0.0,0.0
2026-03-07T16:03:45+00:00,1772899425.7507963,0.0,61453.06918566552,0.0,2.0004254292208827,37.5,0.0,0.0,0.0,0.0
2026-03-07T16:03:46+00:00,1772899426.751023,0.0,85996.5014913277,0.0,1.9995466306577312,37.5,0.0,0.0,0.0,0.0
2026-03-07T16:03:47+00:00,1772899427.7511382,0.0,122865.85123869221,0.0,3.9995394283428456,37.5,0.0,0.0,0.0,0.0
2026-03-07T16:03:48+00:00,1772899428.750805,0.0,143407.7991350152,0.0,4.001333681222522,37.5,461.15370676089566,2.000666840611261,52.017337855892784,2.000666840611261
2026-03-07T16:03:49+00:00,1772899429.7511315,0.0,69609.26328594644,0.0,1.9993469464024136,37.5,0.9996734732012068,0.0,0.9996734732012068,0.0
2026-03-07T16:03:50+00:00,1772899430.7510915,0.0,0.0,0.0,0.0,37.5,1.0000400559257019,0.0,1.0000400559257019,0.0
2026-03-07T16:03:51+00:00,1772899431.751068,0.0,4096.095705361157,0.0,1.0000233655666888,37.5,1.0000233655666888,0.0,1.0000233655666888,0.0
2026-03-07T16:03:52+00:00,1772899432.7508726,0.0,16387.20375134375,0.0,4.000782165855408,37.5,1.000195541463852,0.0,1.000195541463852,0.0
2026-03-07T16:03:53+00:00,1772899433.7507954,0.0,0.0,0.0,0.0,37.5,3.000231760761854,2.000154507174569,3.000231760761854,2.000154507174569
2026-03-07T16:03:54+00:00,1772899434.751204,0.0,8188.6537112090555,0.0,1.9991830349631483,37.5,0.9995915174815742,0.0,0.9995915174815742,0.0
2026-03-07T16:03:55+00:00,1772899435.7507854,0.0,4097.715561992373,0.0,1.0004188383770443,37.5,1.0004188383770443,0.0,1.0004188383770443,0.0
2026-03-07T16:03:56+00:00,1772899436.7508426,0.0,45053.422022513056,0.0,2.9998283484450274,37.5,0.9999427828150093,0.0,0.9999427828150093,0.0
2026-03-07T16:03:57+00:00,1772899437.7508225,0.0,98305.96878942926,0.0,3.000060082685219,37.5,1.0000200275617397,0.0,1.0000200275617397,0.0
2026-03-07T16:03:58+00:00,1772899438.750818,647170.9316539053,4096.018554771552,32.00014495915275,1.0000045299735234,37.5,1.0000045299735234,0.0,1.0000045299735234,0.0
2026-03-07T16:03:59+00:00,1772899439.7512798,0.0,81882.18543215226,0.0,19.990767927771547,37.5,0.9995383963885773,0.0,0.9995383963885773,0.0
2026-03-07T16:04:00+00:00,1772899440.7507446,0.0,16392.774227652808,0.0,4.002142145423049,37.5,1.0005355363557622,0.0,1.0005355363557622,0.0
2026-03-07T16:04:01+00:00,1772899441.7511878,0.0,0.0,0.0,0.0,37.5,0.999556976218512,0.0,0.999556976218512,0.0
2026-03-07T16:04:02+00:00,1772899442.7508109,0.0,102438.61318765872,0.0,4.001508327642918,37.5,1.0003770819107296,0.0,1.0003770819107296,0.0
2026-03-07T16:04:03+00:00,1772899443.7507966,0.0,53248.76172964663,0.0,6.000085831916312,37.5,1.0000143053193853,0.0,1.0000143053193853,0.0
2026-03-07T16:04:04+00:00,1772899444.7509596,0.0,491439.85681961424,0.0,24.99592370705232,37.5,0.9998369482820928,0.0,0.9998369482820928,0.0
2026-03-07T16:04:05+00:00,1772899445.7507284,0.0,0.0,0.0,0.0,37.5,1.0002313195180732,0.0,1.0002313195180732,0.0
2026-03-07T16:04:06+00:00,1772899446.7510827,0.0,16378.19736831443,0.0,3.99858334187364,37.5,0.99964583546841,0.0,0.99964583546841,0.0
2026-03-07T16:04:07+00:00,1772899447.7510116,0.0,163851.64145211046,0.0,5.000355268924269,37.5,1.0000710537848538,0.0,1.0000710537848538,0.0
2026-03-07T16:04:08+00:00,1772899448.7506368,0.0,0.0,0.0,0.0,37.5,1.000374934529562,0.0,1.000374934529562,0.0
2026-03-07T16:04:09+00:00,1772899449.7509267,0.0,77801.44403935627,0.0,15.995362672565022,37.5,0.9997101670353139,0.0,0.9997101670353139,0.0
2026-03-07T16:04:10+00:00,1772899450.7509222,0.0,8192.037109543104,0.0,2.000009059947047,37.5,78.00035333793484,0.0,2.000009059947047,0.0
2026-03-07T16:04:11+00:00,1772899451.7508075,131087.03297397148,135183.50275440808,3.0003440774682195,8.000917539915251,37.5,1820.2087403307198,1860.213328030296,10.001146924894064,11.00126161738347
2026-03-07T16:04:12+00:00,1772899452.7508008,0.0,110592.73828617859,0.0,3.000020027294341,37.5,0.0,0.0,0.0,0.0
2026-03-07T16:04:13+00:00,1772899453.7507403,0.0,8192.496123794423,0.0,2.0001211239732477,37.5,0.0,0.0,0.0,0.0
2026-03-07T16:04:14+00:00,1772899454.7507362,0.0,4096.016601629788,0.0,1.0000040531322725,37.5,0.0,0.0,0.0,0.0
2026-03-07T16:04:15+00:00,1772899455.7507355,311296.22265640926,1167360.8349615347,3.0000021457687467,53.00003790858119,37.5,0.0,0.0,0.0,0.0
2026-03-07T16:04:16+00:00,1772899456.7506669,0.0,0.0,0.0,0.0,37.5,0.0,0.0,0.0,0.0
2026-03-07T16:04:17+00:00,1772899457.7509494,0.0,110560.76370787768,0.0,3.9988702151286777,37.5,0.0,141.95989263706804,0.0,0.9997175537821694
2026-03-07T16:04:18+00:00,1772899458.7513428,0.0,12283.167916521486,0.0,2.9988202921195035,37.5,0.0,0.0,0.0,0.0
2026-03-07T16:04:19+00:00,1772899459.7510965,0.0,69649.15363877031,0.0,4.0009853882565665,37.5,784.193136098287,912.2246685224972,12.0029561647697,12.0029561647697
2026-03-07T16:04:20+00:00,1772899460.7511175,16383.656257212011,126973.33599339308,0.9999790196052253,14.999685294078379,37.5,4101.913938420634,7677.8389125289195,7.999832156841802,12.999727254867928
2026-03-07T16:04:21+00:00,1772899461.751039,0.0,8192.642628532598,0.0,2.0001568917315913,37.5,0.0,0.0,0.0,0.0
2026-03-07T16:04:22+00:00,1772899462.7507353,0.0,81944.890372833,0.0,4.001215350235987,37.5,8715.647336651538,7978.423408370558,21.00638058873893,22.006684426297927
2026-03-07T16:04:23+00:00,1772899463.7508805,0.0,0.0,0.0,0.0,37.5,246.96414156860942,854.8758746605711,3.999419296657642,6.998983769150874
2026-03-07T16:04:24+00:00,1772899464.7507648,0.0,4096.473687586422,0.0,1.0001156463834038,37.5,0.0,0.0,0.0,0.0
2026-03-07T16:04:25+00:00,1772899465.7510393,0.0,16379.505139728588,0.0,2.999176966503037,37.5,0.0,0.0,0.0,0.0
2026-03-07T16:04:26+00:00,1772899466.751194,0.0,4095.3663089908277,0.0,0.9998452902809638,37.5,0.0,0.0,0.0,0.0
2026-03-07T16:04:27+00:00,1772899467.7510328,0.0,106513.16682929435,0.0,3.0004835908192145,37.5,0.0,0.0,0.0,0.0
2026-03-07T16:04:28+00:00,1772899468.7509992,0.0,1077284.2150846308,0.0,156.00524443136808,37.5,0.0,0.0,0.0,0.0
2026-03-07T16:04:29+00:00,1772899469.7512033,12285.492699205752,986934.5801695287,0.9997959553390097,182.96265982703878,37.5,0.0,0.0,0.0,0.0
2026-03-07T16:04:30+00:00,1772899470.7510428,0.0,1093807.5076533915,0.0,130.020862589007,37.5,228.0365897714892,112.0179739228368,4.0006419258156,2.0003209629078
2026-03-07T16:04:31+00:00,1772899471.750753,0.0,0.0,0.0,0.0,37.5,0.0,0.0,0.0,0.0
2026-03-07T16:04:32+00:00,1772899472.7510822,0.0,470884.9582749897,0.0,74.97531392370972,37.5,0.0,0.0,0.0,0.0
2026-03-07T16:04:33+00:00,1772899473.7508674,0.0,8193.760143730522,0.0,1.0002148612952297,37.5,0.0,0.0,0.0,0.0
2026-03-07T16:04:34+00:00,1772899474.750842,0.0,8192.207036482303,0.0,2.0000505460161873,37.5,3010.0760717543617,1290.0326021804408,15.000379095121403,15.000379095121403
2026-03-07T16:04:35+00:00,1772899475.7508528,0.0,204797.80275794884,0.0,35.9996137660457,37.5,4874.947697485355,76105.18347996316,36.999603037324746,67.9992704469752
2026-03-07T16:04:36+00:00,1772899476.7511814,0.0,102366.36847120445,0.0,4.998357835508029,37.5,277.90869565424646,53.98226462348672,1.9993431342032117,0.9996715671016059
2026-03-07T16:04:37+00:00,1772899477.7508101,0.0,53267.77394200031,0.0,6.002228133488617,37.5,54.02005320139756,341.12663225326975,1.0003713555814362,2.0007427111628724
2026-03-07T16:04:38+00:00,1772899478.7507544,0.0,0.0,0.0,0.0,37.5,0.0,0.0,0.0,0.0
2026-03-07T16:04:39+00:00,1772899479.751141,0.0,12283.249883815874,0.0,2.9988403036659848,37.5,0.0,0.0,0.0,0.0
2026-03-07T16:04:40+00:00,1772899480.7509341,0.0,4096.8478317065055,0.0,1.000206990162721,37.5,0.0,0.0,0.0,0.0
2026-03-07T16:04:41+00:00,1772899481.7507522,0.0,8193.49050551789,0.0,2.0003638929487035,37.5,0.0,0.0,0.0,0.0
2026-03-07T16:04:42+00:00,1772899482.7507327,0.0,139266.72270947986,0.0,3.0000586521171266,37.5,0.0,0.0,0.0,0.0
2026-03-07T16:04:43+00:00,1772899483.750797,0.0,8191.472690194522,0.0,1.999871262254522,37.5,0.0,0.0,0.0,0.0
2026-03-07T16:04:44+00:00,1772899484.7508917,0.0,4095.612341380232,0.0,0.9999053567822832,37.5,0.0,0.0,0.0,0.0
2026-03-07T16:04:45+00:00,1772899485.7512996,0.0,77792.26587512199,0.0,3.9983689286144117,37.5,54.977572768448155,65.97308732213779,0.9995922321536029,0.9995922321536029
2026-03-07T16:04:46+00:00,1772899486.7507389,0.0,0.0,0.0,0.0,37.5,0.0,0.0,0.0,0.0
2026-03-07T16:04:47+00:00,1772899487.7507315,0.0,8192.060547322504,0.0,2.0000147820611582,37.5,0.0,0.0,0.0,0.0
2026-03-07T16:04:48+00:00,1772899488.750962,0.0,180182.45879610637,0.0,40.99054959739192,37.5,0.0,0.0,0.0,0.0
2026-03-07T16:04:49+00:00,1772899489.7507334,0.0,12290.81021284917,0.0,3.0006860871213794,37.5,0.0,0.0,0.0,0.0
2026-03-07T16:04:50+00:00,1772899490.7511,12283.495792262911,0.0,0.9996334466359792,0.0,37.5,0.0,0.0,0.0,0.0
2026-03-07T16:04:51+00:00,1772899491.7510314,0.0,8192.562538626462,0.0,2.000137338531851,37.5,0.0,0.0,0.0,0.0
2026-03-07T16:04:52+00:00,1772899492.7507443,0.0,110623.75520927238,0.0,5.0014356919701415,37.5,0.0,0.0,0.0,0.0
2026-03-07T16:04:53+00:00,1772899493.7507665,0.0,0.0,0.0,0.0,37.5,0.0,0.0,0.0,0.0
2026-03-07T16:04:54+00:00,1772899494.750843,0.0,65530.984758828265,0.0,1.9998469469857258,37.5,0.0,0.0,0.0,0.0
2026-03-07T16:04:55+00:00,1772899495.7510185,0.0,4095.281376101301,0.0,0.9998245547122316,37.5,0.0,0.0,0.0,0.0
2026-03-07T16:04:56+00:00,1772899496.7512147,0.0,69618.33959448665,0.0,1.9996076400070844,37.5,0.0,0.0,0.0,0.0
2026-03-07T16:04:57+00:00,1772899497.750798,0.0,12293.123228884719,0.0,2.0008338588679555,37.5,0.0,0.0,0.0,0.0
2026-03-07T16:04:58+00:00,1772899498.7509716,0.0,290765.53219713224,0.0,19.99652922790577,37.5,0.0,0.0,0.0,0.0
2026-03-07T16:04:59+00:00,1772899499.7513657,0.0,241568.79630939974,0.0,12.99487864151134,37.5,0.0,0.0,0.0,0.0
2026-03-07T16:05:00+00:00,1772899500.750735,0.0,4098.584637729357,0.0,1.000631015070644,37.5,0.0,0.0,0.0,0.0
2026-03-07T16:05:01+00:00,1772899501.750747,0.0,0.0,0.0,0.0,37.5,0.0,0.0,0.0,0.0
2026-03-07T16:05:02+00:00,1772899502.7512321,0.0,102350.34147622487,0.0,3.998060213915034,37.5,0.0,0.0,0.0,0.0
2026-03-07T16:05:03+00:00,1772899503.7508554,0.0,225364.89526141,0.0,22.008290552872072,37.5,2897.0913382326144,111.04182960767272,5.001884216561835,1.0003768433123668
2026-03-07T16:05:04+00:00,1772899504.750798,0.0,28673.647555604195,0.0,7.00040223525493,37.5,4563.2621999240355,6391.367240787752,9.000517159613482,15.000861932689137
2026-03-07T16:05:05+00:00,1772899505.7510803,0.0,32758.752610423388,0.0,0.9997177920661434,37.5,481.86397577588116,65.98137427636547,5.998306752396861,0.9997177920661434
2026-03-07T16:05:06+00:00,1772899506.7507424,0.0,4097.384256718581,0.0,1.0003379533004348,37.5,427.14430605928567,0.0,5.001689766502174,0.0
2026-03-07T16:05:07+00:00,1772899507.7510343,0.0,98275.32086926843,0.0,3.9988330431831227,37.5,426.8754273597983,0.0,4.998541303978903,0.0
2026-03-07T16:05:08+00:00,1772899508.7509518,0.0,0.0,0.0,0.0,37.5,482.03976482358667,66.00544497584382,6.000494997803984,1.0000824996339972
2026-03-07T16:05:09+00:00,1772899509.7507749,0.0,49160.696851030225,0.0,3.0005308136615128,37.5,0.0,0.0,0.0,0.0
2026-03-07T16:05:10+00:00,1772899510.7508,0.0,4095.8974635043937,0.0,0.9999749666758774,37.5,0.0,0.0,0.0,0.0
2026-03-07T16:05:11+00:00,1772899511.7508814,0.0,4095.666042855583,0.0,0.9999184674940388,37.5,0.0,0.0,0.0,0.0
2026-03-07T16:05:12+00:00,1772899512.7511003,0.0,94187.38537126283,0.0,2.9993435389116474,37.5,0.0,0.0,0.0,0.0
2026-03-07T16:05:13+00:00,1772899513.750973,0.0,81930.43101553018,0.0,14.001782644255647,37.5,0.0,0.0,0.0,0.0
2026-03-07T16:05:14+00:00,1772899514.7507098,0.0,65553.25454163885,0.0,8.002106267289898,37.5,0.0,0.0,0.0,0.0
2026-03-07T16:05:15+00:00,1772899515.7507818,0.0,4095.705099358557,0.0,0.9999280027730852,37.5,0.0,0.0,0.0,0.0
2026-03-07T16:05:16+00:00,1772899516.7511187,0.0,0.0,0.0,0.0,37.5,0.0,0.0,0.0,0.0
2026-03-07T16:05:17+00:00,1772899517.7508428,0.0,8194.260389154017,0.0,2.000551852820805,37.5,0.0,0.0,0.0,0.0
2026-03-07T16:05:18+00:00,1772899518.7507355,0.0,4096.439500278264,0.0,1.000107299872623,37.5,0.0,0.0,0.0,0.0
2026-03-07T16:05:19+00:00,1772899519.7507467,0.0,4095.954102076817,0.0,0.9999887944523479,37.5,0.0,141.9984088122334,0.0,0.9999887944523479
2026-03-07T16:05:20+00:00,1772899520.7508194,0.0,0.0,0.0,0.0,37.5,54.99600081914667,65.995200982976,0.9999272876208486,0.9999272876208486
2026-03-07T16:05:21+00:00,1772899521.750724,0.0,28674.734635795194,0.0,6.000572259164731,37.5,0.0,0.0,0.0,0.0
2026-03-07T16:05:22+00:00,1772899522.7507997,0.0,102392.26132706626,0.0,3.999697708088526,37.5,0.0,0.0,0.0,0.0
2026-03-07T16:05:23+00:00,1772899523.7513027,0.0,0.0,0.0,0.0,37.5,0.0,0.0,0.0,0.0
2026-03-07T16:05:24+00:00,1772899524.7511086,0.0,8193.590152355198,0.0,2.0003882207898434,37.5,0.0,0.0,0.0,0.0
2026-03-07T16:05:25+00:00,1772899525.7511857,0.0,4095.684594601618,0.0,0.9999229967289106,37.5,53.99584182336117,0.0,0.9999229967289106,0.0
2026-03-07T16:05:26+00:00,1772899526.7512977,0.0,4095.5410670515266,0.0,0.9998879558231266,37.5,53.99394961444884,341.9616808915093,0.9998879558231266,4.999439779115633
2026-03-07T16:05:27+00:00,1772899527.75082,0.0,8195.915933497126,0.0,2.000956038451447,37.5,0.0,0.0,0.0,0.0
2026-03-07T16:05:28+00:00,1772899528.7509773,0.0,249816.68977945938,0.0,20.996696038392702,37.5,0.0,77.98772814260147,0.0,0.9998426684948906
2026-03-07T16:05:29+00:00,1772899529.7508345,0.0,348209.72878159053,0.0,14.001999663781787,37.5,0.0,0.0,0.0,0.0
2026-03-07T16:05:30+00:00,1772899530.7509458,0.0,4095.5439960846493,0.0,0.9998886709191038,37.5,227.97461696955565,111.98753114293963,3.9995546836764153,1.9997773418382077
2026-03-07T16:05:31+00:00,1772899531.750888,0.0,0.0,0.0,0.0,37.5,0.0,0.0,0.0,0.0
2026-03-07T16:05:32+00:00,1772899532.7507992,16385.457160835504,208914.57880065267,1.0000889380392763,9.000800442353487,37.5,0.0,0.0,0.0,0.0
2026-03-07T16:05:33+00:00,1772899533.75083,0.0,4095.8740273119156,0.0,0.9999692449491981,37.5,0.0,0.0,0.0,0.0
2026-03-07T16:05:34+00:00,1772899534.7511556,0.0,24567.998699611744,0.0,5.9980465575223985,37.5,0.0,0.0,0.0,0.0
2026-03-07T16:05:35+00:00,1772899535.751088,0.0,12288.83208759138,0.0,2.000135430923076,37.5,0.0,0.0,0.0,0.0
2026-03-07T16:05:36+00:00,1772899536.7509835,0.0,4096.427779046827,0.0,1.0001044382438542,37.5,0.0,220.02297641364794,0.0,2.0002088764877084
2026-03-07T16:05:37+00:00,1772899537.7507749,0.0,180261.60550136893,0.0,16.0033385565846,37.5,0.0,0.0,0.0,0.0
2026-03-07T16:05:38+00:00,1772899538.750784,0.0,0.0,0.0,0.0,37.5,0.0,0.0,0.0,0.0
2026-03-07T16:05:39+00:00,1772899539.7506986,0.0,4096.349639218054,0.0,1.0000853611372202,37.5,0.0,0.0,0.0,0.0
2026-03-07T16:05:40+00:00,1772899540.750796,0.0,172015.2262450375,0.0,8.9991224667814,37.5,0.0,0.0,0.0,0.0
2026-03-07T16:05:41+00:00,1772899541.7507517,0.0,20480.90824340183,0.0,2.00008869564471,37.5,0.0,0.0,0.0,0.0
2026-03-07T16:05:42+00:00,1772899542.7508466,0.0,98294.67276006735,0.0,2.9997153552266647,37.5,0.0,0.0,0.0,0.0
2026-03-07T16:05:43+00:00,1772899543.7507887,0.0,4096.237318436713,0.0,1.0000579390714632,37.5,0.0,0.0,0.0,0.0
2026-03-07T16:05:44+00:00,1772899544.7512069,0.0,4094.2878253827757,0.0,0.9995819886188417,37.5,0.0,0.0,0.0,0.0
2026-03-07T16:05:45+00:00,1772899545.7510235,0.0,4096.751114274711,0.0,1.0001833775084743,37.5,0.0,0.0,0.0,0.0
2026-03-07T16:05:46+00:00,1772899546.7508183,0.0,0.0,0.0,0.0,37.5,0.0,0.0,0.0,0.0
2026-03-07T16:05:47+00:00,1772899547.7507145,0.0,16385.699394997795,0.0,3.0003111685176624,37.5,0.0,0.0,0.0,0.0
2026-03-07T16:05:48+00:00,1772899548.7507744,0.0,4095.7548974801857,0.0,0.9999401605176235,37.5,0.0,0.0,0.0,0.0
2026-03-07T16:05:49+00:00,1772899549.750973,0.0,12285.560054892128,0.0,2.9994043102763985,37.5,0.0,0.0,0.0,0.0
2026-03-07T16:05:50+00:00,1772899550.75079,0.0,0.0,0.0,0.0,37.5,97.01774134817458,108.01975325363767,2.0003658009932903,2.0003658009932903
2026-03-07T16:05:51+00:00,1772899551.7512896,0.0,4093.955122951845,0.0,0.9995007624394153,37.5,0.0,0.0,0.0,0.0
2026-03-07T16:05:52+00:00,1772899552.750834,0.0,102446.6765401049,0.0,5.002279127934809,37.5,0.0,0.0,0.0,0.0
2026-03-07T16:05:53+00:00,1772899553.7510774,0.0,0.0,0.0,0.0,37.5,55.986371496844704,65.98393783556698,1.9995132677444536,0.9997566338722268
2026-03-07T16:05:54+00:00,1772899554.750826,0.0,45067.3358591393,0.0,11.00276754373518,37.5,1.0002515948850164,0.0,1.0002515948850164,0.0
2026-03-07T16:05:55+00:00,1772899555.7507668,4096.242201820863,20481.211009104314,1.0000591313039215,5.000295656519608,37.5,1.0000591313039215,0.0,1.0000591313039215,0.0
2026-03-07T16:05:56+00:00,1772899556.7508194,0.0,20478.920955292913,0.0,4.999736561350809,37.5,0.9999473122701616,0.0,0.9999473122701616,0.0
2026-03-07T16:05:57+00:00,1772899557.7507882,0.0,98307.07040839756,0.0,3.000093701428148,37.5,0.0,0.0,0.0,0.0
2026-03-07T16:05:58+00:00,1772899558.7512488,0.0,151482.22354700736,0.0,13.99355422335636,37.5,0.0,0.0,0.0,0.0
2026-03-07T16:05:59+00:00,1772899559.7512076,0.0,385039.8815144305,0.0,18.000742466079387,37.5,0.0,0.0,0.0,0.0
2026-03-07T16:06:00+00:00,1772899560.750808,0.0,65562.19796843412,0.0,5.001998746371012,37.5,0.0,0.0,0.0,0.0
2026-03-07T16:06:01+00:00,1772899561.7511582,0.0,0.0,0.0,0.0,37.5,0.9996498857302337,0.0,0.9996498857302337,0.0
2026-03-07T16:06:02+00:00,1772899562.7508085,0.0,225358.82151392958,0.0,23.008047295900127,37.5,1.0003498824304402,0.0,1.0003498824304402,0.0
2026-03-07T16:06:03+00:00,1772899563.7507355,173551989.67374614,4096.298849927921,335.0244420717416,1.0000729614081838,37.5,37432779.949083425,0.0,152.01109013404394,0.0
2026-03-07T16:06:04+00:00,1772899564.7581067,189444401.84807563,4066.0285424123376,361.3365208589089,0.9926827496123871,37.5,42417035.09342967,0.0,66.50974422402994,0.0
2026-03-07T16:06:05+00:00,1772899565.750784,193304939.13474476,0.0,368.69991137455895,0.0,37.5,30731864.93912417,652.7801709582355,59.435231615024534,9.066391263308827
2026-03-07T16:06:06+00:00,1772899566.7510805,193404909.51329553,151507.06410890783,370.889996729867,2.999110485686256,37.5,32952581.50447093,170.9492976841166,46.986064275751346,1.999406990457504
2026-03-07T16:06:07+00:00,1772899567.7508886,188255523.30957228,102419.65709303854,364.06987482291044,5.000959818996022,37.5,44888385.29115662,0.0,72.01382139354271,0.0
2026-03-07T16:06:08+00:00,1772899568.7509735,193445852.89360473,0.0,368.96868303986497,0.0,37.5,46459236.67871055,0.0,67.99422885287484,0.0
2026-03-07T16:06:09+00:00,1772899569.7508056,189824117.34782144,12290.062846241892,362.0607706982068,2.00033574971385,37.5,42012011.576650135,0.0,40.00671499427699,0.0
2026-03-07T16:06:10+00:00,1772899570.7509503,188716368.95245692,61431.10968504457,361.9476189125347,14.997829512950334,37.5,42107599.184981994,0.0,78.9885687682051,0.0
2026-03-07T16:06:11+00:00,1772899571.750864,192430304.1834112,4096.353546138693,371.0320228558239,1.0000863149752668,37.5,41393849.60073554,0.0,82.00707782797187,0.0
2026-03-07T16:06:12+00:00,1772899572.7510571,193949104.73332548,94189.81015343087,369.92855974831673,2.999420754716082,37.5,44110948.33560375,0.0,87.98300880500506,0.0
2026-03-07T16:06:13+00:00,1772899573.7506871,194582848.6420833,8195.032372055395,373.138070651448,1.0003701626044184,37.5,43510561.02296153,0.0,69.02554121970486,0.0
2026-03-07T16:06:14+00:00,1772899574.7511559,195467802.1959731,8188.161955260267,372.8252452773535,1.9990629773584636,37.5,43475596.643304646,0.0,31.985007637735418,0.0
2026-03-07T16:06:15+00:00,1772899575.750681,194078733.77607393,86056.87097334358,370.1758075257758,2.0009503109501394,37.5,43515127.63127935,0.0,64.03040995040446,0.0
2026-03-07T16:06:16+00:00,1772899576.7506335,193995764.18669537,0.0,374.0177453831032,0.0,37.5,42426350.93083078,0.0,29.001375978903724,0.0
2026-03-07T16:06:17+00:00,1772899577.754418,187509776.6063441,97933.37914676746,358.64274589880665,3.984919398875629,37.5,44396566.82864592,0.0,63.758710382010065,0.0
2026-03-07T16:06:18+00:00,1772899578.7506363,192617803.21809632,4111.548053664966,367.38930362338317,1.0037959115392983,37.5,43708193.0269318,0.0,72.27330563082947,0.0
2026-03-07T16:06:19+00:00,1772899579.7510116,193389698.48472428,4094.4634672409447,368.86157700486046,0.9996248699318713,37.5,41523065.60414578,0.0,90.96586316380028,0.0
2026-03-07T16:06:20+00:00,1772899580.7511442,192388192.88071212,0.0,369.9509590308139,0.0,37.5,45445761.676657625,0.0,98.98687822716371,0.0
2026-03-07T16:06:21+00:00,1772899581.7509656,196118734.00407243,4096.731575954053,375.0669777789966,1.0001786074106576,37.5,43502228.43287855,0.0,97.01732491883378,0.0
2026-03-07T16:06:22+00:00,1772899582.750835,191914482.27603894,98316.84542829863,366.04782538612164,4.0005226818155375,37.5,43500143.44082965,0.0,47.006141511332565,0.0
2026-03-07T16:06:23+00:00,1772899583.7510445,187655776.9917584,0.0,357.9249896845978,0.0,37.5,43486860.46165233,0.0,92.98051408007709,0.0
2026-03-07T16:06:24+00:00,1772899584.7507837,192988321.12942973,4097.0686381077985,375.09783674082627,1.0002608979755367,37.5,43505807.61656106,0.0,79.0206109400674,0.0
2026-03-07T16:06:25+00:00,1772899585.7508838,191345959.4186602,4095.5898848172133,364.9634540913776,0.9998998742229525,37.5,43490105.083395235,0.0,69.99299119560668,0.0
2026-03-07T16:06:26+00:00,1772899586.750751,192443348.3128019,12289.632052672705,368.0488765774378,2.0002656335730316,37.5,41925743.70306649,54.00717210647185,65.00863309112353,1.0001328167865158
2026-03-07T16:06:27+00:00,1772899587.750918,193954190.40225944,8190.633040635957,371.9379261616914,1.9996662696865128,37.5,36363783.13894528,0.0,35.99399285435723,0.0
2026-03-07T16:06:28+00:00,1772899588.751192,194981675.65782964,356254.32170344377,371.8980324894517,29.991776813665457,37.5,36195177.95666643,0.0,79.97807150310788,0.0
2026-03-07T16:06:29+00:00,1772899589.7508867,198241409.7415292,176181.80842604488,382.11670386735295,7.0021385525431175,37.5,36255538.95641975,0.0,34.01038725520943,0.0
2026-03-07T16:06:30+00:00,1772899590.7508626,196612734.4890078,135171.25496119287,375.0090303211361,2.000048161712726,37.5,49336336.03261263,112.00269705591265,86.00207095364722,2.000048161712726
2026-03-07T16:06:31+00:00,1772899591.7510374,192904271.89155567,0.0,369.9353497954845,0.0,37.5,43486914.1912827,53.99056456474639,30.994583361243297,0.9998252697175257
2026-03-07T16:06:32+00:00,1772899592.7510445,193460888.2598973,102399.26758336365,368.99736072520693,3.999971389975143,37.5,42511845.93158294,0.0,57.99958515463957,0.0
2026-03-07T16:06:33+00:00,1772899593.7509985,192946862.40853807,4096.188485235608,372.01711828799955,1.0000460169032246,37.5,44478816.68322083,0.0,87.00400347058054,0.0
2026-03-07T16:06:34+00:00,1772899594.7510443,193453416.40537694,90107.87518881887,369.9830635194312,2.999862677184577,37.5,40707112.57626756,0.0,47.997802834953234,0.0
2026-03-07T16:06:35+00:00,1772899595.751146,193442578.62987828,8191.166100519914,368.9624378774229,1.9997964112597446,37.5,43564252.95284775,0.0,48.99501207586374,0.0
2026-03-07T16:06:36+00:00,1772899596.751065,196099608.28858998,69637.64498884587,374.0303197643089,2.000162137777053,37.5,43597918.148256876,0.0,47.003810237760746,0.0
2026-03-07T16:06:37+00:00,1772899597.7509003,191396652.06982142,20483.374579390136,368.0606369734165,5.00082387192142,37.5,43624280.97980811,0.0,30.004943231528518,0.0
2026-03-07T16:06:38+00:00,1772899598.751012,188722577.35966167,0.0,360.95963810199027,0.0,37.5,43630383.32411504,0.0,29.99664582565016,0.0
2026-03-07T16:06:39+00:00,1772899599.7505934,193018793.83208874,69661.16455387035,368.15413252275226,2.0008376767540885,37.5,43691403.97535055,0.0,30.01256515131133,0.0
2026-03-07T16:06:40+00:00,1772899600.7510006,192859447.98135373,4094.3327102019725,367.8502044322085,0.9995929468266535,37.5,43084513.17051333,0.0,40.98331081989279,0.0
2026-03-07T16:06:41+00:00,1772899601.7508285,190873688.65588605,4096.705199516786,366.06301343338464,1.0001721678507778,37.5,41887746.481872536,0.0,62.010674406748215,0.0
2026-03-07T16:06:42+00:00,1772899602.7510445,196041365.6471185,126948.57818893452,378.91815093880876,6.998488275914674,37.5,43485066.91103425,0.0,30.993305221907843,0.0
2026-03-07T16:06:43+00:00,1772899603.7511795,191863516.99385965,53240.81542264719,365.95061682483606,10.99851580621092,37.5,43488591.43569169,0.0,29.995952198757053,0.0
2026-03-07T16:06:44+00:00,1772899604.7509618,189325563.66220275,53259.593343907116,362.0788159272532,5.00108861777974,37.5,43505444.0981287,0.0,31.006749430234386,0.0
2026-03-07T16:06:45+00:00,1772899605.7507365,190883839.18975887,135198.4609645871,366.0824804172502,2.0004507126625697,37.5,39153835.57674313,0.0,27.006084620944687,0.0
2026-03-07T16:06:46+00:00,1772899606.7507923,195024255.60701656,0.0,375.9790241499779,0.0,37.5,41068530.788822986,0.0,27.998437968615377,0.0
2026-03-07T16:06:47+00:00,1772899607.7508323,195551591.31373292,118779.24237806331,372.98506033655724,3.9998397891319812,37.5,42968894.91007783,0.0,40.99835783860281,0.0
2026-03-07T16:06:48+00:00,1772899608.7508013,193468268.435856,4096.12695705996,371.01149928448365,1.0000309953759667,37.5,44912956.05081143,0.0,41.00127081041464,0.0
2026-03-07T16:06:49+00:00,1772899609.7509289,191766643.40910724,941959.8493100689,366.95319367441755,11.998469547937358,37.5,44917946.53895036,141.98188965059208,45.994133267093204,0.9998724623281132
2026-03-07T16:06:50+00:00,1772899610.7510989,191856793.79416865,0.0,369.9371134848798,0.0,37.5,39266752.948584475,0.0,36.99371134848798,0.0
2026-03-07T16:06:51+00:00,1772899611.7509754,192961814.9431411,4096.505921856766,369.0455774328972,1.000123516078312,37.5,43499832.2651275,0.0,37.004570094897545,0.0
2026-03-07T16:06:52+00:00,1772899612.750739,193507992.67755306,28678.77601505063,369.0872052718221,5.0011816432496214,37.5,43504738.987010986,0.0,37.0087441600472,0.0
2026-03-07T16:06:53+00:00,1772899613.759868,195868529.6089428,0.0,373.58957216061174,0.0,37.5,43100999.211556606,0.0,34.683382030826024,0.0
2026-03-07T16:06:54+00:00,1772899614.7507763,193120901.01116627,4133.58092917736,368.34888651116614,1.0091750315374415,37.5,43895050.93320174,0.0,51.46792660840952,0.0
2026-03-07T16:06:55+00:00,1772899615.7509873,191324750.39300495,4095.135924507811,368.922157261568,0.9997890440692898,37.5,43485284.58570997,0.0,48.9896631593952,0.0
2026-03-07T16:06:56+00:00,1772899616.750569,191969687.07159892,4097.713607231875,366.15312017745765,1.0004183611405946,37.5,43512656.391895145,0.0,33.01380591763962,0.0
2026-03-07T16:06:57+00:00,1772899617.7506783,192392687.54403326,102388.81958022887,366.95992955023434,2.9996724486395174,37.5,43491224.94484693,0.0,30.996615302608348,0.0
2026-03-07T16:06:58+00:00,1772899618.751018,194444786.0693081,393082.4516225905,370.87399686681385,32.98879217413708,37.5,43479687.929282375,0.0,29.989811067397348,0.0
2026-03-07T16:06:59+00:00,1772899619.7509048,189813752.18441764,458803.9590092967,369.0417935495224,36.0040774194656,37.5,43500900.425862856,0.0,31.00351111120649,0.0
2026-03-07T16:07:00+00:00,1772899620.7509112,195558165.1331037,8191.947265964465,372.99759890194645,1.9999871254796058,37.5,44200937.46523295,0.0,80.99947858192402,0.0
2026-03-07T16:07:01+00:00,1772899621.7517283,189637310.84955755,0.0,361.70446557914266,0.0,37.5,43458951.40871104,0.0,45.962445902321996,0.0
2026-03-07T16:07:02+00:00,1772899622.7511835,193567725.0744064,102455.81654090785,371.2022259441095,4.002180333629213,37.5,43518210.13134912,0.0,41.02234841969943,0.0
2026-03-07T16:07:03+00:00,1772899623.7509966,192449668.72402754,4096.765768137508,367.0686125259925,1.0001869551116962,37.5,43502591.511627465,0.0,61.01140426181347,0.0
2026-03-07T16:07:04+00:00,1772899624.7510715,196069033.59887552,102392.3345582363,377.97170374036443,4.999625710851381,37.5,43492717.98578464,0.0,76.99423594711128,0.0
2026-03-07T16:07:05+00:00,1772899625.751034,193993821.52181122,0.0,372.013925119935,0.0,37.5,42424839.034565076,0.0,47.00175935655093,0.0
2026-03-07T16:07:06+00:00,1772899626.7507002,195100257.7367247,4097.367644000435,372.12420985550824,1.0003338974610436,37.5,44581403.64887725,0.0,49.01636097559114,0.0
2026-03-07T16:07:07+00:00,1772899627.7510428,191823687.76624486,16378.388641243584,365.874648601999,2.998972529524582,37.5,43479990.42925862,0.0,46.98390296255179,0.0
2026-03-07T16:07:08+00:00,1772899628.750993,193471912.60538638,0.0,373.01858732336774,0.0,37.5,41868185.2700275,0.0,87.0043353810536,0.0
2026-03-07T16:07:09+00:00,1772899629.7506623,192477345.67309204,61460.32410372063,368.12173291291003,2.0006615919179893,37.5,43534594.305633046,0.0,70.02315571712963,0.0
2026-03-07T16:07:10+00:00,1772899630.7509491,192358524.19924077,12284.476596511458,366.8947681412521,1.99942652938012,37.5,37783688.97487336,0.0,58.983082616713546,0.0
2026-03-07T16:07:11+00:00,1772899631.7510602,192392320.62486953,4095.5449724299547,366.95922970746904,0.9998889092846569,37.5,46442838.05867592,0.0,67.99244583135666,0.0
2026-03-07T16:07:12+00:00,1772899632.7508497,197173797.73877987,94227.83718400799,379.07980524731477,3.0006317038046024,37.5,37748244.89661115,0.0,57.01200237228745,0.0
2026-03-07T16:07:13+00:00,1772899633.7507443,197677407.44523877,73735.77035009736,378.039838220714,3.0003161763548727,37.5,40554003.62194083,0.0,76.00800980099011,0.0
2026-03-07T16:07:14+00:00,1772899634.751018,192361045.9105679,4094.879213014474,366.89957792390425,0.9997263703648618,37.5,17393609.2903649,614.83171777439,40.98878118495933,5.998358222189171
2026-03-07T16:07:15+00:00,1772899635.7507126,198241409.7415292,20486.25679372615,378.11548183732833,4.001222030024638,37.5,0.0,0.0,0.0,0.0
2026-03-07T16:07:16+00:00,1772899636.7506857,193991786.39080575,0.0,377.01015714353497,0.0,37.5,55.00148181139104,66.00177817366925,1.0000269420252916,1.0000269420252916
2026-03-07T16:07:17+00:00,1772899637.7509294,197608425.98241568,16380.008785014561,376.90816112979064,3.9990255822789456,37.5,0.0,0.0,0.0,0.0
2026-03-07T16:07:18+00:00,1772899638.75077,197688060.51433745,4096.65244766117,377.0600519453763,1.000159288979778,37.5,0.0,0.0,0.0,0.0
2026-03-07T16:07:19+00:00,1772899639.7511725,196004829.74620733,4094.3522256477136,375.84873946375495,0.9995977113397738,37.5,0.0,0.0,0.0,0.0
2026-03-07T16:07:20+00:00,1772899640.7508225,197201308.1569496,0.0,376.13164550199434,0.0,37.5,0.0,0.0,0.0,0.0
2026-03-07T16:07:21+00:00,1772899641.751006,197096151.6253834,4095.249161099223,379.9303420941662,0.99981668972149,37.5,0.0,0.0,0.0,0.0
2026-03-07T16:07:22+00:00,1772899642.7509258,198721071.27527153,102408.20378219386,379.0303636079245,4.000320460241947,37.5,0.0,0.0,0.0,0.0
2026-03-07T16:07:23+00:00,1772899643.750706,197175631.52785793,0.0,378.0831109591256,0.0,37.5,0.0,0.0,0.0,0.0
2026-03-07T16:07:24+00:00,1772899644.7506433,196096008.02101076,16385.02740817269,374.0234527988639,3.0001881240550583,37.5,0.0,0.0,0.0,0.0
2026-03-07T16:07:25+00:00,1772899645.7509072,197604422.3898693,4094.9192305592946,380.89946944411406,0.9997361402732653,37.5,0.0,0.0,0.0,0.0
2026-03-07T16:07:26+00:00,1772899646.7508292,198196315.9546788,4096.319360835789,379.029550233585,1.00007796895405,37.5,0.0,0.0,0.0,0.0
2026-03-07T16:07:27+00:00,1772899647.750752,198720502.68580395,0.0,379.0292791095809,0.0,37.5,0.0,0.0,0.0,0.0
2026-03-07T16:07:28+00:00,1772899648.750783,198698993.44088092,401395.5589793522,378.98825348068414,27.99913218326954,37.5,0.0,0.0,0.0,0.0
2026-03-07T16:07:29+00:00,1772899649.7509918,196566946.0743043,143330.0648458469,377.9210694177604,11.997494267230488,37.5,19163689.57383664,0.0,71.98496560338293,0.0
2026-03-07T16:07:30+00:00,1772899650.7512114,191323108.60001072,4095.1007833906406,365.9196500783629,0.9997804646949806,37.5,42165059.248233885,0.0,45.989901375969104,0.0
2026-03-07T16:07:31+00:00,1772899651.7508533,193531576.56829205,0.0,369.1321879735795,0.0,37.5,43552610.394732684,112.04012209496179,135.04836145374858,2.0007164659814607
2026-03-07T16:07:32+00:00,1772899652.7510004,195006449.7198741,24572.38529736317,371.9452852628214,4.999264586865879,37.5,43513796.93495825,0.0,129.98087925851286,0.0
2026-03-07T16:07:33+00:00,1772899653.7511237,192414554.51917687,319448.6239942062,370.95427528373676,8.998890775077173,37.5,43502913.7262124,262.9675859828107,63.99211217832656,1.999753505572705
2026-03-07T16:07:34+00:00,1772899654.7507424,194060541.9542372,12292.68635689847,375.1430162627707,3.0011441301021655,37.5,42081348.72761714,4678.783698829276,48.01830608163465,11.00419514370794
2026-03-07T16:07:35+00:00,1772899655.7506802,193474311.37417713,0.0,369.02296328387666,0.0,37.5,43522906.31073453,0.0,55.003422711688934,0.0
2026-03-07T16:07:36+00:00,1772899656.7510674,195483734.3064266,4094.414676324284,374.85485928261875,0.9996129580869834,37.5,43498813.61725558,0.0,72.97174594034979,0.0
2026-03-07T16:07:37+00:00,1772899657.751062,197133369.00592783,49152.269532728016,376.0020618551785,4.000021934629559,37.5,36318851.15904442,0.0,46.000252248239924,0.0
2026-03-07T16:07:38+00:00,1772899658.7511356,199214763.58123145,8191.39652883353,383.9717122890717,1.9998526681722486,37.5,36131006.1803251,0.0,24.99815835215311,0.0
2026-03-07T16:07:39+00:00,1772899659.7506511,190933332.81355026,0.0,364.17643130025914,0.0,37.5,42243441.53449585,0.0,69.03344439482935,0.0
2026-03-07T16:07:40+00:00,1772899660.750656,194509920.50442263,4095.980468843132,372.9982214058809,0.9999952316511552,37.5,39222040.974734426,0.0,45.99978065595314,0.0
2026-03-07T16:07:41+00:00,1772899661.750779,197632262.4911448,86005.41927043353,376.95362566212617,1.9997539822924464,37.5,27287588.972014055,0.0,26.996678760948026,0.0
2026-03-07T16:07:42+00:00,1772899662.7511113,198115019.3838203,0.0,381.8730823810484,0.0,37.5,34784007.3438727,0.0,73.97541386439157,0.0
2026-03-07T16:07:43+00:00,1772899663.7510371,191379310.42719433,180237.36427218645,366.0271402455846,8.000593229411685,37.5,47847453.80152614,0.0,59.00437506691117,0.0
2026-03-07T16:07:44+00:00,1772899664.7507334,191947711.20932403,8194.489037283302,366.1112045465928,2.0006076751179935,37.5,42996063.851013705,0.0,50.01519187794984,0.0
2026-03-07T16:07:45+00:00,1772899665.750868,193436214.8850627,12286.344949508555,368.9502999974493,2.999595934938612,37.5,44015126.876435,0.0,116.98424146260587,0.0
2026-03-07T16:07:46+00:00,1772899666.751186,194973171.19315708,0.0,374.88085837740493,0.0,37.5,40627933.956437126,0.0,74.97617167548098,0.0
2026-03-07T16:07:47+00:00,1772899667.7511613,189272615.9891412,110594.71588700685,362.0088898934505,5.00012278858357,37.5,43589398.42981107,0.0,49.00120332811899,0.0
2026-03-07T16:07:48+00:00,1772899668.751172,193460196.3972688,94206.98926865647,368.9960411019684,22.999753239418084,37.5,43580290.434208505,0.0,47.999485021394264,0.0
2026-03-07T16:07:49+00:00,1772899669.7509668,197172763.30870646,4096.840992950184,376.07720052472393,1.0002053205444785,37.5,43576077.227263615,0.0,31.006364936878835,0.0
2026-03-07T16:07:50+00:00,1772899670.7510474,190301208.48581976,0.0,364.9705886700224,0.0,37.5,43548482.624635905,0.0,54.9955681557568,0.0
2026-03-07T16:07:51+00:00,1772899671.7507799,192989609.81019568,12291.287988930602,373.09980630461547,3.0008027316725103,37.5,43556073.49556685,0.0,42.01123824341514,0.0
2026-03-07T16:07:52+00:00,1772899672.750821,192930026.32822543,8191.662123311202,367.9848219456204,1.999917510574024,37.5,43530514.52236834,0.0,30.99872141389737,0.0
2026-03-07T16:07:53+00:00,1772899673.750764,192424706.6300333,122887.03165235437,367.02100111014045,4.000228894933411,37.5,43519661.214989565,0.0,56.00320452906775,0.0
2026-03-07T16:07:54+00:00,1772899674.750919,191859629.3719556,0.0,367.9428914016956,0.0,37.5,41575825.99546741,0.0,37.994102916479434,0.0
2026-03-07T16:07:55+00:00,1772899675.7516327,191752575.89158738,4093.079232658542,369.73616115323745,0.9992869220357768,37.5,44841716.54266067,0.0,70.94937146454015,0.0
2026-03-07T16:07:56+00:00,1772899676.7507045,194691553.5993467,4099.8052897436555,371.3446685778555,1.0009290258163221,37.5,39202597.42114652,0.0,84.07803816857106,0.0
2026-03-07T16:07:57+00:00,1772899677.7508502,191861458.8214617,0.0,367.9463998674586,0.0,37.5,46453342.96724486,0.0,43.99359128850048,0.0
2026-03-07T16:07:58+00:00,1772899678.7509,193452632.3553385,233460.36679061432,368.9816138369341,10.999451902998036,37.5,43492292.80153381,0.0,61.996910725988926,0.0
2026-03-07T16:07:59+00:00,1772899679.7509832,194494664.47160038,471000.80892507674,370.9691323692329,22.998086373294765,37.5,43492355.08446015,141.9881854351242,51.99567353962294,0.9999167988389027
2026-03-07T16:08:00+00:00,1772899680.7513204,191300627.99179545,69608.53330180913,369.8753062050405,8.996966907690174,37.5,43479801.92087266,0.0,47.983823507680924,0.0
2026-03-07T16:08:01+00:00,1772899681.7509995,193524376.1799398,0.0,369.11845432270013,0.0,37.5,43508478.367029674,66.02118695202766,71.02279202415097,1.0003210144246615
2026-03-07T16:08:02+00:00,1772899682.751051,192928048.5116619,16383.156293449549,367.981049559902,1.999897008477728,37.5,43492221.21962561,0.0,47.99752820346547,0.0
2026-03-07T16:08:03+00:00,1772899683.7509005,194540115.02799383,102415.40759138827,371.0558224258305,4.000601859038604,37.5,43501005.383620515,0.0,31.004664407549182,0.0
2026-03-07T16:08:04+00:00,1772899684.750971,195021372.97128308,16382.843831593,375.9734668383159,3.9997177323225097,37.5,43492905.62303915,0.0,31.997741858580078,0.0
2026-03-07T16:08:05+00:00,1772899685.751093,194487153.26177484,0.0,370.9548058734414,0.0,37.5,43489162.63295139,0.0,81.99001100167708,0.0
2026-03-07T16:08:06+00:00,1772899686.7510958,189791713.00155354,8191.976562567055,361.9989643126555,1.9999942779704725,37.5,43494336.56170493,0.0,62.99981975606988,0.0
2026-03-07T16:08:07+00:00,1772899687.750884,194552037.72051045,8193.734742272172,371.07856315710154,2.000423521062542,37.5,40799369.86707925,0.0,59.01249387134499,0.0
2026-03-07T16:08:08+00:00,1772899688.7510672,188709126.3269665,98286.00329529506,366.93281259534996,3.999267712210899,37.5,43498607.167144686,0.0,29.99450784158174,0.0
2026-03-07T16:08:09+00:00,1772899689.750828,189837652.60586444,0.0,362.08658715412986,0.0,37.5,45184291.0928035,0.0,32.007654113072256,0.0
2026-03-07T16:08:10+00:00,1772899690.750986,196593308.19735554,4095.352641391458,375.94057450273147,0.9998419534647114,37.5,43507265.740462795,0.0,31.994942510870764,0.0
2026-03-07T16:08:11+00:00,1772899691.7509558,197662561.05622247,16384.496108771757,379.01147614895604,3.0000908402292037,37.5,43532115.115858965,0.0,31.000938682368435,0.0
2026-03-07T16:08:12+00:00,1772899692.7509918,193979576.50141436,0.0,369.98668003352043,0.0,37.5,40100143.34650104,0.0,30.99888400280847,0.0
2026-03-07T16:08:13+00:00,1772899693.7508044,193498533.0452112,12290.303165981402,373.0699121835175,3.0005622963821783,37.5,43502613.25935503,0.0,32.005997828076566,0.0
2026-03-07T16:08:14+00:00,1772899694.750687,188765867.60793942,4096.481501908407,362.04255461202234,1.0001175541768572,37.5,45324158.417874336,0.0,32.00376173365943,0.0
2026-03-07T16:08:15+00:00,1772899695.750753,190828229.33230472,4095.729510051183,363.9759623190016,0.9999339624148396,37.5,45906367.25415387,0.0,49.996698120741975,0.0
2026-03-07T16:08:16+00:00,1772899696.750777,195554714.9883943,81918.02739125096,372.99101827315195,0.9999759203033565,37.5,42224711.21727921,0.0,41.99898865274097,0.0
2026-03-07T16:08:17+00:00,1772899697.7509828,197091735.34392124,61427.36099897811,379.92182909524223,1.9995885741854853,37.5,37809498.49779806,0.0,40.99156577080245,0.0
2026-03-07T16:08:18+00:00,1772899698.7509336,192423146.71416453,102405.02954389717,368.0180749233804,4.000196466558483,37.5,47868967.047327936,0.0,47.002308482062176,0.0
2026-03-07T16:08:19+00:00,1772899699.7509434,191887532.26833558,4095.9599613288847,365.99642232577435,0.9999902249338097,37.5,43560650.18759878,0.0,39.99960899735239,0.0
2026-03-07T16:08:20+00:00,1772899700.7507107,197178170.6767398,0.0,376.08751426074946,0.0,37.5,42075034.714712515,0.0,39.00907727704582,0.0
2026-03-07T16:08:21+00:00,1772899701.7511394,197047818.21022272,16376.979571993244,378.8376011831933,3.998286028318663,37.5,44961933.87082392,0.0,32.98585973362897,0.0
2026-03-07T16:08:22+00:00,1772899702.7506998,192498326.70737085,69662.62674611088,368.16186010122937,2.000879674463203,37.5,42026188.555751994,0.0,29.012755279716444,0.0
2026-03-07T16:08:23+00:00,1772899703.7508268,192389247.7318151,98291.50939976929,366.9533686291029,3.9994917561755083,37.5,33457758.285015605,0.0,29.996188171316312,0.0
2026-03-07T16:08:24+00:00,1772899704.7508442,195556020.43423754,12287.786136534698,372.9935082134963,2.9999477872399165,37.5,41996383.07158751,0.0,32.99942565963909,0.0
2026-03-07T16:08:25+00:00,1772899705.7507615,190332290.4277216,4096.338895224724,365.0301994035704,1.0000827380919737,37.5,46329196.87222735,0.0,56.00463333315053,0.0
2026-03-07T16:08:26+00:00,1772899706.7509491,188708271.64386183,4095.2315894935296,364.9315259192232,0.9998123997786937,37.5,42243815.563850224,0.0,47.9909951893773,0.0
2026-03-07T16:08:27+00:00,1772899707.7510219,188205706.12020525,0.0,358.97389625588465,0.0,37.5,43518547.432775736,0.0,29.997818628625456,0.0
2026-03-07T16:08:28+00:00,1772899708.750933,190333470.3802652,16385.457160835504,365.0324623843358,3.000266814117829,37.5,37594993.32764416,0.0,26.002312389021185,0.0
2026-03-07T16:08:29+00:00,1772899709.7518227,193290286.5289121,519729.5560038075,368.6719637468569,29.973330385923322,37.5,43479996.44975317,0.0,29.973330385923322,0.0
2026-03-07T16:08:30+00:00,1772899710.7510147,193618716.03186607,40993.122466096305,373.30162792612117,4.003234615829717,37.5,46276457.40370873,0.0,37.02992019642488,0.0
2026-03-07T16:08:31+00:00,1772899711.75113,190294585.03394595,0.0,362.9581165961188,0.0,37.5,43489669.52731628,165.980846707867,34.99596165527316,2.999653856166271
2026-03-07T16:08:32+00:00,1772899712.750997,191914939.89670143,4096.544994379727,368.04896433880356,1.000133055268488,37.5,43500247.16705304,0.0,31.004124713323126,0.0
2026-03-07T16:08:33+00:00,1772899713.7509663,196089742.93548742,217094.67696316916,374.0115030965565,29.00089195133727,37.5,43497311.80317846,0.0,32.000984222165265,0.0
2026-03-07T16:08:34+00:00,1772899714.750712,194560342.7160907,20485.211286650385,375.0954215084909,5.001272286779879,37.5,42686521.13611704,0.0,30.007633720679276,0.0
2026-03-07T16:08:35+00:00,1772899715.7507775,193973842.08385158,0.0,370.9756769392113,0.0,37.5,35612031.09329065,0.0,25.998295418920467,0.0
2026-03-07T16:08:36+00:00,1772899716.750843,189779813.06582233,8191.462925838326,361.97626698650805,1.9998688783784975,37.5,47840769.31473313,0.0,32.99783649324521,0.0
2026-03-07T16:08:37+00:00,1772899717.751021,191331089.80261976,102381.79034814841,364.93509254955245,15.99715474189819,37.5,38847692.53930418,0.0,25.99537645558456,0.0
2026-03-07T16:08:38+00:00,1772899718.7506542,196155639.87507245,106535.06510594676,374.13719153418054,6.002200933703431,37.5,48277682.83608482,0.0,67.02457709302165,0.0
2026-03-07T16:08:39+00:00,1772899719.7510977,193392894.26614976,0.0,373.83422001618624,0.0,37.5,43476693.88805967,0.0,48.97828016254846,0.0
2026-03-07T16:08:40+00:00,1772899720.750749,188285022.1265595,4097.428232210992,359.12517953216457,1.0003486895046367,37.5,43509626.06171184,0.0,45.015691027708655,0.0
2026-03-07T16:08:41+00:00,1772899721.750961,189227860.37597603,4095.1320199094534,360.9235007781525,0.9997880907982064,37.5,43485243.12369896,0.0,29.99364272394619,0.0
2026-03-07T16:08:42+00:00,1772899722.7509897,191883918.15706566,0.0,365.98952895558483,0.0,37.5,40972753.760111995,0.0,63.998168997697896,0.0
2026-03-07T16:08:43+00:00,1772899723.7510808,188726491.5654521,20478.134935487426,366.9665781896428,2.9997267971905406,37.5,43551053.54872331,0.0,38.99644836347703,0.0
2026-03-07T16:08:44+00:00,1772899724.751011,190329839.80380023,32770.28922241739,363.0253597332005,3.000209584571905,37.5,43542921.7623702,0.0,38.002654737910795,0.0
2026-03-07T16:08:45+00:00,1772899725.750964,190849795.92102158,4096.192391848849,364.01709732250515,1.000046970666223,37.5,42952951.433984876,0.0,46.00216065064625,0.0
2026-03-07T16:08:46+00:00,1772899726.7509623,189792572.75052863,0.0,364.0006074915534,0.0,37.5,43514214.622180544,0.0,67.00011181850022,0.0
2026-03-07T16:08:47+00:00,1772899727.7511606,192375535.56966543,4095.1876611389953,370.9264214557049,0.9998016750827625,37.5,42087175.40868663,0.0,77.98453065645548,0.0
