ts_iso_utc,ts_unix,cpu_percent,cpu_percent_max,cpu_percent_min,cpu_frequency_mhz,cpu_count,memory_used,memory_available,memory_percent,memory_total,swap_used,swap_percent,disk_read_bytes_per_s,disk_write_bytes_per_s,disk_read_ops_per_s,disk_write_ops_per_s,disk_usage_percent_c,net_bytes_sent_per_s,net_bytes_recv_per_s,net_packets_sent_per_s,net_packets_recv_per_s
2026-03-04T21:30:54+00:00,1772659854.6781552,0.0,0.0,0.0,2304.0,16,14115540992,2908409856,82.9,17023950848,510570496,4.5,0.0,0.0,0.0,0.0,34.4,0.0,0.0,0.0,0.0
2026-03-04T21:30:55+00:00,1772659855.6772718,2.65,23.4,0.0,2304.0,16,14106132480,2917818368,82.9,17023950848,510570496,4.5,316695.7502886819,701035.2530662084,18.015914192696556,71.06277264896976,34.4,1768.562243249712,6677.898860759524,7.0061888527153275,7.0061888527153275
2026-03-04T21:30:56+00:00,1772659856.677114,4.9375,23.4,0.0,2304.0,16,14129020928,2894929920,83.0,17023950848,510570496,4.5,144918.8729948813,352311.60643278563,3.0004735740437547,43.00678789462715,34.4,1010.1594365947308,1194.1884824694143,8.00126286411668,10.00157858014585
2026-03-04T21:30:57+00:00,1772659857.677181,2.43125,7.8,0.0,2304.0,16,14137442304,2886508544,83.0,17023950848,510570496,4.5,105976.90001180093,122871.76812962427,1.99986601773477,18.998727168480315,34.4,6612.556987640017,11313.242062325593,19.9986601773477,19.9986601773477
2026-03-04T21:30:58+00:00,1772659858.6770637,2.3375,9.2,0.0,2304.0,16,14146772992,2877177856,83.1,17023950848,510570496,4.5,4096.480525116529,0.0,1.0001173157022776,0.0,34.4,784.0919755105856,7413.869661300983,10.001173157022775,15.001759735534163
2026-03-04T21:30:59+00:00,1772659859.677412,5.6375,7.9,3.2,2304.0,16,14062817280,2961133568,82.6,17023950848,510570496,4.5,0.0,311187.60416372225,0.0,28.98990196066748,34.4,2220.2266294704305,4948.276369148415,11.995821500965855,13.995125084460163
2026-03-04T21:31:00+00:00,1772659860.6773531,14.425,47.0,0.0,2304.0,16,14146715648,2877235200,83.1,17023950848,510570496,4.5,4096.2412251431015,180234.61390629646,1.0000588928572025,23.001354535715656,34.4,419.0246761071678,4038.2378093573834,3.0001766785716075,6.000353357143215
2026-03-04T21:31:01+00:00,1772659861.67711,10.15,36.4,0.0,2304.0,16,14194917376,2829033472,83.4,17023950848,510570496,4.5,0.0,151588.86443369923,0.0,3.0007297383148863,34.4,484.11773111480164,5147.251744456135,5.00121623052481,7.001702722734735
2026-03-04T21:31:02+00:00,1772659862.677115,0.6875,3.1,0.0,2304.0,16,14185771008,2838179840,83.3,17023950848,510570496,4.5,0.0,81919.58984580355,0.0,16.999914884993412,34.4,0.0,0.0,0.0,0.0
2026-03-04T21:31:03+00:00,1772659863.677388,1.05625,3.1,0.0,2304.0,16,14196977664,2826973184,83.4,17023950848,510570496,4.5,0.0,257977.57488936227,0.0,24.993177130743337,34.4,5494.500060422615,107.97052520481121,1.9994541704594668,1.9994541704594668
2026-03-04T21:31:04+00:00,1772659864.6773047,0.6875,3.1,0.0,2304.0,16,14185271296,2838679552,83.3,17023950848,510570496,4.5,0.0,176142.6564929762,0.0,19.00158108515709,34.4,155.01289832628152,360.02995740297644,2.000166430016536,3.0002496450248035
2026-03-04T21:31:05+00:00,1772659865.677128,0.39375000000000004,3.1,0.0,2304.0,16,14182428672,2841522176,83.3,17023950848,510570496,4.5,0.0,0.0,0.0,0.0,34.4,0.0,0.0,0.0,0.0
2026-03-04T21:31:06+00:00,1772659866.677075,2.5125,6.2,0.0,2304.0,16,14186115072,2837835776,83.3,17023950848,510570496,4.5,0.0,335889.85837135714,0.0,46.00244582782259,34.4,55.002924359353095,66.00350923122372,1.0000531701700563,1.0000531701700563
2026-03-04T21:31:07+00:00,1772659867.6772978,1.0875,4.8,0.0,2304.0,16,14179610624,2844340224,83.3,17023950848,510570496,4.5,0.0,413603.798873914,0.0,39.9910851324561,34.4,0.0,0.0,0.0,0.0
2026-03-04T21:31:08+00:00,1772659868.6773286,6.0125,20.0,0.0,2304.0,16,14182051840,2841899008,83.3,17023950848,510570496,4.5,913379.9080905572,73725.73249161449,36.998862063120335,9.999692449491981,34.4,0.0,0.0,0.0,0.0
2026-03-04T21:31:09+00:00,1772659869.6773329,4.39375,18.6,0.0,2304.0,16,14090047488,2933903360,82.8,17023950848,510570496,4.5,65535.71875120699,131071.43750241397,0.9999957084839933,1.9999914169679867,34.4,0.0,0.0,0.0,0.0
2026-03-04T21:31:10+00:00,1772659870.6769435,1.5625,10.8,0.0,2304.0,16,14092320768,2931630080,82.8,17023950848,510570496,4.5,0.0,143415.83716919358,0.0,14.00545284855406,34.4,0.0,0.0,0.0,0.0
2026-03-04T21:31:11+00:00,1772659871.6770978,1.06875,7.7,0.0,2304.0,16,14087749632,2936201216,82.8,17023950848,510570496,4.5,0.0,176100.83524503623,0.0,12.997994970620635,34.4,0.0,0.0,0.0,0.0
2026-03-04T21:31:12+00:00,1772659872.677052,3.975,20.3,0.0,2304.0,16,14093934592,2930016256,82.8,17023950848,510570496,4.5,450068.6025056079,57346.625120168464,30.001373353882776,11.000503563090351,34.4,0.0,0.0,0.0,0.0
2026-03-04T21:31:13+00:00,1772659873.677255,0.66875,3.1,0.0,2304.0,16,14095339520,2928611328,82.8,17023950848,510570496,4.5,0.0,28666.183797261365,0.0,2.999391440840684,34.4,0.0,0.0,0.0,0.0
2026-03-04T21:31:14+00:00,1772659874.6770127,0.9875,3.1,0.0,2304.0,16,14090194944,2933755904,82.8,17023950848,510570496,4.5,0.0,69648.87127428404,0.0,9.002180627707899,34.4,0.0,0.0,0.0,0.0
2026-03-04T21:31:15+00:00,1772659875.6774132,1.4625000000000001,3.1,0.0,2304.0,16,14094979072,2928971776,82.8,17023950848,510570496,4.5,0.0,49132.320382537204,0.0,9.995996171577394,34.4,0.0,0.0,0.0,0.0
2026-03-04T21:31:16+00:00,1772659876.677165,4.50625,13.8,3.0,2304.0,16,14084628480,2939322368,82.7,17023950848,510570496,4.5,0.0,69649.28651696781,0.0,2.0004965107125408,34.4,0.0,0.0,0.0,0.0
2026-03-04T21:31:17+00:00,1772659877.6774185,3.425,9.5,0.0,2304.0,16,14092795904,2931154944,82.8,17023950848,510570496,4.5,0.0,73709.31918757048,0.0,2.999239875796325,34.4,54.98606438959929,65.98327726751914,0.9997466252654417,0.9997466252654417
2026-03-04T21:31:18+00:00,1772659878.6771047,0.39375000000000004,3.1,0.0,2304.0,16,14093053952,2930896896,82.8,17023950848,510570496,4.5,0.0,4097.285559605703,0.0,1.0003138573256112,34.4,0.0,0.0,0.0,0.0
2026-03-04T21:31:19+00:00,1772659879.6770213,0.5875,4.7,0.0,2304.0,16,14092894208,2931056640,82.8,17023950848,510570496,4.5,0.0,4096.341825399134,0.0,1.0000834534665854,34.4,0.0,0.0,0.0,0.0
2026-03-04T21:31:20+00:00,1772659880.6775558,1.275,6.1,0.0,2304.0,16,14094405632,2929545216,82.8,17023950848,510570496,4.5,0.0,0.0,0.0,0.0,34.4,0.0,0.0,0.0,0.0
2026-03-04T21:31:21+00:00,1772659881.6769714,1.05,7.6,0.0,2304.0,16,14091444224,2932506624,82.8,17023950848,510570496,4.5,0.0,229510.1174358929,0.0,5.0029235280912765,34.4,0.0,0.0,0.0,0.0
2026-03-04T21:31:22+00:00,1772659882.6770363,0.39375000000000004,3.1,0.0,2304.0,16,14090084352,2933866496,82.8,17023950848,510570496,4.5,0.0,4095.7343922246255,0.0,0.9999351543517152,34.4,0.0,0.0,0.0,0.0
2026-03-04T21:31:23+00:00,1772659883.677112,1.1875,3.2,0.0,2304.0,16,14089269248,2934681600,82.8,17023950848,510570496,4.5,0.0,4095.689476667981,0.0,0.9999241886396438,34.4,0.0,0.0,0.0,0.0
2026-03-04T21:31:24+00:00,1772659884.6770718,0.5875,1.6,0.0,2304.0,16,14089367552,2934583296,82.8,17023950848,510570496,4.5,0.0,65538.64073140231,0.0,1.0000402943634386,34.4,0.0,0.0,0.0,0.0
2026-03-04T21:31:25+00:00,1772659885.6774418,0.8875000000000001,1.6,0.0,2304.0,16,14094077952,2929872896,82.8,17023950848,510570496,4.5,0.0,69606.24390541525,0.0,2.99889033370068,34.4,0.0,0.0,0.0,0.0
2026-03-04T21:31:26+00:00,1772659886.6774194,0.1,1.6,0.0,2304.0,16,14090854400,2933096448,82.8,17023950848,510570496,4.5,131074.9375658348,73729.65238078208,4.000089647394861,3.0000672355461457,34.4,0.0,0.0,0.0,0.0
2026-03-04T21:31:27+00:00,1772659887.677389,1.28125,7.8,0.0,2304.0,16,14104993792,2918957056,82.9,17023950848,510570496,4.5,0.0,16384.500015259255,0.0,4.000122074037904,34.4,228.00695822016053,112.00341807306131,4.000122074037904,2.000061037018952
2026-03-04T21:31:28+00:00,1772659888.6775784,2.2625,4.8,0.0,2304.0,16,14092169216,2931781632,82.8,17023950848,510570496,4.5,0.0,81904.47559878802,0.0,0.9998104931492677,34.4,0.0,0.0,0.0,0.0
2026-03-04T21:31:29+00:00,1772659889.6772203,0.475,4.5,0.0,2304.0,16,14093225984,2930724864,82.8,17023950848,510570496,4.5,0.0,147508.82360388112,0.0,5.0017911649536515,34.4,427.15296548704185,0.0,5.0017911649536515,0.0
2026-03-04T21:31:30+00:00,1772659890.6771216,0.6875,6.3,0.0,2304.0,16,14091358208,2932592640,82.8,17023950848,510570496,4.5,32771.23469428144,24578.426020711082,1.0000987150354443,4.000394860141777,34.4,427.0421513201348,0.0,5.000493575177222,0.0
2026-03-04T21:31:31+00:00,1772659891.6771789,0.19375,1.6,0.0,2304.0,16,14084386816,2939564032,82.7,17023950848,510570496,4.5,0.0,135160.26606753917,0.0,2.9998283484450274,34.4,534.9693888060299,224.98712613337707,6.999599479705065,2.9998283484450274
2026-03-04T21:31:32+00:00,1772659892.6771615,1.1875,3.1,0.0,2304.0,16,14074777600,2949173248,82.7,17023950848,510570496,4.5,0.0,3747905.2306274977,0.0,666.0115916362261,34.4,427.0074318748777,0.0,5.000087024295992,0.0
2026-03-04T21:31:33+00:00,1772659893.6769938,1.15,7.6,0.0,2304.0,16,14081830912,2942119936,82.7,17023950848,510570496,4.5,0.0,475215.6500687595,0.0,47.00787890884231,34.4,55.00921999970908,66.0110639996509,1.000167636358347,1.000167636358347
2026-03-04T21:31:34+00:00,1772659894.6774633,0.95625,6.3,0.0,2304.0,16,14076764160,2947186688,82.7,17023950848,510570496,4.5,16376.312202757066,298867.69770031644,0.9995307740940592,23.988738578257422,34.4,0.0,0.0,0.0,0.0
2026-03-04T21:31:35+00:00,1772659895.6771493,0.7000000000000001,3.2,0.0,2304.0,16,14083985408,2939965440,82.7,17023950848,510570496,4.5,0.0,0.0,0.0,0.0,34.4,0.0,0.0,0.0,0.0
2026-03-04T21:31:36+00:00,1772659896.6771154,0.8875000000000001,3.1,0.0,2304.0,16,14080495616,2943455232,82.7,17023950848,510570496,4.5,98307.32823767894,204806.9338284978,4.000135426337848,6.000203139506771,34.4,0.0,0.0,0.0,0.0
2026-03-04T21:31:37+00:00,1772659897.677115,0.39375000000000004,3.1,0.0,2304.0,16,14083235840,2940715008,82.7,17023950848,510570496,4.5,53248.02539063711,4096.001953125931,4.000001907349542,1.0000004768373856,34.4,0.0,0.0,0.0,0.0
2026-03-04T21:31:38+00:00,1772659898.677219,0.76875,4.6,0.0,2304.0,16,14089822208,2934128640,82.8,17023950848,510570496,4.5,0.0,16382.297052022295,0.0,2.9996881809122855,34.4,54.99428331672523,65.99313998007028,0.9998960603040952,0.9998960603040952
2026-03-04T21:31:39+00:00,1772659899.6772847,3.03125,6.2,1.5,2304.0,16,14084976640,2938974208,82.7,17023950848,510570496,4.5,0.0,0.0,0.0,0.0,34.4,0.0,0.0,0.0,0.0
2026-03-04T21:31:40+00:00,1772659900.6774673,0.8812500000000001,4.7,0.0,2304.0,16,14099910656,2924040192,82.8,17023950848,510570496,4.5,0.0,135143.31896058944,0.0,2.9994522141466056,34.4,54.98995725935443,65.98794871122531,0.9998174047155352,0.9998174047155352
2026-03-04T21:31:41+00:00,1772659901.677025,1.55625,6.3,0.0,2304.0,16,14085115904,2938834944,82.7,17023950848,510570496,4.5,0.0,12293.436974904167,0.0,3.0013273864512127,34.4,0.0,0.0,0.0,0.0
2026-03-04T21:31:42+00:00,1772659902.6771119,0.78125,3.1,0.0,2304.0,16,14085816320,2938134528,82.7,17023950848,510570496,4.5,0.0,4095.644562096452,0.0,0.9999132231680791,34.4,54.99522727424435,0.0,0.9999132231680791,0.0
2026-03-04T21:31:43+00:00,1772659903.6774426,1.9375,4.6,0.0,2304.0,16,14085648384,2938302464,82.7,17023950848,510570496,4.5,0.0,126934.02462288096,0.0,15.994710763971893,34.4,54.981818251153385,0.0,0.9996694227482433,0.0
2026-03-04T21:31:44+00:00,1772659904.6772535,2.16875,6.3,0.0,2304.0,16,14084354048,2939596800,82.7,17023950848,510570496,4.5,0.0,16387.09824202202,0.0,2.0003782033718287,34.4,0.0,0.0,0.0,0.0
2026-03-04T21:31:45+00:00,1772659905.6771271,1.65625,4.6,0.0,2304.0,16,14088056832,2935894016,82.8,17023950848,510570496,4.5,0.0,4096.517643535393,0.0,1.0001263778162581,34.4,0.0,0.0,0.0,0.0
2026-03-04T21:31:46+00:00,1772659906.6772947,1.25,3.1,0.0,2304.0,16,14085783552,2938167296,82.7,17023950848,510570496,4.5,32762.50873288173,167907.85725601888,0.999832419826713,4.9991620991335655,34.4,54.990783090469215,0.0,0.999832419826713,0.0
2026-03-04T21:31:47+00:00,1772659907.6773865,1.45625,4.7,0.0,2304.0,16,14076350464,2947600384,82.7,17023950848,510570496,4.5,0.0,65529.98492713047,0.0,0.9999082172718883,34.4,0.0,0.0,0.0,0.0
2026-03-04T21:31:48+00:00,1772659908.6774557,2.14375,6.2,0.0,2304.0,16,14079705088,2944245760,82.7,17023950848,510570496,4.5,0.0,49148.60179745644,0.0,11.999170360707138,34.4,0.0,0.0,0.0,0.0
2026-03-04T21:31:49+00:00,1772659909.6771748,1.25,4.7,0.0,2304.0,16,14076903424,2947047424,82.7,17023950848,510570496,4.5,0.0,16388.602855244513,0.0,2.00056187197809,34.4,55.01545147939747,66.01854177527696,1.000280935989045,1.000280935989045
2026-03-04T21:31:50+00:00,1772659910.6770287,1.3625,9.0,0.0,2304.0,16,14083846144,2940104704,82.7,17023950848,510570496,4.5,0.0,0.0,0.0,0.0,34.4,0.0,0.0,0.0,0.0
2026-03-04T21:31:51+00:00,1772659911.6770697,2.35,6.2,0.0,2304.0,16,14076563456,2947387392,82.7,17023950848,510570496,4.5,0.0,94204.13687716893,0.0,3.999835974743925,34.4,54.99774465272897,65.99729358327477,0.9999589936859813,0.9999589936859813
2026-03-04T21:31:52+00:00,1772659912.677491,1.81875,6.1,0.0,2304.0,16,14084591616,2939359232,82.7,17023950848,510570496,4.5,0.0,4094.2751407209266,0.0,0.99957889177757,34.4,0.0,0.0,0.0,0.0
2026-03-04T21:31:53+00:00,1772659913.6777213,0.875,3.1,0.0,2304.0,16,14081425408,2942525440,82.7,17023950848,510570496,4.5,0.0,290749.0369068022,0.0,6.99838818478906,34.4,54.98733573762833,65.984802885154,0.9997697406841515,0.9997697406841515
2026-03-04T21:31:54+00:00,1772659914.677024,1.3875,4.6,0.0,2304.0,16,14082039808,2941911040,82.7,17023950848,510570496,4.5,0.0,0.0,0.0,0.0,34.4,0.0,0.0,0.0,0.0
2026-03-04T21:31:55+00:00,1772659915.6769066,1.8125,4.6,0.0,2304.0,16,14082080768,2941870080,82.7,17023950848,510570496,4.5,0.0,4096.480525116529,0.0,1.0001173157022776,34.4,0.0,0.0,0.0,0.0
2026-03-04T21:31:56+00:00,1772659916.6771631,0.7937500000000001,3.1,0.0,2304.0,16,14078128128,2945822720,82.7,17023950848,510570496,4.5,0.0,77804.04027668531,0.0,3.9989741096158156,34.4,0.0,0.0,0.0,0.0
2026-03-04T21:31:57+00:00,1772659917.6771667,0.2875,4.6,0.0,2304.0,16,14079041536,2944909312,82.7,17023950848,510570496,4.5,0.0,69631.75097745308,0.0,1.9999928474682065,34.4,0.0,0.0,0.0,0.0
2026-03-04T21:31:58+00:00,1772659918.677124,1.75,4.7,0.0,2304.0,16,14080626688,2943324160,82.7,17023950848,510570496,4.5,0.0,0.0,0.0,0.0,34.4,0.0,0.0,0.0,0.0
2026-03-04T21:31:59+00:00,1772659919.677424,0.8625,3.1,0.0,2304.0,16,14075150336,2948800512,82.7,17023950848,510570496,4.5,0.0,61421.57779100869,0.0,1.9994003187177307,34.4,0.0,0.0,0.0,0.0
2026-03-04T21:32:00+00:00,1772659920.6773603,0.89375,3.2,0.0,2304.0,16,14078320640,2945630208,82.7,17023950848,510570496,4.5,0.0,69636.43289937594,0.0,2.0001273236263772,34.4,0.0,0.0,0.0,0.0
2026-03-04T21:32:01+00:00,1772659921.6775749,2.55,6.2,0.0,2304.0,16,14081421312,2942529536,82.7,17023950848,510570496,4.5,0.0,90092.66821065197,0.0,2.9993564079363004,34.4,4377.0607846483745,310.9332809560632,6.998498285184701,1.9995709386242004
2026-03-04T21:32:02+00:00,1772659922.6775022,3.64375,7.6,0.0,2304.0,16,14073438208,2950512640,82.7,17023950848,510570496,4.5,0.0,311318.6383649591,0.0,37.00269074933017,34.4,2346.170608052124,6915.502879232923,13.000945398413304,23.001672627962
2026-03-04T21:32:03+00:00,1772659923.6772795,0.2,1.6,0.0,2304.0,16,14078668800,2945282048,82.7,17023950848,510570496,4.5,0.0,315462.2480649215,0.0,26.005791046342203,34.4,109.02427784812693,303.06748796314184,3.0006681976548695,4.000890930206492
2026-03-04T21:32:04+00:00,1772659924.6774096,1.0625,6.2,0.0,2304.0,16,14073122816,2950828032,82.7,17023950848,510570496,4.5,0.0,40954.668662765056,0.0,9.998698403995375,34.4,0.0,0.0,0.0,0.0
2026-03-04T21:32:05+00:00,1772659925.6771228,0.2,1.6,0.0,2304.0,16,14067253248,2956697600,82.6,17023950848,510570496,4.5,0.0,65554.8022678204,0.0,1.000286899838568,34.4,2.000573799677136,0.0,2.000573799677136,0.0
2026-03-04T21:32:06+00:00,1772659926.6773646,0.48750000000000004,4.7,0.0,2304.0,16,14065623040,2958327808,82.6,17023950848,510570496,4.5,0.0,98280.2401191042,0.0,3.999033207971362,34.4,0.9997583019928405,0.0,0.9997583019928405,0.0
2026-03-04T21:32:07+00:00,1772659927.6772504,1.85,6.1,0.0,2304.0,16,14064271360,2959679488,82.6,17023950848,510570496,4.5,0.0,4096.4678268644975,0.0,1.0001142155430902,34.4,0.0,0.0,0.0,0.0
2026-03-04T21:32:08+00:00,1772659928.6773427,1.6375,4.7,0.0,2304.0,16,14063972352,2959978496,82.6,17023950848,510570496,4.5,0.0,73721.19789324173,0.0,2.9997232215674527,34.4,0.0,0.0,0.0,0.0
2026-03-04T21:32:09+00:00,1772659929.6771278,3.35625,6.2,0.0,2304.0,16,14063087616,2960863232,82.6,17023950848,510570496,4.5,0.0,0.0,0.0,0.0,34.4,0.0,0.0,0.0,0.0
2026-03-04T21:32:10+00:00,1772659930.6771088,0.7875000000000001,1.6,0.0,2304.0,16,14060404736,2963546112,82.6,17023950848,510570496,4.5,0.0,8192.156252980289,0.0,1.000019073850133,34.4,0.0,0.0,0.0,0.0
2026-03-04T21:32:11+00:00,1772659931.6774387,1.46875,3.1,0.0,2304.0,16,14064271360,2959679488,82.6,17023950848,510570496,4.5,65514.382133275874,16378.595533318969,0.9996701375316753,2.9990104125950263,34.4,0.0,0.0,0.0,0.0
2026-03-04T21:32:12+00:00,1772659932.6771593,1.35,9.2,0.0,2304.0,16,14059540480,2964410368,82.6,17023950848,510570496,4.5,0.0,4097.144851151836,0.0,1.0002795046757411,34.4,1.0002795046757411,0.0,1.0002795046757411,0.0
2026-03-04T21:32:13+00:00,1772659933.6774004,1.375,6.3,0.0,2304.0,16,14061740032,2962210816,82.6,17023950848,510570496,4.5,0.0,0.0,0.0,0.0,34.4,0.9997590169033791,0.0,0.9997590169033791,0.0
2026-03-04T21:32:14+00:00,1772659934.6773999,1.9500000000000002,6.2,0.0,2304.0,16,14060453888,2963496960,82.6,17023950848,510570496,4.5,0.0,4096.001953125931,0.0,1.0000004768373856,34.4,1.0000004768373856,0.0,1.0000004768373856,0.0
2026-03-04T21:32:15+00:00,1772659935.677264,2.6437500000000003,12.5,0.0,2304.0,16,14052933632,2971017216,82.5,17023950848,510570496,4.5,0.0,73738.02089307524,0.0,3.0004077511830745,34.4,1.000135917061025,0.0,1.000135917061025,0.0
2026-03-04T21:32:16+00:00,1772659936.6770356,4.475,9.1,1.6,2304.0,16,14057070592,2966880256,82.6,17023950848,510570496,4.5,0.0,454759.8694274214,0.0,10.00228457179541,34.4,1.000228457179541,0.0,1.000228457179541,0.0
2026-03-04T21:32:17+00:00,1772659937.677089,2.1125,7.6,0.0,2304.0,16,14070628352,2953322496,82.7,17023950848,510570496,4.5,0.0,0.0,0.0,0.0,34.4,0.9999465970903043,0.0,0.9999465970903043,0.0
2026-03-04T21:32:18+00:00,1772659938.676978,0.39375000000000004,3.1,0.0,2304.0,16,14057340928,2966609920,82.6,17023950848,510570496,4.5,0.0,307234.0613933916,0.0,36.00399156953808,34.4,0.0,0.0,0.0,0.0
2026-03-04T21:32:19+00:00,1772659939.6770456,0.48750000000000004,3.1,0.0,2304.0,16,14058110976,2965839872,82.6,17023950848,510570496,4.5,0.0,4095.723651458415,0.0,0.9999325320943396,34.4,0.0,0.0,0.0,0.0
2026-03-04T21:32:20+00:00,1772659940.677169,0.6937500000000001,3.1,0.0,2304.0,16,14057873408,2966077440,82.6,17023950848,510570496,4.5,0.0,65527.90724946136,0.0,0.9998765144265954,34.4,0.0,0.0,0.0,0.0
2026-03-04T21:32:21+00:00,1772659941.6769946,2.3312500000000003,6.2,0.0,2304.0,16,14054170624,2969780224,82.6,17023950848,510570496,4.5,0.0,196642.3184893451,0.0,14.002443740086017,34.4,1.000174552863287,0.0,1.000174552863287,0.0
2026-03-04T21:32:22+00:00,1772659942.6771846,2.85,6.3,0.0,2304.0,16,14048706560,2975244288,82.5,17023950848,510570496,4.5,0.0,69618.77106844388,0.0,1.999620032986095,34.4,0.9998100164930475,0.0,0.9998100164930475,0.0
2026-03-04T21:32:23+00:00,1772659943.6771019,0.19375,3.1,0.0,2304.0,16,14048088064,2975862784,82.5,17023950848,510570496,4.5,0.0,4096.338895224724,0.0,1.0000827380919737,34.4,56.00463333315053,0.0,2.0001654761839474,0.0
2026-03-04T21:32:24+00:00,1772659944.6771638,0.86875,3.2,0.0,2304.0,16,14048845824,2975105024,82.5,17023950848,510570496,4.5,0.0,65531.93775181402,0.0,1.9998760300236211,34.4,372.9768795994053,716.9555567634682,6.999566105082674,8.999442135106294
2026-03-04T21:32:25+00:00,1772659945.677116,1.5875000000000001,6.2,0.0,2304.0,16,14049320960,2974629888,82.5,17023950848,510570496,4.5,0.0,4096.196298469542,0.0,1.0000479244310405,34.4,56.00268376813826,66.00316301244867,2.000095848862081,1.0000479244310405
2026-03-04T21:32:26+00:00,1772659946.6775215,1.46875,4.7,0.0,2304.0,16,14049640448,2974310400,82.5,17023950848,510570496,4.5,0.0,16377.35816234728,0.0,2.9987838432032374,34.4,0.9995946144010791,0.0,0.9995946144010791,0.0
2026-03-04T21:32:27+00:00,1772659947.677032,0.8812500000000001,4.7,0.0,2304.0,16,14048452608,2975498240,82.5,17023950848,510570496,4.5,0.0,4098.005864629766,0.0,1.0004897130443764,34.4,283.1385887915585,112.05484786097016,5.002448565221882,2.000979426088753
2026-03-04T21:32:28+00:00,1772659948.677254,0.775,4.6,0.0,2304.0,16,14040432640,2983518208,82.5,17023950848,510570496,4.5,0.0,0.0,0.0,0.0,34.4,54.987794485886965,0.0,0.9997780815615812,0.0
2026-03-04T21:32:29+00:00,1772659949.6770892,1.4937500000000001,4.7,0.0,2304.0,16,14049361920,2974588928,82.5,17023950848,510570496,4.5,0.0,20483.374579390136,0.0,4.0006590975371354,34.4,0.0,0.0,0.0,0.0
2026-03-04T21:32:30+00:00,1772659950.676981,2.1125,6.2,0.0,2304.0,16,14051078144,2972872704,82.5,17023950848,510570496,4.5,0.0,69639.53792529537,0.0,2.000216507505037,34.4,0.0,0.0,0.0,0.0
2026-03-04T21:32:31+00:00,1772659951.6774366,1.58125,4.6,0.0,2304.0,16,14048563200,2975387648,82.5,17023950848,510570496,4.5,0.0,180141.9241139932,0.0,4.997722947942372,34.4,54.97495242736609,0.0,0.9995445895884744,0.0
2026-03-04T21:32:32+00:00,1772659952.6770887,1.25,6.2,0.0,2304.0,16,14047666176,2976284672,82.5,17023950848,510570496,4.5,0.0,0.0,0.0,0.0,34.4,0.0,0.0,0.0,0.0
2026-03-04T21:32:33+00:00,1772659953.677485,2.71875,6.2,1.5,2304.0,16,14049861632,2974089216,82.5,17023950848,510570496,4.5,32755.02076804245,65510.0415360849,1.999207810549466,1.999207810549466,34.4,1703.325054588145,1396.446655668802,7.996831242197864,7.996831242197864
2026-03-04T21:32:34+00:00,1772659954.6775043,0.78125,3.1,0.0,2304.0,16,14056923136,2967027712,82.6,17023950848,510570496,4.5,4095.9208999650723,86014.33889926651,0.9999806884680352,4.999903442340176,34.4,108.99789504301584,294.9943030980704,1.9999613769360705,0.9999806884680352
2026-03-04T21:32:35+00:00,1772659955.677099,1.39375,4.8,0.0,2304.0,16,14054547456,2969403392,82.6,17023950848,510570496,4.5,0.0,65562.57327045435,0.0,1.0004054759285637,34.4,0.0,66.02676141128521,0.0,1.0004054759285637
2026-03-04T21:32:36+00:00,1772659956.6769676,4.3,13.8,0.0,2304.0,16,14052352000,2971598848,82.5,17023950848,510570496,4.5,0.0,483391.50248285965,0.0,46.006043751265274,34.4,136.0178684820017,86.01129918714813,2.0002627717941426,1.0001313858970713
2026-03-04T21:32:37+00:00,1772659957.6772366,8.2375,29.7,1.6,2304.0,16,14082809856,2941140992,82.7,17023950848,510570496,4.5,143321.45567846173,1089243.063156309,7.997849089199873,53.98548135209914,34.4,1570.577614891625,4828.701387604423,8.997580225349857,9.997311361499841
2026-03-04T21:32:38+00:00,1772659958.6771183,7.38125,26.6,0.0,2304.0,16,14077165568,2946785280,82.7,17023950848,510570496,4.5,81929.68864573677,237596.09707263662,3.0003548088038365,25.00295674003197,34.4,813.0961531858397,1010.1194522972917,6.000709617607673,8.000946156810231
2026-03-04T21:32:39+00:00,1772659959.6772616,4.75,10.9,0.0,2304.0,16,14067462144,2956488704,82.6,17023950848,510570496,4.5,0.0,0.0,0.0,0.0,34.4,0.0,0.0,0.0,0.0
2026-03-04T21:32:40+00:00,1772659960.6775744,3.13125,7.9,0.0,2304.0,16,14075273216,2948677632,82.7,17023950848,510570496,4.5,0.0,249777.86819003455,0.0,12.99593480432909,34.4,5794.187548145493,828.7407655991396,6.997811048484895,5.998123755844196
2026-03-04T21:32:41+00:00,1772659961.6772604,2.15,7.8,0.0,2304.0,16,14082297856,2941652992,82.7,17023950848,510570496,4.5,0.0,643273.9862747011,0.0,33.010365164499675,34.4,0.0,0.0,0.0,0.0
2026-03-04T21:32:42+00:00,1772659962.6772516,4.7625,16.9,0.0,2304.0,16,13981609984,3042340864,82.1,17023950848,510570496,4.5,0.0,69632.61426323121,0.0,8.000070572521969,34.4,0.0,142.00125266226493,0.0,1.000008821565246
2026-03-04T21:32:43+00:00,1772659963.6774766,1.375,4.7,0.0,2304.0,16,13978333184,3045617664,82.1,17023950848,510570496,4.5,0.0,0.0,0.0,0.0,34.4,0.0,0.0,0.0,0.0
2026-03-04T21:32:44+00:00,1772659964.6770456,1.7625,6.1,0.0,2304.0,16,13982253056,3041697792,82.1,17023950848,510570496,4.5,0.0,4097.766386419928,0.0,1.0004312466845526,34.4,0.0,0.0,0.0,0.0
2026-03-04T21:32:45+00:00,1772659965.677627,0.9750000000000001,3.1,0.0,2304.0,16,13980835840,3043115008,82.1,17023950848,510570496,4.5,0.0,4093.6195483021,0.0,0.9994188350346924,34.4,0.0,0.0,0.0,0.0
2026-03-04T21:32:46+00:00,1772659966.6773267,0.78125,3.1,0.0,2304.0,16,13981741056,3042209792,82.1,17023950848,510570496,4.5,0.0,73750.15509305411,0.0,3.000901493044194,34.4,0.0,0.0,0.0,0.0
2026-03-04T21:32:47+00:00,1772659967.6775827,0.1,1.6,0.0,2304.0,16,13981585408,3042365440,82.1,17023950848,510570496,4.5,0.0,65519.22304593293,0.0,0.9997440039967793,34.4,0.0,0.0,0.0,0.0
2026-03-04T21:32:48+00:00,1772659968.6771114,1.1,4.8,0.0,2304.0,16,13980737536,3043213312,82.1,17023950848,510570496,4.5,0.0,8195.863149033938,0.0,2.0009431516196137,34.4,4997.355521169985,0.0,27.012732546864783,0.0
2026-03-04T21:32:49+00:00,1772659969.6772065,0.29375,1.6,0.0,2304.0,16,13978861568,3045089280,82.1,17023950848,510570496,4.5,0.0,69625.37660663937,0.0,1.9998097600712137,34.4,2988.715686426429,0.0,17.998287840640923,0.0
2026-03-04T21:32:50+00:00,1772659970.677563,1.075,3.2,0.0,2304.0,16,13981671424,3042279424,82.1,17023950848,510570496,4.5,0.0,0.0,0.0,0.0,34.4,0.0,0.0,0.0,0.0
2026-03-04T21:32:51+00:00,1772659971.6772735,2.45,6.3,0.0,2304.0,16,13981888512,3042062336,82.1,17023950848,510570496,4.5,0.0,102429.6472529805,0.0,5.001447619774439,34.4,6645.923597156274,0.0,36.010422862375954,0.0
2026-03-04T21:32:52+00:00,1772659972.6773877,0.6875,4.7,0.0,2304.0,16,13985308672,3038642176,82.2,17023950848,510570496,4.5,0.0,221158.74311877397,0.0,3.999543242165328,34.4,2988.6586877080413,0.0,17.997944589743973,0.0
2026-03-04T21:32:53+00:00,1772659973.6771183,0.39375000000000004,3.1,0.0,2304.0,16,13982597120,3041353728,82.1,17023950848,510570496,4.5,0.0,155689.94489424955,0.0,32.008623539113806,34.4,0.0,0.0,0.0,0.0
2026-03-04T21:32:54+00:00,1772659974.677197,3.4312500000000004,7.9,1.5,2304.0,16,13998313472,3025637376,82.2,17023950848,510570496,4.5,0.0,65530.8441556522,0.0,0.9999213280586579,34.4,6102.519865141989,0.0,29.997639841759735,0.0
2026-03-04T21:32:55+00:00,1772659975.6771934,1.3875,4.8,0.0,2304.0,16,13983715328,3040235520,82.1,17023950848,510570496,4.5,0.0,8192.029296979774,0.0,2.0000071525829526,34.4,3530.0126243089117,0.0,24.00008583099543,0.0
2026-03-04T21:32:56+00:00,1772659976.6771116,0.48125,3.1,0.0,2304.0,16,13983629312,3040321536,82.1,17023950848,510570496,4.5,81926.69976664065,77830.36477830862,3.0002453527822506,4.0003271370430005,34.4,0.0,0.0,0.0,0.0
2026-03-04T21:32:57+00:00,1772659977.6771047,2.04375,7.6,0.0,2304.0,16,13985525760,3038425088,82.2,17023950848,510570496,4.5,0.0,4096.0283205083115,0.0,1.0000069141865995,34.4,1649.0114014937028,54.00037336607638,9.000062227679397,1.0000069141865995
2026-03-04T21:32:58+00:00,1772659978.6773827,0.29375,3.1,0.0,2304.0,16,13985628160,3038322688,82.2,17023950848,510570496,4.5,0.0,0.0,0.0,0.0,34.4,0.0,0.0,0.0,0.0
2026-03-04T21:32:59+00:00,1772659979.677092,12.1375,18.8,7.7,2304.0,16,13997309952,3026640896,82.2,17023950848,510570496,4.5,32777.5262061227,589995.4717102086,1.0002907167395843,44.01279153654171,34.4,462.13431113368796,2.0005814334791685,53.01540798719797,2.0005814334791685
2026-03-04T21:33:00+00:00,1772659980.6770499,3.03125,9.2,0.0,2304.0,16,13990412288,3033538560,82.2,17023950848,510570496,4.5,0.0,77827.28431828602,0.0,10.000422018694236,34.4,1.0000422018694235,0.0,1.0000422018694235,0.0
2026-03-04T21:33:01+00:00,1772659981.6771293,0.85625,4.5,0.0,2304.0,16,13986525184,3037425664,82.2,17023950848,510570496,4.5,0.0,163826.9932201523,0.0,4.999603064579843,34.4,0.0,0.0,0.0,0.0
2026-03-04T21:33:02+00:00,1772659982.6773942,1.4875,3.2,0.0,2304.0,16,13985587200,3038363648,82.2,17023950848,510570496,4.5,0.0,0.0,0.0,0.0,34.4,1.9994703742061275,0.0,1.9994703742061275,0.0
2026-03-04T21:33:03+00:00,1772659983.6773796,1.375,6.2,0.0,2304.0,16,13984657408,3039293440,82.1,17023950848,510570496,4.5,0.0,69633.01271004089,0.0,2.0000290874896853,34.4,3.000043631234528,2.0000290874896853,3.000043631234528,2.0000290874896853
2026-03-04T21:33:04+00:00,1772659984.6771364,1.85,4.7,0.0,2304.0,16,13989982208,3033968640,82.2,17023950848,510570496,4.5,0.0,28678.974352321475,0.0,3.0007297383148863,34.4,54.01313528966796,54.01313528966796,1.0002432461049622,1.0002432461049622
2026-03-04T21:33:05+00:00,1772659985.6773999,3.79375,12.3,0.0,2304.0,16,13989662720,3034288128,82.2,17023950848,510570496,4.5,0.0,65518.73892247454,0.0,0.9997366168590476,34.4,1.9994732337180952,0.0,1.9994732337180952,0.0
2026-03-04T21:33:06+00:00,1772659986.677073,3.7875,7.7,1.6,2304.0,16,13988749312,3035201536,82.2,17023950848,510570496,4.5,0.0,16389.357219874488,0.0,3.000980936256315,34.4,1.000326978752105,0.0,1.000326978752105,0.0
2026-03-04T21:33:07+00:00,1772659987.6770995,1.5375,3.1,0.0,2304.0,16,13988139008,3035811840,82.2,17023950848,510570496,4.5,0.0,61438.37406646695,0.0,1.999947072476138,34.4,0.0,0.0,0.0,0.0
2026-03-04T21:33:08+00:00,1772659988.6772258,0.98125,4.7,0.0,2304.0,16,13982466048,3041484800,82.1,17023950848,510570496,4.5,0.0,8190.964974537729,0.0,1.9997473082367503,34.4,1.9997473082367503,0.0,1.9997473082367503,0.0
2026-03-04T21:33:09+00:00,1772659989.6774836,0.6875,3.1,0.0,2304.0,16,13977993216,3045957632,82.1,17023950848,510570496,4.5,0.0,65519.11372710729,0.0,0.9997423359238783,34.4,0.9997423359238783,0.0,0.9997423359238783,0.0
2026-03-04T21:33:10+00:00,1772659990.6770182,1.16875,6.2,0.0,2304.0,16,13983719424,3040231424,82.1,17023950848,510570496,4.5,0.0,114741.39985192083,0.0,11.005121707337551,34.4,0.0,0.0,0.0,0.0
2026-03-04T21:33:11+00:00,1772659991.6772203,0.6875,3.1,0.0,2304.0,16,13981659136,3042291712,82.1,17023950848,510570496,4.5,0.0,98284.12901749447,0.0,3.9991914476519566,34.4,1.9995957238259783,0.0,1.9995957238259783,0.0
2026-03-04T21:33:12+00:00,1772659992.6770842,3.23125,7.7,1.6,2304.0,16,13976457216,3047493632,82.1,17023950848,510570496,4.5,0.0,135186.40387263568,0.0,2.000272311088951,34.4,56.00762471049063,0.0,2.000272311088951,0.0
2026-03-04T21:33:13+00:00,1772659993.6772244,2.10625,6.2,0.0,2304.0,16,13981904896,3042045952,82.1,17023950848,510570496,4.5,0.0,0.0,0.0,0.0,34.4,204.97126505283092,131.9814974974326,2.9995794885780134,1.999719659052009
2026-03-04T21:33:14+00:00,1772659994.6773148,2.0625,6.5,0.0,2304.0,16,13976805376,3047145472,82.1,17023950848,510570496,4.5,0.0,4095.6299162535047,0.0,0.9999096475228283,34.4,1.9998192950456566,0.0,1.9998192950456566,0.0
2026-03-04T21:33:15+00:00,1772659995.677203,2.48125,9.0,0.0,2304.0,16,13983801344,3040149504,82.1,17023950848,510570496,4.5,303137.89636835974,81929.16118063776,10.00111830818332,8.000894646546657,34.4,1.000111830818332,0.0,1.000111830818332,0.0
2026-03-04T21:33:16+00:00,1772659996.677128,1.2750000000000001,4.7,0.0,2304.0,16,13981016064,3042934784,82.1,17023950848,510570496,4.5,151563.3465525669,36866.759972246,7.0005240832715385,6.000449214232748,34.4,175.01310208178847,0.0,3.000224607116374,0.0
2026-03-04T21:33:17+00:00,1772659997.6772313,2.95,4.8,1.6,2304.0,16,13983305728,3040645120,82.1,17023950848,510570496,4.5,0.0,0.0,0.0,0.0,34.4,6100.3702267865665,938.9030721115531,8.999070978704982,8.999070978704982
2026-03-04T21:33:18+00:00,1772659998.6775389,4.23125,7.8,0.0,2304.0,16,14007328768,3016622080,82.3,17023950848,510570496,4.5,0.0,139221.18113811774,0.0,9.996925345970082,34.4,60.9812446104175,41.98708645307435,1.9993850691940165,0.9996925345970082
2026-03-04T21:33:19+00:00,1772659999.6773179,0.6875,3.1,0.0,2304.0,16,13984092160,3039858688,82.1,17023950848,510570496,4.5,0.0,40969.05473559854,0.0,3.0006631886424713,34.4,0.0,0.0,0.0,0.0
2026-03-04T21:33:20+00:00,1772660000.6772346,0.475,3.1,0.0,2304.0,16,13977272320,3046678528,82.1,17023950848,510570496,4.5,0.0,0.0,0.0,0.0,34.4,2.000166430016536,0.0,2.000166430016536,0.0
2026-03-04T21:33:21+00:00,1772660001.6771107,1.08125,3.2,0.0,2304.0,16,13985189888,3038760960,82.2,17023950848,510570496,4.5,0.0,229404.44102605188,0.0,7.000867951234493,34.4,1.000123993033499,0.0,1.000123993033499,0.0
2026-03-04T21:33:22+00:00,1772660002.677474,1.46875,7.5,0.0,2304.0,16,13960937472,3063013376,82.0,17023950848,510570496,4.5,0.0,8189.024518640897,0.0,1.9992735641213129,34.4,0.0,0.0,0.0,0.0
2026-03-04T21:33:23+00:00,1772660003.6770563,1.28125,4.8,0.0,2304.0,16,13962047488,3061903360,82.0,17023950848,510570496,4.5,0.0,4097.711652473243,0.0,1.0004178839046003,34.4,0.0,0.0,0.0,0.0
2026-03-04T21:33:24+00:00,1772660004.6771579,6.6125,9.2,4.5,2304.0,16,13973278720,3050672128,82.1,17023950848,510570496,4.5,0.0,0.0,0.0,0.0,34.4,3407.6538971519026,5775.413412543835,50.994820643998544,8.999085995999742
2026-03-04T21:33:25+00:00,1772660005.6771133,2.1750000000000003,6.1,0.0,2304.0,16,13967429632,3056521216,82.0,17023950848,510570496,4.5,0.0,86019.83513192408,0.0,3.0001337587864145,34.4,295.01315294733075,815.0363378036426,5.000222931310691,6.000267517572829
2026-03-04T21:33:26+00:00,1772660006.677081,0.9750000000000001,6.2,0.0,2304.0,16,13968936960,3055013888,82.1,17023950848,510570496,4.5,0.0,561170.0621047936,0.0,44.001416251944065,34.4,84.0027037537114,54.0017381273859,1.0000321875441833,1.0000321875441833
2026-03-04T21:33:27+00:00,1772660007.6769938,0.48750000000000004,1.6,0.0,2304.0,16,13958971392,3064979456,82.0,17023950848,510570496,4.5,8192.714906133568,258070.51954320737,1.0000872688151328,20.001745376302654,34.4,228.01989728985026,112.00977410729486,4.000349075260531,2.0001745376302655
2026-03-04T21:33:28+00:00,1772660008.6769156,2.50625,4.6,0.0,2304.0,16,13967466496,3056484352,82.0,17023950848,510570496,4.5,0.0,0.0,0.0,0.0,34.4,1.000078207409866,0.0,1.000078207409866,0.0
2026-03-04T21:33:29+00:00,1772660009.6769984,3.725,13.8,0.0,2304.0,16,13959532544,3064418304,82.0,17023950848,510570496,4.5,0.0,81913.22321690172,0.0,4.999586377984724,34.4,427.9645939554924,0.0,5.999503653581669,0.0
2026-03-04T21:33:30+00:00,1772660010.6772335,1.3375,4.5,0.0,2304.0,16,13968138240,3055812608,82.0,17023950848,510570496,4.5,0.0,36855.33602110939,0.0,1.9995299490619243,34.4,427.8994090992518,0.0,5.998589847185773,0.0
2026-03-04T21:33:31+00:00,1772660011.677231,1.16875,4.6,0.0,2304.0,16,13982756864,3041193984,82.1,17023950848,510570496,4.5,0.0,45056.107422131114,0.0,5.000011920957377,34.4,428.00102043395145,0.0,6.000014305148852,0.0
2026-03-04T21:33:32+00:00,1772660012.677108,1.3125,11.6,0.0,2304.0,16,13968707584,3055243264,82.1,17023950848,510570496,4.5,0.0,65544.06349200294,0.0,1.00012303912358,34.4,428.0526607448922,0.0,6.00073823474148,0.0
2026-03-04T21:33:33+00:00,1772660013.6771913,0.48750000000000004,3.1,0.0,2304.0,16,13965238272,3058712576,82.0,17023950848,510570496,4.5,0.0,4095.6592080441455,0.0,0.9999167988389027,34.4,0.9999167988389027,0.0,0.9999167988389027,0.0
2026-03-04T21:33:34+00:00,1772660014.6772614,3.3000000000000003,11.9,0.0,2304.0,16,13966884864,3057065984,82.0,17023950848,510570496,4.5,0.0,4095.712910748539,0.0,0.9999299098507175,34.4,0.0,0.0,0.0,0.0
2026-03-04T21:33:35+00:00,1772660015.6774347,0.19375,1.6,0.0,2304.0,16,13961674752,3062276096,82.0,17023950848,510570496,4.5,0.0,0.0,0.0,0.0,34.4,0.0,0.0,0.0,0.0
2026-03-04T21:33:36+00:00,1772660016.6774008,2.6375,6.2,0.0,2304.0,16,13974138880,3049811968,82.1,17023950848,510570496,4.5,0.0,94211.18956110899,0.0,4.000135426337848,34.4,0.0,0.0,0.0,0.0
2026-03-04T21:33:37+00:00,1772660017.6774952,2.8000000000000003,7.7,0.0,2304.0,16,13967015936,3056934912,82.0,17023950848,510570496,4.5,16382.453271032493,45051.74649533936,0.9999055951557918,3.999622380623167,34.4,148.98593367821297,0.0,2.9997167854673754,0.0
2026-03-04T21:33:38+00:00,1772660018.6770315,2.1625,4.8,0.0,2304.0,16,13968588800,3055362048,82.1,17023950848,510570496,4.5,0.0,4097.900295275285,0.0,1.0004639392761927,34.4,1.0004639392761927,358.166090260877,1.0004639392761927,1.0004639392761927
2026-03-04T21:33:39+00:00,1772660019.6774328,1.5750000000000002,6.2,0.0,2304.0,16,13966344192,3057606656,82.0,17023950848,510570496,4.5,0.0,0.0,0.0,0.0,34.4,0.9995989024751507,0.0,0.9995989024751507,0.0
2026-03-04T21:33:40+00:00,1772660020.6771524,1.0875000000000001,3.2,0.0,2304.0,16,13963415552,3060535296,82.0,17023950848,510570496,4.5,0.0,4097.1487595895,0.0,1.0002804588841552,34.4,1.0002804588841552,0.0,1.0002804588841552,0.0
2026-03-04T21:33:41+00:00,1772660021.6771228,0.2,1.6,0.0,2304.0,16,13970587648,3053363200,82.1,17023950848,510570496,4.5,0.0,364554.7776623798,0.0,13.000384342112165,34.4,1.0000295647778588,0.0,1.0000295647778588,0.0
2026-03-04T21:33:42+00:00,1772660022.6774654,1.06875,3.1,0.0,2304.0,16,13965053952,3058896896,82.0,17023950848,510570496,4.5,0.0,241581.23245834289,0.0,29.989725295245822,34.4,0.9996575098415273,0.0,0.9996575098415273,0.0
2026-03-04T21:33:43+00:00,1772660023.677042,2.13125,4.7,0.0,2304.0,16,13970329600,3053621248,82.1,17023950848,510570496,4.5,0.0,0.0,0.0,0.0,34.4,0.0,0.0,0.0,0.0
2026-03-04T21:33:44+00:00,1772660024.677047,1.7625,4.7,0.0,2304.0,16,13981114368,3042836480,82.1,17023950848,510570496,4.5,0.0,73727.6308612232,0.0,1.9999899864698134,34.4,525.9973664415609,748.9962499329451,5.99996995940944,4.999974966174533
2026-03-04T21:33:45+00:00,1772660025.6773124,3.5125,9.4,0.0,2304.0,16,13970796544,3053154304,82.1,17023950848,510570496,4.5,0.0,4094.913374284368,0.0,0.9997347105186445,34.4,0.0,0.0,0.0,0.0
2026-03-04T21:33:46+00:00,1772660026.6770465,1.96875,6.2,0.0,2304.0,16,13975994368,3047956480,82.1,17023950848,510570496,4.5,0.0,221242.81446316873,0.0,6.001595444421895,34.4,1.000265907403649,0.0,1.000265907403649,0.0
2026-03-04T21:33:47+00:00,1772660027.6771085,2.89375,7.7,0.0,2304.0,16,13978132480,3045818368,82.1,17023950848,510570496,4.5,0.0,28670.222766418632,0.0,3.9997520600472423,34.4,3525.781440931644,4970.69187262371,10.999318165129916,7.9995041200944845
2026-03-04T21:33:48+00:00,1772660028.6770666,1.58125,4.7,0.0,2304.0,16,13973987328,3049963520,82.1,17023950848,510570496,4.5,0.0,28673.20317548725,0.0,3.0001258902923325,34.4,271.0113720897407,875.0367180019304,6.000251780584665,9.000377670876997
2026-03-04T21:33:49+00:00,1772660029.6774647,3.0500000000000003,6.3,0.0,2304.0,16,13974372352,3049578496,82.1,17023950848,510570496,4.5,0.0,221095.96864422897,0.0,3.998407997761664,34.4,55.97771196866329,65.97373196306745,1.999203998880832,0.999601999440416
2026-03-04T21:33:50+00:00,1772660030.677094,3.29375,9.2,0.0,2304.0,16,13975015424,3048935424,82.1,17023950848,510570496,4.5,0.0,0.0,0.0,0.0,34.4,1.0003708783902876,0.0,1.0003708783902876,0.0
2026-03-04T21:33:51+00:00,1772660031.677256,1.45625,4.7,0.0,2304.0,16,13975228416,3048722432,82.1,17023950848,510570496,4.5,0.0,12286.008135430315,0.0,2.9995137049390417,34.4,0.9998379016463471,0.0,0.9998379016463471,0.0
2026-03-04T21:33:52+00:00,1772660032.6774862,1.96875,7.7,0.0,2304.0,16,13979598848,3044352000,82.1,17023950848,510570496,4.5,0.0,12285.173501866031,0.0,1.9995399579860076,34.4,0.0,0.0,0.0,0.0
2026-03-04T21:33:53+00:00,1772660033.6775272,3.29375,10.6,0.0,2304.0,16,13974478848,3049472000,82.1,17023950848,510570496,4.5,0.0,135162.45725854672,0.0,2.9998769810579438,34.4,0.0,0.0,0.0,0.0
2026-03-04T21:33:54+00:00,1772660034.6772819,3.7625,10.6,0.0,2304.0,16,13982146560,3041804288,82.1,17023950848,510570496,4.5,0.0,0.0,0.0,0.0,34.4,0.0,0.0,0.0,0.0
2026-03-04T21:33:55+00:00,1772660035.677095,1.45625,9.2,0.0,2304.0,16,13992484864,3031465984,82.2,17023950848,510570496,4.5,0.0,12290.297304412523,0.0,2.0003739102233924,34.4,0.0,0.0,0.0,0.0
2026-03-04T21:33:56+00:00,1772660036.6771393,0.7875000000000001,3.1,0.0,2304.0,16,13980340224,3043610624,82.1,17023950848,510570496,4.5,0.0,258036.55714806807,0.0,35.99840361998717,34.4,0.0,0.0,0.0,0.0
2026-03-04T21:33:57+00:00,1772660037.677127,2.05625,6.2,0.0,2304.0,16,13981339648,3042611200,82.1,17023950848,510570496,4.5,24576.30469127749,741385.1915202043,1.0000123979198199,72.00089265022703,34.4,55.00068188559009,0.0,1.0000123979198199,0.0
2026-03-04T21:33:58+00:00,1772660038.6770473,1.55,3.1,0.0,2304.0,16,13979275264,3044675584,82.1,17023950848,510570496,4.5,0.0,0.0,0.0,0.0,34.4,55.004380098093215,0.0,1.0000796381471493,0.0
2026-03-04T21:33:59+00:00,1772660039.677589,1.71875,4.6,0.0,2304.0,16,13980803072,3043147776,82.1,17023950848,510570496,4.5,0.0,147376.16824382544,0.0,30.98321679388149,34.4,0.0,0.0,0.0,0.0
2026-03-04T21:34:00+00:00,1772660040.6773381,1.66875,4.8,0.0,2304.0,16,13984137216,3039813632,82.1,17023950848,510570496,4.5,0.0,4097.02760148925,0.0,1.0002508792698364,34.4,0.0,0.0,0.0,0.0
2026-03-04T21:34:01+00:00,1772660041.6771014,1.5875000000000001,6.2,0.0,2304.0,16,13983145984,3040804864,82.1,17023950848,510570496,4.5,0.0,81939.3991239858,0.0,3.000710417138152,34.4,55.01302431419945,0.0,1.0002368057127173,0.0
2026-03-04T21:34:02+00:00,1772660042.677225,0.875,3.1,0.0,2304.0,16,13983600640,3040350208,82.1,17023950848,510570496,4.5,0.0,90100.85098894518,0.0,2.9996288282008563,34.4,0.0,0.0,0.0,0.0
2026-03-04T21:34:03+00:00,1772660043.677124,0.9625,3.1,0.0,2304.0,16,13982113792,3041837056,82.1,17023950848,510570496,4.5,0.0,73735.45387850868,0.0,2.0002021993953094,34.4,0.0,0.0,0.0,0.0
2026-03-04T21:34:04+00:00,1772660044.6774914,3.15625,7.8,0.0,2304.0,16,13979205632,3044745216,82.1,17023950848,510570496,4.5,0.0,4094.4956698829437,0.0,0.9996327319050156,34.4,0.0,0.0,0.0,0.0
2026-03-04T21:34:05+00:00,1772660045.6773443,0.8500000000000001,5.9,0.0,2304.0,16,13981716480,3042234368,82.1,17023950848,510570496,4.5,0.0,0.0,0.0,0.0,34.4,0.0,0.0,0.0,0.0
2026-03-04T21:34:06+00:00,1772660046.6771262,1.4875,6.2,0.0,2304.0,16,13982871552,3041079296,82.1,17023950848,510570496,4.5,0.0,4096.89374966167,0.0,1.0002182006009936,34.4,0.0,0.0,0.0,0.0
2026-03-04T21:34:07+00:00,1772660047.6770113,0.48125,1.6,0.0,2304.0,16,13978738688,3045212160,82.1,17023950848,510570496,4.5,0.0,16385.883028893455,0.0,3.0003447928882054,34.4,0.0,0.0,0.0,0.0
2026-03-04T21:34:08+00:00,1772660048.6774983,2.6125,7.6,0.0,2304.0,16,13990494208,3033456640,82.2,17023950848,510570496,4.5,0.0,8188.011708278653,0.0,1.999026295966468,34.4,0.0,0.0,0.0,0.0
2026-03-04T21:34:09+00:00,1772660049.6769185,2.15,4.6,1.5,2304.0,16,13978984448,3044966400,82.1,17023950848,510570496,4.5,0.0,0.0,0.0,0.0,34.4,0.0,0.0,0.0,0.0
2026-03-04T21:34:10+00:00,1772660050.677427,1.3625,6.2,0.0,2304.0,16,13979099136,3044851712,82.1,17023950848,510570496,4.5,0.0,4093.9180509560847,0.0,0.9994917116592004,34.4,54.97204414125602,0.0,0.9994917116592004,0.0
2026-03-04T21:34:11+00:00,1772660051.6771135,1.3625,3.1,0.0,2304.0,16,13978300416,3045650432,82.1,17023950848,510570496,4.5,0.0,69653.83790131574,0.0,2.0006272375148133,34.4,0.0,66.02069883798885,0.0,1.0003136187574067
2026-03-04T21:34:12+00:00,1772660052.6771061,0.58125,3.1,0.0,2304.0,16,13978005504,3045945344,82.1,17023950848,510570496,4.5,0.0,163841.21094645007,0.0,5.000036955152895,34.4,0.0,0.0,0.0,0.0
2026-03-04T21:34:13+00:00,1772660053.6771,2.4562500000000003,6.2,0.0,2304.0,16,13980876800,3043074048,82.1,17023950848,510570496,4.5,0.0,81920.50781564788,0.0,1.000006198921483,34.4,0.0,0.0,0.0,0.0
2026-03-04T21:34:14+00:00,1772660054.6771376,0.48125,3.1,0.0,2304.0,16,13979447296,3044503552,82.1,17023950848,510570496,4.5,0.0,61437.68563405748,0.0,1.9999246625669753,34.4,0.0,0.0,0.0,0.0
2026-03-04T21:34:15+00:00,1772660055.6771152,1.55625,6.1,0.0,2304.0,16,13979729920,3044220928,82.1,17023950848,510570496,4.5,0.0,16384.36719572935,0.0,4.000089647394861,34.4,0.0,0.0,0.0,0.0
2026-03-04T21:34:16+00:00,1772660056.6771019,0.59375,4.7,0.0,2304.0,16,13977378816,3046572032,82.1,17023950848,510570496,4.5,0.0,69632.92969991283,0.0,2.000026703237386,34.4,0.0,0.0,0.0,0.0
2026-03-04T21:34:17+00:00,1772660057.6771111,2.31875,6.1,0.0,2304.0,16,13968568320,3055382528,82.1,17023950848,510570496,4.5,0.0,8191.923828833264,0.0,1.9999814035237462,34.4,0.0,0.0,0.0,0.0
2026-03-04T21:34:18+00:00,1772660058.6773245,1.26875,6.2,0.0,2304.0,16,13981057024,3042893824,82.1,17023950848,510570496,4.5,0.0,32761.009304207022,0.0,2.999359982684969,34.4,0.0,0.0,0.0,0.0
2026-03-04T21:34:19+00:00,1772660059.677398,0.9625,3.1,0.0,2304.0,16,13974859776,3049091072,82.1,17023950848,510570496,4.5,0.0,69626.88709420561,0.0,1.9998531449392698,34.4,0.0,0.0,0.0,0.0
2026-03-04T21:34:20+00:00,1772660060.677114,2.1375,6.0,0.0,2304.0,16,13980053504,3043897344,82.1,17023950848,510570496,4.5,0.0,65554.61466075444,0.0,1.000284037181922,34.4,0.0,0.0,0.0,0.0
2026-03-04T21:34:21+00:00,1772660061.6769989,1.36875,6.1,0.0,2304.0,16,13992517632,3031433216,82.2,17023950848,510570496,4.5,0.0,4096.4717340105835,0.0,1.0001151694361776,34.4,0.0,0.0,0.0,0.0
2026-03-04T21:34:22+00:00,1772660062.6771183,1.1812500000000001,6.2,0.0,2304.0,16,13979054080,3044896768,82.1,17023950848,510570496,4.5,0.0,94196.74841428862,0.0,3.999522266231684,34.4,0.0,0.0,0.0,0.0
2026-03-04T21:34:23+00:00,1772660063.677086,0.95,3.1,0.0,2304.0,16,13977341952,3046608896,82.1,17023950848,510570496,4.5,0.0,81922.6368036195,0.0,3.00009656263255,34.4,0.0,0.0,0.0,0.0
2026-03-04T21:34:24+00:00,1772660064.677115,2.53125,6.2,0.0,2304.0,16,13974056960,3049893888,82.1,17023950848,510570496,4.5,0.0,0.0,0.0,0.0,34.4,0.0,0.0,0.0,0.0
2026-03-04T21:34:25+00:00,1772660065.6774743,0.7937500000000001,3.2,0.0,2304.0,16,13972152320,3051798528,82.1,17023950848,510570496,4.5,0.0,8189.057697784767,0.0,0.999640832249117,34.4,0.0,0.0,0.0,0.0
2026-03-04T21:34:26+00:00,1772660066.677396,2.93125,12.5,0.0,2304.0,16,13971673088,3052277760,82.1,17023950848,510570496,4.5,0.0,421920.99476773356,0.0,38.00297188157491,34.4,0.0,0.0,0.0,0.0
2026-03-04T21:34:27+00:00,1772660067.6773868,0.68125,3.1,0.0,2304.0,16,13971259392,3052691456,82.1,17023950848,510570496,4.5,0.0,122881.14258874916,0.0,16.000148774576715,34.4,228.00212003771816,112.00104142203699,4.000037193644179,2.0000185968220894
2026-03-04T21:34:28+00:00,1772660068.677421,5.025,14.3,0.0,2304.0,16,13966110720,3057840128,82.0,17023950848,510570496,4.5,0.0,0.0,0.0,0.0,34.4,0.0,0.0,0.0,0.0
2026-03-04T21:34:29+00:00,1772660069.677382,1.05625,4.6,0.0,2304.0,16,13962981376,3060969472,82.0,17023950848,510570496,4.5,0.0,81923.20325024916,0.0,5.000195510879466,34.4,0.0,0.0,0.0,0.0
2026-03-04T21:34:30+00:00,1772660070.6770039,0.775,6.2,0.0,2304.0,16,13965594624,3058356224,82.0,17023950848,510570496,4.5,0.0,69658.34003813278,0.0,3.001134824712752,34.4,0.0,0.0,0.0,0.0
2026-03-04T21:34:31+00:00,1772660071.676977,2.15625,6.2,1.5,2304.0,16,13963632640,3060318208,82.0,17023950848,510570496,4.5,0.0,24576.662127213567,0.0,6.00016165215175,34.4,0.0,0.0,0.0,0.0
2026-03-04T21:34:32+00:00,1772660072.677322,2.23125,9.2,0.0,2304.0,16,13967163392,3056787456,82.0,17023950848,510570496,4.5,0.0,159688.90865449357,0.0,3.998620509177022,34.4,0.0,0.0,0.0,0.0
2026-03-04T21:34:33+00:00,1772660073.6772294,0.6875,4.7,0.0,2304.0,16,13963636736,3060314112,82.0,17023950848,510570496,4.5,86023.95776739449,20481.894706522497,4.000370059867675,4.000370059867675,34.4,0.0,0.0,0.0,0.0
2026-03-04T21:34:34+00:00,1772660074.6769822,0.8812500000000001,4.7,0.0,2304.0,16,13965324288,3058626560,82.0,17023950848,510570496,4.5,0.0,8194.025891506551,0.0,2.0004946024185917,34.4,55.01360156651127,66.01632187981352,1.0002473012092958,1.0002473012092958
2026-03-04T21:34:35+00:00,1772660075.6772344,2.9,7.7,1.5,2304.0,16,13963833344,3060117504,82.0,17023950848,510570496,4.5,12284.901172294549,0.0,0.9997478167557412,0.0,34.4,0.0,0.0,0.0,0.0
2026-03-04T21:34:36+00:00,1772660076.6772401,0.58125,3.1,0.0,2304.0,16,13952774144,3071176704,82.0,17023950848,510570496,4.5,0.0,4095.9765626341095,0.0,0.9999942779868431,34.4,0.0,0.0,0.0,0.0
2026-03-04T21:34:37+00:00,1772660077.6771145,3.3125,7.7,0.0,2304.0,16,13954682880,3069267968,82.0,17023950848,510570496,4.5,0.0,20482.573565547238,0.0,4.000502649520945,34.4,6323.7945632302335,6776.851488288481,15.001884935703544,17.002136260464017
2026-03-04T21:34:38+00:00,1772660078.6774707,3.19375,9.4,0.0,2304.0,16,13947265024,3076685824,81.9,17023950848,510570496,4.5,0.0,237483.40903732734,0.0,4.9982196473710125,34.4,0.0,0.0,0.0,0.0
2026-03-04T21:34:39+00:00,1772660079.6772902,2.05,4.7,0.0,2304.0,16,13948493824,3075457024,81.9,17023950848,510570496,4.5,0.0,65547.83026015924,0.0,1.0001805154443244,34.4,0.0,0.0,0.0,0.0
2026-03-04T21:34:40+00:00,1772660080.6769428,6.225,10.8,1.6,2304.0,16,13947826176,3076124672,81.9,17023950848,510570496,4.5,0.0,4097.423345998554,0.0,1.0003474965816783,34.4,0.0,0.0,0.0,0.0
2026-03-04T21:34:41+00:00,1772660081.6771376,4.79375,10.4,1.5,2304.0,16,13949042688,3074908160,81.9,17023950848,510570496,4.5,0.0,114665.66450693556,0.0,4.999026249779208,34.4,0.0,0.0,0.0,0.0
2026-03-04T21:34:42+00:00,1772660082.6770425,0.6000000000000001,3.2,0.0,2304.0,16,13944266752,3079684096,81.9,17023950848,510570496,4.5,0.0,114698.91119422113,0.0,4.000380552253806,34.4,54.005137455426386,0.0,1.0000951380634515,0.0
2026-03-04T21:34:43+00:00,1772660083.677033,1.56875,6.2,0.0,2304.0,16,13933633536,3090317312,81.8,17023950848,510570496,4.5,0.0,0.0,0.0,0.0,34.4,54.00051498904218,0.0,1.0000095368341144,0.0
2026-03-04T21:34:44+00:00,1772660084.6770546,1.3687500000000001,4.7,0.0,2304.0,16,13939380224,3084570624,81.9,17023950848,510570496,4.5,0.0,73726.40042532951,0.0,1.9999566087600238,34.4,0.0,0.0,0.0,0.0
2026-03-04T21:34:45+00:00,1772660085.6773183,3.9375,9.2,1.5,2304.0,16,13947006976,3076943872,81.9,17023950848,510570496,4.5,0.0,4094.920206606744,0.0,0.9997363785660996,34.4,0.0,0.0,0.0,0.0
2026-03-04T21:34:46+00:00,1772660086.676936,1.76875,6.2,0.0,2304.0,16,13938393088,3085557760,81.9,17023950848,510570496,4.5,0.0,229463.75230853626,0.0,16.00612111527178,34.4,54.02065876404227,0.0,1.0003825697044864,0.0
2026-03-04T21:34:47+00:00,1772660087.6771605,2.40625,7.8,0.0,2304.0,16,13939347456,3084603392,81.9,17023950848,510570496,4.5,0.0,171993.37195673387,0.0,4.998877300639819,34.4,0.0,53.98787484691005,0.0,0.9997754601279639
2026-03-04T21:34:48+00:00,1772660088.6772778,1.575,4.6,0.0,2304.0,16,13940895744,3083055104,81.9,17023950848,510570496,4.5,0.0,196584.94020495872,0.0,32.99612948996805,34.4,0.0,0.0,0.0,0.0
2026-03-04T21:34:49+00:00,1772660089.6770606,0.7875000000000001,4.7,0.0,2304.0,16,13923794944,3100155904,81.8,17023950848,510570496,4.5,0.0,127003.58509302611,0.0,3.0006517395340717,34.4,0.0,0.0,0.0,0.0
2026-03-04T21:34:50+00:00,1772660090.6770568,4.9625,10.9,1.5,2304.0,16,13921447936,3102502912,81.8,17023950848,510570496,4.5,16384.06250023842,0.0,1.0000038147118175,0.0,34.4,0.0,0.0,0.0,0.0
2026-03-04T21:34:51+00:00,1772660091.6775727,1.9375,4.5,0.0,2304.0,16,13921845248,3102105600,81.8,17023950848,510570496,4.5,65502.204936151065,4093.8878085094416,0.9994843282493754,0.9994843282493754,34.4,0.0,0.0,0.0,0.0
2026-03-04T21:34:52+00:00,1772660092.6771135,0.6875,3.1,0.0,2304.0,16,13920137216,3103813632,81.8,17023950848,510570496,4.5,0.0,163915.26893805855,0.0,5.002297025697588,34.4,0.0,0.0,0.0,0.0
2026-03-04T21:34:53+00:00,1772660093.677107,0.48124999999999996,4.6,0.0,2304.0,16,13924663296,3099287552,81.8,17023950848,510570496,4.5,0.0,12288.079102071704,0.0,2.0000128746861496,34.4,0.0,142.00091410271662,0.0,1.0000064373430748
2026-03-04T21:34:54+00:00,1772660094.6772432,1.6375,6.1,0.0,2304.0,16,13926023168,3097927680,81.8,17023950848,510570496,4.5,8190.884917429005,0.0,1.9997277630441908,0.0,34.4,0.0,0.0,0.0,0.0
2026-03-04T21:34:55+00:00,1772660095.677273,19.08125,53.8,1.6,2304.0,16,14023610368,3000340480,82.4,17023950848,510570496,4.5,32701489.41966976,1912774.994862948,911.972821091977,211.99368209594203,34.4,1561.9534501597238,1212.963850860272,11.99964238278917,11.99964238278917
2026-03-04T21:34:56+00:00,1772660096.677179,7.95,18.5,1.6,2304.0,16,14015066112,3008884736,82.3,17023950848,510570496,4.5,593975.7962569535,2326746.567406549,23.00216075213822,228.0214196298919,34.4,12048.131764391701,19465.828559983405,42.00394572129588,37.00347599257018
2026-03-04T21:34:57+00:00,1772660097.6771119,4.26875,18.8,0.0,2304.0,16,14012764160,3011186688,82.3,17023950848,510570496,4.5,3731706.897728243,1130572.012923156,59.00396707504157,142.0095478755238,34.4,6812.458029070902,11749.789985841753,23.001546486880613,31.002084395360825
2026-03-04T21:34:58+00:00,1772660098.676926,6.4375,18.8,1.6,2304.0,16,14035374080,2988576768,82.4,17023950848,510570496,4.5,3614368.1513648187,1126609.5116183907,122.02269213196348,131.0243661416985,34.4,675.1255507301258,739.1374547993526,6.001116006490007,4.0007440043266715
2026-03-04T21:34:59+00:00,1772660099.677348,1.975,6.2,0.0,2304.0,16,14015741952,3008208896,82.3,17023950848,510570496,4.5,0.0,73696.89984304376,0.0,15.993250833993871,34.4,18813.060871662416,4356.161695909081,13.994094479744637,19.99156354249234
2026-03-04T21:35:00+00:00,1772660100.677039,1.9375,4.7,0.0,2304.0,16,14017732608,3006218240,82.3,17023950848,510570496,4.5,0.0,110626.18243704758,0.0,27.00834532154482,34.4,0.0,108.03338128617928,0.0,2.0006181719662828
2026-03-04T21:35:01+00:00,1772660101.6771023,1.48125,6.3,0.0,2304.0,16,14020104192,3003846656,82.4,17023950848,510570496,4.5,0.0,94202.02576950677,0.0,11.999239016156602,34.4,0.0,0.0,0.0,0.0
2026-03-04T21:35:02+00:00,1772660102.6775231,1.1875,4.8,0.0,2304.0,16,14019436544,3004514304,82.4,17023950848,510570496,4.5,0.0,126922.58985826973,0.0,2.9987381046403194,34.4,0.0,0.0,0.0,0.0
2026-03-04T21:35:03+00:00,1772660103.6772537,1.44375,6.2,0.0,2304.0,16,14018199552,3005751296,82.3,17023950848,510570496,4.5,0.0,40971.03813006567,0.0,9.002425370375759,34.4,0.0,0.0,0.0,0.0
2026-03-04T21:35:04+00:00,1772660104.6769645,0.1,1.6,0.0,2304.0,16,14018023424,3005927424,82.3,17023950848,510570496,4.5,0.0,4097.184912991394,0.0,1.0002892853982897,34.4,0.0,54.015621411507645,0.0,1.0002892853982897
2026-03-04T21:35:05+00:00,1772660105.6773906,3.51875,9.2,0.0,2304.0,16,14012317696,3011633152,82.3,17023950848,510570496,4.5,0.0,0.0,0.0,0.0,34.4,0.0,0.0,0.0,0.0
2026-03-04T21:35:06+00:00,1772660106.6773472,0.675,4.5,0.0,2304.0,16,14015299584,3008651264,82.3,17023950848,510570496,4.5,0.0,180231.82065185515,0.0,16.000694305029754,34.4,0.0,0.0,0.0,0.0
2026-03-04T21:35:07+00:00,1772660107.6774552,1.8125,9.1,0.0,2304.0,16,14009835520,3014115328,82.3,17023950848,510570496,4.5,0.0,8191.115329922568,0.0,1.999784016094377,34.4,0.0,0.0,0.0,0.0
2026-03-04T21:35:08+00:00,1772660108.6770997,0.7875000000000001,4.7,0.0,2304.0,16,14015922176,3008028672,82.3,17023950848,510570496,4.5,0.0,114728.78402924242,0.0,6.002133651083414,34.4,0.0,0.0,0.0,0.0
2026-03-04T21:35:09+00:00,1772660109.6774487,3.38125,7.6,0.0,2304.0,16,14008889344,3015061504,82.3,17023950848,510570496,4.5,0.0,0.0,0.0,0.0,34.4,0.0,0.0,0.0,0.0
2026-03-04T21:35:10+00:00,1772660110.677099,2.55625,6.2,0.0,2304.0,16,14016114688,3007836160,82.3,17023950848,510570496,4.5,0.0,4097.433118435083,0.0,1.0003498824304402,34.4,0.0,0.0,0.0,0.0
2026-03-04T21:35:11+00:00,1772660111.6772175,0.68125,4.7,0.0,2304.0,16,14018224128,3005726720,82.3,17023950848,510570496,4.5,81910.29411883901,4095.5147059419505,1.999763040010718,0.999881520005359,34.4,0.0,0.0,0.0,0.0
2026-03-04T21:35:12+00:00,1772660112.6773746,0.7937500000000001,3.2,0.0,2304.0,16,14018502656,3005448192,82.3,17023950848,510570496,4.5,0.0,135146.76603154783,0.0,4.9992145341925545,34.4,0.0,0.0,0.0,0.0
2026-03-04T21:35:13+00:00,1772660113.6773384,2.06875,4.7,0.0,2304.0,16,14018883584,3005067264,82.3,17023950848,510570496,4.5,0.0,0.0,0.0,0.0,34.4,0.0,0.0,0.0,0.0
2026-03-04T21:35:14+00:00,1772660114.6771173,4.10625,14.3,0.0,2304.0,16,14028500992,2995449856,82.4,17023950848,510570496,4.5,2874491.3028864325,49162.86568271825,94.02077991079743,11.002431691689061,34.4,885.195640649529,9696.142983566706,9.001989565927413,10.002210628808237
2026-03-04T21:35:15+00:00,1772660115.677183,2.125,7.8,0.0,2304.0,16,14026801152,2997149696,82.4,17023950848,510570496,4.5,61435.971943787445,208882.3046088773,0.9999344391892487,27.998164297298967,34.4,13174.136236318353,33098.829871603324,14.999016587838732,30.997967614866713
2026-03-04T21:35:16+00:00,1772660116.6773367,8.2125,41.5,1.6,2304.0,16,14086230016,2937720832,82.7,17023950848,510570496,4.5,18208527.8928807,749452.7491685834,355.9452627433611,57.991082132345355,34.4,16521.459330256457,12666.052214699153,21.99661736054479,20.99677111688366
2026-03-04T21:35:17+00:00,1772660117.6771562,0.7937500000000001,3.1,0.0,2304.0,16,14080733184,2943217664,82.7,17023950848,510570496,4.5,196643.49078047773,4096.739391259953,5.000902577221622,1.0001805154443244,34.4,18844.401091486514,4773.8616002157605,14.00252721622054,26.004693401552434
2026-03-04T21:35:18+00:00,1772660118.6772044,1.28125,4.8,0.0,2304.0,16,14077472768,2946478080,82.7,17023950848,510570496,4.5,65532.843901999426,131065.68780399885,0.9999518417663487,14.99927762649523,34.4,243417.2768893405,8524.589451058122,27.998651569457763,128.99378758785898
2026-03-04T21:35:19+00:00,1772660119.6773696,3.775,19.7,0.0,2304.0,16,14089564160,2934386688,82.8,17023950848,510570496,4.5,176098.90422138563,372674.4252126998,5.999008819315008,34.99421811267088,34.4,53.99107937383507,2358.6103007940173,0.999834803219168,14.99752204828752
2026-03-04T21:35:20+00:00,1772660120.6774056,4.7125,21.9,0.0,2304.0,16,14033981440,2989969408,82.4,17023950848,510570496,4.5,888800.0021285245,1257426.7311219217,14.999460001358937,159.99424001449532,34.4,107.99611200978434,53.99805600489217,1.9999280001811917,0.9999640000905958
2026-03-04T21:35:21+00:00,1772660121.6771016,1.34375,3.1,0.0,2304.0,16,14042644480,2981306368,82.5,17023950848,510570496,4.5,0.0,49166.945949574874,0.0,11.003344837347893,34.4,0.0,0.0,0.0,0.0
2026-03-04T21:35:22+00:00,1772660122.6773577,0.86875,6.2,0.0,2304.0,16,14042648576,2981302272,82.5,17023950848,510570496,4.5,257981.9407433609,753471.0650282287,0.9997440039967793,74.98080029975844,34.4,3263.164429045488,4943.734099764074,9.997440039967794,9.997440039967794
2026-03-04T21:35:23+00:00,1772660123.6771255,0.8625,9.1,0.0,2304.0,16,14034243584,2989707264,82.4,17023950848,510570496,4.5,0.0,221235.375211586,0.0,8.001858189076462,34.4,108.02508555253223,489.1135818072987,2.0004645472691154,3.000696820903673
2026-03-04T21:35:24+00:00,1772660124.6775804,1.38125,4.7,0.0,2304.0,16,14032449536,2991501312,82.4,17023950848,510570496,4.5,0.0,0.0,0.0,0.0,34.4,0.0,0.0,0.0,0.0
2026-03-04T21:35:25+00:00,1772660125.6770308,1.14375,6.2,0.0,2304.0,16,14032166912,2991783936,82.4,17023950848,510570496,4.5,0.0,12294.756642833168,0.0,3.0016495710041915,34.4,0.0,0.0,0.0,0.0
2026-03-04T21:35:26+00:00,1772660126.676961,29.5875,55.4,3.1,2304.0,16,14139682816,2884268032,83.1,17023950848,510439424,4.5,44822075.119730495,12481383.907588225,3084.2154529399186,179.01250521279033,34.4,9709.678285536209,30557.134618864853,25.00174653809921,35.00244515333889
2026-03-04T21:35:27+00:00,1772660127.6770391,20.63125,75.4,1.5,2304.0,16,14152527872,2871422976,83.1,17023950848,510439424,4.5,19459086.274274357,17078984.401320543,2631.7941902889215,2441.809047372928,34.4,14368.87633527804,44001.55902114893,63.99499550854521,74.99413536157641
2026-03-04T21:35:28+00:00,1772660128.6769881,13.94375,89.1,3.1,2304.0,16,14112301056,2911649792,82.9,17023950848,510439424,4.5,28062103.772758335,2318454.291191653,124.00632699822846,172.00877615883303,34.4,673.0343392726431,14144.721685991479,11.00056126597188,17.00086741104745
2026-03-04T21:35:29+00:00,1772660129.677085,6.86875,50.0,0.0,2304.0,16,14132686848,2891264000,83.0,17023950848,510439424,4.5,14858849.693912571,2354972.0435500904,118.98848215967254,128.98751427393074,34.4,5504.467178899137,6653.3559688274045,12.998741748535656,11.998838537109837
2026-03-04T21:35:30+00:00,1772660130.6771033,7.48125,71.9,0.0,2304.0,16,14137815040,2886135808,83.0,17023950848,510439424,4.5,36863.32325461135,1089515.9984140687,1.9999632842128552,141.99739317911272,34.4,1186.9782091803295,1649.9697094756057,13.999742989489986,7.999853136851421
2026-03-04T21:35:31+00:00,1772660131.6774554,7.31875,32.8,0.0,2304.0,16,14138630144,2885320704,83.1,17023950848,510439424,4.5,16378.232499742002,405361.2543686146,0.9996479797205812,69.97535858044068,34.4,1575.445216039636,6229.806209618662,15.994367675529299,12.995423736367556
2026-03-04T21:35:32+00:00,1772660132.6769605,6.91875,76.2,0.0,2304.0,16,14140063744,2883887104,83.1,17023950848,510439424,4.5,0.0,53274.36852003278,0.0,3.001485606221799,34.4,4348.152148213313,1186.5873096596845,14.006932829035062,7.003466414517531
2026-03-04T21:35:33+00:00,1772660133.677137,7.9625,85.9,0.0,2304.0,16,14147022848,2876928000,83.1,17023950848,510439424,4.5,0.0,249811.92574475976,0.0,47.99153286592465,34.4,1056.8135466517158,70104.6314575008,18.996648426095174,52.9906508727918
2026-03-04T21:35:34+00:00,1772660134.677398,7.2,59.4,0.0,2304.0,16,14194171904,2829778944,83.4,17023950848,510439424,4.5,0.0,290740.0969643173,0.0,58.98460098789174,34.4,0.0,0.0,0.0,0.0
2026-03-04T21:35:35+00:00,1772660135.6774423,8.7625,54.5,0.0,2304.0,16,14367395840,2656555008,84.4,17023950848,510439424,4.5,0.0,0.0,0.0,0.0,34.4,0.0,0.0,0.0,0.0
2026-03-04T21:35:36+00:00,1772660136.6770678,7.29375,63.5,0.0,2304.0,16,14110236672,2913714176,82.9,17023950848,510439424,4.5,5371868.0631998265,147511.25116338197,183.06856935559694,33.01236496576338,34.4,0.0,0.0,0.0,0.0
2026-03-04T21:35:37+00:00,1772660137.6770763,6.91875,53.1,0.0,2304.0,16,14151766016,2872184832,83.1,17023950848,510439424,4.5,14172550.356024547,1216501.5586833686,752.9935370046301,83.99927902840494,34.4,0.9999914170048207,0.0,0.9999914170048207,0.0
2026-03-04T21:35:38+00:00,1772660138.677127,8.99375,50.8,0.0,2304.0,16,14153039872,2870910976,83.1,17023950848,510439424,4.5,2103189.6948262923,3632968.372562651,507.97432457046295,463.9765484265646,34.4,881.955421793599,3407.8277522364915,6.999646204711103,4.99974728907936
2026-03-04T21:35:39+00:00,1772660139.6772137,11.55625,43.1,0.0,2304.0,16,14190452736,2833498112,83.4,17023950848,510439424,4.5,3782327.7530960734,0.0,311.9729256284407,0.0,34.4,892.9225082890946,1507.8691405374632,6.999392562176554,5.999479339008475
2026-03-04T21:35:40+00:00,1772660140.677414,11.98125,36.9,0.0,2304.0,16,14169702400,2854248448,83.2,17023950848,499277824,4.4,5193711.84698499,10688419.413073782,38.99219097127536,1957.607946711722,34.4,813.8370115543114,1010.7975659476766,6.99859837945968,7.99839814795392
2026-03-04T21:35:41+00:00,1772660141.6774082,9.71875,42.2,0.0,2304.0,16,14185549824,2838401024,83.3,17023950848,499277824,4.4,2320909.2803494283,643075.6797085555,424.0024261613435,58.00033188056115,34.4,1.0000057220786405,0.0,1.0000057220786405,0.0
2026-03-04T21:35:42+00:00,1772660142.677237,6.36875,31.7,0.0,2304.0,16,14176997376,2846953472,83.3,17023950848,499277824,4.4,3192866.569394308,1757484.854235969,186.03184577590636,159.02722300198445,34.4,5613.961023334206,570.0975918939065,6.001027283093753,8.001369710791671
2026-03-04T21:35:43+00:00,1772660143.6773963,3.1,6.2,0.0,2304.0,16,14179840000,2844110848,83.3,17023950848,499277824,4.4,1507087.9757271323,131051.12832409846,23.996178282000454,2.9995222852500567,34.4,0.0,0.0,0.0,0.0
2026-03-04T21:35:44+00:00,1772660144.677418,2.3625000000000003,7.8,0.0,2304.0,16,14116171776,2907779072,82.9,17023950848,499277824,4.4,1642460.365030952,290809.69056657754,59.998698262800715,62.998633175940746,34.4,0.0,0.0,0.0,0.0
2026-03-04T21:35:45+00:00,1772660145.677054,0.7937500000000001,3.2,0.0,2304.0,16,14114648064,2909302784,82.9,17023950848,499277824,4.4,792352.4679361674,844083.3013308364,28.010197537336232,84.0305926120087,34.4,0.0,0.0,0.0,0.0
2026-03-04T21:35:46+00:00,1772660146.676974,4.49375,34.8,0.0,2304.0,16,14170062848,2853888000,83.2,17023950848,499277824,4.4,49862542.53244123,966733.2131982854,275.02196606603434,70.00559136226329,34.4,1.0000798766037613,0.0,1.0000798766037613,0.0
2026-03-04T21:35:47+00:00,1772660147.6769989,6.19375,52.3,0.0,2304.0,16,14283677696,2740273152,83.9,17023950848,499277824,4.4,282741917.26367867,24575.390640109403,3040.9245986561154,4.999876025412883,34.4,0.9999752050825766,0.0,0.9999752050825766,0.0
2026-03-04T21:35:48+00:00,1772660148.677155,8.0,92.3,1.5,2304.0,16,14285901824,2738049024,83.9,17023950848,499277824,4.4,39261196.80781433,163814.4180574828,1335.7913972460756,35.99437896770862,34.4,357.94410195665796,465.92723885978387,4.999219301070642,3.9993754408565136
2026-03-04T21:35:49+00:00,1772660149.6771333,9.38125,87.5,0.0,2304.0,16,14238629888,2785320960,83.6,17023950848,507658239,4.5,37515053.93001261,8573114.003058977,804.0174440353887,48.00104143494858,34.4,1.0000216965614288,0.0,1.0000216965614288,0.0
2026-03-04T21:35:50+00:00,1772660150.6771882,8.40625,100.0,0.0,2304.0,16,14269460480,2754490368,83.8,17023950848,507658239,4.5,0.0,0.0,0.0,0.0,34.4,0.9999451667336586,0.0,0.9999451667336586,0.0
2026-03-04T21:35:51+00:00,1772660151.677086,14.2,53.0,0.0,2304.0,16,14209781760,2814169088,83.5,17023950848,507658239,4.5,0.0,90121.19625091442,0.0,19.001939017748736,34.4,1.000102053565723,0.0,1.000102053565723,0.0
2026-03-04T21:35:52+00:00,1772660152.6773534,13.737499999999999,50.8,0.0,2304.0,16,14124949504,2899001344,83.0,17023950848,507658239,4.5,0.0,487293.7623473188,0.0,32.99118253812188,34.4,0.0,0.0,0.0,0.0
2026-03-04T21:35:53+00:00,1772660153.6774368,9.84375,100.0,0.0,2304.0,16,14137110528,2886840320,83.0,17023950848,507658239,4.5,0.0,65530.53170630999,0.0,9.999165604600522,34.4,179.9849808828094,0.0,1.9998331209201046,0.0
2026-03-04T21:35:54+00:00,1772660154.6772425,12.925,40.6,3.1,2304.0,16,14103617536,2920333312,82.8,17023950848,507658239,4.5,104177426.83477552,102611426.5434706,896.1741366198886,344.0668560237072,34.4,4602.894393665991,8392.6307816713,11.002137837967382,15.002915233591885
2026-03-04T21:35:55+00:00,1772660155.6774273,6.625,46.9,0.0,2304.0,16,14036037632,2987913216,82.4,17023950848,507658239,4.5,114972420.04020806,166639545.2782043,974.8198782430558,298.94476266120375,34.4,0.0,0.0,0.0,0.0
2026-03-04T21:35:56+00:00,1772660156.6772597,3.30625,26.2,0.0,2304.0,16,13954711552,3069239296,82.0,17023950848,507658239,4.5,823434.0143432816,3750516.6175685287,36.00603490890049,316.05297308923764,34.4,1535.2573218100624,147.024642544677,4.000670545433388,2.000335272716694
2026-03-04T21:35:57+00:00,1772660157.6773021,5.29375,14.1,0.0,2304.0,16,13970239488,3053711360,82.1,17023950848,507658239,4.5,6253814.597444929,4837170.7176962495,1292.9451293389743,108.99537439903187,34.4,88.99622313315446,206.99121560183116,0.9999575632938704,1.9999151265877408
2026-03-04T21:35:58+00:00,1772660158.677547,0.48750000000000004,3.1,0.0,2304.0,16,13972422656,3051528192,82.1,17023950848,507658239,4.5,0.0,65519.957053209866,0.0,0.9997552040589884,34.4,54.986536223244364,65.98384346789324,0.9997552040589884,0.9997552040589884
2026-03-04T21:35:59+00:00,1772660159.6774533,1.58125,7.8,0.0,2304.0,16,13981949952,3042000896,82.1,17023950848,507658239,4.5,0.0,319517.93835205375,0.0,47.004404242245485,34.4,0.0,0.0,0.0,0.0
2026-03-04T21:36:00+00:00,1772660160.6772485,1.16875,1.6,0.0,2304.0,16,13973422080,3050528768,82.1,17023950848,507658239,4.5,0.0,176164.07867803203,0.0,22.004506557257816,34.4,0.0,0.0,0.0,0.0
2026-03-04T21:36:01+00:00,1772660161.6771393,0.2875,3.1,0.0,2304.0,16,13970735104,3053215744,82.1,17023950848,507658239,4.5,0.0,81928.94628939642,0.0,19.00207494505044,34.4,0.0,0.0,0.0,0.0
2026-03-04T21:36:02+00:00,1772660162.677122,1.96875,4.8,0.0,2304.0,16,13978664960,3045285888,82.1,17023950848,507658239,4.5,12288.210941121044,327685.62509656115,1.0000171664323767,8.000137331459014,34.4,0.0,0.0,0.0,0.0
2026-03-04T21:36:03+00:00,1772660163.6771305,4.35625,30.8,0.0,2304.0,16,13954617344,3069333504,82.0,17023950848,507658239,4.5,0.0,69631.41895016115,0.0,12.999891520451733,34.4,0.0,0.0,0.0,0.0
2026-03-04T21:36:04+00:00,1772660164.6775997,1.4625,6.2,0.0,2304.0,16,13966127104,3057823744,82.0,17023950848,507658239,4.5,0.0,331620.4011331963,0.0,15.992496196624051,34.4,0.0,0.0,0.0,0.0
2026-03-04T21:36:05+00:00,1772660165.6771967,1.4625000000000001,7.5,0.0,2304.0,16,13968711680,3055239168,82.1,17023950848,507658239,4.5,0.0,208980.2038499132,0.0,6.002418538887673,34.4,0.0,0.0,0.0,0.0
2026-03-04T21:36:06+00:00,1772660166.6772456,1.16875,7.7,0.0,2304.0,16,13969268736,3054682112,82.1,17023950848,507658239,4.5,0.0,262131.18812619068,0.0,4.999755632900061,34.4,0.0,0.0,0.0,0.0
2026-03-04T21:36:07+00:00,1772660167.6771402,0.29375,3.1,0.0,2304.0,16,13968846848,3055104000,82.1,17023950848,507658239,4.5,0.0,393257.4418671859,0.0,39.00411029261335,34.4,0.0,0.0,0.0,0.0
2026-03-04T21:36:08+00:00,1772660168.6770113,1.075,4.7,0.0,2304.0,16,13969276928,3054673920,82.1,17023950848,507658239,4.5,0.0,213019.47620025263,0.0,20.002580021808576,34.4,0.0,0.0,0.0,0.0
2026-03-04T21:36:09+00:00,1772660169.677315,2.18125,4.8,0.0,2304.0,16,13969453056,3054497792,82.1,17023950848,507658239,4.5,16379.024948648315,57326.5873202691,0.9996963469633982,4.99848173481699,34.4,0.0,0.0,0.0,0.0
2026-03-04T21:36:10+00:00,1772660170.6770594,1.23125,4.6,0.0,2304.0,16,13965250560,3058700288,82.0,17023950848,507658239,4.5,0.0,200755.309989049,0.0,4.001022600228177,34.4,0.0,0.0,0.0,0.0
2026-03-04T21:36:11+00:00,1772660171.6770315,0.78125,3.1,0.0,2304.0,16,13963575296,3060375552,82.0,17023950848,507658239,4.5,0.0,69633.94243699673,0.0,2.0000557915038124,34.4,0.0,0.0,0.0,0.0
2026-03-04T21:36:12+00:00,1772660172.6772134,0.48750000000000004,3.0,0.0,2304.0,16,13960720384,3063230464,82.0,17023950848,507658239,4.5,0.0,143333.92564171203,0.0,4.999090598553015,34.4,0.0,0.0,0.0,0.0
2026-03-04T21:36:13+00:00,1772660173.6771529,3.73125,10.9,0.0,2304.0,16,13962063872,3061886976,82.0,17023950848,507658239,4.5,0.0,196619.90697106614,0.0,3.0001816859598716,34.4,0.0,0.0,0.0,0.0
2026-03-04T21:36:14+00:00,1772660174.6772327,1.15625,6.2,0.0,2304.0,16,13941628928,3082321920,81.9,17023950848,507658239,4.5,192496.6252514221,319462.48445980693,2.9997604084642324,13.99888190616642,34.4,0.0,0.0,0.0,0.0
2026-03-04T21:36:15+00:00,1772660175.6770432,0.9750000000000001,6.2,0.0,2304.0,16,13941067776,3082883072,81.9,17023950848,507658239,4.5,0.0,192548.4961753987,0.0,17.003222837962195,34.4,0.0,0.0,0.0,0.0
2026-03-04T21:36:16+00:00,1772660176.6770568,0.30000000000000004,1.6,0.0,2304.0,16,13942034432,3081916416,81.9,17023950848,507658239,4.5,0.0,143358.0517842885,0.0,14.999796154885095,34.4,0.0,0.0,0.0,0.0
2026-03-04T21:36:17+00:00,1772660177.6770203,1.1375,6.1,0.0,2304.0,16,13939900416,3084050432,81.9,17023950848,507658239,4.5,0.0,266249.71226834704,0.0,5.000182396866493,34.4,0.0,0.0,0.0,0.0
2026-03-04T21:36:18+00:00,1772660178.6771405,0.39375000000000004,3.1,0.0,2304.0,16,13940461568,3083489280,81.9,17023950848,507658239,4.5,0.0,16382.031486542412,0.0,3.9995194058941435,34.4,54.99339183104447,65.99207019725337,0.9998798514735359,0.9998798514735359
2026-03-04T21:36:19+00:00,1772660179.6772537,1.0875,4.6,0.0,2304.0,16,13941850112,3082100736,81.9,17023950848,507658239,4.5,0.0,532419.7040940655,0.0,12.998527931984022,34.4,0.0,0.0,0.0,0.0
2026-03-04T21:36:20+00:00,1772660180.6771166,1.35,4.7,0.0,2304.0,16,13931552768,3092398080,81.8,17023950848,507658239,4.5,61448.42400641529,233504.0112243781,1.0001371094794156,8.001096875835325,34.4,0.0,0.0,0.0,0.0
2026-03-04T21:36:21+00:00,1772660181.6771126,0.78125,3.1,0.0,2304.0,16,13928099840,3095851008,81.8,17023950848,507658239,4.5,0.0,65536.26562607661,0.0,1.0000040531322725,34.4,0.0,0.0,0.0,0.0
2026-03-04T21:36:22+00:00,1772660182.677483,1.65625,4.7,0.0,2304.0,16,13914853376,3109097472,81.7,17023950848,507658239,4.5,0.0,225196.56411632616,0.0,7.997037077994537,34.4,0.0,0.0,0.0,0.0
2026-03-04T21:36:23+00:00,1772660183.6771274,1.25625,3.1,0.0,2304.0,16,13931364352,3092586496,81.8,17023950848,507658239,4.5,0.0,69656.77834541592,0.0,2.0007116942042713,34.4,0.0,0.0,0.0,0.0
2026-03-04T21:36:24+00:00,1772660184.6772604,0.38125,3.1,0.0,2304.0,16,13920911360,3103039488,81.8,17023950848,507658239,4.5,0.0,196581.847229301,0.0,3.999467920518005,34.4,0.0,0.0,0.0,0.0
2026-03-04T21:36:25+00:00,1772660185.6770604,0.99375,3.2,0.0,2304.0,16,13916528640,3107422208,81.7,17023950848,507658239,4.5,0.0,4096.81949986467,0.0,1.000200073209148,34.4,0.0,0.0,0.0,0.0
2026-03-04T21:36:26+00:00,1772660186.677157,0.96875,3.1,0.0,2304.0,16,13918875648,3105075200,81.8,17023950848,507658239,4.5,0.0,380891.2213247689,0.0,16.99835864657119,34.4,0.0,0.0,0.0,0.0
2026-03-04T21:36:27+00:00,1772660187.6770208,0.1,1.6,0.0,2304.0,16,13911957504,3111993344,81.7,17023950848,507658239,4.5,0.0,163862.30772440688,0.0,20.002723110889512,34.4,174.02369106473876,58.00789702157958,3.0004084666334268,1.0001361555444754
2026-03-04T21:36:28+00:00,1772660188.6775992,1.375,3.1,0.0,2304.0,16,13911334912,3112615936,81.7,17023950848,507658239,4.5,0.0,65498.11566243242,0.0,0.9994219308842838,34.4,53.96878426775132,53.96878426775132,0.9994219308842838,0.9994219308842838
2026-03-04T21:36:29+00:00,1772660189.6772475,1.08125,3.2,0.0,2304.0,16,13909708800,3114242048,81.7,17023950848,507658239,4.5,0.0,213066.92869372922,0.0,7.002462537823508,34.4,0.0,142.04995433870545,0.0,1.000351791117644
2026-03-04T21:36:30+00:00,1772660190.6775498,0.96875,7.7,0.0,2304.0,16,13906210816,3117740032,81.7,17023950848,507658239,4.5,0.0,139221.911161577,0.0,5.998186659649745,34.4,0.0,0.0,0.0,0.0
2026-03-04T21:36:31+00:00,1772660191.677059,0.4,3.2,0.0,2304.0,16,13914316800,3109634048,81.7,17023950848,507658239,4.5,0.0,90156.25805457457,0.0,7.0034380147152655,34.4,0.0,0.0,0.0,0.0
2026-03-04T21:36:32+00:00,1772660192.6773098,1.35,6.1,0.0,2304.0,16,13915590656,3108360192,81.7,17023950848,507658239,4.5,0.0,188368.7540375596,0.0,4.998746232739248,34.4,0.0,0.0,0.0,0.0
2026-03-04T21:36:33+00:00,1772660193.6771204,0.39375000000000004,3.1,0.0,2304.0,16,13914587136,3109363712,81.7,17023950848,507658239,4.5,0.0,147483.91934775404,0.0,7.001325381363106,34.4,0.0,0.0,0.0,0.0
2026-03-04T21:36:34+00:00,1772660194.6770005,1.9625,11.1,0.0,2304.0,16,13907722240,3116228608,81.7,17023950848,507658239,4.5,0.0,32771.930158822506,0.0,7.000839572502367,34.4,0.0,0.0,0.0,0.0
2026-03-04T21:36:35+00:00,1772660195.677045,2.21875,7.6,0.0,2304.0,16,13914791936,3109158912,81.7,17023950848,507658239,4.5,0.0,909271.4607917862,0.0,60.99728048051599,34.4,0.0,0.0,0.0,0.0
2026-03-04T21:36:36+00:00,1772660196.6769273,1.075,3.2,0.0,2304.0,16,13921255424,3102695424,81.8,17023950848,507658239,4.5,0.0,131087.43931842406,0.0,2.0002355853031015,34.4,0.0,0.0,0.0,0.0
2026-03-04T21:36:37+00:00,1772660197.6771364,0.9750000000000001,4.7,0.0,2304.0,16,13910614016,3113336832,81.7,17023950848,507658239,4.5,0.0,221137.76162125065,0.0,6.998536654318372,34.4,0.0,0.0,0.0,0.0
2026-03-04T21:36:38+00:00,1772660198.677146,0.86875,6.1,0.0,2304.0,16,13905059840,3118891008,81.7,17023950848,507658239,4.5,0.0,77823.25781957798,0.0,1.999980926695569,34.4,0.0,0.0,0.0,0.0
2026-03-04T21:36:39+00:00,1772660199.677137,1.375,6.2,0.0,2304.0,16,13911273472,3112677376,81.7,17023950848,507658239,4.5,65536.59375537936,36864.333987400896,1.0000090599880884,2.000018119976177,34.4,55.00049829934487,66.00059795921383,1.0000090599880884,1.0000090599880884
2026-03-04T21:36:40+00:00,1772660200.677415,0.5875,3.1,0.0,2304.0,16,13904285696,3119665152,81.7,17023950848,507658239,4.5,0.0,69612.64795791652,0.0,1.9994441623942014,34.4,0.0,0.0,0.0,0.0
2026-03-04T21:36:41+00:00,1772660201.6773095,1.75625,7.7,0.0,2304.0,16,13907849216,3116101632,81.7,17023950848,507658239,4.5,0.0,135182.24564184516,0.0,3.0003161763548727,34.4,0.0,0.0,0.0,0.0
2026-03-04T21:36:42+00:00,1772660202.6775386,0.86875,4.5,0.0,2304.0,16,13904101376,3119849472,81.7,17023950848,507658239,4.5,0.0,122851.85215236702,0.0,4.998854661147746,34.4,54.987401272625206,65.98488152715025,0.9997709322295493,0.9997709322295493
2026-03-04T21:36:43+00:00,1772660203.6770198,0.9625,4.6,0.0,2304.0,16,13902393344,3121557504,81.7,17023950848,507658239,4.5,0.0,327850.0882415804,0.0,5.002595340600287,34.4,0.0,0.0,0.0,0.0
2026-03-04T21:36:44+00:00,1772660204.6771297,0.49375,3.1,0.0,2304.0,16,13909028864,3114921984,81.7,17023950848,507658239,4.5,16382.199416653853,1269620.4547906737,0.9998901011141268,230.9746133573633,34.4,0.0,0.0,0.0,0.0
2026-03-04T21:36:45+00:00,1772660205.6771507,2.0625,6.2,0.0,2304.0,16,13903347712,3120603136,81.7,17023950848,507658239,4.5,0.0,331769.0392085432,0.0,5.999874117631352,34.4,0.0,0.0,0.0,0.0
2026-03-04T21:36:46+00:00,1772660206.6771212,1.35625,6.1,0.0,2304.0,16,13910654976,3113295872,81.7,17023950848,507658239,4.5,0.0,77826.30084927208,0.0,4.000118259111435,34.4,0.0,0.0,0.0,0.0
2026-03-04T21:36:47+00:00,1772660207.677307,1.51875,4.5,0.0,2304.0,16,13900201984,3123748864,81.7,17023950848,507658239,4.5,4095.239399077444,339904.8701234278,0.9998143064153916,12.99758598340009,34.4,0.0,0.0,0.0,0.0
2026-03-04T21:36:48+00:00,1772660208.6773636,0.675,6.1,0.0,2304.0,16,13909557248,3114393600,81.7,17023950848,507658239,4.5,0.0,12287.302773938132,0.0,1.9998865191956594,34.4,0.0,0.0,0.0,0.0
2026-03-04T21:36:49+00:00,1772660209.6771562,2.8875,21.5,0.0,2304.0,16,13933613056,3090337792,81.8,17023950848,507658239,4.5,60428.53433820587,487525.12449128804,8.001659737580226,26.005394147135735,34.4,0.0,0.0,0.0,0.0
2026-03-04T21:36:50+00:00,1772660210.6769993,2.525,10.9,0.0,2304.0,16,13928259584,3095691264,81.8,17023950848,507658239,4.5,65546.28286316966,1396955.1535213033,4.000627616160258,125.01961300500805,34.4,0.0,0.0,0.0,0.0
2026-03-04T21:36:51+00:00,1772660211.6771097,1.89375,4.8,0.0,2304.0,16,13924687872,3099262976,81.8,17023950848,507658239,4.5,0.0,0.0,0.0,0.0,34.4,0.0,0.0,0.0,0.0
2026-03-04T21:36:52+00:00,1772660212.6774087,1.05625,7.7,0.0,2304.0,16,13929074688,3094876160,81.8,17023950848,507658239,4.5,0.0,4094.7757566454807,0.0,0.9997011124622756,34.4,0.0,0.0,0.0,0.0
2026-03-04T21:36:53+00:00,1772660213.677558,0.1,1.6,0.0,2304.0,16,13928525824,3095425024,81.8,17023950848,507658239,4.5,0.0,212960.21568131054,0.0,5.999104633450379,34.4,0.0,0.0,0.0,0.0
2026-03-04T21:36:54+00:00,1772660214.677124,2.025,9.0,0.0,2304.0,16,13928996864,3094953984,81.8,17023950848,507658239,4.5,0.0,479440.0394916236,0.0,12.005209322206118,34.4,0.0,0.0,0.0,0.0
2026-03-04T21:36:55+00:00,1772660215.677119,1.13125,8.8,0.0,2304.0,16,13929033728,3094917120,81.8,17023950848,507658239,4.5,65536.32812664287,77824.3896503884,1.0000050068152293,3.0000150204456877,34.4,0.0,0.0,0.0,0.0
2026-03-04T21:36:56+00:00,1772660216.6770844,1.74375,7.7,0.0,2304.0,16,13898571776,3125379072,81.6,17023950848,507658239,4.5,888862.7286013715,200710.93871643874,32.001106300452605,4.000138287556576,34.4,0.0,0.0,0.0,0.0
2026-03-04T21:36:57+00:00,1772660217.6774378,3.4625,10.6,0.0,2304.0,16,13903626240,3120324608,81.7,17023950848,507658239,4.5,3038670.3273655996,5786115.555140324,256.9092246363375,98.96503205835569,34.4,0.0,0.0,0.0,0.0
2026-03-04T21:36:58+00:00,1772660218.677027,8.7625,28.1,0.0,2304.0,16,13925027840,3098923008,81.8,17023950848,507658239,4.5,18661874.208567943,122930.49926047941,613.2519209527496,15.00616446050774,34.4,0.0,0.0,0.0,0.0
2026-03-04T21:36:59+00:00,1772660219.677008,2.7625,10.9,0.0,2304.0,16,13911900160,3112050688,81.7,17023950848,507658239,4.5,2453550.797767597,90113.71878278318,109.00207904966449,3.000057221550399,34.4,0.0,0.0,0.0,0.0
2026-03-04T21:37:00+00:00,1772660220.6770108,1.28125,7.9,0.0,2304.0,16,13914824704,3109126144,81.7,17023950848,507658239,4.5,0.0,663550.1015679315,0.0,119.99965667822835,34.4,0.0,0.0,0.0,0.0
2026-03-04T21:37:01+00:00,1772660221.6771088,2.95,9.5,0.0,2304.0,16,13792583680,3231367168,81.0,17023950848,509759488,4.5,0.0,2105137.7174792564,0.0,5.999412117390573,34.4,0.0,0.0,0.0,0.0
2026-03-04T21:37:02+00:00,1772660222.6770792,1.35625,7.7,0.0,2304.0,16,13794553856,3229396992,81.0,17023950848,509759488,4.5,0.0,0.0,0.0,0.0,34.4,0.0,0.0,0.0,0.0
2026-03-04T21:37:03+00:00,1772660223.6771042,0.8812500000000001,6.2,0.0,2304.0,16,13804666880,3219283968,81.1,17023950848,509759488,4.5,0.0,438261.0285949701,0.0,48.99877336711799,34.4,107.99729640099476,278.9930157025698,1.9999499333517547,3.9998998667035095
2026-03-04T21:37:04+00:00,1772660224.677066,0.39375000000000004,3.1,0.0,2304.0,16,13811630080,3212320768,81.1,17023950848,509759488,4.5,0.0,172038.56275034905,0.0,16.000610374846453,34.4,108.00412003021356,54.00206001510678,2.0000762968558066,1.0000381484279033
2026-03-04T21:37:05+00:00,1772660225.6770222,1.35,6.2,0.0,2304.0,16,13812785152,3211165696,81.1,17023950848,509759488,4.5,0.0,65538.87512612896,0.0,2.0000877418862597,34.4,0.0,0.0,0.0,0.0
2026-03-04T21:37:06+00:00,1772660226.6770616,2.05625,4.8,0.0,2304.0,16,13820010496,3203940352,81.2,17023950848,509759488,4.5,0.0,0.0,0.0,0.0,34.4,0.0,0.0,0.0,0.0
2026-03-04T21:37:07+00:00,1772660227.6771727,3.34375,7.7,0.0,2304.0,16,13819777024,3204173824,81.2,17023950848,509759488,4.5,0.0,4095.5449724299547,0.0,0.9998889092846569,34.4,0.0,0.0,0.0,0.0
2026-03-04T21:37:08+00:00,1772660228.6774683,0.58125,3.1,0.0,2304.0,16,13819637760,3204313088,81.2,17023950848,509759488,4.5,0.0,94180.15666907557,0.0,6.997931138369661,34.4,0.0,0.0,0.0,0.0
2026-03-04T21:37:09+00:00,1772660229.677217,1.4000000000000001,3.2,0.0,2304.0,16,13821722624,3202228224,81.2,17023950848,509759488,4.5,0.0,0.0,0.0,0.0,34.4,0.0,0.0,0.0,0.0
2026-03-04T21:37:10+00:00,1772660230.677233,0.2,1.6,0.0,2304.0,16,13820960768,3202990080,81.2,17023950848,509759488,4.5,0.0,4095.93457135766,0.0,0.9999840262103662,34.4,0.0,0.0,0.0,0.0
2026-03-04T21:37:11+00:00,1772660231.6776514,1.74375,9.1,0.0,2304.0,16,13813800960,3210149888,81.1,17023950848,509759488,4.5,98262.8843912824,4094.2868496367664,3.9983270015984047,0.9995817503996012,34.4,0.0,0.0,0.0,0.0
2026-03-04T21:37:12+00:00,1772660232.6775227,0.29375,1.6,0.0,2304.0,16,13820796928,3203153920,81.2,17023950848,509759488,4.5,0.0,4096.527411652158,0.0,1.00012876261039,34.4,0.0,0.0,0.0,0.0
2026-03-04T21:37:13+00:00,1772660233.6773298,1.06875,6.1,0.0,2304.0,16,13824946176,3199004672,81.2,17023950848,509759488,4.5,0.0,36871.11172327617,0.0,3.0005787535218236,34.4,0.0,0.0,0.0,0.0
2026-03-04T21:37:14+00:00,1772660234.677462,0.9875,3.1,0.0,2304.0,16,13823184896,3200765952,81.2,17023950848,509759488,4.5,131054.65854466145,8190.9161590413405,1.9997353903909523,0.9998676951954761,34.4,0.0,0.0,0.0,0.0
2026-03-04T21:37:15+00:00,1772660235.6770854,0.2,1.6,0.0,2304.0,16,13824016384,3199934464,81.2,17023950848,509759488,4.5,0.0,225364.89526141,0.0,5.001884216561835,34.4,0.0,0.0,0.0,0.0
2026-03-04T21:37:16+00:00,1772660236.677059,1.19375,3.2,0.0,2304.0,16,13824921600,3199029248,81.2,17023950848,509759488,4.5,0.0,20480.54200653141,0.0,5.000132325813333,34.4,162.004287356352,108.00285823756799,3.0000793954879996,2.000052930325333
2026-03-04T21:37:17+00:00,1772660237.677014,0.575,3.1,0.0,2304.0,16,13824630784,3199320064,81.2,17023950848,509759488,4.5,0.0,0.0,0.0,0.0,34.4,0.0,0.0,0.0,0.0
2026-03-04T21:37:18+00:00,1772660238.677109,0.59375,3.1,0.0,2304.0,16,13825589248,3198361600,81.2,17023950848,509759488,4.5,0.0,36860.50228502525,0.0,3.9996204736355527,34.4,0.0,0.0,0.0,0.0
2026-03-04T21:37:19+00:00,1772660239.6770422,0.30000000000000004,1.6,0.0,2304.0,16,13825232896,3198717952,81.2,17023950848,509759488,4.5,65540.37529208226,4096.273455755141,1.00006676165897,1.00006676165897,34.4,0.0,0.0,0.0,0.0
2026-03-04T21:37:20+00:00,1772660240.677128,1.1812500000000001,3.1,0.0,2304.0,16,13825425408,3198525440,81.2,17023950848,509759488,4.5,0.0,69626.02395042845,0.0,1.9998283533555965,34.4,0.0,0.0,0.0,0.0
2026-03-04T21:37:21+00:00,1772660241.677153,0.8812500000000001,3.1,0.0,2304.0,16,13825032192,3198918656,81.2,17023950848,509759488,4.5,0.0,0.0,0.0,0.0,34.4,41.998948600386846,41.998948600386846,0.9999749666758774,0.9999749666758774
2026-03-04T21:37:22+00:00,1772660242.6771667,0.9812500000000001,6.2,0.0,2304.0,16,13826547712,3197403136,81.2,17023950848,509759488,4.5,0.0,16383.777346775825,0.0,2.999959230977019,34.4,0.0,0.0,0.0,0.0
2026-03-04T21:37:23+00:00,1772660243.6770973,0.675,3.1,0.0,2304.0,16,13826052096,3197898752,81.2,17023950848,509759488,4.5,0.0,12288.852598215599,0.0,3.00020815386123,34.4,0.0,0.0,0.0,0.0
2026-03-04T21:37:24+00:00,1772660244.6771564,1.3687500000000001,6.2,0.0,2304.0,16,13819711488,3204239360,81.2,17023950848,509759488,4.5,0.0,0.0,0.0,0.0,34.4,54.996748162855056,65.99609779542607,0.9999408756882737,0.9999408756882737
2026-03-04T21:37:25+00:00,1772660245.6771035,0.30000000000000004,1.6,0.0,2304.0,16,13826191360,3197759488,81.2,17023950848,509759488,4.5,0.0,4096.216808350433,0.0,1.00005293172618,34.4,0.0,0.0,0.0,0.0
2026-03-04T21:37:26+00:00,1772660246.6771533,0.6875,3.1,0.0,2304.0,16,13824827392,3199123456,81.2,17023950848,509759488,4.5,0.0,4095.7959086072688,0.0,0.9999501729998215,34.4,0.0,0.0,0.0,0.0
2026-03-04T21:37:27+00:00,1772660247.6773584,0.86875,6.2,0.0,2304.0,16,13827321856,3196628992,81.2,17023950848,509759488,4.5,0.0,4095.160328416243,0.0,0.9997950020547468,34.4,54.98872511301108,65.98647013561329,0.9997950020547468,0.9997950020547468
2026-03-04T21:37:28+00:00,1772660248.6771314,0.575,3.0,0.0,2304.0,16,13827555328,3196395520,81.2,17023950848,509759488,4.5,65550.87837701199,36872.369087069244,1.0002270260164183,3.000681078049255,34.4,5021.139670602421,5288.200286548804,16.003632416262693,16.003632416262693
2026-03-04T21:37:29+00:00,1772660249.6771607,3.21875,6.3,0.0,2304.0,16,13830430720,3193520128,81.2,17023950848,509759488,4.5,0.0,12287.639659004675,0.0,2.9999120261241883,34.4,426.98747838500947,0.0,4.999853376873647,0.0
2026-03-04T21:37:30+00:00,1772660250.677377,1.1625,6.1,0.0,2304.0,16,13842464768,3181486080,81.3,17023950848,509759488,4.5,8386794.392184803,24570.686695853914,14.9967570165124,3.9991352044033066,34.4,428.90725067225463,0.0,6.998486607705787,0.0
2026-03-04T21:37:31+00:00,1772660251.6772273,6.00625,20.0,0.0,2304.0,16,13854863360,3169087488,81.4,17023950848,509759488,4.5,37754388.84638298,389178.27044340095,43.00643921943421,46.00688846730172,34.4,428.0640926957638,0.0,6.000898495735007,0.0
2026-03-04T21:37:32+00:00,1772660252.6772118,4.075,23.5,0.0,2304.0,16,13849538560,3174412288,81.4,17023950848,509759488,4.5,29360583.007051338,0.0,35.000542410673305,0.0,34.4,427.00661741021435,0.0,5.000077487239044,0.0
2026-03-04T21:37:33+00:00,1772660253.6774044,3.59375,12.5,0.0,2304.0,16,13848920064,3175030784,81.3,17023950848,509759488,4.5,29354473.08937449,208855.76556335087,33.99345142632664,19.9961478978392,34.4,0.0,0.0,0.0,0.0
2026-03-04T21:37:34+00:00,1772660254.6774254,5.0125,14.1,0.0,2304.0,16,13850169344,3173781504,81.4,17023950848,509759488,4.5,33553728.0147702,4095.9140643030028,41.99911882341946,0.9999790196052253,34.4,0.0,0.0,0.0,0.0
2026-03-04T21:37:35+00:00,1772660255.6772206,3.2062500000000003,12.5,0.0,2304.0,16,13842067456,3181883392,81.3,17023950848,509759488,4.5,29366142.231724035,4096.839039024,31.006350148863284,1.0002048435117188,34.4,0.0,0.0,0.0,0.0
2026-03-04T21:37:36+00:00,1772660256.6772842,5.7125,24.6,0.0,2304.0,16,13844250624,3179700224,81.3,17023950848,509759488,4.5,33552296.135964323,0.0,34.99777212020013,0.0,34.4,30444225.988749743,0.0,51.996690007154484,0.0
2026-03-04T21:37:37+00:00,1772660257.6770122,5.0,20.3,0.0,2304.0,16,13859000320,3164950528,81.4,17023950848,509759488,4.5,29368117.173339553,4097.114561012772,41.01115649451261,1.0002721096222589,34.4,30454407.683028776,0.0,24.006530630934215,0.0
2026-03-04T21:37:38+00:00,1772660258.6772375,5.075,22.5,0.0,2304.0,16,13841219584,3182731264,81.3,17023950848,509759488,4.5,29353514.49006054,77806.46976997075,35.99189082698071,5.998648471163452,34.4,32099748.748220667,0.0,22.9948191394599,0.0
2026-03-04T21:37:39+00:00,1772660259.6775198,6.20625,22.5,0.0,2304.0,16,13840031744,3183919104,81.3,17023950848,509759488,4.5,8398525.200497296,0.0,10.996895712727579,0.0,34.4,33125360.121669754,0.0,52.9850429795056,0.0
2026-03-04T21:37:40+00:00,1772660260.677017,5.14375,18.5,0.0,2304.0,16,13836767232,3187183616,81.3,17023950848,509759488,4.5,0.0,16392.24242574594,0.0,3.0015092332298474,34.4,32232196.14704373,0.0,28.014086176811908,0.0
2026-03-04T21:37:41+00:00,1772660261.677374,4.225,14.9,0.0,2304.0,16,13838643200,3185307648,81.3,17023950848,509759488,4.5,0.0,4094.538607526906,0.0,0.9996432147282486,34.4,33013919.915580362,0.0,29.989296441847458,0.0
2026-03-04T21:37:42+00:00,1772660262.6771808,7.68125,23.1,0.0,2304.0,16,13839286272,3184664576,81.3,17023950848,509759488,4.5,0.0,69645.44986304977,0.0,2.0003863127024863,34.4,30452003.86202818,0.0,22.00424943972735,0.0
2026-03-04T21:37:43+00:00,1772660263.6770747,4.43125,23.9,0.0,2304.0,16,13833797632,3190153216,81.3,17023950848,509759488,4.5,0.0,32771.47693138944,0.0,3.000318322575938,34.4,32325397.604037713,0.0,22.002334365556877,0.0
2026-03-04T21:37:44+00:00,1772660264.677355,5.875,21.5,0.0,2304.0,16,13837729792,3186221056,81.3,17023950848,509759488,4.5,0.0,4094.8518844089353,0.0,0.9997196983420252,34.4,32335611.73312994,0.0,22.99355306186658,0.0
2026-03-04T21:37:45+00:00,1772660265.677109,4.8125,17.4,0.0,2304.0,16,13838757888,3185192960,81.3,17023950848,509759488,4.5,4097.008060531251,61455.12090796877,1.0002461085281376,5.001230542640688,34.4,32923280.70650318,0.0,23.00566049614716,0.0
2026-03-04T21:37:46+00:00,1772660266.6772084,6.79375,27.3,0.0,2304.0,16,13840822272,3183128576,81.3,17023950848,509759488,4.5,0.0,4095.592813920163,0.0,0.9999005893359773,34.4,32368712.88484359,0.0,22.99771355472748,0.0
2026-03-04T21:37:47+00:00,1772660267.6773312,4.86875,21.7,0.0,2304.0,16,13836640256,3187310592,81.3,17023950848,509759488,4.5,0.0,0.0,0.0,0.0,34.4,30971944.09224522,0.0,22.997176278642772,0.0
2026-03-04T21:37:48+00:00,1772660268.6771657,7.300000000000001,23.1,0.0,2304.0,16,13845356544,3178594304,81.3,17023950848,509759488,4.5,0.0,8193.355693066356,0.0,2.0003309797525284,34.4,32403030.486234058,0.0,23.003806267154076,0.0
2026-03-04T21:37:49+00:00,1772660269.682927,6.675,30.1,0.0,2304.0,16,13832867840,3191083008,81.3,17023950848,509759488,4.5,2036.2687572834498,262678.669689565,3.977087416569238,45.73650529054623,34.4,32679972.8870974,0.0,36.78805860326545,0.0
2026-03-04T21:37:50+00:00,1772660270.6770217,5.05625,20.6,0.0,2304.0,16,13826146304,3197804544,81.2,17023950848,509759488,4.5,0.0,4120.331179296689,0.0,1.0059402293204807,34.4,32140835.498687625,0.0,26.1544459623325,0.0
2026-03-04T21:37:51+00:00,1772660271.677106,4.04375,20.0,0.0,2304.0,16,13824409600,3199541248,81.2,17023950848,509759488,4.5,0.0,0.0,0.0,0.0,34.4,30538934.789547753,0.0,41.996465503615674,0.0
2026-03-04T21:37:52+00:00,1772660272.6775062,5.95625,23.6,0.0,2304.0,16,13832007680,3191943168,81.3,17023950848,509759488,4.5,0.0,8188.722015317984,0.0,0.9995998553854961,34.4,32080512.017235532,0.0,21.991196818480915,0.0
2026-03-04T21:37:53+00:00,1772660273.6770883,4.81875,14.9,0.0,2304.0,16,13823451136,3200499712,81.2,17023950848,509759488,4.5,0.0,90149.67785675118,0.0,5.002090612612703,34.4,31561228.945229765,0.0,23.009616818018433,0.0
2026-03-04T21:37:54+00:00,1772660274.677098,3.96875,18.5,0.0,2304.0,16,13824503808,3199447040,81.2,17023950848,509759488,4.5,0.0,0.0,0.0,0.0,34.4,33864402.96998363,0.0,25.99974584827905,0.0
2026-03-04T21:37:55+00:00,1772660275.677124,4.4375,23.1,0.0,2304.0,16,13835763712,3188187136,81.3,17023950848,509759488,4.5,0.0,4095.893557453689,0.0,0.999974013050217,34.4,20120671.11154195,0.0,13.999636182703039,0.0
2026-03-04T21:37:56+00:00,1772660276.6771195,5.21875,22.2,0.0,2304.0,16,13833437184,3190513664,81.3,17023950848,509759488,4.5,0.0,4096.018554771552,0.0,1.0000045299735234,34.4,24304210.096929513,0.0,39.00017666896742,0.0
2026-03-04T21:37:57+00:00,1772660277.6774206,6.38125,23.6,0.0,2304.0,16,13819957248,3203993600,81.2,17023950848,509759488,4.5,16379.067891419681,65516.271565678726,0.9996989679821583,6.997892775875108,34.4,23623532.418951716,0.0,15.995183487714533,0.0
2026-03-04T21:37:58+00:00,1772660278.6773279,3.9,21.5,0.0,2304.0,16,13816696832,3207254016,81.2,17023950848,509759488,4.5,0.0,8192.759836095867,0.0,2.0001855068593426,34.4,32915204.714975864,54.00500868520225,32.00296810974948,1.0000927534296713
2026-03-04T21:37:59+00:00,1772660279.6772676,5.53125,21.5,0.0,2304.0,16,13820289024,3203661824,81.2,17023950848,509759488,4.5,0.0,4096.247085216655,0.0,1.0000603235392225,34.4,30467641.805122543,0.0,33.00199067679434,0.0
2026-03-04T21:38:00+00:00,1772660280.6772137,4.90625,18.8,0.0,2304.0,16,13821861888,3202088960,81.2,17023950848,509759488,4.5,0.0,4096.220715017699,0.0,1.000053885502368,34.4,30447762.604579125,0.0,28.0015087940663,0.0
2026-03-04T21:38:01+00:00,1772660281.6770291,5.18125,19.7,0.0,2304.0,16,13835837440,3188113408,81.3,17023950848,509759488,4.5,0.0,479320.4518694274,0.0,51.00941307204193,34.4,33213787.138766624,0.0,37.0068290914814,0.0
2026-03-04T21:38:02+00:00,1772660282.6773646,5.70625,21.7,0.0,2304.0,16,13811007488,3212943360,81.1,17023950848,509759488,4.5,0.0,118744.16668259563,0.0,4.998323287757427,34.4,29091930.968019485,0.0,26.990945753890102,0.0
2026-03-04T21:38:03+00:00,1772660283.6771266,5.175,20.6,0.0,2304.0,16,13817819136,3206131712,81.2,17023950848,509759488,4.5,0.0,98327.39619193066,0.0,11.002617982088596,34.4,33386450.03007746,0.0,28.006663954407333,0.0
2026-03-04T21:38:04+00:00,1772660284.677344,6.13125,25.4,0.0,2304.0,16,13814767616,3209183232,81.1,17023950848,509759488,4.5,0.0,4095.109568613392,0.0,0.999782609524754,34.4,33527391.879542794,0.0,22.99500001906934,0.0
2026-03-04T21:38:05+00:00,1772660285.677442,5.71875,23.1,0.0,2304.0,16,13818527744,3205423104,81.2,17023950848,509759488,4.5,0.0,73720.77609849536,0.0,17.99823635217172,34.4,26835906.348570522,53.99470905651516,46.995394919559494,0.9999020195650956
2026-03-04T21:38:06+00:00,1772660286.677479,4.3125,13.2,0.0,2304.0,16,13815599104,3208351744,81.2,17023950848,509759488,4.5,16383.394553624197,40958.486384060496,0.9999630464858519,2.9998891394575558,34.4,26640563.501179054,53.998004510236,73.99726543995304,0.9999630464858519
2026-03-04T21:38:07+00:00,1772660287.677037,3.3937500000000003,18.8,0.0,2304.0,16,13817442304,3206508544,81.2,17023950848,509759488,4.5,0.0,4097.811347541414,0.0,1.000442223520853,34.4,28381735.523085546,0.0,43.019015611396675,0.0
2026-03-04T21:38:08+00:00,1772660288.6769733,3.875,10.9,0.0,2304.0,16,13818376192,3205574656,81.2,17023950848,509759488,4.5,0.0,40962.6075878682,0.0,5.000318309065943,34.4,21783438.684925288,0.0,20.00127323626377,0.0
2026-03-04T21:38:09+00:00,1772660289.6775277,2.96875,12.5,0.0,2304.0,16,13823651840,3200299008,81.2,17023950848,509759488,4.5,0.0,0.0,0.0,0.0,34.4,17415382.249644656,0.0,15.991135742520962,0.0
2026-03-04T21:38:10+00:00,1772660290.6771085,3.38125,12.5,0.0,2304.0,16,13817405440,3206545408,81.2,17023950848,509759488,4.5,0.0,8195.435033509471,0.0,1.0004193156139491,34.4,20609770.37631263,0.0,19.007966996665033,0.0
2026-03-04T21:38:11+00:00,1772660291.6773648,5.19375,20.0,0.0,2304.0,16,13820968960,3202981888,81.2,17023950848,509759488,4.5,0.0,135133.36532217948,0.0,4.998718828501549,34.4,21761334.57054726,0.0,19.994875314006197,0.0
2026-03-04T21:38:12+00:00,1772660292.677454,4.8625,15.6,0.0,2304.0,16,13819080704,3204870144,81.2,17023950848,509759488,4.5,0.0,147442.85273482255,0.0,3.999643357606949,34.4,26117057.17991798,0.0,28.997414342650377,0.0
2026-03-04T21:38:13+00:00,1772660293.677477,3.59375,12.5,0.0,2304.0,16,13823705088,3200245760,81.2,17023950848,509759488,4.5,0.0,12287.718756437154,0.0,1.9999542246805264,34.4,21758843.979584206,0.0,19.999542246805266,0.0
2026-03-04T21:38:14+00:00,1772660294.6770327,5.41875,17.4,0.0,2304.0,16,13831593984,3192356864,81.2,17023950848,509759488,4.5,0.0,94249.86332115348,0.0,7.003110598336387,34.4,30475042.215698205,292.1297563877464,31.013775506918286,2.0008887423818247
2026-03-04T21:38:15+00:00,1772660295.6771393,5.01875,15.9,0.0,2304.0,16,13823913984,3200036864,81.2,17023950848,509759488,4.5,0.0,4095.5635230792004,0.0,0.9998934382517579,34.4,27382732.737152696,4678.501397579976,31.996590024056253,5.999360629510548
2026-03-04T21:38:16+00:00,1772660296.6771798,4.55,21.5,0.0,2304.0,16,13829324800,3194626048,81.2,17023950848,509759488,4.5,0.0,94204.18179538126,0.0,3.9998378819370437,34.4,26200173.076633684,862.9650230279173,29.99878411452783,9.99959470484261
2026-03-04T21:38:17+00:00,1772660297.677387,5.04375,21.2,0.0,2304.0,16,13824258048,3199692800,81.2,17023950848,509759488,4.5,0.0,40951.51542975701,0.0,1.999585714343604,34.4,26040102.861882456,615.87240001783,28.993992857982256,2.9993785715154058
2026-03-04T21:38:18+00:00,1772660298.6769288,3.89375,17.9,0.0,2304.0,16,13822705664,3201245184,81.2,17023950848,509759488,4.5,0.0,73761.8006450748,0.0,5.002292252948324,34.4,30481818.003798317,4519.070821313516,32.01467041886927,5.002292252948324
2026-03-04T21:38:19+00:00,1772660299.6770694,6.03125,24.6,0.0,2304.0,16,13825978368,3197972480,81.2,17023950848,509759488,4.5,0.0,12286.271727485844,0.0,2.9995780584682237,34.4,29156058.705807585,820.8845286674705,37.99465540726416,6.999015469759188
2026-03-04T21:38:20+00:00,1772660300.6771574,3.6375,10.9,0.0,2304.0,16,13824548864,3199401984,81.2,17023950848,509759488,4.5,0.0,65530.23488219463,0.0,5.999472187700924,34.4,23111480.733839326,417.9632290764977,26.997624844654162,4.999560156417437
2026-03-04T21:38:21+00:00,1772660301.6771672,7.25,24.7,0.0,2304.0,16,13821902848,3202048000,81.2,17023950848,509759488,4.5,0.0,0.0,0.0,0.0,34.4,32118610.035391938,119.99882699205716,32.99967742281572,1.9999804498676195
2026-03-04T21:38:22+00:00,1772660302.6773825,5.28125,18.5,0.0,2304.0,16,13810106368,3213844480,81.1,17023950848,509759488,4.5,0.0,45046.30189261221,0.0,10.997632298001028,34.4,34788078.40582646,0.0,31.993112139639354,0.0
2026-03-04T21:38:23+00:00,1772660303.6773849,5.8875,21.5,0.0,2304.0,16,13805985792,3217965056,81.1,17023950848,509759488,4.5,0.0,40959.90234398283,0.0,3.9999904632795733,34.4,31908569.924040977,0.0,27.999933242957013,0.0
2026-03-04T21:38:24+00:00,1772660304.6796641,5.275,22.4,0.0,2304.0,16,13812568064,3211382784,81.1,17023950848,509759488,4.5,0.0,0.0,0.0,0.0,34.4,33257241.381114136,0.0,23.94542164066202,0.0
2026-03-04T21:38:25+00:00,1772660305.6771986,6.175,28.8,0.0,2304.0,16,13810352128,3213598720,81.1,17023950848,509759488,4.5,0.0,4106.123592393145,0.0,1.0024715801741078,34.4,32245526.91214143,0.0,60.14829481044646,0.0
2026-03-04T21:38:26+00:00,1772660306.6771636,6.85625,24.2,0.0,2304.0,16,13807050752,3216900096,81.1,17023950848,509759488,4.5,0.0,8192.287119437828,0.0,2.000070097519001,34.4,30619875.15102749,54.00189263301302,23.00080612146851,1.0000350487595004
2026-03-04T21:38:27+00:00,1772660307.6772485,5.725,22.4,0.0,2304.0,16,13801885696,3222065152,81.1,17023950848,509759488,4.5,0.0,8191.30474651104,0.0,0.999915130189336,34.4,32900275.522848573,0.0,22.998047994354728,0.0
2026-03-04T21:38:28+00:00,1772660308.6773233,4.575,21.1,0.0,2304.0,16,13821190144,3202760704,81.2,17023950848,509759488,4.5,0.0,8191.386764658903,0.0,1.9998502843405526,34.4,23765354.843930006,111.99161592307094,19.998502843405525,1.9998502843405526
2026-03-04T21:38:29+00:00,1772660309.6771657,4.2,17.4,0.0,2304.0,16,13815975936,3207974912,81.2,17023950848,509759488,4.5,0.0,8193.291219114264,0.0,2.0003152390415684,34.4,32782572.359026268,142.02238197195135,22.00346762945725,1.0001576195207842
2026-03-04T21:38:30+00:00,1772660310.6770895,4.88125,17.6,0.0,2304.0,16,13812436992,3211513856,81.1,17023950848,509759488,4.5,0.0,348186.5645267125,0.0,34.00259419206177,34.4,35000838.35204712,0.0,38.00289939112786,0.0
2026-03-04T21:38:31+00:00,1772660311.6771507,4.5,17.2,0.0,2304.0,16,13808857088,3215093760,81.1,17023950848,509759488,4.5,0.0,192500.20482429507,0.0,20.998713333767228,34.4,30444298.568993513,0.0,21.998652063946622,0.0
2026-03-04T21:38:32+00:00,1772660312.6771,5.175,23.9,0.0,2304.0,16,13810216960,3213733888,81.1,17023950848,509759488,4.5,0.0,0.0,0.0,0.0,34.4,34054199.37976548,0.0,24.00121885767381,0.0
2026-03-04T21:38:33+00:00,1772660313.67704,4.46875,21.5,0.0,2304.0,16,13817888768,3206062080,81.2,17023950848,509759488,4.5,0.0,40962.451318569416,0.0,4.000239386579044,34.4,22491673.970670376,0.0,17.00101739296094,0.0
2026-03-04T21:38:34+00:00,1772660314.6772969,4.075,17.1,0.0,2304.0,16,13817102336,3206848512,81.2,17023950848,509759488,4.5,0.0,4094.9485121851867,0.0,0.9997432891077116,34.4,21078961.41153712,0.0,14.996149336615673,0.0
2026-03-04T21:38:35+00:00,1772660315.6770754,4.35,15.6,0.0,2304.0,16,13818044416,3205906432,81.2,17023950848,509759488,4.5,0.0,4096.907427549409,0.0,1.0002215399290548,34.4,22415050.72886255,0.0,17.00376617879393,0.0
2026-03-04T21:38:36+00:00,1772660316.6772416,4.15,14.1,0.0,2304.0,16,13814906880,3209043968,81.1,17023950848,509759488,4.5,0.0,0.0,0.0,0.0,34.4,23649425.991608582,0.0,15.99734159777316,0.0
2026-03-04T21:38:37+00:00,1772660317.6771302,3.5375,17.1,0.0,2304.0,16,13817061376,3206889472,81.2,17023950848,509759488,4.5,0.0,4096.456105470957,0.0,1.0001113538747453,34.4,21767821.661402673,0.0,15.001670308121179,0.0
2026-03-04T21:38:38+00:00,1772660318.677501,4.425,23.1,0.0,2304.0,16,13830950912,3192999936,81.2,17023950848,509759488,4.5,61417.23012141256,65511.71212950673,0.9996293965073659,10.995923361581026,34.4,22547346.776577573,0.0,19.99258793014732,0.0
2026-03-04T21:38:39+00:00,1772660319.6770093,4.55625,20.0,0.0,2304.0,16,13815848960,3208101888,81.2,17023950848,509759488,4.5,0.0,0.0,0.0,0.0,34.4,19040474.661208965,0.0,20.009837218366687,0.0
2026-03-04T21:38:40+00:00,1772660320.6770792,3.9375,12.3,0.0,2304.0,16,13828087808,3195863040,81.2,17023950848,509759488,4.5,0.0,4095.713887174382,0.0,0.9999301482359331,34.4,20165481.307157755,0.0,20.998533112954593,0.0
2026-03-04T21:38:41+00:00,1772660321.6770153,5.34375,23.4,0.0,2304.0,16,13834559488,3189391360,81.3,17023950848,509759488,4.5,0.0,4096.261735473897,0.0,1.0000639002621818,34.4,20380082.209384944,152.00971283985163,22.001405805768,2.0001278005243637
2026-03-04T21:38:42+00:00,1772660322.6773775,5.25625,15.9,0.0,2304.0,16,13845671936,3178278912,81.3,17023950848,509759488,4.5,16378.068554369429,8189.0342771847145,0.9996379732891497,1.9992759465782994,34.4,20340657.47179898,4038.5374120881647,27.989863252096193,6.997465813024048
2026-03-04T21:38:43+00:00,1772660323.6769907,6.79375,23.8,0.0,2304.0,16,13853790208,3170160640,81.4,17023950848,509759488,4.5,16390.338388649558,24585.507582974336,1.000386864541599,2.000773729083198,34.4,20277956.78874763,778.300980613364,20.00773729083198,3.001160593624797
2026-03-04T21:38:44+00:00,1772660324.6771963,9.7,29.2,1.5,2304.0,16,13838114816,3185836032,81.3,17023950848,509759488,4.5,0.0,36856.425384835784,0.0,3.9991781016531887,34.4,18872576.36821046,1532.6850074585846,26.994452186159023,10.997739779546269
2026-03-04T21:38:45+00:00,1772660325.6770248,7.1187499999999995,34.8,0.0,2304.0,16,13831909376,3192041472,81.2,17023950848,509759488,4.5,16386.809075289995,721019.5993127598,1.0001714523492429,54.00925842685912,34.4,8710134.116958164,14667.514348701648,26.004457761080317,23.003943404032587
2026-03-04T21:38:46+00:00,1772660326.6769938,3.60625,18.8,0.0,2304.0,16,13824778240,3199172608,81.2,17023950848,509759488,4.5,0.0,167941.20523945836,0.0,15.0004649306395,34.4,247.0076558578638,1074.0332890337884,4.000123981503867,8.000247963007734
2026-03-04T21:38:47+00:00,1772660327.677089,4.2375,12.3,0.0,2304.0,16,13824471040,3199479808,81.2,17023950848,509759488,4.5,16382.441554503383,0.0,0.9999048800356068,0.0,34.4,2784.735090899165,0.0,1.9998097600712137,0.0
2026-03-04T21:38:48+00:00,1772660328.6771922,3.675,18.5,0.0,2304.0,16,13812084736,3211866112,81.1,17023950848,509759488,4.5,0.0,81911.54384172357,0.0,3.9995871016466586,34.4,53.99442587222989,206.9786325102146,0.9998967754116647,1.9997935508233293
2026-03-04T21:38:49+00:00,1772660329.6773188,4.275,16.9,0.0,2304.0,16,13816115200,3207835648,81.2,17023950848,509759488,4.5,0.0,4095.481510953351,0.0,0.9998734157600955,34.4,0.0,0.0,0.0,0.0
2026-03-04T21:38:50+00:00,1772660330.677315,3.95,18.2,0.0,2304.0,16,13819043840,3204907008,81.2,17023950848,509759488,4.5,0.0,143360.54687708616,0.0,4.00001525884727,34.4,0.0,0.0,0.0,0.0
2026-03-04T21:38:51+00:00,1772660331.6773057,4.7562500000000005,20.0,0.0,2304.0,16,13831864320,3192086528,81.2,17023950848,509759488,4.5,0.0,0.0,0.0,0.0,34.4,0.0,0.0,0.0,0.0
2026-03-04T21:38:52+00:00,1772660332.6773117,3.875,15.4,0.0,2304.0,16,13821513728,3202437120,81.2,17023950848,509759488,4.5,0.0,430077.4365387169,0.0,44.999731780697225,34.4,0.0,0.0,0.0,0.0
2026-03-04T21:38:53+00:00,1772660333.677358,4.3375,19.7,0.0,2304.0,16,13823168512,3200782336,81.2,17023950848,509759488,4.5,0.0,106491.07444657263,0.0,12.999398736153886,34.4,0.0,0.0,0.0,0.0
2026-03-04T21:38:54+00:00,1772660334.6775515,4.73125,22.7,0.0,2304.0,16,13820051456,3203899392,81.2,17023950848,509759488,4.5,0.0,0.0,0.0,0.0,34.4,0.0,0.0,0.0,0.0
2026-03-04T21:38:55+00:00,1772660335.6771564,3.9875000000000003,12.5,0.0,2304.0,16,13817499648,3206451200,81.2,17023950848,509759488,4.5,0.0,180295.22735780047,0.0,42.016599060211846,34.4,0.0,0.0,0.0,0.0
2026-03-04T21:38:56+00:00,1772660336.6770027,5.05,21.5,0.0,2304.0,16,13809569792,3214381056,81.1,17023950848,509759488,4.5,98319.1195125784,86029.22957350609,3.0004614109063232,2.000307607270882,34.4,0.0,0.0,0.0,0.0
2026-03-04T21:38:57+00:00,1772660337.6773117,5.325,25.0,0.0,2304.0,16,13818052608,3205898240,81.2,17023950848,509759488,4.5,0.0,4094.734765945276,0.0,0.9996911049671084,34.4,0.0,0.0,0.0,0.0
2026-03-04T21:38:58+00:00,1772660338.6773784,4.90625,22.7,0.0,2304.0,16,13807214592,3216736256,81.1,17023950848,509759488,4.5,0.0,36861.53922677434,0.0,2.999799741762234,34.4,41.997196384671284,0.0,0.9999332472540781,0.0
2026-03-04T21:38:59+00:00,1772660339.6771228,4.78125,20.3,0.0,2304.0,16,13827190784,3196760064,81.2,17023950848,509759488,4.5,0.0,127008.46142164325,0.0,26.00664690148315,34.4,17402231.744472045,0.0,41.01048165233882,0.0
2026-03-04T21:39:00+00:00,1772660340.6771216,5.675,18.6,1.5,2304.0,16,13832146944,3191803904,81.3,17023950848,509759488,4.5,0.0,12288.014648454962,0.0,2.000002384188633,34.4,20188110.066102583,0.0,37.000044107489714,0.0
2026-03-04T21:39:01+00:00,1772660341.6769717,2.54375,9.4,0.0,2304.0,16,13827809280,3196141568,81.2,17023950848,509759488,4.5,0.0,8193.22869988733,0.0,2.00029997555843,34.4,17432192.223696876,0.0,16.00239980446744,0.0
2026-03-04T21:39:02+00:00,1772660342.6772156,5.16875,15.9,0.0,2304.0,16,13828034560,3195916288,81.2,17023950848,509759488,4.5,0.0,36855.01098150395,0.0,1.9995123145347191,34.4,20363009.417073805,0.0,18.995366988079834,0.0
2026-03-04T21:39:03+00:00,1772660343.6773965,2.7625,14.5,0.0,2304.0,16,13832249344,3191701504,81.3,17023950848,509759488,4.5,0.0,12285.776769502627,0.0,2.9994572191168523,34.4,19990676.493148256,0.0,30.994391264207476,0.0
2026-03-04T21:39:04+00:00,1772660344.6768868,3.64375,15.4,0.0,2304.0,16,13827846144,3196104704,81.2,17023950848,509759488,4.5,0.0,20490.44477723449,0.0,2.0010199977768055,34.4,19254402.71848777,0.0,38.019379957759305,0.0
2026-03-04T21:39:05+00:00,1772660345.677353,3.8125,16.9,0.0,2304.0,16,13824278528,3199672320,81.2,17023950848,509759488,4.5,0.0,4094.0917097824513,0.0,0.9995341088336063,34.4,20201104.097263776,0.0,32.98462559150901,0.0
2026-03-04T21:39:06+00:00,1772660346.6772819,2.96875,13.2,0.0,2304.0,16,13827981312,3195969536,81.2,17023950848,509759488,4.5,0.0,0.0,0.0,0.0,34.4,20808790.438270237,0.0,49.00348163545784,0.0
2026-03-04T21:39:07+00:00,1772660347.677312,3.00625,14.1,0.0,2304.0,16,13830098944,3193851904,81.2,17023950848,509759488,4.5,0.0,57342.27739549831,0.0,5.999819760968713,34.4,18337151.138392583,0.0,12.99960948209888,0.0
2026-03-04T21:39:08+00:00,1772660348.6770813,3.55625,17.9,0.0,2304.0,16,13833338880,3190611968,81.3,17023950848,509759488,4.5,0.0,61454.168305576204,0.0,5.0011530196595215,34.4,19358335.078980774,0.0,23.0053038904338,0.0
2026-03-04T21:39:09+00:00,1772660349.6770475,3.66875,18.6,0.0,2304.0,16,13832679424,3191271424,81.3,17023950848,509759488,4.5,0.0,0.0,0.0,0.0,34.4,21363397.267176613,0.0,24.000812558027086,0.0
2026-03-04T21:39:10+00:00,1772660350.6773021,5.8375,25.0,0.0,2304.0,16,13829668864,3194281984,81.2,17023950848,509759488,4.5,0.0,4094.957296754614,0.0,0.999745433777982,34.4,21824942.692090236,0.0,14.99618150666973,0.0
2026-03-04T21:39:11+00:00,1772660351.67701,3.6125,14.7,0.0,2304.0,16,13831421952,3192528896,81.2,17023950848,509759488,4.5,0.0,90138.32604823328,0.0,22.006427257869454,34.4,21835363.29645685,0.0,33.009640886804185,0.0
2026-03-04T21:39:12+00:00,1772660352.6771314,2.9125,14.1,0.0,2304.0,16,13829984256,3193966592,81.2,17023950848,509759488,4.5,0.0,4095.5029900021764,0.0,0.9998786596685001,34.4,20123293.93652208,0.0,13.998301235359001,0.0
2026-03-04T21:39:13+00:00,1772660353.6774235,3.5875000000000004,12.9,0.0,2304.0,16,13830905856,3193044992,81.2,17023950848,509759488,4.5,0.0,32758.432481815762,0.0,2.9991240675490505,34.4,20960160.317740146,0.0,26.992116607941455,0.0
2026-03-04T21:39:14+00:00,1772660354.6773474,4.36875,16.9,0.0,2304.0,16,13831335936,3192614912,81.2,17023950848,509759488,4.5,0.0,221200.8235451486,0.0,7.000532429181316,34.4,21888182.7172658,0.0,26.00197759410203,0.0
2026-03-04T21:39:15+00:00,1772660355.6771295,4.16875,18.2,0.0,2304.0,16,13846757376,3177193472,81.3,17023950848,509759488,4.5,0.0,12290.67831801955,0.0,3.000653886235242,34.4,18043375.91470767,0.0,22.004795165725106,0.0
2026-03-04T21:39:16+00:00,1772660356.677367,4.14375,16.9,0.0,2304.0,16,13833969664,3189981184,81.3,17023950848,509759488,4.5,0.0,4095.027574666889,0.0,0.9997625914714084,34.4,23133102.699969966,0.0,26.993589969728028,0.0
2026-03-04T21:39:17+00:00,1772660357.677055,3.275,12.3,0.0,2304.0,16,13833760768,3190190080,81.3,17023950848,509759488,4.5,0.0,0.0,0.0,0.0,34.4,14432096.111721573,0.0,16.004994997609106,0.0
2026-03-04T21:39:18+00:00,1772660358.6773777,4.1875,16.9,0.0,2304.0,16,13830725632,3193225216,81.2,17023950848,509759488,4.5,0.0,16378.71264435757,0.0,2.999031856266645,34.4,18997729.176698387,0.0,42.98612327315525,0.0
2026-03-04T21:39:19+00:00,1772660359.6771884,2.28125,14.9,0.0,2304.0,16,13833146368,3190804480,81.3,17023950848,509759488,4.5,0.0,77838.73521131463,0.0,5.000946700973647,34.4,20238851.302627154,0.0,18.00340812350513,0.0
2026-03-04T21:39:20+00:00,1772660360.6771846,3.91875,18.8,0.0,2304.0,16,13830180864,3193769984,81.2,17023950848,509759488,4.5,0.0,61440.23437589407,0.0,2.000007629423635,34.4,23259528.72806064,0.0,19.000072479524533,0.0
2026-03-04T21:39:21+00:00,1772660361.6774402,3.55625,16.9,0.0,2304.0,16,13830905856,3193044992,81.2,17023950848,509759488,4.5,0.0,0.0,0.0,0.0,34.4,21741673.160622552,0.0,14.996167208850887,0.0
2026-03-04T21:39:22+00:00,1772660362.6770666,4.7125,22.1,0.0,2304.0,16,13832220672,3191730176,81.3,17023950848,509759488,4.5,0.0,520386.4173612607,0.0,51.019060818744414,34.4,20524291.914731596,0.0,14.005232381616114,0.0
2026-03-04T21:39:23+00:00,1772660363.677094,4.3812500000000005,17.6,0.0,2304.0,16,13821546496,3202404352,81.2,17023950848,509759488,4.5,0.0,69630.09087265721,0.0,7.999780660921095,34.4,18627879.25826199,0.0,30.999150061069244,0.0
2026-03-04T21:39:24+00:00,1772660364.6775513,4.8500000000000005,20.3,0.0,2304.0,16,13824507904,3199442944,81.2,17023950848,509759488,4.5,0.0,0.0,0.0,0.0,34.4,21737289.823541272,0.0,32.98491643197143,0.0
2026-03-04T21:39:25+00:00,1772660365.6771102,3.625,16.9,0.0,2304.0,16,13824434176,3199516672,81.2,17023950848,509759488,4.5,0.0,69662.72644327165,0.0,2.0008825380075725,34.4,21756826.37851721,0.0,33.01456187712495,0.0
2026-03-04T21:39:26+00:00,1772660366.6774104,4.7125,20.0,0.0,2304.0,16,13824618496,3199332352,81.2,17023950848,509759488,4.5,0.0,4094.770876757184,0.0,0.9996999210832969,34.4,23375375.43713871,0.0,34.98949723791539,0.0
2026-03-04T21:39:27+00:00,1772660367.6772826,3.125,14.5,0.0,2304.0,16,13823639552,3200311296,81.2,17023950848,509759488,4.5,0.0,20482.61752199931,0.0,5.000639043456863,34.4,20114680.50245984,0.0,14.001789321679215,0.0
2026-03-04T21:39:28+00:00,1772660368.6773138,4.4437500000000005,19.7,0.0,2304.0,16,13847719936,3176230912,81.3,17023950848,509759488,4.5,0.0,8191.744148615964,0.0,1.9999375362831944,34.4,17397307.632781055,0.0,13.99956275398236,0.0
2026-03-04T21:39:29+00:00,1772660369.677437,2.75625,15.9,0.0,2304.0,16,13829308416,3194642432,81.2,17023950848,509759488,4.5,0.0,8190.990358825799,0.0,1.999753505572705,34.4,19047811.12098371,169.97904797367994,20.9974118085134,2.9996302583590575
2026-03-04T21:39:30+00:00,1772660370.6771948,3.65625,17.2,0.0,2304.0,16,13830496256,3193454592,81.2,17023950848,509759488,4.5,0.0,12290.977283697184,0.0,3.000726875902633,34.4,21765151.243896436,0.0,39.009449386734225,0.0
2026-03-04T21:39:31+00:00,1772660371.6772797,4.50625,17.2,0.0,2304.0,16,13829525504,3194425344,81.2,17023950848,509759488,4.5,0.0,4095.65237325552,0.0,0.999915130189336,34.4,21765547.605307702,65.99439859249617,21.99813286416539,0.999915130189336
2026-03-04T21:39:32+00:00,1772660372.6773045,2.51875,10.9,0.0,2304.0,16,13824331776,3199619072,81.2,17023950848,509759488,4.5,0.0,0.0,0.0,0.0,34.4,17425030.93708385,0.0,16.999578486403802,0.0
2026-03-04T21:39:33+00:00,1772660373.6772575,3.48125,13.6,0.0,2304.0,16,13828935680,3195015168,81.2,17023950848,509759488,4.5,0.0,12288.577175546547,0.0,3.0001409119986686,34.4,19183746.0310097,66.0031000639707,14.00065758932712,1.000046970666223
2026-03-04T21:39:34+00:00,1772660374.6771472,11.14375,27.5,3.0,2304.0,16,13780623360,3243327488,80.9,17023950848,509759488,4.5,528954.3901125484,57350.33077696556,18.00198719980085,8.00088319991149,34.4,19773642.76896525,0.0,30.003311999668085,0.0
2026-03-04T21:39:35+00:00,1772660375.6770954,6.0875,18.8,0.0,2304.0,16,13823135744,3200815104,81.2,17023950848,509759488,4.5,57346.96695037561,36865.90732524147,1.0000517395085033,6.00031043705102,34.4,18687164.814700317,0.0,54.00279393345918,0.0
2026-03-04T21:39:36+00:00,1772660376.6772795,4.14375,17.1,0.0,2304.0,16,13824016384,3199934464,81.2,17023950848,509759488,4.5,0.0,0.0,0.0,0.0,34.4,18705465.08812522,0.0,23.995583393483216,0.0
2026-03-04T21:39:37+00:00,1772660377.6773853,5.28125,17.2,0.0,2304.0,16,13822816256,3201134592,81.2,17023950848,509759488,4.5,0.0,8191.132904288887,0.0,1.9997883067111542,34.4,17491315.406972717,0.0,30.996718754022886,0.0
2026-03-04T21:39:38+00:00,1772660378.6772444,1.4375,9.0,0.0,2304.0,16,13823352832,3200598016,81.2,17023950848,509759488,4.5,0.0,4096.577229772281,0.0,1.0001409252373732,34.4,16169181.324642865,0.0,16.00225480379797,0.0
2026-03-04T21:39:39+00:00,1772660379.6774452,3.53125,14.5,0.0,2304.0,16,13825179648,3198771200,81.2,17023950848,509759488,4.5,0.0,8190.355798820828,0.0,1.9995985836964911,34.4,14665099.004199615,0.0,14.996989377723683,0.0
2026-03-04T21:39:40+00:00,1772660380.677132,3.05,18.2,0.0,2304.0,16,13824868352,3199082496,81.2,17023950848,509759488,4.5,426117.4949465656,4097.2836052554385,7.002193661325212,1.000313380189316,34.4,20298912.284100845,0.0,19.005954223597005,0.0
2026-03-04T21:39:41+00:00,1772660381.6769738,4.39375,21.2,0.0,2304.0,16,13826703360,3197247488,81.2,17023950848,509759488,4.5,0.0,8193.295126597628,0.0,1.0001580965084995,34.4,18855443.508576915,0.0,39.006165763831476,0.0
2026-03-04T21:39:42+00:00,1772660382.6773858,4.1125,16.9,0.0,2304.0,16,13825105920,3198844928,81.2,17023950848,509759488,4.5,0.0,57320.38472919177,0.0,2.9987645470768576,34.4,23239544.602656987,0.0,16.992999100102193,0.0
2026-03-04T21:39:43+00:00,1772660383.6834688,3.6374999999999997,16.9,0.0,2304.0,16,13825904640,3198046208,81.2,17023950848,509759488,4.5,0.0,0.0,0.0,0.0,34.4,20122933.958755568,0.0,13.915352747440766,0.0
2026-03-04T21:39:44+00:00,1772660384.6771305,3.78125,18.8,0.0,2304.0,16,13827522560,3196428288,81.2,17023950848,509759488,4.5,0.0,239083.3961387512,0.0,47.29980308173368,34.4,17508760.792734828,0.0,30.19136366919171,0.0
2026-03-04T21:39:45+00:00,1772660385.6771054,5.23125,18.2,0.0,2304.0,16,13825880064,3198070784,81.2,17023950848,509759488,4.5,0.0,45057.12795792474,0.0,3.00007510373256,34.4,18925883.789643742,0.0,51.001276763453525,0.0
2026-03-04T21:39:46+00:00,1772660386.6770377,4.975,22.2,0.0,2304.0,16,13827379200,3196571648,81.2,17023950848,509759488,4.5,0.0,4096.27736253046,0.0,1.000067715461538,34.4,17405019.50912585,0.0,33.00223461023076,0.0
2026-03-04T21:39:47+00:00,1772660387.6770656,2.5,10.8,0.0,2304.0,16,13827272704,3196678144,81.2,17023950848,509759488,4.5,0.0,0.0,0.0,0.0,34.4,21757222.08286102,0.0,36.99896791476106,0.0
2026-03-04T21:39:48+00:00,1772660388.6773474,3.0187500000000003,10.4,0.0,2304.0,16,13827391488,3196559360,81.2,17023950848,509759488,4.5,0.0,4094.846028326635,0.0,0.9997182686344324,34.4,20197259.195026275,0.0,14.995774029516484,0.0
2026-03-04T21:39:49+00:00,1772660389.6771517,3.75625,17.1,0.0,2304.0,16,13831467008,3192483840,81.2,17023950848,509759488,4.5,0.0,45064.821062586874,0.0,4.000783119902954,34.4,21784803.193396993,0.0,38.007439639078065,0.0
2026-03-04T21:39:50+00:00,1772660390.6770394,3.89375,16.9,0.0,2304.0,16,13827907584,3196043264,81.2,17023950848,509759488,4.5,0.0,4096.460012594684,0.0,1.000112307762374,34.4,18524767.241530124,0.0,18.00202153972273,0.0
2026-03-04T21:39:51+00:00,1772660391.677003,2.88125,11.9,0.0,2304.0,16,13828427776,3195523072,81.2,17023950848,509759488,4.5,65538.39071220851,0.0,1.0000364793732988,0.0,34.4,21769221.098574657,0.0,38.00138621618535,0.0
2026-03-04T21:39:52+00:00,1772660392.6773863,2.9812499999999997,16.9,0.0,2304.0,16,13839704064,3184246784,81.3,17023950848,509759488,4.5,0.0,249760.24764675714,0.0,30.98811986524026,34.4,20593237.025020543,0.0,32.98735340493318,0.0
2026-03-04T21:39:53+00:00,1772660393.6773388,2.81875,10.9,0.0,2304.0,16,13829005312,3194945536,81.2,17023950848,509759488,4.5,0.0,290829.79850623675,0.0,20.000948950968084,34.4,17398609.482198466,0.0,16.000759160774468,0.0
2026-03-04T21:39:54+00:00,1772660394.6771219,3.79375,14.5,0.0,2304.0,16,13828231168,3195719680,81.2,17023950848,509759488,4.5,0.0,8193.777729447793,0.0,2.000434015978465,34.4,17401601.46723728,0.0,17.003689135816956,0.0
2026-03-04T21:39:55+00:00,1772660395.6774287,3.50625,14.5,0.0,2304.0,16,13831802880,3192147968,81.2,17023950848,509759488,4.5,0.0,61421.153243964916,0.0,1.999386498826983,34.4,15612805.293267146,0.0,24.992331235337286,0.0
2026-03-04T21:39:56+00:00,1772660396.677497,2.2,11.9,0.0,2304.0,16,13829959680,3193991168,81.2,17023950848,509759488,4.5,0.0,4095.720722168317,0.0,0.9999318169356243,34.4,17434445.185044546,0.0,70.99515900242932,0.0
2026-03-04T21:39:57+00:00,1772660397.677087,5.4125,21.2,0.0,2304.0,16,13831692288,3192258560,81.2,17023950848,509759488,4.5,0.0,4097.6793992250605,0.0,1.0004100095764308,34.4,19147969.633314054,142.05822135985318,32.013120306445785,1.0004100095764308
2026-03-04T21:39:58+00:00,1772660398.6775641,3.66875,17.6,0.0,2304.0,16,13830492160,3193458688,81.2,17023950848,509759488,4.5,0.0,0.0,0.0,0.0,34.4,20049830.715447042,0.0,17.991416734484268,0.0
2026-03-04T21:39:59+00:00,1772660399.6770117,3.04375,9.5,0.0,2304.0,16,13834371072,3189579776,81.3,17023950848,509759488,4.5,0.0,106554.86259475518,0.0,6.003316327078305,34.4,14402240.025633667,0.0,13.007185375336325,0.0
2026-03-04T21:40:00+00:00,1772660400.6773744,4.15625,14.5,0.0,2304.0,16,13834084352,3189866496,81.3,17023950848,509759488,4.5,0.0,49134.18224258638,0.0,10.996012464771528,34.4,17733241.312087134,0.0,16.993837445556,0.0
2026-03-04T21:40:01+00:00,1772660401.677074,3.38125,14.1,0.0,2304.0,16,13835104256,3188846592,81.3,17023950848,509759488,4.5,0.0,16388.923354012026,0.0,2.000600995362796,34.4,18752391.35731273,0.0,44.013221897981516,0.0
2026-03-04T21:40:02+00:00,1772660402.6773791,3.71875,15.2,0.0,2304.0,16,13834264576,3189686272,81.3,17023950848,509759488,4.5,8189.500762706693,0.0,0.9996949173225944,0.0,34.4,17403071.00421014,0.0,15.99511867716151,0.0
2026-03-04T21:40:03+00:00,1772660403.6774158,3.5125,22.2,0.0,2304.0,16,13835341824,3188609024,81.3,17023950848,509759488,4.5,0.0,8191.6992297932175,0.0,1.9999265697737347,34.4,18789974.098645404,0.0,38.998568110587826,0.0
2026-03-04T21:40:04+00:00,1772660404.6771097,4.14375,12.5,0.0,2304.0,16,13833527296,3190423552,81.3,17023950848,509759488,4.5,0.0,36875.288612026656,0.0,4.001224892798031,34.4,19000649.658535376,66.02021073116751,19.005818240790646,1.0003062231995077
2026-03-04T21:40:05+00:00,1772660405.677048,4.3500000000000005,17.1,0.0,2304.0,16,13844185088,3179765760,81.3,17023950848,509759488,4.5,0.0,4096.2529453069765,0.0,1.000061754225336,34.4,18844817.675255273,0.0,40.00247016901345,0.0
2026-03-04T21:40:06+00:00,1772660406.677276,4.45625,17.2,0.0,2304.0,16,13837545472,3186405376,81.3,17023950848,509759488,4.5,0.0,0.0,0.0,0.0,34.4,20296733.80277742,0.0,35.991796456000344,0.0
2026-03-04T21:40:07+00:00,1772660407.6770823,3.35625,15.4,0.0,2304.0,16,13835481088,3188469760,81.3,17023950848,509759488,4.5,0.0,4096.793122295214,0.0,1.000193633372855,34.4,18985103.437925242,0.0,13.002517233847113,0.0
2026-03-04T21:40:08+00:00,1772660408.6771264,3.85625,11.8,0.0,2304.0,16,13848408064,3175542784,81.3,17023950848,509759488,4.5,346096.7345600382,40958.19343905777,15.999294312131942,4.999779472541232,34.4,17489366.588862672,0.0,30.998632729755638,0.0
2026-03-04T21:40:09+00:00,1772660409.6771822,3.51875,14.5,0.0,2304.0,16,13847883776,3176067072,81.3,17023950848,509759488,4.5,0.0,4095.7714971231635,0.0,0.9999442131648348,34.4,17502787.52040296,0.0,23.998661115956036,0.0
2026-03-04T21:40:10+00:00,1772660410.677006,4.4,16.9,0.0,2304.0,16,13847719936,3176230912,81.3,17023950848,509759488,4.5,0.0,221222.977570635,0.0,9.001586001409303,34.4,21923688.763880853,0.0,15.002643335682171,0.0
2026-03-04T21:40:11+00:00,1772660411.6773045,4.55,28.4,0.0,2304.0,16,13845245952,3178704896,81.3,17023950848,509759488,4.5,0.0,32758.22166883245,0.0,3.998806356058649,34.4,22765412.5229724,0.0,28.991346081425203,0.0
2026-03-04T21:40:12+00:00,1772660412.6773717,3.75,19.7,0.0,2304.0,16,13846638592,3177312256,81.3,17023950848,509759488,4.5,0.0,4095.7246278893795,0.0,0.9999327704808055,34.4,20375690.0600536,0.0,32.997781425866584,0.0
2026-03-04T21:40:13+00:00,1772660413.677534,2.8875,12.5,0.0,2304.0,16,13846315008,3177635840,81.3,17023950848,509759488,4.5,0.0,0.0,0.0,0.0,34.4,20210266.599425744,0.0,13.997727286271584,0.0
2026-03-04T21:40:14+00:00,1772660414.6771617,3.4625,15.6,0.0,2304.0,16,13846081536,3177869312,81.3,17023950848,509759488,4.5,0.0,40975.259589070825,0.0,4.001490194245198,34.4,21549627.292833187,0.0,42.01564703957458,0.0
2026-03-04T21:40:15+00:00,1772660415.6771657,4.325,15.2,0.0,2304.0,16,13846540288,3177410560,81.3,17023950848,509759488,4.5,32767.8671880383,28671.883789533513,0.9999959469005829,1.9999918938011658,34.4,17603340.651621085,0.0,14.999939203508744,0.0
2026-03-04T21:40:16+00:00,1772660416.677035,4.225,16.9,0.0,2304.0,16,13841199104,3182751744,81.3,17023950848,509759488,4.5,4096.53522617911,16386.14090471644,1.0001306704538844,4.0005226818155375,34.4,17400112.383518737,0.0,26.00339743180099,0.0
2026-03-04T21:40:17+00:00,1772660417.6769888,4.48125,16.9,0.0,2304.0,16,13845671936,3178278912,81.3,17023950848,509759488,4.5,0.0,81923.78923776439,0.0,1.0000462553438036,34.4,14912761.763017183,66.00305285269104,10.000462553438036,1.0000462553438036
2026-03-04T21:40:18+00:00,1772660418.6771657,6.025,21.1,0.0,2304.0,16,13847072768,3176878080,81.3,17023950848,509759488,4.5,0.0,8190.5510375809945,0.0,0.9998231247047112,34.4,11182625.719864812,0.0,7.99858499763769,0.0
2026-03-04T21:40:19+00:00,1772660419.6771197,2.8625,14.5,0.0,2304.0,16,13847371776,3176579072,81.3,17023950848,509759488,4.5,0.0,36865.69636712047,0.0,4.000184067612898,34.4,19327564.353733126,66.00303711561283,14.000644236645144,1.0000460169032246
2026-03-04T21:40:20+00:00,1772660420.6771672,4.13125,18.2,0.0,2304.0,16,13846822912,3177127936,81.3,17023950848,509759488,4.5,0.0,12287.417019847167,0.0,2.999857670861125,34.4,21205725.888032027,0.0,22.99890880993529,0.0
2026-03-04T21:40:21+00:00,1772660421.6771321,3.68125,12.5,0.0,2304.0,16,13849190400,3174760448,81.4,17023950848,509759488,4.5,0.0,0.0,0.0,0.0,34.4,19825283.827252056,4133.144856523015,38.001331852861014,8.000280390076004
2026-03-04T21:40:22+00:00,1772660422.6772056,4.20625,15.6,0.0,2304.0,16,13844480000,3179470848,81.3,17023950848,509759488,4.5,0.0,466909.7134552612,0.0,31.997650319028317,34.4,19350813.013250332,2260.8339803538443,57.99574120323882,7.999412579757079
2026-03-04T21:40:23+00:00,1772660423.6770606,3.83125,19.7,0.0,2304.0,16,13842771968,3181178880,81.3,17023950848,509759488,4.5,0.0,77835.28288555011,0.0,10.001449795121058,34.4,17435207.381441098,0.0,17.002464651705797,0.0
2026-03-04T21:40:24+00:00,1772660424.6769924,2.8687500000000004,12.3,0.0,2304.0,16,13842706432,3181244416,81.3,17023950848,509759488,4.5,0.0,12288.837947762742,0.0,2.000136384727009,34.4,18925186.46519495,0.0,16.00109107781607,0.0
2026-03-04T21:40:25+00:00,1772660425.6774979,4.1,17.2,0.0,2304.0,16,13843312640,3180638208,81.3,17023950848,509759488,4.5,0.0,4093.9307334053947,0.0,0.9994948079603014,34.4,20309262.73620397,0.0,32.98332866268995,0.0
2026-03-04T21:40:26+00:00,1772660426.6774936,3.01875,13.2,0.0,2304.0,16,13841604608,3182346240,81.3,17023950848,509759488,4.5,0.0,4096.017578200437,0.0,1.000004291552841,34.4,21792743.524309024,0.0,15.000064373292618,0.0
2026-03-04T21:40:27+00:00,1772660427.677094,4.275,22.1,0.0,2304.0,16,13840510976,3183439872,81.3,17023950848,509759488,4.5,49171.64847632559,86050.38483356978,3.0011992478226066,2.0007994985484046,34.4,20183763.220632024,0.0,33.013191726048674,0.0
2026-03-04T21:40:28+00:00,1772660428.6771493,2.88125,14.5,0.0,2304.0,16,13838102528,3185848320,81.3,17023950848,509759488,4.5,0.0,0.0,0.0,0.0,34.4,21746027.159600012,0.0,14.99917034923529,0.0
2026-03-04T21:40:29+00:00,1772660429.677479,4.9,17.4,0.0,2304.0,16,13849264128,3174686720,81.4,17023950848,509759488,4.5,0.0,106460.89634045628,0.0,5.998022254758279,34.4,17392115.247491054,0.0,12.995714885309605,0.0
2026-03-04T21:40:30+00:00,1772660430.6774366,2.61875,15.6,0.0,2304.0,16,13837156352,3186794496,81.3,17023950848,509759488,4.5,0.0,4096.173835502319,0.0,1.0000424403081833,34.4,21748314.966018666,112.00475331451653,18.0007639255473,2.0000848806163667
2026-03-04T21:40:31+00:00,1772660431.6772676,3.025,14.9,0.0,2304.0,16,13836500992,3187449856,81.3,17023950848,509759488,4.5,0.0,12290.077499615485,0.0,3.000507202054562,34.4,21750906.74657901,0.0,15.00253601027281,0.0
2026-03-04T21:40:32+00:00,1772660432.677084,5.5,17.2,0.0,2304.0,16,13837778944,3186171904,81.3,17023950848,509759488,4.5,0.0,0.0,0.0,0.0,34.4,17400978.51176025,0.0,12.002203392174716,0.0
2026-03-04T21:40:33+00:00,1772660433.6772444,3.3625,13.2,0.0,2304.0,16,13837692928,3186257920,81.3,17023950848,509759488,4.5,0.0,106478.91485078464,0.0,10.998235270419837,34.4,16376668.27016787,523.9159346999995,12.997914410496172,1.999679140076334
2026-03-04T21:40:34+00:00,1772660434.6770375,4.1375,15.4,0.0,2304.0,16,13820043264,3203907584,81.2,17023950848,504229888,4.5,1335572.3931363206,180261.30459508623,46.009521547485164,23.004760773742582,34.4,15750231.468296643,447.09252460273626,16.003311842603537,6.001241940976326
2026-03-04T21:40:35+00:00,1772660435.677444,2.8375,11.9,0.0,2304.0,16,13818892288,3205058560,81.2,17023950848,504229888,4.5,0.0,32754.68510005579,0.0,1.999187323001452,34.4,21768386.071011763,22896.692410335632,73.96993095105373,25.989435199018878
2026-03-04T21:40:36+00:00,1772660436.6770008,6.275,22.2,0.0,2304.0,16,13821554688,3202396160,81.2,17023950848,504229888,4.5,0.0,0.0,0.0,0.0,34.4,20054357.49510751,56023.83089008919,70.03103916688234,41.018180083459654
2026-03-04T21:40:37+00:00,1772660437.6772695,1.9375,10.8,0.0,2304.0,16,13820366848,3203584000,81.2,17023950848,504229888,4.5,0.0,8189.7994194160265,0.0,0.9997313744404329,34.4,16579127.226005623,0.0,24.993284361010822,0.0
2026-03-04T21:40:38+00:00,1772660438.6771336,4.65625,15.2,0.0,2304.0,16,13821870080,3202080768,81.2,17023950848,504229888,4.5,0.0,4096.556716281958,0.0,1.000135917061025,34.4,18214515.326952066,0.0,26.003533843586645,0.0
2026-03-04T21:40:39+00:00,1772660439.6774132,4.20625,13.2,0.0,2304.0,16,13818990592,3204960256,81.2,17023950848,504229888,4.5,0.0,12284.5644373691,0.0,1.9994408263947103,34.4,17392919.809198335,0.0,11.996644958368261,0.0
2026-03-04T21:40:40+00:00,1772660440.6770158,4.5,16.7,0.0,2304.0,16,13813825536,3210125312,81.1,17023950848,504229888,4.5,0.0,28683.40003868687,0.0,4.001590407182878,34.4,20146184.975735318,225.08946040403688,26.010337646688708,3.0011928053871584
2026-03-04T21:40:41+00:00,1772660441.6773114,2.8875,10.8,0.0,2304.0,16,13822144512,3201806336,81.2,17023950848,504229888,4.5,0.0,12284.36826118377,0.0,2.999113345015569,34.4,13058103.514837647,0.0,11.996453380062276,0.0
2026-03-04T21:40:42+00:00,1772660442.6772335,3.95,13.8,0.0,2304.0,16,13829996544,3193954304,81.2,17023950848,504229888,4.5,0.0,4096.319360835789,0.0,1.00007796895405,34.4,14554388.701992406,0.0,15.001169534310751,0.0
2026-03-04T21:40:43+00:00,1772660443.6772141,2.625,10.8,0.0,2304.0,16,13820055552,3203895296,81.2,17023950848,504229888,4.5,0.0,0.0,0.0,0.0,34.4,17493227.827552326,0.0,18.000347621001552,0.0
2026-03-04T21:40:44+00:00,1772660444.6774628,3.44375,15.9,0.0,2304.0,16,13819363328,3204587520,81.2,17023950848,504229888,4.5,65519.707176545824,40949.81698534114,0.9997513912436802,3.9990055649747207,34.4,14487577.365762593,0.0,13.996519477411523,0.0
2026-03-04T21:40:45+00:00,1772660445.677101,4.0125,12.1,0.0,2304.0,16,13822644224,3201306624,81.2,17023950848,504229888,4.5,0.0,28682.380710105404,0.0,2.000724100872308,34.4,15960718.49370991,0.0,33.01194766439308,0.0
2026-03-04T21:40:46+00:00,1772660446.6773908,1.64375,7.7,0.0,2304.0,16,13817159680,3206791168,81.2,17023950848,504229888,4.5,114654.75963694608,4094.8128441766457,1.9994203340706278,0.9997101670353139,34.4,16409202.693310961,0.0,11.996522004423767,0.0
2026-03-04T21:40:47+00:00,1772660447.6770546,3.7625,13.6,0.0,2304.0,16,13822390272,3201560576,81.2,17023950848,504229888,4.5,0.0,0.0,0.0,0.0,34.4,17131022.939348336,0.0,12.004035398939253,0.0
2026-03-04T21:40:48+00:00,1772660448.677231,3.6375,13.4,0.0,2304.0,16,13820653568,3203297280,81.2,17023950848,504229888,4.5,0.0,4095.27747122557,0.0,0.9998236013734302,34.4,20234202.084814366,0.0,31.994355243949766,0.0
2026-03-04T21:40:49+00:00,1772660449.677256,3.6437500000000003,13.8,0.0,2304.0,16,13819789312,3204161536,81.2,17023950848,504229888,4.5,0.0,16383.589854017575,0.0,3.9998998667035095,34.4,12627183.891699642,0.0,27.999299066924564,0.0
2026-03-04T21:40:50+00:00,1772660450.6772683,2.7125,9.2,0.0,2304.0,16,13818810368,3205140480,81.2,17023950848,504229888,4.5,0.0,4095.9501959180852,0.0,0.9999878408003138,34.4,16280254.04273315,0.0,14.999817612004707,0.0
2026-03-04T21:40:51+00:00,1772660451.6769488,3.6125,16.4,0.0,2304.0,16,13823455232,3200495616,81.2,17023950848,504229888,4.5,0.0,0.0,0.0,0.0,34.4,16461611.170286221,54.01725748181954,46.014700817846276,1.0003195829966582
2026-03-04T21:40:52+00:00,1772660452.677351,4.40625,13.6,0.0,2304.0,16,13819707392,3204243456,81.2,17023950848,504229888,4.5,0.0,511794.15017811046,0.0,43.98230978093137,34.4,20656411.740368366,0.0,18.992361041765818,0.0
2026-03-04T21:40:53+00:00,1772660453.677161,2.93125,14.5,0.0,2304.0,16,13821288448,3202662400,81.2,17023950848,504229888,4.5,0.0,28677.449277657102,0.0,4.000760222887431,34.4,15075144.57305544,0.0,14.002660780106007,0.0
2026-03-04T21:40:54+00:00,1772660454.677129,4.175,15.9,0.0,2304.0,16,13824614400,3199336448,81.2,17023950848,504229888,4.5,0.0,208902.67404134787,0.0,42.00134186263313,34.4,14282884.310867704,0.0,15.000479236654689,0.0
2026-03-04T21:40:55+00:00,1772660455.6773882,9.4125,33.3,3.0,2304.0,16,13870673920,3153276928,81.5,17023950848,504229888,4.5,131038.04005109417,913171.3416060625,2.9992227184546087,190.95051307494344,34.4,18697107.439023443,952.7530835624141,20.994559029182263,5.9984454369092175
2026-03-04T21:40:56+00:00,1772660456.6769361,4.4625,20.0,0.0,2304.0,16,13871362048,3152588800,81.5,17023950848,504229888,4.5,0.0,69663.49079765138,0.0,7.003165722420146,34.4,17467823.183194,13557.128386359343,22.00994941332046,15.006783690900313
2026-03-04T21:40:57+00:00,1772660457.6771834,8.85,15.2,3.1,2304.0,16,13867343872,3156606976,81.5,17023950848,504229888,4.5,0.0,126944.61420513851,0.0,22.99431488405829,34.4,16119300.663031682,156.961192904224,19.995056420920253,0.9997528210460127
2026-03-04T21:40:58+00:00,1772660458.6771688,3.08125,15.4,0.0,2304.0,16,13859266560,3164684288,81.4,17023950848,504229888,4.5,0.0,0.0,0.0,0.0,34.4,18747030.64806498,0.0,17.000247243662326,0.0
2026-03-04T21:40:59+00:00,1772660459.6773293,3.625,14.5,0.0,2304.0,16,13859508224,3164442624,81.4,17023950848,504229888,4.5,0.0,16381.371515505329,0.0,2.999518710114501,34.4,13060052.440094903,478.923154048282,53.99133678206102,1.999679140076334
2026-03-04T21:41:00+00:00,1772660460.6772008,6.2562500000000005,15.6,1.5,2304.0,16,13869010944,3154939904,81.5,17023950848,504229888,4.5,69640.94939225254,45061.79078322223,5.000642620652325,4.000514096521861,34.4,20423908.627769083,1685.2165631598336,43.00552653761,17.002184910217906
2026-03-04T21:41:01+00:00,1772660461.6773689,11.41875,30.3,0.0,2304.0,16,13887737856,3136212992,81.6,17023950848,504229888,4.5,3829116.382596557,270290.56818328635,145.9754636998395,38.99344578283384,34.4,20400569.9681922,15468.399992467239,36.99378189653467,25.995630521889225
2026-03-04T21:41:02+00:00,1772660462.6773877,3.38125,14.1,0.0,2304.0,16,13890318336,3133632512,81.6,17023950848,504229888,4.5,0.0,32767.38282412455,0.0,0.9999811652870041,34.4,18751620.811951604,3830.927844214513,20.999604471027087,4.99990582643502
2026-03-04T21:41:03+00:00,1772660463.677187,3.01875,9.1,0.0,2304.0,16,13873205248,3150745600,81.5,17023950848,504229888,4.5,32774.579445813506,381004.486057582,1.0002007887516329,26.005220507542454,34.4,14419900.772637025,1399.2809034635345,16.003212620026126,4.0008031550065315
2026-03-04T21:41:04+00:00,1772660464.6774049,4.41875,20.0,0.0,2304.0,16,13874925568,3149025280,81.5,17023950848,504229888,4.5,0.0,143328.76657184443,0.0,7.998257063160961,34.4,19024102.370697305,572.8751621489038,21.995206923692642,4.9989106644756
2026-03-04T21:41:05+00:00,1772660465.6773214,2.23125,10.6,0.0,2304.0,16,13874024448,3149926400,81.5,17023950848,504229888,4.5,0.0,40963.41825399134,0.0,10.000834534665854,34.4,14445451.422400914,0.0,13.001084895065611,0.0
2026-03-04T21:41:06+00:00,1772660466.6771824,3.2625,12.3,0.0,2304.0,16,13873676288,3150274560,81.5,17023950848,504229888,4.5,0.0,0.0,0.0,0.0,34.4,13075893.523461385,0.0,12.001668208257058,0.0
2026-03-04T21:41:07+00:00,1772660467.6770408,1.83125,9.0,0.0,2304.0,16,13873606656,3150344192,81.5,17023950848,504229888,4.5,0.0,69641.86272489036,0.0,2.0002832813904634,34.4,14541687.40301833,0.0,13.001841329038012,0.0
2026-03-04T21:41:08+00:00,1772660468.6770122,5.04375,18.2,0.0,2304.0,16,13871063040,3152887808,81.5,17023950848,504229888,4.5,0.0,4096.117190852857,0.0,1.0000286110480607,34.4,15993291.571742203,0.0,12.00034333257673,0.0
2026-03-04T21:41:09+00:00,1772660469.6770933,2.49375,11.8,0.0,2304.0,16,13871415296,3152535552,81.5,17023950848,504229888,4.5,0.0,4095.667995663041,0.0,0.9999189442536721,34.4,17467526.04186863,0.0,11.999027331044065,0.0
2026-03-04T21:41:10+00:00,1772660470.6774738,3.7875,18.6,0.0,2304.0,16,13870817280,3153133568,81.5,17023950848,504229888,4.5,0.0,8188.883998188708,0.0,1.99923925737029,34.4,17474404.708504967,0.0,11.99543554422174,0.0
2026-03-04T21:41:11+00:00,1772660471.6772912,3.325,13.2,0.0,2304.0,16,13858783232,3165167616,81.4,17023950848,504229888,4.5,0.0,69644.71911975043,0.0,5.000913309954506,34.4,15738286.261683572,0.0,11.002009281899914,0.0
2026-03-04T21:41:12+00:00,1772660472.6770713,3.79375,20.0,0.0,2304.0,16,13860761600,3163189248,81.4,17023950848,504229888,4.5,0.0,32775.20470875298,0.0,3.000659610786711,34.4,14938065.714434793,0.0,10.00219870262237,0.0
2026-03-04T21:41:13+00:00,1772660473.677086,3.5812500000000003,12.3,0.0,2304.0,16,13859532800,3164418048,81.4,17023950848,504229888,4.5,0.0,0.0,0.0,0.0,34.4,15511110.715507422,0.0,10.999837400932584,0.0
2026-03-04T21:41:14+00:00,1772660474.6771102,2.23125,9.0,0.0,2304.0,16,13862522880,3161427968,81.4,17023950848,504229888,4.5,0.0,53246.71780431313,0.0,3.999903681213426,34.4,15243270.937821217,0.0,9.999759203033564,0.0
2026-03-04T21:41:15+00:00,1772660475.6770878,3.8375,14.7,0.0,2304.0,16,13861912576,3162038272,81.4,17023950848,504229888,4.5,0.0,40960.917989323374,0.0,9.000201706638437,34.4,14218702.660271183,0.0,27.000605119915313,0.0
2026-03-04T21:41:16+00:00,1772660476.677205,3.35625,12.3,0.0,2304.0,16,13861584896,3162365952,81.4,17023950848,504229888,4.5,0.0,712620.4082429754,0.0,70.99167253902216,34.4,14251534.267369378,0.0,9.998827118172136,0.0
2026-03-04T21:41:17+00:00,1772660477.6771195,4.00625,22.2,0.0,2304.0,16,13856907264,3167043584,81.4,17023950848,504229888,4.5,98312.41478274035,0.0,4.000342398386245,0.0,34.4,21045297.314767838,0.0,42.00359518305557,0.0
2026-03-04T21:41:18+00:00,1772660478.6773005,3.65625,16.4,0.0,2304.0,16,13860241408,3163709440,81.4,17023950848,504229888,4.5,0.0,53238.36600117805,0.0,10.99800980342846,34.4,21696369.83139085,0.0,67.98769696664866,0.0
2026-03-04T21:41:19+00:00,1772660479.677073,2.7125,9.4,0.0,2304.0,16,13877047296,3146903552,81.5,17023950848,504229888,4.5,0.0,45066.25037833713,0.0,4.00091001228135,34.4,18270699.694844455,0.0,29.00659758903979,0.0
2026-03-04T21:41:20+00:00,1772660480.6774874,3.45,11.9,0.0,2304.0,16,13861777408,3162173440,81.4,17023950848,504229888,4.5,0.0,4094.3034373821806,0.0,0.9995858001421339,34.4,18646677.348514624,0.0,16.992958602416277,0.0
2026-03-04T21:41:21+00:00,1772660481.6774988,3.84375,12.3,0.0,2304.0,16,13863632896,3160317952,81.4,17023950848,504229888,4.5,0.0,0.0,0.0,0.0,34.4,16140979.281151416,0.0,14.999828340587532,0.0
2026-03-04T21:41:22+00:00,1772660482.6772413,4.4875,16.9,0.0,2304.0,16,13855305728,3168645120,81.4,17023950848,504229888,4.5,0.0,12291.164877430827,0.0,3.0007726751540105,34.4,17403876.360070437,108.02781630554438,25.00643895961675,2.0005151167693405
2026-03-04T21:41:23+00:00,1772660483.6771102,3.8875,17.1,0.0,2304.0,16,13859319808,3164631040,81.4,17023950848,504229888,4.5,0.0,16386.148719262026,0.0,2.0002622948317903,34.4,20113509.488894198,0.0,18.002360653486114,0.0
2026-03-04T21:41:24+00:00,1772660484.677303,3.7312499999999997,12.5,0.0,2304.0,16,13855760384,3168190464,81.4,17023950848,504229888,4.5,0.0,4095.2101132913463,0.0,0.9998071565652701,34.4,14681864.152785396,0.0,19.996143131305402,0.0
2026-03-04T21:41:25+00:00,1772660485.6770265,3.5625,19.7,0.0,2304.0,16,13857509376,3166441472,81.4,17023950848,504229888,4.5,0.0,4097.133125883585,0.0,1.0002766420614222,34.4,15830961.298546389,54.0149386713168,15.004149630921333,1.0002766420614222
2026-03-04T21:41:26+00:00,1772660486.6772387,3.1375,13.8,0.0,2304.0,16,13847576576,3176374272,81.3,17023950848,504229888,4.5,0.0,4095.1310437610273,0.0,0.9997878524807196,34.4,13066761.330783749,0.0,12.997242082249356,0.0
2026-03-04T21:41:27+00:00,1772660487.677343,1.91875,6.2,0.0,2304.0,16,13852459008,3171491840,81.4,17023950848,504229888,4.5,0.0,4095.573286646303,0.0,0.9998958219351326,34.4,13059089.387592703,0.0,33.99645794579451,0.0
2026-03-04T21:41:28+00:00,1772660488.67709,2.6,13.2,0.0,2304.0,16,13858721792,3165229056,81.4,17023950848,504229888,4.5,0.0,0.0,0.0,0.0,34.4,14591492.094663724,0.0,15.003795391776723,0.0
2026-03-04T21:41:29+00:00,1772660489.6772008,1.63125,6.1,0.0,2304.0,16,13844197376,3179753472,81.3,17023950848,504229888,4.5,0.0,49146.5513853087,0.0,4.999445738251618,34.4,4349498.794385102,0.0,10.998780624153559,0.0
2026-03-04T21:41:30+00:00,1772660490.6771169,0.8812500000000001,4.7,0.0,2304.0,16,13832982528,3190968320,81.3,17023950848,504229888,4.5,0.0,8192.687557702138,0.0,1.0000839303835618,34.4,657.0551422620001,112.00940020295893,11.000923234219181,2.0001678607671236
2026-03-04T21:41:31+00:00,1772660491.6776705,2.4625,6.2,0.0,2304.0,16,13837352960,3186597888,81.3,17023950848,504229888,4.5,0.0,24562.402059178017,0.0,5.996680190229008,34.4,427.7631869030026,0.0,5.996680190229008,0.0
2026-03-04T21:41:32+00:00,1772660492.6772323,0.8625,4.6,0.0,2304.0,16,13848244224,3175706624,81.3,17023950848,504229888,4.5,0.0,0.0,0.0,0.0,34.4,582.2551519797656,0.0,6.002630432781089,0.0
2026-03-04T21:41:33+00:00,1772660493.6770434,0.9812500000000001,4.7,0.0,2304.0,16,13839126528,3184824320,81.3,17023950848,504229888,4.5,0.0,487516.05644528975,0.0,109.0205860863162,34.4,54.01019861156949,225.04249421487287,1.000188863177213,1.000188863177213
2026-03-04T21:41:34+00:00,1772660494.6770508,0.98125,4.6,0.0,2304.0,16,13839237120,3184713728,81.3,17023950848,504229888,4.5,0.0,65535.515628579975,0.0,9.99992609078674,34.4,0.0,0.0,0.0,0.0
2026-03-04T21:41:35+00:00,1772660495.6772995,0.76875,1.6,0.0,2304.0,16,13840748544,3183202304,81.3,17023950848,504229888,4.5,0.0,8189.963397068228,0.0,1.9995027824873604,34.4,0.0,0.0,0.0,0.0
2026-03-04T21:41:36+00:00,1772660496.6772158,0.49375,1.6,0.0,2304.0,16,13840158720,3183792128,81.3,17023950848,504229888,4.5,0.0,0.0,0.0,0.0,34.4,0.0,0.0,0.0,0.0
2026-03-04T21:41:37+00:00,1772660497.677377,1.0625,3.1,0.0,2304.0,16,13840195584,3183755264,81.3,17023950848,504229888,4.5,0.0,61430.09925196306,0.0,1.9996777100248393,34.4,0.9998388550124196,0.0,0.9998388550124196,0.0
2026-03-04T21:41:38+00:00,1772660498.677129,0.58125,3.0,0.0,2304.0,16,13840019456,3183931392,81.3,17023950848,504229888,4.5,0.0,4097.015876892082,0.0,1.000248016819356,34.4,1.000248016819356,0.0,1.000248016819356,0.0
2026-03-04T21:41:39+00:00,1772660499.677363,1.625,7.4,0.0,2304.0,16,13840633856,3183316992,81.3,17023950848,504229888,4.5,0.0,12285.126648606709,0.0,1.9995323321299983,34.4,0.9997661660649991,0.0,0.9997661660649991,0.0
2026-03-04T21:41:40+00:00,1772660500.6771102,0.58125,3.1,0.0,2304.0,16,13839585280,3184365568,81.3,17023950848,504229888,4.5,0.0,4097.035417924642,0.0,1.0002527875792584,34.4,1.0002527875792584,0.0,1.0002527875792584,0.0
2026-03-04T21:41:41+00:00,1772660501.6774955,1.26875,6.2,0.0,2304.0,16,13842436096,3181514752,81.3,17023950848,504229888,4.5,0.0,69605.18220747774,0.0,1.999229727926176,34.4,55.978432381932926,0.0,1.999229727926176,0.0
2026-03-04T21:41:42+00:00,1772660502.677223,1.54375,6.2,0.0,2304.0,16,13841080320,3182870528,81.3,17023950848,504229888,4.5,0.0,4097.1165152017775,0.0,1.000272586719184,34.4,56.0152648562743,132.03598144693228,2.000545173438368,2.000545173438368
2026-03-04T21:41:43+00:00,1772660503.6771052,0.6937500000000001,3.1,0.0,2304.0,16,13834993664,3188957184,81.3,17023950848,504229888,4.5,0.0,0.0,0.0,0.0,34.4,0.0,0.0,0.0,0.0
2026-03-04T21:41:44+00:00,1772660504.6771543,2.24375,18.8,0.0,2304.0,16,13852901376,3171049472,81.4,17023950848,504229888,4.5,0.0,45053.78721805407,0.0,3.9998035527391758,34.4,1596.921568431116,3902.808316585251,8.999557993663146,7.9996071054783515
2026-03-04T21:41:45+00:00,1772660505.6770124,5.7125,30.8,0.0,2304.0,16,13867773952,3156176896,81.5,17023950848,504229888,4.5,32772.64909701651,426044.4382612146,2.000283758362824,46.00652644234495,34.4,937.132940792983,1510.214237563932,6.000851275088472,6.000851275088472
2026-03-04T21:41:46+00:00,1772660506.6770709,3.81875,23.4,0.0,2304.0,16,13847154688,3176796160,81.3,17023950848,504229888,4.5,0.0,352235.4250299615,0.0,24.998539771498677,34.4,452.973540659556,1167.931778124418,7.999532726879576,9.99941590859947
2026-03-04T21:41:47+00:00,1772660507.6771023,1.8625,14.1,0.0,2304.0,16,13850001408,3173949440,81.4,17023950848,504229888,4.5,0.0,0.0,0.0,0.0,34.4,5469.827857666681,0.0,3.9998741189518685,0.0
2026-03-04T21:41:48+00:00,1772660508.677554,4.0125,12.1,0.0,2304.0,16,13850431488,3173519360,81.4,17023950848,504229888,4.5,0.0,106447.93186212852,0.0,5.997291834179417,34.4,407.81584472420036,939.5757206881086,4.997743195149514,9.995486390299028
2026-03-04T21:41:49+00:00,1772660509.6770775,1.26875,4.6,0.0,2304.0,16,13845024768,3178926080,81.3,17023950848,504229888,4.5,0.0,327836.1681423064,0.0,57.02716547885579,34.4,1.0004765873483472,0.0,1.0004765873483472,0.0
2026-03-04T21:41:50+00:00,1772660510.677103,1.06875,4.6,0.0,2304.0,16,13849649152,3174301696,81.4,17023950848,504229888,4.5,0.0,356342.90941159555,0.0,22.999413266844858,34.4,0.9999744898628198,0.0,0.9999744898628198,0.0
2026-03-04T21:41:51+00:00,1772660511.677306,1.34375,9.0,0.0,2304.0,16,13856391168,3167559680,81.4,17023950848,504229888,4.5,0.0,0.0,0.0,0.0,34.4,0.9997971469468947,0.0,0.9997971469468947,0.0
2026-03-04T21:41:52+00:00,1772660512.6770842,1.1625,4.6,0.0,2304.0,16,13851127808,3172823040,81.4,17023950848,504229888,4.5,0.0,4096.908404544884,0.0,1.000221778453341,34.4,0.0,0.0,0.0,0.0
2026-03-04T21:41:53+00:00,1772660513.6771157,0.30000000000000004,1.6,0.0,2304.0,16,13849620480,3174330368,81.4,17023950848,504229888,4.5,0.0,12287.61329342014,0.0,1.9999370594759343,34.4,0.0,0.0,0.0,0.0
2026-03-04T21:41:54+00:00,1772660514.6770358,1.95625,6.3,0.0,2304.0,16,13852057600,3171893248,81.4,17023950848,504229888,4.5,45059.598920259064,180238.39568103626,1.0000798766037613,5.000399383018807,34.4,0.0,0.0,0.0,0.0
2026-03-04T21:41:55+00:00,1772660515.6770148,0.575,4.6,0.0,2304.0,16,13847756800,3176194048,81.3,17023950848,504229888,4.5,0.0,16384.343757212315,0.0,3.0000629438254967,34.4,0.0,0.0,0.0,0.0
2026-03-04T21:41:56+00:00,1772660516.6771235,0.6937500000000001,3.2,0.0,2304.0,16,13865005056,3158945792,81.4,17023950848,504229888,4.5,0.0,8191.10947181722,0.0,1.999782585892876,34.4,0.0,0.0,0.0,0.0
2026-03-04T21:41:57+00:00,1772660517.6769927,0.49375,1.6,0.0,2304.0,16,13847670784,3176280064,81.3,17023950848,504229888,4.5,0.0,16386.144811988303,0.0,3.0003927268044985,34.4,0.0,0.0,0.0,0.0
2026-03-04T21:41:58+00:00,1772660518.6774907,1.18125,4.7,0.0,2304.0,16,13853970432,3169980416,81.4,17023950848,504229888,4.5,0.0,0.0,0.0,0.0,34.4,0.0,0.0,0.0,0.0
2026-03-04T21:41:59+00:00,1772660519.6771054,0.86875,4.6,0.0,2304.0,16,13847982080,3175968768,81.3,17023950848,504229888,4.5,0.0,4097.578733261335,0.0,1.0003854329251307,34.4,0.0,0.0,0.0,0.0
2026-03-04T21:42:00+00:00,1772660520.6772835,1.54375,4.7,0.0,2304.0,16,13849341952,3174608896,81.4,17023950848,504229888,4.5,0.0,102381.765942774,0.0,6.998753531244316,34.4,0.0,0.0,0.0,0.0
2026-03-04T21:42:01+00:00,1772660521.6770976,1.1625,3.1,0.0,2304.0,16,13851291648,3172659200,81.4,17023950848,504229888,4.5,32774.09488344409,401482.6623221901,1.0001860010816679,13.002418014061682,34.4,108.02008811682012,54.01004405841006,2.0003720021633358,1.0001860010816679
2026-03-04T21:42:02+00:00,1772660522.6771066,2.06875,4.8,0.0,2304.0,16,13846380544,3177570304,81.3,17023950848,504229888,4.5,0.0,0.0,0.0,0.0,34.4,0.0,0.0,0.0,0.0
2026-03-04T21:42:03+00:00,1772660523.677377,1.0625,4.6,0.0,2304.0,16,13845057536,3178893312,81.3,17023950848,504229888,4.5,53233.60740690245,8189.785754908069,0.9997297064096764,1.9994594128193528,34.4,0.0,0.0,0.0,0.0
2026-03-04T21:42:04+00:00,1772660524.6771436,1.575,4.6,0.0,2304.0,16,13850120192,3173830656,81.4,17023950848,504229888,4.5,0.0,94229.99439156278,0.0,6.001400797696339,34.4,0.0,0.0,0.0,0.0
2026-03-04T21:42:05+00:00,1772660525.6770668,1.16875,4.8,0.0,2304.0,16,13846188032,3177762816,81.3,17023950848,504229888,4.5,0.0,163852.57909070663,0.0,27.00207297027026,34.4,108.00829188108104,279.0214206927927,2.0001535533533525,4.000307106706705
2026-03-04T21:42:06+00:00,1772660526.677099,0.1,1.6,0.0,2304.0,16,13849534464,3174416384,81.4,17023950848,504229888,4.5,0.0,0.0,0.0,0.0,34.4,0.0,0.0,0.0,0.0
2026-03-04T21:42:07+00:00,1772660527.6771228,0.58125,3.1,0.0,2304.0,16,13845516288,3178434560,81.3,17023950848,504229888,4.5,0.0,4095.902346078251,0.0,0.9999761587105105,34.4,0.0,0.0,0.0,0.0
2026-03-04T21:42:08+00:00,1772660528.6773183,3.4250000000000003,9.4,0.0,2304.0,16,13849915392,3174035456,81.4,17023950848,504229888,4.5,0.0,352187.14627362625,0.0,31.993745119333777,34.4,0.0,0.0,0.0,0.0
2026-03-04T21:42:09+00:00,1772660529.6774302,1.25,6.1,0.0,2304.0,16,13862576128,3161374720,81.4,17023950848,504229888,4.5,0.0,188394.93399619003,0.0,16.99809930120176,34.4,0.0,0.0,0.0,0.0
2026-03-04T21:42:10+00:00,1772660530.677002,0.79375,4.8,0.0,2304.0,16,13849649152,3174301696,81.4,17023950848,504229888,4.5,0.0,32782.0372607518,0.0,3.001285149604962,34.4,0.0,0.0,0.0,0.0
2026-03-04T21:42:11+00:00,1772660531.6774173,0.29375,3.1,0.0,2304.0,16,13847994368,3175956480,81.3,17023950848,504229888,4.5,0.0,61414.49301556751,0.0,1.9991696945171717,34.4,0.0,0.0,0.0,0.0
2026-03-04T21:42:12+00:00,1772660532.6771102,1.95625,7.8,0.0,2304.0,16,13843456000,3180494848,81.3,17023950848,504229888,4.5,0.0,4097.258198871647,0.0,1.0003071774588983,34.4,0.0,0.0,0.0,0.0
2026-03-04T21:42:13+00:00,1772660533.6771374,0.29375,3.1,0.0,2304.0,16,13844176896,3179773952,81.3,17023950848,504229888,4.5,0.0,0.0,0.0,0.0,34.4,0.0,0.0,0.0,0.0
2026-03-04T21:42:14+00:00,1772660534.6773548,1.0,4.8,0.0,2304.0,16,13842690048,3181260800,81.3,17023950848,504229888,4.5,0.0,69616.86266642767,0.0,1.999565219049508,34.4,0.0,0.0,0.0,0.0
2026-03-04T21:42:15+00:00,1772660535.6774807,0.8625,6.0,0.0,2304.0,16,13844742144,3179208704,81.3,17023950848,504229888,4.5,0.0,16381.937759605153,0.0,2.999622392505826,34.4,0.0,0.0,0.0,0.0
2026-03-04T21:42:16+00:00,1772660536.67738,0.8812500000000001,4.7,0.0,2304.0,16,13850542080,3173408768,81.4,17023950848,504229888,4.5,0.0,4096.412150842584,0.0,1.0001006227643028,34.4,0.0,0.0,0.0,0.0
2026-03-04T21:42:17+00:00,1772660537.6770985,1.38125,4.8,0.0,2304.0,16,13840281600,3183669248,81.3,17023950848,504229888,4.5,0.0,0.0,0.0,0.0,34.4,0.0,0.0,0.0,0.0
2026-03-04T21:42:18+00:00,1772660538.6769838,1.24375,4.7,0.0,2304.0,16,13840437248,3183513600,81.3,17023950848,504229888,4.5,0.0,16385.879121746435,0.0,3.0003440774682195,34.4,0.0,0.0,0.0,0.0
2026-03-04T21:42:19+00:00,1772660539.6774168,0.39375000000000004,3.1,0.0,2304.0,16,13844066304,3179884544,81.3,17023950848,504229888,4.5,0.0,16376.909320038512,0.0,3.9982688769625274,34.4,0.0,0.0,0.0,0.0
2026-03-04T21:42:20+00:00,1772660540.6771145,1.2875,3.2,0.0,2304.0,16,13850370048,3173580800,81.4,17023950848,504229888,4.5,0.0,40972.38655713903,0.0,4.001209624720608,34.4,0.0,0.0,0.0,0.0
2026-03-04T21:42:21+00:00,1772660541.6770537,0.96875,6.2,0.0,2304.0,16,13845831680,3178119168,81.3,17023950848,504229888,4.5,0.0,61443.7355786735,0.0,4.000243201736556,34.4,0.0,0.0,0.0,0.0
2026-03-04T21:42:22+00:00,1772660542.6769536,0.875,4.7,0.0,2304.0,16,13837897728,3186053120,81.3,17023950848,504229888,4.5,0.0,16385.640789301753,0.0,4.000400583325623,34.4,0.0,0.0,0.0,0.0
2026-03-04T21:42:23+00:00,1772660543.6770966,0.7875000000000001,3.1,0.0,2304.0,16,13831356416,3192594432,81.2,17023950848,504229888,4.5,0.0,4095.414146307043,0.0,0.999856969313243,34.4,0.0,0.0,0.0,0.0
2026-03-04T21:42:24+00:00,1772660544.6771078,0.96875,4.6,0.0,2304.0,16,13832818688,3191132160,81.3,17023950848,504229888,4.5,0.0,4095.954102076817,0.0,0.9999887944523479,34.4,0.0,0.0,0.0,0.0
2026-03-04T21:42:25+00:00,1772660545.6774118,1.6625,6.3,0.0,2304.0,16,13836308480,3187642368,81.3,17023950848,504229888,4.5,0.0,36852.79735073514,0.0,2.9990883260689407,34.4,0.0,0.0,0.0,0.0
2026-03-04T21:42:26+00:00,1772660546.6770787,0.9625,7.6,0.0,2304.0,16,13832617984,3191332864,81.3,17023950848,504229888,4.5,0.0,4097.364712358276,0.0,1.0003331817280947,34.4,0.0,0.0,0.0,0.0
2026-03-04T21:42:27+00:00,1772660547.6772487,1.26875,6.2,0.0,2304.0,16,13830004736,3193946112,81.2,17023950848,504229888,4.5,0.0,4095.303829281264,0.0,0.9998300364456211,34.4,109.98130400901832,131.97756481082197,1.9996600728912421,1.9996600728912421
2026-03-04T21:42:28+00:00,1772660548.677074,1.7375,4.7,0.0,2304.0,16,13833003008,3190947840,81.3,17023950848,504229888,4.5,0.0,0.0,0.0,0.0,34.4,0.0,0.0,0.0,0.0
2026-03-04T21:42:29+00:00,1772660549.6770537,0.9812500000000001,4.7,0.0,2304.0,16,13831749632,3192201216,81.2,17023950848,504229888,4.5,0.0,8192.16601898947,0.0,2.000040531979851,34.4,0.0,142.00287777056946,0.0,1.0000202659899255
2026-03-04T21:42:30+00:00,1772660550.6773407,0.49375,1.6,0.0,2304.0,16,13833519104,3190431744,81.3,17023950848,504229888,4.5,0.0,102370.6139042042,0.0,3.998852105632977,34.4,227.93457002107968,111.96785895772335,3.998852105632977,1.9994260528164884
2026-03-04T21:42:31+00:00,1772660551.6772282,1.08125,6.2,0.0,2304.0,16,13833408512,3190542336,81.3,17023950848,504229888,4.5,0.0,4096.46098937678,0.0,1.0001125462345655,34.4,55.006190042901096,66.00742805148131,1.0001125462345655,1.0001125462345655
2026-03-04T21:42:32+00:00,1772660552.6770632,0.29375,3.1,0.0,2304.0,16,13831045120,3192905728,81.2,17023950848,504229888,4.5,0.0,0.0,0.0,0.0,34.4,0.0,0.0,0.0,0.0
2026-03-04T21:42:33+00:00,1772660553.6774502,1.43125,6.1,0.0,2304.0,16,13841997824,3181953024,81.3,17023950848,504229888,4.5,0.0,12283.246956393665,0.0,2.998839588963297,34.4,54.978725797660445,65.97447095719254,0.999613196321099,0.999613196321099
2026-03-04T21:42:34+00:00,1772660554.6769989,1.8375000000000001,3.1,0.0,2304.0,16,13829890048,3194060800,81.2,17023950848,504229888,4.5,0.0,106544.0861556751,0.0,5.002257650788532,34.4,0.0,0.0,0.0,0.0
2026-03-04T21:42:35+00:00,1772660555.6771128,1.2750000000000001,7.7,0.0,2304.0,16,13830615040,3193335808,81.2,17023950848,504229888,4.5,0.0,40955.332563170145,0.0,3.999544195622085,34.4,0.0,0.0,0.0,0.0
2026-03-04T21:42:36+00:00,1772660556.6774104,0.9750000000000001,3.1,0.0,2304.0,16,13831159808,3192791040,81.2,17023950848,504229888,4.5,0.0,0.0,0.0,0.0,34.4,0.0,0.0,0.0,0.0
2026-03-04T21:42:37+00:00,1772660557.67702,0.9750000000000001,4.5,0.0,2304.0,16,13828653056,3195297792,81.2,17023950848,504229888,4.5,0.0,381076.730899926,0.0,45.01756996203133,34.4,0.0,0.0,0.0,0.0
2026-03-04T21:42:38+00:00,1772660558.677059,0.9875,3.1,0.0,2304.0,16,13824786432,3199164416,81.2,17023950848,504229888,4.5,16383.363305993347,225271.24545740854,0.9999611392818205,28.998873039172796,34.4,0.0,0.0,0.0,0.0
2026-03-04T21:42:39+00:00,1772660559.677067,0.1,1.6,0.0,2304.0,16,13827391488,3196559360,81.2,17023950848,504229888,4.5,0.0,4095.96679714415,0.0,0.999991893834021,34.4,0.0,0.0,0.0,0.0
2026-03-04T21:42:40+00:00,1772660560.6771245,2.91875,6.2,0.0,2304.0,16,13835919360,3188031488,81.3,17023950848,504229888,4.5,0.0,32766.117295678076,0.0,2.9998276332713085,34.4,0.0,0.0,0.0,0.0
2026-03-04T21:42:41+00:00,1772660561.677327,0.5875,3.1,0.0,2304.0,16,13829500928,3194449920,81.2,17023950848,504229888,4.5,0.0,4095.171066228097,0.0,0.999797623590844,34.4,0.0,0.0,0.0,0.0
2026-03-04T21:42:42+00:00,1772660562.677153,1.4625000000000001,3.2,0.0,2304.0,16,13836640256,3187310592,81.3,17023950848,504229888,4.5,0.0,135191.49724805207,0.0,2.0003476747166795,34.4,0.0,0.0,0.0,0.0
2026-03-04T21:42:43+00:00,1772660563.6773603,0.59375,4.7,0.0,2304.0,16,13828460544,3195490304,81.2,17023950848,504229888,4.5,0.0,0.0,0.0,0.0,34.4,0.0,0.0,0.0,0.0
2026-03-04T21:42:44+00:00,1772660564.6774044,2.5500000000000003,7.7,0.0,2304.0,16,13837594624,3186356224,81.3,17023950848,504229888,4.5,0.0,4095.8193439057773,0.0,0.9999558945082464,34.4,0.0,0.0,0.0,0.0
2026-03-04T21:42:45+00:00,1772660565.6773477,0.775,6.2,0.0,2304.0,16,13828808704,3195142144,81.2,17023950848,504229888,4.5,0.0,77828.41626621994,0.0,4.00022698736739,34.4,0.0,0.0,0.0,0.0
2026-03-04T21:42:46+00:00,1772660566.6771104,0.5875,3.1,0.0,2304.0,16,13853745152,3170205696,81.4,17023950848,504229888,4.5,0.0,4096.971910250353,0.0,1.0002372827759651,34.4,0.0,0.0,0.0,0.0
2026-03-04T21:42:47+00:00,1772660567.6771963,0.6937500000000001,1.6,0.0,2304.0,16,13831954432,3191996416,81.2,17023950848,504229888,4.5,0.0,0.0,0.0,0.0,34.4,0.0,0.0,0.0,0.0
2026-03-04T21:42:48+00:00,1772660568.6774395,1.53125,4.5,0.0,2304.0,16,13827887104,3196063744,81.2,17023950848,504229888,4.5,0.0,4095.0041484281073,0.0,0.9997568721748309,34.4,0.0,0.0,0.0,0.0
2026-03-04T21:42:49+00:00,1772660569.6771681,2.0375,7.7,0.0,2304.0,16,13831802880,3192147968,81.2,17023950848,504229888,4.5,0.0,69650.89770545693,0.0,2.0005427879554496,34.4,0.0,0.0,0.0,0.0
2026-03-04T21:42:50+00:00,1772660570.6772223,1.36875,6.2,0.0,2304.0,16,13828034560,3195916288,81.2,17023950848,504229888,4.5,0.0,40957.78332309381,0.0,2.99983764573441,34.4,0.0,0.0,0.0,0.0
2026-03-04T21:42:51+00:00,1772660571.6771545,2.0,6.1,0.0,2304.0,16,13838561280,3185389568,81.3,17023950848,504229888,4.5,0.0,0.0,0.0,0.0,34.4,0.0,0.0,0.0,0.0
2026-03-04T21:42:52+00:00,1772660572.6772883,0.59375,4.8,0.0,2304.0,16,13829857280,3194093568,81.2,17023950848,504229888,4.5,0.0,4095.452221704393,0.0,0.9998662650645491,34.4,0.0,0.0,0.0,0.0
2026-03-04T21:42:53+00:00,1772660573.6776137,1.71875,6.2,0.0,2304.0,16,13838012416,3185938432,81.3,17023950848,504229888,4.5,0.0,4094.66742586224,0.0,0.9996746645171485,34.4,0.0,0.0,0.0,0.0
2026-03-04T21:42:54+00:00,1772660574.6771278,0.7875,4.6,0.0,2304.0,16,13832613888,3191336960,81.3,17023950848,504229888,4.5,0.0,16391.96480757662,0.0,3.0014583998248203,34.4,0.0,0.0,0.0,0.0
2026-03-04T21:42:55+00:00,1772660575.6773686,2.65,4.8,0.0,2304.0,16,13834485760,3189465088,81.3,17023950848,504229888,4.5,0.0,8190.02781865672,0.0,1.9995185104142383,34.4,0.0,0.0,0.0,0.0
2026-03-04T21:42:56+00:00,1772660576.6771297,0.7937500000000001,3.1,0.0,2304.0,16,13833818112,3190132736,81.3,17023950848,504229888,4.5,0.0,4096.978749443756,0.0,1.000238952500917,34.4,0.0,0.0,0.0,0.0
2026-03-04T21:42:57+00:00,1772660577.6771126,0.6875,3.1,0.0,2304.0,16,13838598144,3185352704,81.3,17023950848,504229888,4.5,0.0,4096.070313707015,0.0,1.0000171664323767,34.4,0.0,0.0,0.0,0.0
2026-03-04T21:42:58+00:00,1772660578.6773422,1.2750000000000001,4.7,0.0,2304.0,16,13830533120,3193417728,81.2,17023950848,504229888,4.5,0.0,0.0,0.0,0.0,34.4,0.0,0.0,0.0,0.0
2026-03-04T21:42:59+00:00,1772660579.6769345,1.625,6.2,0.0,2304.0,16,13856169984,3167780864,81.4,17023950848,504229888,4.5,0.0,4097.670602972766,0.0,1.0004078620538979,34.4,0.0,0.0,0.0,0.0
2026-03-04T21:43:00+00:00,1772660580.6774452,0.59375,3.1,0.0,2304.0,16,13841502208,3182448640,81.3,17023950848,504229888,4.5,0.0,286573.648959143,0.0,5.99693740846421,34.4,0.0,0.0,0.0,0.0
2026-03-04T21:43:01+00:00,1772660581.677496,1.3625,7.6,0.0,2304.0,16,13829627904,3194322944,81.2,17023950848,504229888,4.5,0.0,4095.792002750257,0.0,0.9999492194214494,34.4,0.0,0.0,0.0,0.0
2026-03-04T21:43:02+00:00,1772660582.6773074,2.66875,9.4,0.0,2304.0,16,13841145856,3182804992,81.3,17023950848,504229888,4.5,0.0,0.0,0.0,0.0,34.4,0.0,0.0,0.0,0.0
2026-03-04T21:43:03+00:00,1772660583.6775534,0.575,3.1,0.0,2304.0,16,13830369280,3193581568,81.2,17023950848,504229888,4.5,0.0,4094.992435409226,0.0,0.9997540125510805,34.4,0.0,0.0,0.0,0.0
2026-03-04T21:43:04+00:00,1772660584.6774955,1.65,9.2,0.0,2304.0,16,13842038784,3181912064,81.3,17023950848,504229888,4.5,0.0,4096.237318436713,0.0,1.0000579390714632,34.4,0.0,0.0,0.0,0.0
2026-03-04T21:43:05+00:00,1772660585.677332,0.1,1.6,0.0,2304.0,16,13836648448,3187302400,81.3,17023950848,504229888,4.5,0.0,16386.680125848372,0.0,4.0006543275997,34.4,0.0,0.0,0.0,0.0
2026-03-04T21:43:06+00:00,1772660586.6769834,1.76875,4.8,0.0,2304.0,16,13838516224,3185434624,81.3,17023950848,504229888,4.5,0.0,0.0,0.0,0.0,34.4,0.0,0.0,0.0,0.0
2026-03-04T21:43:07+00:00,1772660587.6770077,0.78125,3.1,0.0,2304.0,16,13839982592,3183968256,81.3,17023950848,504229888,4.5,0.0,389110.53733949456,0.0,40.999002957748964,34.4,0.0,53.998686822401076,0.0,0.9999756818963161
2026-03-04T21:43:08+00:00,1772660588.6774714,1.16875,4.6,0.0,2304.0,16,13843447808,3180503040,81.3,17023950848,504229888,4.5,0.0,147387.65278800187,0.0,15.992583852864785,34.4,6193.128097021888,6691.896805933108,13.993510871256687,17.991656834472884
2026-03-04T21:43:09+00:00,1772660589.6772892,1.75625,4.8,0.0,2304.0,16,13840728064,3183222784,81.3,17023950848,504229888,4.5,0.0,40967.46229677075,0.0,3.000546554939264,34.4,0.0,0.0,0.0,0.0
2026-03-04T21:43:10+00:00,1772660590.6771069,1.08125,3.1,0.0,2304.0,16,13842612224,3181338624,81.3,17023950848,504229888,4.5,0.0,32773.97765276536,0.0,3.000547270455813,34.4,0.0,0.0,0.0,0.0
2026-03-04T21:43:11+00:00,1772660591.6775336,1.28125,4.6,0.0,2304.0,16,13840285696,3183665152,81.3,17023950848,504229888,4.5,0.0,12282.758096458278,0.0,2.998720238393134,34.4,0.0,0.0,0.0,0.0
2026-03-04T21:43:12+00:00,1772660592.677312,0.58125,3.1,0.0,2304.0,16,13836181504,3187769344,81.3,17023950848,504229888,4.5,0.0,8193.816809089769,0.0,1.000221778453341,34.4,0.0,0.0,0.0,0.0
2026-03-04T21:43:13+00:00,1772660593.6770325,0.78125,3.1,0.0,2304.0,16,13839896576,3184054272,81.3,17023950848,504229888,4.5,0.0,0.0,0.0,0.0,34.4,0.0,0.0,0.0,0.0
2026-03-04T21:43:14+00:00,1772660594.677528,0.48750000000000004,4.7,0.0,2304.0,16,13836050432,3187900416,81.3,17023950848,504229888,4.5,0.0,4093.9717080094233,0.0,0.9995048115257381,34.4,0.0,0.0,0.0,0.0
2026-03-04T21:43:15+00:00,1772660595.6773872,0.9875,6.2,0.0,2304.0,16,13833310208,3190640640,81.3,17023950848,504229888,4.5,0.0,16386.305011738998,0.0,3.0004220602549436,34.4,0.0,0.0,0.0,0.0
2026-03-04T21:43:16+00:00,1772660596.6771762,2.11875,4.7,0.0,2304.0,16,13837709312,3186241536,81.3,17023950848,504229888,4.5,0.0,28678.051081468366,0.0,3.000633134919263,34.4,0.0,0.0,0.0,0.0
2026-03-04T21:43:17+00:00,1772660597.6774127,1.08125,3.1,0.0,2304.0,16,13842255872,3181694976,81.3,17023950848,504229888,4.5,0.0,0.0,0.0,0.0,34.4,107.9744628269376,184.95625576836534,1.9995270893877333,1.9995270893877333
2026-03-04T21:43:18+00:00,1772660598.6771097,1.3625,4.6,0.0,2304.0,16,13832892416,3191058432,81.3,17023950848,504229888,4.5,180278.6298357299,1712646.9834394339,9.002728096821562,258.07820544221806,34.4,55.016671702798426,66.02000604335811,1.0003031218690623,1.0003031218690623
2026-03-04T21:43:19+00:00,1772660599.6773784,2.325,4.7,0.0,2304.0,16,13841125376,3182825472,81.3,17023950848,504229888,4.5,0.0,65518.39535532821,0.0,1.9994627488808658,34.4,0.0,0.0,0.0,0.0
2026-03-04T21:43:20+00:00,1772660600.6773016,0.48750000000000004,1.6,0.0,2304.0,16,13834743808,3189207040,81.3,17023950848,504229888,4.5,0.0,45059.459249944324,0.0,4.000307106706705,34.4,0.0,0.0,0.0,0.0
2026-03-04T21:43:21+00:00,1772660601.6771092,1.28125,3.2,0.0,2304.0,16,13840683008,3183267840,81.3,17023950848,504229888,4.5,0.0,0.0,0.0,0.0,34.4,0.0,0.0,0.0,0.0
2026-03-04T21:43:22+00:00,1772660602.6771114,1.39375,4.7,0.0,2304.0,16,13827895296,3196055552,81.2,17023950848,504229888,4.5,0.0,4095.9912109563593,0.0,0.9999978542373924,34.4,0.0,0.0,0.0,0.0
2026-03-04T21:43:23+00:00,1772660603.6772084,1.0625,4.6,0.0,2304.0,16,13852643328,3171307520,81.4,17023950848,504229888,4.5,0.0,69625.24381965765,0.0,1.999805946106895,34.4,0.0,0.0,0.0,0.0
2026-03-04T21:43:24+00:00,1772660604.677087,1.1500000000000001,5.9,0.0,2304.0,16,13829562368,3194388480,81.2,17023950848,504229888,4.5,0.0,4096.497130641817,0.0,1.0001213697856,34.4,0.0,0.0,0.0,0.0
2026-03-04T21:43:25+00:00,1772660605.6773732,0.86875,6.2,0.0,2304.0,16,13834821632,3189129216,81.3,17023950848,504229888,4.5,0.0,4094.828460180231,0.0,0.9997139795361892,34.4,0.0,0.0,0.0,0.0
2026-03-04T21:43:26+00:00,1772660606.6771677,2.625,9.1,0.0,2304.0,16,13831233536,3192717312,81.2,17023950848,504229888,4.5,0.0,4096.841969913975,0.0,1.000205559061029,34.4,84.01726696112644,54.01110018929557,1.000205559061029,1.000205559061029
2026-03-04T21:43:27+00:00,1772660607.67758,2.01875,4.7,0.0,2304.0,16,13832519680,3191431168,81.3,17023950848,504229888,4.5,0.0,73697.60238167756,0.0,11.995052470976164,34.4,0.0,0.0,0.0,0.0
2026-03-04T21:43:28+00:00,1772660608.676987,1.5375,7.5,0.0,2304.0,16,13833605120,3190345728,81.3,17023950848,504229888,4.5,0.0,0.0,0.0,0.0,34.4,1.0005935375026003,0.0,1.0005935375026003,0.0
2026-03-04T21:43:29+00:00,1772660609.6772578,1.46875,7.8,0.0,2304.0,16,13831761920,3192188928,81.2,17023950848,504229888,4.5,0.0,8189.781850771314,0.0,1.9994584596609652,34.4,426.88438113761606,0.0,4.998646149152413,0.0
2026-03-04T21:43:30+00:00,1772660610.6773522,1.25625,4.6,0.0,2304.0,16,13836369920,3187580928,81.3,17023950848,504229888,4.5,0.0,40956.133177581236,0.0,3.999622380623167,34.4,656.9379760173553,111.98942665744869,10.99896154671371,1.9998111903115836
2026-03-04T21:43:31+00:00,1772660611.6771183,2.24375,6.2,0.0,2304.0,16,13832429568,3191521280,81.3,17023950848,504229888,4.5,0.0,4096.95823193205,0.0,1.0002339433427856,34.4,428.10012775071226,0.0,6.001403660056714,0.0
2026-03-04T21:43:32+00:00,1772660612.677114,0.86875,3.1,0.0,2304.0,16,13837561856,3186388992,81.3,17023950848,504229888,4.5,0.0,0.0,0.0,0.0,34.4,427.0018324930632,0.0,5.0000214577642055,0.0
2026-03-04T21:43:33+00:00,1772660613.6770492,0.29375,3.1,0.0,2304.0,16,13833043968,3190906880,81.3,17023950848,504229888,4.5,0.0,8192.531284453718,0.0,1.0000648540592918,34.4,0.0,0.0,0.0,0.0
2026-03-04T21:43:34+00:00,1772660614.677438,2.5125,9.7,0.0,2304.0,16,13834174464,3189776384,81.3,17023950848,504229888,4.5,0.0,16377.631382754977,0.0,2.9988338713540603,34.4,0.0,0.0,0.0,0.0
2026-03-04T21:43:35+00:00,1772660615.6770806,0.29375,3.1,0.0,2304.0,16,13833256960,3190693888,81.3,17023950848,504229888,4.5,0.0,16389.857562180925,0.0,3.0010725516688708,34.4,0.0,0.0,0.0,0.0
2026-03-04T21:43:36+00:00,1772660616.67737,1.36875,4.7,0.0,2304.0,16,13858017280,3165933568,81.4,17023950848,504229888,4.5,0.0,0.0,0.0,0.0,34.4,0.0,0.0,0.0,0.0
2026-03-04T21:43:37+00:00,1772660617.6770895,0.29375,3.1,0.0,2304.0,16,13833461760,3190489088,81.3,17023950848,504229888,4.5,0.0,454783.620773709,0.0,44.0123506872079,34.4,1.0002806974365432,0.0,1.0002806974365432,0.0
2026-03-04T21:43:38+00:00,1772660618.6770334,0.4,1.6,0.0,2304.0,16,13832867840,3191083008,81.3,17023950848,504229888,4.5,0.0,77828.36059587957,0.0,10.000560315054425,34.4,1.0000560315054425,0.0,1.0000560315054425,0.0
2026-03-04T21:43:39+00:00,1772660619.6772056,1.58125,6.2,0.0,2304.0,16,13832912896,3191037952,81.3,17023950848,504229888,4.5,0.0,4095.2950432250004,0.0,0.9998278914123536,34.4,0.9998278914123536,0.0,0.9998278914123536,0.0
2026-03-04T21:43:40+00:00,1772660620.6773942,0.95625,4.7,0.0,2304.0,16,13834821632,3189129216,81.3,17023950848,504229888,4.5,0.0,36857.049162414674,0.0,2.9994343393892153,34.4,0.9998114464630717,0.0,0.9998114464630717,0.0
2026-03-04T21:43:41+00:00,1772660621.6771345,1.1812500000000001,3.1,0.0,2304.0,16,13841403904,3182546944,81.3,17023950848,504229888,4.5,0.0,4097.063752752959,0.0,1.0002597052619528,34.4,1.0002597052619528,0.0,1.0002597052619528,0.0
2026-03-04T21:43:42+00:00,1772660622.6775122,1.9375,7.8,0.0,2304.0,16,13838270464,3185680384,81.3,17023950848,504229888,4.5,0.0,4094.4537089645864,0.0,0.9996224875401822,34.4,0.9996224875401822,0.0,0.9996224875401822,0.0
2026-03-04T21:43:43+00:00,1772660623.6771398,1.5375,6.2,0.0,2304.0,16,13838393344,3185557504,81.3,17023950848,504229888,4.5,0.0,0.0,0.0,0.0,34.4,0.0,0.0,0.0,0.0
2026-03-04T21:43:44+00:00,1772660624.6772912,4.075,10.3,0.0,2304.0,16,13835599872,3188350976,81.3,17023950848,504229888,4.5,0.0,28667.659836769973,0.0,4.9992431355974425,34.4,99.98486271194885,0.0,0.9998486271194885,0.0
2026-03-04T21:43:45+00:00,1772660625.6772382,2.04375,7.7,0.0,2304.0,16,13839089664,3184861184,81.3,17023950848,504229888,4.5,0.0,49154.601700205196,0.0,6.00031759035708,34.4,486.02572481892344,795.042080722313,6.00031759035708,6.00031759035708
2026-03-04T21:43:46+00:00,1772660626.6772773,1.84375,4.8,0.0,2304.0,16,13834092544,3189858304,81.3,17023950848,504229888,4.5,0.0,4095.8398500119683,0.0,0.9999609008818282,34.4,0.9999609008818282,0.0,0.9999609008818282,0.0
2026-03-04T21:43:47+00:00,1772660627.6773593,0.96875,6.1,0.0,2304.0,16,13825286144,3198664704,81.2,17023950848,504229888,4.5,0.0,0.0,0.0,0.0,34.4,0.9999179907348602,0.0,0.9999179907348602,0.0
2026-03-04T21:43:48+00:00,1772660628.6771128,0.2,1.6,0.0,2304.0,16,13820174336,3203776512,81.2,17023950848,504229888,4.5,0.0,12291.030043855988,0.0,3.0007397568007783,34.4,1.0002465856002594,0.0,1.0002465856002594,0.0
2026-03-04T21:43:49+00:00,1772660629.6772587,1.2625,3.2,0.0,2304.0,16,13824221184,3199729664,81.2,17023950848,504229888,4.5,0.0,86003.45104979456,0.0,2.9995623273505356,34.4,0.9998541091168452,0.0,0.9998541091168452,0.0
2026-03-04T21:43:50+00:00,1772660630.6774223,1.26875,3.1,0.0,2304.0,16,13818720256,3205230592,81.2,17023950848,504229888,4.5,0.0,16381.320750705008,0.0,2.9995094148019423,34.4,0.9998364716006475,0.0,0.9998364716006475,0.0
2026-03-04T21:43:51+00:00,1772660631.6773095,1.0875000000000001,3.2,0.0,2304.0,16,13820981248,3202969600,81.2,17023950848,504229888,4.5,0.0,0.0,0.0,0.0,34.4,1.0001127847068707,0.0,1.0001127847068707,0.0
2026-03-04T21:43:52+00:00,1772660632.6771493,1.34375,7.5,0.0,2304.0,16,13824634880,3199315968,81.2,17023950848,504229888,4.5,0.0,8193.312710318884,0.0,1.000160242958848,34.4,0.0,0.0,0.0,0.0
2026-03-04T21:43:53+00:00,1772660633.6770985,0.48750000000000004,3.1,0.0,2304.0,16,13819719680,3204231168,81.2,17023950848,504229888,4.5,0.0,61443.12027564495,0.0,2.0001015714728174,34.4,110.00558643100496,186.009446146972,2.0001015714728174,3.000152357209226
2026-03-04T21:43:54+00:00,1772660634.677155,0.6875,4.7,0.0,2304.0,16,13826531328,3197419520,81.2,17023950848,504229888,4.5,0.0,12287.305703293876,0.0,1.999886995978821,34.4,0.0,0.0,0.0,0.0
2026-03-04T21:43:55+00:00,1772660635.6770368,1.6625,6.2,0.0,2304.0,16,13817311232,3206639616,81.2,17023950848,504229888,4.5,0.0,36868.359890581545,0.0,3.0003548088038365,34.4,0.0,0.0,0.0,0.0
2026-03-04T21:43:56+00:00,1772660636.6771019,0.7875000000000001,4.7,0.0,2304.0,16,13826629632,3197321216,81.2,17023950848,504229888,4.5,0.0,69627.4680684131,0.0,1.9998698319282253,34.4,0.0,0.0,0.0,0.0
2026-03-04T21:43:57+00:00,1772660637.677118,1.2,6.5,0.0,2304.0,16,13819756544,3204194304,81.2,17023950848,504229888,4.5,0.0,4095.9335948265916,0.0,0.9999837877994608,34.4,0.0,0.0,0.0,0.0
2026-03-04T21:43:58+00:00,1772660638.6771176,0.7625,4.6,0.0,2304.0,16,13821661184,3202289664,81.2,17023950848,504229888,4.5,0.0,0.0,0.0,0.0,34.4,0.0,0.0,0.0,0.0
2026-03-04T21:43:59+00:00,1772660639.6772306,1.175,6.1,0.0,2304.0,16,13818499072,3205451776,81.2,17023950848,504229888,4.5,0.0,221159.0067307495,0.0,6.999209016543903,34.4,0.0,0.0,0.0,0.0
2026-03-04T21:44:00+00:00,1772660640.6773531,2.3,6.1,0.0,2304.0,16,13822062592,3201888256,81.2,17023950848,504229888,4.5,0.0,151533.43001007434,0.0,11.998529614395666,34.4,0.0,0.0,0.0,0.0
2026-03-04T21:44:01+00:00,1772660641.6774085,0.9625,9.1,0.0,2304.0,16,13816987648,3206963200,81.2,17023950848,504229888,4.5,0.0,4095.7734500311835,0.0,0.9999446899490194,34.4,0.0,0.0,0.0,0.0
2026-03-04T21:44:02+00:00,1772660642.6770976,0.1,1.6,0.0,2304.0,16,13826199552,3197751296,81.2,17023950848,504229888,4.5,0.0,0.0,0.0,0.0,34.4,0.0,0.0,0.0,0.0
2026-03-04T21:44:03+00:00,1772660643.6770363,1.075,4.7,0.0,2304.0,16,13819514880,3204435968,81.2,17023950848,504229888,4.5,0.0,4096.250991941673,0.0,1.0000612773295101,34.4,0.0,0.0,0.0,0.0
2026-03-04T21:44:04+00:00,1772660644.6775184,1.09375,4.7,0.0,2304.0,16,13816115200,3207835648,81.2,17023950848,504229888,4.5,0.0,4094.0263420906763,0.0,0.9995181499244815,34.4,0.0,0.0,0.0,0.0
2026-03-04T21:44:05+00:00,1772660645.6772149,1.16875,3.2,0.0,2304.0,16,13825802240,3198148608,81.2,17023950848,504229888,4.5,0.0,16388.974165943444,0.0,3.0009107969867146,34.4,0.0,0.0,0.0,0.0
2026-03-04T21:44:06+00:00,1772660646.6771095,0.30000000000000004,3.2,0.0,2304.0,16,13815488512,3208462336,81.2,17023950848,504229888,4.5,0.0,81928.6337223304,0.0,1.000105392118291,34.4,0.0,0.0,0.0,0.0
2026-03-04T21:44:07+00:00,1772660647.6771095,1.25625,5.9,0.0,2304.0,16,13827014656,3196936192,81.2,17023950848,504229888,4.5,0.0,4096.0,0.0,1.0,34.4,0.0,0.0,0.0,0.0
2026-03-04T21:44:08+00:00,1772660648.6771765,1.96875,6.2,0.0,2304.0,16,13828591616,3195359232,81.2,17023950848,504229888,4.5,0.0,4095.725604320809,0.0,0.999933008867385,34.4,0.0,0.0,0.0,0.0
2026-03-04T21:44:09+00:00,1772660649.6771169,1.5375,3.1,0.0,2304.0,16,13828919296,3195031552,81.2,17023950848,504229888,4.5,0.0,8192.488310355566,0.0,2.000119216395402,34.4,0.0,0.0,0.0,0.0
2026-03-04T21:44:10+00:00,1772660650.6773055,0.29375,3.1,0.0,2304.0,16,13828775936,3195174912,81.2,17023950848,504229888,4.5,0.0,36857.049162414674,0.0,2.9994343393892153,34.4,0.0,0.0,0.0,0.0
2026-03-04T21:44:11+00:00,1772660651.6771913,0.8625,6.2,0.0,2304.0,16,13828304896,3195645952,81.2,17023950848,504229888,4.5,0.0,4096.4678268644975,0.0,1.0001142155430902,34.4,0.0,0.0,0.0,0.0
2026-03-04T21:44:12+00:00,1772660652.6774106,0.39375000000000004,3.1,0.0,2304.0,16,13821329408,3202621440,81.2,17023950848,504229888,4.5,0.0,85997.13695001745,0.0,1.9995614060178908,34.4,0.0,0.0,0.0,0.0
2026-03-04T21:44:13+00:00,1772660653.6775036,1.36875,7.8,0.0,2304.0,16,13843320832,3180630016,81.3,17023950848,504229888,4.5,0.0,0.0,0.0,0.0,34.4,0.0,0.0,0.0,0.0
2026-03-04T21:44:14+00:00,1772660654.677507,0.6937500000000001,1.6,0.0,2304.0,16,13819920384,3204030464,81.2,17023950848,504229888,4.5,0.0,8191.97265634127,0.0,0.9999966621510339,34.4,0.0,0.0,0.0,0.0
2026-03-04T21:44:15+00:00,1772660655.676992,1.33125,5.9,0.0,2304.0,16,13818896384,3205054464,81.2,17023950848,504229888,4.5,0.0,487675.1449606693,0.0,46.0237014759035,34.4,0.0,0.0,0.0,0.0
2026-03-04T21:44:16+00:00,1772660656.6773531,0.59375,4.8,0.0,2304.0,16,13819326464,3204624384,81.2,17023950848,504229888,4.5,0.0,65512.336672292106,0.0,7.997111410191907,34.4,0.0,0.0,0.0,0.0
2026-03-04T21:44:17+00:00,1772660657.6769917,2.1625,6.3,0.0,2304.0,16,13824425984,3199524864,81.2,17023950848,504229888,4.5,0.0,0.0,0.0,0.0,34.4,0.0,0.0,0.0,0.0
2026-03-04T21:44:18+00:00,1772660658.6772373,1.3625,4.7,0.0,2304.0,16,13828599808,3195351040,81.2,17023950848,504229888,4.5,0.0,4094.994387574386,0.0,0.9997544891539029,34.4,0.0,0.0,0.0,0.0
2026-03-04T21:44:19+00:00,1772660659.6773884,1.0625,6.0,0.0,2304.0,16,13817982976,3205967872,81.2,17023950848,504229888,4.5,0.0,4095.3809529485297,0.0,0.9998488654659496,34.4,0.0,0.0,0.0,0.0
2026-03-04T21:44:20+00:00,1772660660.676969,0.9750000000000001,4.7,0.0,2304.0,16,13828485120,3195465728,81.2,17023950848,504229888,4.5,0.0,40977.18494136616,0.0,4.00167821693029,34.4,0.0,0.0,0.0,0.0
2026-03-04T21:44:21+00:00,1772660661.677366,0.48124999999999996,6.1,0.0,2304.0,16,13822042112,3201908736,81.2,17023950848,504229888,4.5,0.0,0.0,0.0,0.0,34.4,0.0,0.0,0.0,0.0
2026-03-04T21:44:22+00:00,1772660662.6771207,1.7625,6.1,0.0,2304.0,16,13820088320,3203862528,81.2,17023950848,504229888,4.5,0.0,4097.005129403628,0.0,1.0002453929208077,34.4,0.0,0.0,0.0,0.0
2026-03-04T21:44:23+00:00,1772660663.6772242,0.2875,3.0,0.0,2304.0,16,13813551104,3210399744,81.1,17023950848,504229888,4.5,0.0,106484.9816088633,0.0,3.9995861481694446,34.4,0.0,141.98530826001527,0.0,0.9998965370423611
2026-03-04T21:44:24+00:00,1772660664.6771824,1.06875,3.1,0.0,2304.0,16,13820723200,3203227648,81.2,17023950848,504229888,4.5,16384.683622272943,61442.56358352354,1.000041724992245,2.00008344998449,34.4,0.0,0.0,0.0,0.0
2026-03-04T21:44:25+00:00,1772660665.677108,0.49375,4.7,0.0,2304.0,16,13813506048,3210444800,81.1,17023950848,504229888,4.5,0.0,8192.609420332705,0.0,2.0001487842609142,34.4,0.0,0.0,0.0,0.0
2026-03-04T21:44:26+00:00,1772660666.6774309,2.6875,7.6,0.0,2304.0,16,13834412032,3189538816,81.3,17023950848,504229888,4.5,0.0,4094.6781610893927,0.0,0.999677285422215,34.4,848.7260153234606,226.9267437908428,4.998386427111075,1.99935457084443
2026-03-04T21:44:27+00:00,1772660667.6773107,0.5875,3.1,0.0,2304.0,16,13815480320,3208470528,81.2,17023950848,504229888,4.5,0.0,65543.87594639706,0.0,11.001321951452143,34.4,4279.514239114884,20408.45234012113,15.001802661071105,30.00360532214221
2026-03-04T21:44:28+00:00,1772660668.6775723,0.29375,3.1,0.0,2304.0,16,13822693376,3201257472,81.2,17023950848,504229888,4.5,0.0,0.0,0.0,0.0,34.4,648.8303015611618,2213.42109037968,1.9994770464134417,3.9989540928268834
2026-03-04T21:44:29+00:00,1772660669.6773083,2.0625,4.8,0.0,2304.0,16,13823184896,3200765952,81.2,17023950848,504229888,4.5,0.0,12291.244020254713,0.0,2.000527998088332,34.4,3826.0097963439352,5643.489482607185,12.003167988529993,17.004487983750824
2026-03-04T21:44:30+00:00,1772660670.6770928,1.46875,6.2,0.0,2304.0,16,13815697408,3208253440,81.2,17023950848,504229888,4.5,0.0,196650.38413506938,0.0,6.0012934611532405,34.4,336.0724338245815,2969.6400476939953,6.0012934611532405,6.0012934611532405
2026-03-04T21:44:31+00:00,1772660671.6773016,1.45,4.6,0.0,2304.0,16,13819011072,3204939776,81.2,17023950848,504229888,4.5,0.0,4095.14470988134,0.0,0.999791188935874,34.4,2373.504282533765,2218.5366482487043,15.996659022973985,15.996659022973985
2026-03-04T21:44:32+00:00,1772660672.6773612,0.39375000000000004,3.1,0.0,2304.0,16,13813964800,3209986048,81.1,17023950848,504229888,4.5,0.0,32766.046991408384,0.0,0.9999403989077266,34.4,1308.921982170214,4820.71266313415,8.999463590169539,13.999165584708171
2026-03-04T21:44:33+00:00,1772660673.6772614,2.025,7.7,0.0,2304.0,16,13820936192,3203014656,81.2,17023950848,504229888,4.5,81928.18441135129,102410.23051418911,2.000199814730256,21.002098054667687,34.4,0.0,0.0,0.0,0.0
2026-03-04T21:44:34+00:00,1772660674.677248,1.375,4.7,0.0,2304.0,16,13817966592,3205984256,81.2,17023950848,504229888,4.5,0.0,94209.25782929383,0.0,4.000053406474772,34.4,0.0,0.0,0.0,0.0
2026-03-04T21:44:35+00:00,1772660675.6776652,1.08125,4.7,0.0,2304.0,16,13811806208,3212144640,81.1,17023950848,504229888,4.5,0.0,45037.20901208612,0.0,3.998331765987759,34.4,0.0,0.0,0.0,0.0
2026-03-04T21:44:36+00:00,1772660676.677272,0.48750000000000004,3.1,0.0,2304.0,16,13813485568,3210465280,81.1,17023950848,504229888,4.5,0.0,0.0,0.0,0.0,34.4,108.04247714157259,108.04247714157259,2.0007866137328256,2.0007866137328256
2026-03-04T21:44:37+00:00,1772660677.6774237,1.3375,6.1,0.0,2304.0,16,13817065472,3206885376,81.2,17023950848,504229888,4.5,0.0,4095.3790004147854,0.0,0.999848388773141,34.4,0.0,0.0,0.0,0.0
2026-03-04T21:44:38+00:00,1772660678.6773548,0.48750000000000004,3.1,0.0,2304.0,16,13813710848,3210240000,81.1,17023950848,504229888,4.5,0.0,4096.282246010088,0.0,1.0000689077173066,34.4,110.00757984890373,132.00909581868447,2.000137815434613,2.000137815434613
2026-03-04T21:44:39+00:00,1772660679.6771111,0.29375,3.1,0.0,2304.0,16,13823987712,3199963136,81.2,17023950848,504229888,4.5,0.0,4096.998290122153,0.0,1.0002437231743537,34.4,0.0,0.0,0.0,0.0
2026-03-04T21:44:40+00:00,1772660680.677311,0.7937500000000001,4.7,0.0,2304.0,16,13818073088,3205877760,81.2,17023950848,504229888,4.5,0.0,8190.363608192523,0.0,1.9996004902813778,34.4,0.0,0.0,0.0,0.0
2026-03-04T21:44:41+00:00,1772660681.6771014,0.48750000000000004,3.1,0.0,2304.0,16,13812068352,3211882496,81.1,17023950848,504229888,4.5,0.0,4096.85857836971,0.0,1.0002096138597925,34.4,0.0,0.0,0.0,0.0
2026-03-04T21:44:42+00:00,1772660682.6773834,2.15625,6.2,0.0,2304.0,16,13811933184,3212017664,81.1,17023950848,504229888,4.5,0.0,4094.8450523145466,0.0,0.9997180303502311,34.4,0.0,0.0,0.0,0.0
2026-03-04T21:44:43+00:00,1772660683.6771576,0.875,3.1,0.0,2304.0,16,13817327616,3206623232,81.2,17023950848,504229888,4.5,0.0,0.0,0.0,0.0,34.4,0.0,0.0,0.0,0.0
2026-03-04T21:44:44+00:00,1772660684.677112,0.7875000000000001,4.7,0.0,2304.0,16,13824970752,3198980096,81.2,17023950848,504229888,4.5,0.0,4096.186531931781,0.0,1.0000455400224075,34.4,0.0,0.0,0.0,0.0
2026-03-04T21:44:45+00:00,1772660685.6771321,1.36875,6.3,0.0,2304.0,16,13768994816,3254956032,80.9,17023950848,505962496,4.5,0.0,1789916.1530616623,0.0,4.999899866202173,34.4,0.0,0.0,0.0,0.0
2026-03-04T21:44:46+00:00,1772660686.677113,3.10625,14.1,0.0,2304.0,16,13781643264,3242307584,81.0,17023950848,505962496,4.5,0.0,8192.156252980289,0.0,2.000038147700266,34.4,1380.0263219131834,3794.0723661874044,8.000152590801063,8.000152590801063
2026-03-04T21:44:47+00:00,1772660687.6769528,7.08125,25.0,1.5,2304.0,16,13772615680,3251335168,80.9,17023950848,505962496,4.5,32773.250841275534,28676.594486116093,2.000320485917696,3.000480728876544,34.4,1086.174023853309,1817.291161456227,8.001281943670785,6.000961457753088
2026-03-04T21:44:48+00:00,1772660688.677366,4.25625,17.5,0.0,2304.0,16,13778067456,3245883392,80.9,17023950848,505962496,4.5,32754.46652925129,614146.2474234618,1.9991739824982477,55.97687150995094,34.4,53.97769752745269,341.85875100720034,0.9995869912491239,4.9979349562456195
2026-03-04T21:44:49+00:00,1772660689.677121,4.125,12.5,0.0,2304.0,16,13779427328,3244523520,80.9,17023950848,505962496,4.5,0.0,487543.49413108034,0.0,56.01372864557449,34.4,358.0877652699226,583.1429250066058,5.001225771926293,4.0009806175410345
2026-03-04T21:44:50+00:00,1772660690.677042,2.33125,7.8,0.0,2304.0,16,13789941760,3234009088,81.0,17023950848,505962496,4.5,0.0,49155.879212384054,0.0,3.0002367683339877,34.4,12994.025443654502,15045.18731427217,23.001815223893907,26.002051992227894
2026-03-04T21:44:51+00:00,1772660691.6772766,0.9562499999999999,6.1,0.0,2304.0,16,13777645568,3246305280,80.9,17023950848,505962496,4.5,0.0,159706.53222758486,0.0,5.998592706865416,34.4,7616.21320681679,5798.639616636569,8.997889060298125,14.99648176716354
2026-03-04T21:44:52+00:00,1772660692.6771972,1.54375,4.7,0.0,2304.0,16,13781692416,3242258432,81.0,17023950848,505962496,4.5,69637.52875925942,262164.81415250606,2.0001587993813024,29.002302591028883,34.4,54.00428758329517,150.01190995359767,1.0000793996906512,2.0001587993813024
2026-03-04T21:44:53+00:00,1772660693.6771173,0.9750000000000001,4.7,0.0,2304.0,16,13778722816,3245228032,80.9,17023950848,505962496,4.5,0.0,286742.90221983043,0.0,20.001597532075227,34.4,0.0,0.0,0.0,0.0
2026-03-04T21:44:54+00:00,1772660694.6770222,0.38749999999999996,4.6,0.0,2304.0,16,13780025344,3243925504,80.9,17023950848,505962496,4.5,0.0,4096.389685507897,0.0,1.0000951380634515,34.4,0.0,0.0,0.0,0.0
2026-03-04T21:44:55+00:00,1772660695.677122,1.69375,4.8,0.0,2304.0,16,13776814080,3247136768,80.9,17023950848,505962496,4.5,0.0,0.0,0.0,0.0,34.4,0.0,0.0,0.0,0.0
2026-03-04T21:44:56+00:00,1772660696.6773925,1.25625,4.6,0.0,2304.0,16,13777338368,3246612480,80.9,17023950848,505962496,4.5,0.0,69613.17891671859,0.0,7.997837651277411,34.4,0.0,0.0,0.0,0.0
2026-03-04T21:44:57+00:00,1772660697.6771643,0.86875,3.1,0.0,2304.0,16,13777420288,3246530560,80.9,17023950848,505962496,4.5,0.0,172071.26091115284,0.0,3.0006846559562086,34.4,0.0,0.0,0.0,0.0
2026-03-04T21:44:58+00:00,1772660698.6772757,0.68125,4.7,0.0,2304.0,16,13778817024,3245133824,80.9,17023950848,505962496,4.5,0.0,0.0,0.0,0.0,34.4,0.0,0.0,0.0,0.0
2026-03-04T21:44:59+00:00,1772660699.6774273,2.7375000000000003,6.3,0.0,2304.0,16,13779398656,3244552192,80.9,17023950848,505962496,4.5,90098.33800912528,139242.8860141027,3.999393555092564,2.999545166319423,34.4,0.0,0.0,0.0,0.0
2026-03-04T21:45:00+00:00,1772660700.6773083,1.35,3.1,0.0,2304.0,16,13777088512,3246862336,80.9,17023950848,505962496,4.5,0.0,73736.77252805031,0.0,5.00059492513362,34.4,0.0,0.0,0.0,0.0
2026-03-04T21:45:01+00:00,1772660701.6772013,0.78125,3.1,0.0,2304.0,16,13777276928,3246673920,80.9,17023950848,505962496,4.5,0.0,40964.38523506416,0.0,4.000428245611734,34.4,0.0,0.0,0.0,0.0
2026-03-04T21:45:02+00:00,1772660702.6772516,1.16875,6.2,0.0,2304.0,16,13783576576,3240374272,81.0,17023950848,505962496,4.5,0.0,0.0,0.0,0.0,34.4,0.0,0.0,0.0,0.0
2026-03-04T21:45:03+00:00,1772660703.6771069,0.49375,3.1,0.0,2304.0,16,13794598912,3229351936,81.0,17023950848,505962496,4.5,0.0,4096.592859236134,0.0,1.0001447410244468,34.4,0.0,0.0,0.0,0.0
2026-03-04T21:45:04+00:00,1772660704.677113,2.0625,4.7,0.0,2304.0,16,13780082688,3243868160,80.9,17023950848,505962496,4.5,0.0,114687.28906690699,0.0,5.999962806932215,34.4,0.0,0.0,0.0,0.0
2026-03-04T21:45:05+00:00,1772660705.6770656,0.875,3.1,0.0,2304.0,16,13780799488,3243151360,80.9,17023950848,505962496,4.5,0.0,16384.777380633055,0.0,4.000189790193617,34.4,0.0,0.0,0.0,0.0
2026-03-04T21:45:06+00:00,1772660706.6770082,2.15,7.7,0.0,2304.0,16,13779955712,3243995136,80.9,17023950848,505962496,4.5,0.0,32769.88292069051,0.0,3.0001723865378276,34.4,0.0,0.0,0.0,0.0
2026-03-04T21:45:07+00:00,1772660707.6771197,0.30000000000000004,1.6,0.0,2304.0,16,13780811776,3243139072,80.9,17023950848,505962496,4.5,0.0,4095.5430197398096,0.0,0.9998884325536644,34.4,0.0,0.0,0.0,0.0
2026-03-04T21:45:08+00:00,1772660708.6770213,3.24375,10.4,0.0,2304.0,16,13780185088,3243765760,80.9,17023950848,505962496,4.5,0.0,98313.68064072242,0.0,10.000984765698488,34.4,0.0,0.0,0.0,0.0
2026-03-04T21:45:09+00:00,1772660709.6772134,2.8375,9.1,0.0,2304.0,16,13781651456,3242299392,81.0,17023950848,505962496,4.5,0.0,110570.75212997991,0.0,17.99654168782225,34.4,0.0,0.0,0.0,0.0
2026-03-04T21:45:10+00:00,1772660710.677493,1.81875,4.6,0.0,2304.0,16,13780398080,3243552768,80.9,17023950848,505962496,4.5,0.0,81897.09624912734,0.0,0.9997204131973552,34.4,0.0,0.0,0.0,0.0
2026-03-04T21:45:11+00:00,1772660711.6772883,0.39375000000000004,3.1,0.0,2304.0,16,13779988480,3243962368,80.9,17023950848,505962496,4.5,0.0,16387.356156096,0.0,3.000614530535157,34.4,0.0,0.0,0.0,0.0
2026-03-04T21:45:12+00:00,1772660712.6775181,2.14375,6.2,0.0,2304.0,16,13778735104,3245215744,80.9,17023950848,505962496,4.5,0.0,323509.6459954406,0.0,35.991727822870914,34.4,0.0,0.0,0.0,0.0
2026-03-04T21:45:13+00:00,1772660713.6771202,0.19375,3.1,0.0,2304.0,16,13778804736,3245146112,80.9,17023950848,505962496,4.5,0.0,0.0,0.0,0.0,34.4,0.0,0.0,0.0,0.0
2026-03-04T21:45:14+00:00,1772660714.6774487,2.0625,6.2,0.0,2304.0,16,13778894848,3245056000,80.9,17023950848,505962496,4.5,0.0,208827.39168125705,0.0,17.994088207828906,34.4,0.0,0.0,0.0,0.0
2026-03-04T21:45:15+00:00,1772660715.6770253,0.5875,3.1,0.0,2304.0,16,13780840448,3243110400,80.9,17023950848,505962496,4.5,0.0,4097.735109699924,0.0,1.000423610766583,34.4,0.0,0.0,0.0,0.0
2026-03-04T21:45:16+00:00,1772660716.6772904,1.35625,4.7,0.0,2304.0,16,13779849216,3244101632,80.9,17023950848,505962496,4.5,0.0,40949.14350329026,0.0,3.998939795243189,34.4,0.0,0.0,0.0,0.0
2026-03-04T21:45:17+00:00,1772660717.6774137,1.0625,4.6,0.0,2304.0,16,13778296832,3245654016,80.9,17023950848,505962496,4.5,0.0,0.0,0.0,0.0,34.4,0.0,0.0,0.0,0.0
2026-03-04T21:45:18+00:00,1772660718.6771486,0.48750000000000004,3.1,0.0,2304.0,16,13778534400,3245416448,80.9,17023950848,505962496,4.5,0.0,4097.086225481686,0.0,1.0002651917679897,34.4,0.0,0.0,0.0,0.0
2026-03-04T21:45:19+00:00,1772660719.6771224,2.66875,7.9,0.0,2304.0,16,13778239488,3245711360,80.9,17023950848,505962496,4.5,0.0,12288.322274076974,0.0,3.000078680194574,34.4,0.0,0.0,0.0,0.0
2026-03-04T21:45:20+00:00,1772660720.677127,0.3875,3.1,0.0,2304.0,16,13779546112,3244404736,80.9,17023950848,505962496,4.5,0.0,8191.962890793103,0.0,1.9999909401350349,34.4,0.0,0.0,0.0,0.0
2026-03-04T21:45:21+00:00,1772660721.677463,1.35625,4.7,0.0,2304.0,16,13777641472,3246309376,80.9,17023950848,505962496,4.5,486236.5417661928,8189.24701922009,16.99428702719013,1.9993278855517798,34.4,0.0,0.0,0.0,0.0
2026-03-04T21:45:22+00:00,1772660722.677617,1.16875,3.1,0.0,2304.0,16,13771460608,3252490240,80.9,17023950848,505962496,4.5,526254.9470539577,1315125.4464801727,15.99753608505465,127.9802886804372,34.4,0.0,0.0,0.0,0.0
2026-03-04T21:45:23+00:00,1772660723.6772578,0.8875,4.8,0.0,2304.0,16,13755150336,3268800512,80.8,17023950848,505962496,4.5,247897.06862316493,49169.66650376825,9.003234833453659,4.0014377037571816,34.4,0.0,0.0,0.0,0.0
2026-03-04T21:45:24+00:00,1772660724.6770124,0.58125,3.1,0.0,2304.0,16,13758578688,3265372160,80.8,17023950848,505962496,4.5,180268.22569375965,8194.010258807257,3.0007361787624234,2.0004907858416154,34.4,0.0,0.0,0.0,0.0
2026-03-04T21:45:25+00:00,1772660725.6775877,1.175,4.7,0.0,2304.0,16,13756370944,3267579904,80.8,17023950848,505962496,4.5,0.0,0.0,0.0,0.0,34.4,0.0,0.0,0.0,0.0
2026-03-04T21:45:26+00:00,1772660726.677408,0.8875000000000001,3.1,0.0,2304.0,16,13759635456,3264315392,80.8,17023950848,505962496,4.5,0.0,81934.72921033492,0.0,9.001618199377615,34.4,0.0,0.0,0.0,0.0
2026-03-04T21:45:27+00:00,1772660727.67741,1.5625,6.2,0.0,2304.0,16,13775523840,3248427008,80.9,17023950848,505962496,4.5,0.0,4095.992187514901,0.0,0.9999980926550052,34.4,0.0,0.0,0.0,0.0
2026-03-04T21:45:28+00:00,1772660728.6774774,0.30000000000000004,1.6,0.0,2304.0,16,13760557056,3263393792,80.8,17023950848,505962496,4.5,0.0,0.0,0.0,0.0,34.4,0.9999325320943396,0.0,0.9999325320943396,0.0
2026-03-04T21:45:29+00:00,1772660729.6770196,0.2875,3.1,0.0,2304.0,16,13764304896,3259645952,80.9,17023950848,505962496,4.5,0.0,36880.8827282997,0.0,4.001831893261686,34.4,427.19555460568495,142.06503221078984,5.002289866577107,1.0004579733154215
2026-03-04T21:45:30+00:00,1772660730.6772816,1.55625,9.1,0.0,2304.0,16,13761011712,3262939136,80.8,17023950848,505962496,4.5,0.0,4094.9270389519197,0.0,0.999738046619121,34.4,494.8703330764649,0.0,7.997904372952968,0.0
2026-03-04T21:45:31+00:00,1772660731.6770906,0.66875,1.6,0.0,2304.0,16,13760352256,3263598592,80.8,17023950848,505962496,4.5,0.0,12290.347127926223,0.0,3.000573029278863,34.4,590.1126957581764,112.02139309307755,9.00171908783659,2.000382019519242
2026-03-04T21:45:32+00:00,1772660732.6774657,0.6875,3.1,0.0,2304.0,16,13765222400,3258728448,80.9,17023950848,505962496,4.5,0.0,81889.28886142277,0.0,0.9996251081716647,34.4,426.8399211893008,0.0,4.998125540858323,0.0
2026-03-04T21:45:33+00:00,1772660733.677214,0.7875000000000001,3.2,0.0,2304.0,16,13766074368,3257876480,80.9,17023950848,505962496,4.5,0.0,12291.094529109654,0.0,2.0005036668472744,34.4,0.0,0.0,0.0,0.0
2026-03-04T21:45:34+00:00,1772660734.6771147,1.88125,4.8,0.0,2304.0,16,13757861888,3266088960,80.8,17023950848,505962496,4.5,0.0,65542.50064474778,0.0,3.0002975759009303,34.4,0.0,0.0,0.0,0.0
2026-03-04T21:45:35+00:00,1772660735.6774702,1.38125,4.7,0.0,2304.0,16,13764448256,3259502592,80.9,17023950848,505962496,4.5,0.0,12283.633388189843,0.0,2.998933932663536,34.4,54.980455432164824,0.0,0.9996446442211786,0.0
2026-03-04T21:45:36+00:00,1772660736.6771052,1.16875,4.7,0.0,2304.0,16,13762674688,3261276160,80.8,17023950848,505962496,4.5,0.0,36877.46096819456,0.0,3.0010954563960417,34.4,333.1215956599606,722.263639839314,5.001825760660069,5.001825760660069
2026-03-04T21:45:37+00:00,1772660737.6769955,1.6625,4.7,0.0,2304.0,16,13763608576,3260342272,80.8,17023950848,505962496,4.5,0.0,135182.82584473814,0.0,2.000219369151547,34.4,5141.563888404051,70798.76468080358,32.00350990642475,58.00636170539486
2026-03-04T21:45:38+00:00,1772660738.6773777,1.06875,4.7,0.0,2304.0,16,13763756032,3260194816,80.8,17023950848,505962496,4.5,0.0,118738.61988266183,0.0,21.99159514259968,34.4,55.978605817526464,65.97478542779905,1.9992359220545164,0.9996179610272582
2026-03-04T21:45:39+00:00,1772660739.6770632,0.58125,6.2,0.0,2304.0,16,13762154496,3261796352,80.8,17023950848,505962496,4.5,0.0,69653.90434928816,0.0,2.000629146061815,34.4,1.0003145730309075,0.0,1.0003145730309075,0.0
2026-03-04T21:45:40+00:00,1772660740.6770213,1.36875,7.8,0.0,2304.0,16,13782343680,3241607168,81.0,17023950848,505962496,4.5,0.0,0.0,0.0,0.0,34.4,1.0000419634307776,0.0,1.0000419634307776,0.0
2026-03-04T21:45:41+00:00,1772660741.677099,1.25625,3.1,0.0,2304.0,16,13761617920,3262332928,80.8,17023950848,505962496,4.5,0.0,36861.134988306476,0.0,3.9996891263353382,34.4,0.9999222815838346,0.0,0.9999222815838346,0.0
2026-03-04T21:45:42+00:00,1772660742.6771061,0.3875,3.1,0.0,2304.0,16,13761941504,3262009344,80.8,17023950848,505962496,4.5,0.0,491516.48440014553,0.0,39.99971389975143,34.4,0.9999928474937857,0.0,0.9999928474937857,0.0
2026-03-04T21:45:43+00:00,1772660743.6774848,1.56875,4.6,0.0,2304.0,16,13765287936,3258662912,80.9,17023950848,505962496,4.5,0.0,0.0,0.0,0.0,34.4,0.0,0.0,0.0,0.0
2026-03-04T21:45:44+00:00,1772660744.6771443,2.15,9.2,0.0,2304.0,16,13763252224,3260698624,80.8,17023950848,505962496,4.5,0.0,94240.08514251316,0.0,10.00340577684625,34.4,0.0,0.0,0.0,0.0
2026-03-04T21:45:45+00:00,1772660745.6771212,0.7875000000000001,3.2,0.0,2304.0,16,13761855488,3262095360,80.8,17023950848,505962496,4.5,0.0,4096.0947287532545,0.0,1.000023127137025,34.4,0.0,0.0,0.0,0.0
2026-03-04T21:45:46+00:00,1772660746.6773076,0.5875,3.1,0.0,2304.0,16,13761257472,3262693376,80.8,17023950848,505962496,4.5,0.0,12285.709411439957,0.0,2.9994407742773332,34.4,0.9998135914257776,0.0,0.9998135914257776,0.0
2026-03-04T21:45:47+00:00,1772660747.677135,0.59375,3.1,0.0,2304.0,16,13761904640,3262046208,80.8,17023950848,505962496,4.5,0.0,0.0,0.0,0.0,34.4,1.0001726448523696,0.0,1.0001726448523696,0.0
2026-03-04T21:45:48+00:00,1772660748.6770966,2.05625,6.2,0.0,2304.0,16,13763895296,3260055552,80.9,17023950848,505962496,4.5,0.0,4096.157232597935,0.0,1.0000383868647302,34.4,1.0000383868647302,0.0,1.0000383868647302,0.0
2026-03-04T21:45:49+00:00,1772660749.6772857,1.35625,7.8,0.0,2304.0,16,13762904064,3261046784,80.8,17023950848,505962496,4.5,0.0,4095.2257323251406,0.0,0.9998109698059425,34.4,0.9998109698059425,0.0,0.9998109698059425,0.0
2026-03-04T21:45:50+00:00,1772660750.6770825,0.29375,3.1,0.0,2304.0,16,13764005888,3259944960,80.9,17023950848,505962496,4.5,0.0,4096.832200297034,0.0,1.0002031739006432,34.4,1.0002031739006432,0.0,1.0002031739006432,0.0
2026-03-04T21:45:51+00:00,1772660751.6772413,1.45625,3.1,0.0,2304.0,16,13760937984,3263012864,80.8,17023950848,505962496,4.5,0.0,53239.54626421643,0.0,2.999523715306665,34.4,0.999841238435555,0.0,0.999841238435555,0.0
2026-03-04T21:45:52+00:00,1772660752.677264,0.39375000000000004,3.1,0.0,2304.0,16,13760389120,3263561728,80.8,17023950848,505962496,4.5,0.0,8191.814457327498,0.0,0.9999773507479855,34.4,0.0,0.0,0.0,0.0
2026-03-04T21:45:53+00:00,1772660753.6774275,0.6875,6.2,0.0,2304.0,16,13779144704,3244806144,80.9,17023950848,505962496,4.5,0.0,4095.330187676252,0.0,0.9998364716006475,34.4,0.0,0.0,0.0,0.0
2026-03-04T21:45:54+00:00,1772660754.6773276,0.5875,3.1,0.0,2304.0,16,13763080192,3260870656,80.8,17023950848,505962496,4.5,0.0,143374.32271986475,0.0,34.003396850414354,34.4,0.0,0.0,0.0,0.0
2026-03-04T21:45:55+00:00,1772660755.6772504,0.8812500000000001,3.1,0.0,2304.0,16,13766963200,3256987648,80.9,17023950848,505962496,4.5,0.0,0.0,0.0,0.0,34.4,0.0,0.0,0.0,0.0
2026-03-04T21:45:56+00:00,1772660756.6771426,0.9812500000000001,3.1,0.0,2304.0,16,13762887680,3261063168,80.8,17023950848,505962496,4.5,0.0,217111.397052638,0.0,5.000538884061717,34.4,0.0,0.0,0.0,0.0
2026-03-04T21:45:57+00:00,1772660757.6769888,6.075,9.4,3.1,2304.0,16,13768192000,3255758848,80.9,17023950848,505962496,4.5,0.0,147478.6792688676,0.0,4.000615214541764,34.4,4156.639207908893,7945.221816079944,11.001691839989851,14.002153250896175
2026-03-04T21:45:58+00:00,1772660758.6775212,1.55,6.2,0.0,2304.0,16,13753597952,3270352896,80.8,17023950848,505962496,4.5,0.0,106439.33290329622,0.0,11.99361473519714,34.4,0.0,0.0,0.0,0.0
2026-03-04T21:45:59+00:00,1772660759.6776314,0.48750000000000004,3.1,0.0,2304.0,16,13753020416,3270930432,80.8,17023950848,505962496,4.5,0.0,65528.78204505329,0.0,14.998347941220082,34.4,1854.7956953975502,0.0,6.999229039236038,0.0
2026-03-04T21:46:00+00:00,1772660760.6774485,1.9375,9.2,0.0,2304.0,16,13760921600,3263029248,80.8,17023950848,505962496,4.5,0.0,126999.22397346202,0.0,15.002743507449678,34.4,4751.868960259561,6011.099231984837,11.002011905463098,20.003658009932902
2026-03-04T21:46:01+00:00,1772660761.6770957,0.875,4.7,0.0,2304.0,16,13751746560,3272204288,80.8,17023950848,505962496,4.5,0.0,249944.19518300792,0.0,16.00564774481352,34.4,0.0,0.0,0.0,0.0
2026-03-04T21:46:02+00:00,1772660762.677289,1.7625000000000002,10.8,0.0,2304.0,16,13752475648,3271475200,80.8,17023950848,505962496,4.5,0.0,0.0,0.0,0.0,34.4,0.0,0.0,0.0,0.0
2026-03-04T21:46:03+00:00,1772660763.6776388,1.7437500000000001,6.2,0.0,2304.0,16,13748289536,3275661312,80.8,17023950848,505962496,4.5,0.0,98269.62920902976,0.0,7.9972028978702605,34.4,0.0,0.0,0.0,0.0
2026-03-04T21:46:04+00:00,1772660764.6774018,1.45,6.1,0.0,2304.0,16,13747093504,3276857344,80.8,17023950848,505962496,4.5,0.0,94230.33146416555,0.0,15.003555663664265,34.4,0.0,0.0,0.0,0.0
2026-03-04T21:46:05+00:00,1772660765.677411,0.1,1.6,0.0,2304.0,16,13748813824,3275137024,80.8,17023950848,505962496,4.5,0.0,81919.23828833264,0.0,11.999888421142478,34.4,0.0,0.0,0.0,0.0
2026-03-04T21:46:06+00:00,1772660766.6771553,2.99375,9.2,0.0,2304.0,16,13759377408,3264573440,80.8,17023950848,505962496,4.5,0.0,8194.096239391534,0.0,2.000511777195199,34.4,0.0,0.0,0.0,0.0
2026-03-04T21:46:07+00:00,1772660767.677114,0.9875,4.8,0.0,2304.0,16,13746180096,3277770752,80.7,17023950848,505962496,4.5,0.0,139269.74437755998,0.0,12.000494977386257,34.4,0.0,0.0,0.0,0.0
2026-03-04T21:46:08+00:00,1772660768.677123,0.975,4.6,0.0,2304.0,16,13753438208,3270512640,80.8,17023950848,505962496,4.5,0.0,135166.77540171976,0.0,9.999909401760753,34.4,0.0,0.0,0.0,0.0
2026-03-04T21:46:09+00:00,1772660769.6771197,4.29375,12.3,0.0,2304.0,16,13752139776,3271811072,80.8,17023950848,505962496,4.5,0.0,139264.46484530158,0.0,10.000033378712487,34.4,0.0,0.0,0.0,0.0
2026-03-04T21:46:10+00:00,1772660770.676999,0.48750000000000004,3.1,0.0,2304.0,16,13759332352,3264618496,80.8,17023950848,505962496,4.5,0.0,0.0,0.0,0.0,34.4,0.0,0.0,0.0,0.0
2026-03-04T21:46:11+00:00,1772660771.6771274,0.8812500000000001,3.1,0.0,2304.0,16,13754843136,3269107712,80.8,17023950848,505962496,4.5,0.0,344019.87284765433,0.0,35.99538290119151,34.4,0.0,0.0,0.0,0.0
2026-03-04T21:46:12+00:00,1772660772.6773481,2.35,12.5,0.0,2304.0,16,13760499712,3263451136,80.8,17023950848,505962496,4.5,425378.0868958317,413604.6861754898,23.994702555044658,29.99337819380582,34.4,0.0,0.0,0.0,0.0
2026-03-04T21:46:13+00:00,1772660773.6775393,0.96875,6.2,0.0,2304.0,16,13757526016,3266424832,80.8,17023950848,505962496,4.5,0.0,0.0,0.0,0.0,34.4,0.0,0.0,0.0,0.0
2026-03-04T21:46:14+00:00,1772660774.6772704,0.38125,4.5,0.0,2304.0,16,13755740160,3268210688,80.8,17023950848,505962496,4.5,0.0,4097.101858829679,0.0,1.0002690085033397,34.4,0.0,0.0,0.0,0.0
2026-03-04T21:46:15+00:00,1772660775.6771195,0.59375,3.2,0.0,2304.0,16,13760962560,3262988288,80.8,17023950848,505962496,4.5,0.0,86028.98340475446,0.0,11.00166035914596,34.4,0.0,0.0,0.0,0.0
2026-03-04T21:46:16+00:00,1772660776.6773708,0.8625,6.1,0.0,2304.0,16,13765320704,3258630144,80.9,17023950848,505962496,4.5,65519.535387444885,53234.62250229897,0.9997487699500257,12.996734009350334,34.4,0.0,0.0,0.0,0.0
2026-03-04T21:46:17+00:00,1772660777.6771286,1.675,4.8,0.0,2304.0,16,13772075008,3251875840,80.9,17023950848,505962496,4.5,0.0,0.0,0.0,0.0,34.4,0.0,0.0,0.0,0.0
2026-03-04T21:46:18+00:00,1772660778.677115,0.2875,1.6,0.0,2304.0,16,13755133952,3268816896,80.8,17023950848,505962496,4.5,0.0,28672.38965373284,0.0,7.000095130305869,34.4,0.0,0.0,0.0,0.0
2026-03-04T21:46:19+00:00,1772660779.6775603,1.2625,6.1,0.0,2304.0,16,13756497920,3267452928,80.8,17023950848,505962496,4.5,0.0,4094.1765933331617,0.0,0.9995548323567289,34.4,0.0,0.0,0.0,0.0
2026-03-04T21:46:20+00:00,1772660780.677526,1.575,4.8,0.0,2304.0,16,13759930368,3264020480,80.8,17023950848,505962496,4.5,0.0,4096.140629828142,0.0,1.0000343334541362,34.4,0.0,0.0,0.0,0.0
2026-03-04T21:46:21+00:00,1772660781.6772008,0.575,4.6,0.0,2304.0,16,13758312448,3265638400,80.8,17023950848,505962496,4.5,57362.65450399958,49167.98957485678,1.0003253087332515,3.0009759261997546,34.4,0.0,0.0,0.0,0.0
2026-03-04T21:46:22+00:00,1772660782.6770477,2.6625,6.1,0.0,2304.0,16,13764964352,3258986496,80.9,17023950848,505962496,4.5,8193.254098208201,12289.8811473123,1.0001530881601808,2.0003061763203616,34.4,97.01484955153754,108.01653352129952,2.0003061763203616,2.0003061763203616
2026-03-04T21:46:23+00:00,1772660783.6772227,0.29375,1.6,0.0,2304.0,16,13757763584,3266187264,80.8,17023950848,505962496,4.5,0.0,4095.2833285419583,0.0,0.999825031382314,34.4,0.0,0.0,0.0,0.0
2026-03-04T21:46:24+00:00,1772660784.677012,0.7875000000000001,3.1,0.0,2304.0,16,13765799936,3258150912,80.9,17023950848,505962496,4.5,0.0,4096.863463235259,0.0,1.0002108064539206,34.4,0.0,0.0,0.0,0.0
2026-03-04T21:46:25+00:00,1772660785.6772714,0.76875,6.1,0.0,2304.0,16,13760856064,3263094784,80.8,17023950848,505962496,4.5,0.0,139227.8843683737,0.0,2.999222003569631,34.4,0.0,0.0,0.0,0.0
2026-03-04T21:46:26+00:00,1772660786.6771414,1.4937500000000001,4.8,0.0,2304.0,16,13763588096,3260362752,80.8,17023950848,505962496,4.5,0.0,8193.06459145602,0.0,2.000259910023442,34.4,0.0,0.0,0.0,0.0
2026-03-04T21:46:27+00:00,1772660787.6771402,0.78125,4.7,0.0,2304.0,16,13758922752,3265028096,80.8,17023950848,505962496,4.5,0.0,4096.004882818321,0.0,1.0000011920943166,34.4,0.0,0.0,0.0,0.0
2026-03-04T21:46:28+00:00,1772660788.677254,1.54375,9.0,0.0,2304.0,16,13757562880,3266387968,80.8,17023950848,505962496,4.5,0.0,8191.068465314399,0.0,1.9997725745396482,34.4,0.0,0.0,0.0,0.0
2026-03-04T21:46:29+00:00,1772660789.6771135,0.6875,3.1,0.0,2304.0,16,13759606784,3264344064,80.8,17023950848,505962496,4.5,0.0,0.0,0.0,0.0,34.4,0.0,0.0,0.0,0.0
2026-03-04T21:46:30+00:00,1772660790.6773202,0.7625,4.7,0.0,2304.0,16,13775966208,3247984640,80.9,17023950848,505962496,4.5,0.0,24570.920971755382,0.0,2.999380001434983,34.4,0.0,0.0,0.0,0.0
2026-03-04T21:46:31+00:00,1772660791.6774156,0.39375000000000004,3.1,0.0,2304.0,16,13756522496,3267428352,80.8,17023950848,505962496,4.5,0.0,69625.36000823896,0.0,8.999141774961952,34.4,227.97825829903613,111.98931986619318,3.9996185666497563,1.9998092833248782
2026-03-04T21:46:32+00:00,1772660792.67712,1.275,7.6,0.0,2304.0,16,13754425344,3269525504,80.8,17023950848,505962496,4.5,0.0,0.0,0.0,0.0,34.4,0.0,0.0,0.0,0.0
2026-03-04T21:46:33+00:00,1772660793.6775384,1.36875,6.5,0.0,2304.0,16,13758668800,3265282048,80.8,17023950848,505962496,4.5,0.0,466748.70085859136,0.0,81.9657035327673,34.4,0.0,0.0,0.0,0.0
2026-03-04T21:46:34+00:00,1772660794.6774113,0.9750000000000001,3.1,0.0,2304.0,16,13763600384,3260350464,80.8,17023950848,505962496,4.5,0.0,61447.80860948297,0.0,8.001016746026428,34.4,0.0,0.0,0.0,0.0
2026-03-04T21:46:35+00:00,1772660795.67722,1.35625,9.1,0.0,2304.0,16,13760237568,3263713280,80.8,17023950848,505962496,4.5,53258.18358784615,24580.70011746745,3.0005737448080385,6.001147489616077,34.4,0.0,0.0,0.0,0.0
2026-03-04T21:46:36+00:00,1772660796.6770477,1.2625,4.7,0.0,2304.0,16,13765079040,3258871808,80.9,17023950848,505962496,4.5,0.0,40967.06176415813,0.0,3.0005172190545504,34.4,0.0,0.0,0.0,0.0
2026-03-04T21:46:37+00:00,1772660797.6772878,1.2625,4.7,0.0,2304.0,16,13758599168,3265351680,80.8,17023950848,505962496,4.5,0.0,339886.39752142335,0.0,39.99039880476084,34.4,0.0,0.0,0.0,0.0
2026-03-04T21:46:38+00:00,1772660798.677142,2.0125,7.6,0.0,2304.0,16,13758939136,3265011712,80.8,17023950848,505962496,4.5,0.0,192540.0939429982,0.0,17.002480868885936,34.4,0.0,0.0,0.0,0.0
2026-03-04T21:46:39+00:00,1772660799.6770344,1.675,4.7,0.0,2304.0,16,13759148032,3264802816,80.8,17023950848,505962496,4.5,0.0,4096.440477050579,0.0,1.0001075383424265,34.4,0.0,0.0,0.0,0.0
2026-03-04T21:46:40+00:00,1772660800.677102,0.3875,3.1,0.0,2304.0,16,13754372096,3269578752,80.8,17023950848,505962496,4.5,0.0,0.0,0.0,0.0,34.4,0.0,0.0,0.0,0.0
2026-03-04T21:46:41+00:00,1772660801.6772058,1.43125,4.5,0.0,2304.0,16,13758070784,3265880064,80.8,17023950848,505962496,4.5,65529.203829844955,36860.17715428779,0.9998962986731713,3.9995851946926853,34.4,0.0,0.0,0.0,0.0
2026-03-04T21:46:42+00:00,1772660802.677259,0.38749999999999996,4.6,0.0,2304.0,16,13750542336,3273408512,80.8,17023950848,505962496,4.5,0.0,61436.73357210479,0.0,1.9998936709669528,34.4,54.997075951591206,0.0,0.9999468354834764,0.0
2026-03-04T21:46:43+00:00,1772660803.6770585,2.28125,6.2,0.0,2304.0,16,13763141632,3260809216,80.8,17023950848,505962496,4.5,0.0,4096.821453772216,0.0,1.0002005502373574,34.4,0.0,66.0132363156656,0.0,1.0002005502373574
2026-03-04T21:46:44+00:00,1772660804.6772573,3.15625,9.2,0.0,2304.0,16,13749952512,3273998336,80.8,17023950848,505962496,4.5,0.0,0.0,0.0,0.0,34.4,0.0,0.0,0.0,0.0
2026-03-04T21:46:45+00:00,1772660805.677113,0.3875,3.1,0.0,2304.0,16,13754359808,3269591040,80.8,17023950848,505962496,4.5,0.0,4096.590905546631,0.0,1.0001442640494704,34.4,55.00793452272087,66.00952142726504,1.0001442640494704,1.0001442640494704
2026-03-04T21:46:46+00:00,1772660806.6772957,2.15,4.8,0.0,2304.0,16,13757030400,3266920448,80.8,17023950848,505962496,4.5,0.0,106476.55433258563,0.0,4.999087023577676,34.4,0.0,0.0,0.0,0.0
2026-03-04T21:46:47+00:00,1772660807.6776083,0.29375,3.1,0.0,2304.0,16,13761523712,3262427136,80.8,17023950848,505962496,4.5,0.0,0.0,0.0,0.0,34.4,0.0,0.0,0.0,0.0
2026-03-04T21:46:48+00:00,1772660808.6771927,2.13125,7.6,0.0,2304.0,16,13763072000,3260878848,80.8,17023950848,505962496,4.5,0.0,4097.702856082476,0.0,1.0004157363482606,34.4,0.0,0.0,0.0,0.0
2026-03-04T21:46:49+00:00,1772660809.6773689,0.875,6.2,0.0,2304.0,16,13764882432,3259068416,80.9,17023950848,505962496,4.5,0.0,16381.113789775218,0.0,3.9992953588318403,34.4,0.0,0.0,0.0,0.0
2026-03-04T21:46:50+00:00,1772660810.6772628,1.2625,7.9,0.0,2304.0,16,13760962560,3262988288,80.8,17023950848,505962496,4.5,0.0,258075.38083469187,0.0,14.001485505354376,34.4,0.0,0.0,0.0,0.0
2026-03-04T21:46:51+00:00,1772660811.6773167,2.6125000000000003,7.7,0.0,2304.0,16,13762945024,3261005824,80.8,17023950848,505962496,4.5,0.0,32766.234470131338,0.0,2.999838360912903,34.4,0.0,0.0,0.0,0.0
2026-03-04T21:46:52+00:00,1772660812.6773806,1.54375,4.6,0.0,2304.0,16,13763555328,3260395520,80.8,17023950848,505962496,4.5,0.0,4095.7382979717595,0.0,0.9999361079032616,34.4,0.0,0.0,0.0,0.0
2026-03-04T21:46:53+00:00,1772660813.6771884,2.56875,7.9,0.0,2304.0,16,13754101760,3269849088,80.8,17023950848,505962496,4.5,0.0,20483.9363032962,0.0,3.000576606928154,34.4,0.0,0.0,0.0,0.0
2026-03-04T21:46:54+00:00,1772660814.6774707,1.0625,3.1,0.0,2304.0,16,13772591104,3251359744,80.9,17023950848,505962496,4.5,0.0,4094.8440763029234,0.0,0.9997177920661434,34.4,0.0,0.0,0.0,0.0
2026-03-04T21:46:55+00:00,1772660815.677551,0.76875,6.0,0.0,2304.0,16,13755670528,3268280320,80.8,17023950848,505962496,4.5,0.0,0.0,0.0,0.0,34.4,1991.839961512797,8301.333012288775,8.999276934545769,14.998794890909615
2026-03-04T21:46:56+00:00,1772660816.6773427,1.18125,4.6,0.0,2304.0,16,13767950336,3256000512,80.9,17023950848,505962496,4.5,65549.65909625294,40968.536935158096,1.000208421268508,4.000833685074032,34.4,0.0,0.0,0.0,0.0
2026-03-04T21:46:57+00:00,1772660817.6773837,1.44375,4.6,0.0,2304.0,16,13755727872,3268222976,80.8,17023950848,505962496,4.5,0.0,12287.496114413338,0.0,1.9999179873719626,34.4,0.0,0.0,0.0,0.0
2026-03-04T21:46:58+00:00,1772660818.6770434,0.3875,6.2,0.0,2304.0,16,13760290816,3263660032,80.8,17023950848,505962496,4.5,0.0,4097.394028968653,0.0,1.0003403391036751,34.4,0.0,0.0,0.0,0.0
2026-03-04T21:46:59+00:00,1772660819.677398,1.56875,4.6,0.0,2304.0,16,13762150400,3261800448,80.8,17023950848,505962496,4.5,0.0,0.0,0.0,0.0,34.4,107.96172449962356,107.96172449962356,1.9992911944374732,1.9992911944374732
2026-03-04T21:47:00+00:00,1772660820.6771717,1.24375,4.5,0.0,2304.0,16,13766324224,3257626624,80.9,17023950848,505962496,4.5,0.0,4096.926967547465,0.0,1.0002263104363929,34.4,0.0,0.0,0.0,0.0
2026-03-04T21:47:01+00:00,1772660821.6775696,1.08125,7.8,0.0,2304.0,16,13719048192,3304902656,80.6,17023950848,505962496,4.5,0.0,45038.07842042835,0.0,3.9984089506772325,34.4,0.0,0.0,0.0,0.0
2026-03-04T21:47:02+00:00,1772660822.677504,1.375,6.2,0.0,2304.0,16,13696581632,3327369216,80.5,17023950848,505962496,4.5,0.0,0.0,0.0,0.0,34.4,0.0,0.0,0.0,0.0
2026-03-04T21:47:03+00:00,1772660823.6776679,1.1875,6.2,0.0,2304.0,16,13708619776,3315331072,80.5,17023950848,505962496,4.5,0.0,4095.32921143335,0.0,0.9998362332600952,34.4,0.0,0.0,0.0,0.0
2026-03-04T21:47:04+00:00,1772660824.6774883,0.68125,3.1,0.0,2304.0,16,13701873664,3322077184,80.5,17023950848,505962496,4.5,0.0,12290.206450809826,0.0,3.000538684279743,34.4,0.0,0.0,0.0,0.0
2026-03-04T21:47:05+00:00,1772660825.6774995,1.63125,9.2,0.0,2304.0,16,13709762560,3314188288,80.5,17023950848,505962496,4.5,0.0,32767.632816614536,0.0,7.999910355618783,34.4,0.0,0.0,0.0,0.0
2026-03-04T21:47:06+00:00,1772660826.6774256,1.45,7.6,0.0,2304.0,16,13701017600,3322933248,80.5,17023950848,505962496,4.5,0.0,36866.72481076511,0.0,3.0002217456677336,34.4,0.0,0.0,0.0,0.0
2026-03-04T21:47:07+00:00,1772660827.6771502,1.3625,3.1,0.0,2304.0,16,13718753280,3305197568,80.6,17023950848,505962496,4.5,0.0,348255.9004318711,0.0,37.01019162448079,34.4,162.04462278826725,333.0917246203271,3.0008263479308748,5.001377246551458
2026-03-04T21:47:08+00:00,1772660828.6770842,0.8875000000000001,4.7,0.0,2304.0,16,13701873664,3322077184,80.5,17023950848,505962496,4.5,0.0,184332.1736555344,0.0,14.00092464831533,34.4,0.0,0.0,0.0,0.0
2026-03-04T21:47:09+00:00,1772660829.6774554,1.25625,7.8,0.0,2304.0,16,13697064960,3326885888,80.5,17023950848,505962496,4.5,0.0,8188.960112835006,0.0,1.9992578400476089,34.4,0.0,0.0,0.0,0.0
2026-03-04T21:47:10+00:00,1772660830.677161,0.9750000000000001,1.6,0.0,2304.0,16,13697200128,3326750720,80.5,17023950848,505962496,4.5,0.0,0.0,0.0,0.0,34.4,0.0,0.0,0.0,0.0
2026-03-04T21:47:11+00:00,1772660831.6772313,0.49375,4.7,0.0,2304.0,16,13699497984,3324452864,80.5,17023950848,505962496,4.5,0.0,12287.135802969486,0.0,2.999789014396847,34.4,0.0,0.0,0.0,0.0
2026-03-04T21:47:12+00:00,1772660832.6770914,1.08125,4.6,0.0,2304.0,16,13700169728,3323781120,80.5,17023950848,505962496,4.5,0.0,135186.9196400234,0.0,2.0002799425903084,34.4,0.0,0.0,0.0,0.0
2026-03-04T21:47:13+00:00,1772660833.677061,1.4375,6.1,0.0,2304.0,16,13705363456,3318587392,80.5,17023950848,505962496,4.5,0.0,16384.496108771757,0.0,2.0000605601528023,34.4,0.0,0.0,0.0,0.0
2026-03-04T21:47:14+00:00,1772660834.6771157,2.03125,9.2,0.0,2304.0,16,13701005312,3322945536,80.5,17023950848,505962496,4.5,0.0,0.0,0.0,0.0,34.4,0.0,0.0,0.0,0.0
2026-03-04T21:47:15+00:00,1772660835.677189,2.45,7.6,0.0,2304.0,16,13701492736,3322458112,80.5,17023950848,505962496,4.5,0.0,20478.496204178122,0.0,2.9997797174089045,34.4,0.0,0.0,0.0,0.0
2026-03-04T21:47:16+00:00,1772660836.6775875,1.34375,6.1,0.0,2304.0,16,13715283968,3308666880,80.6,17023950848,505962496,4.5,0.0,479041.1512289754,0.0,12.994822895751286,34.4,0.0,0.0,0.0,0.0
2026-03-04T21:47:17+00:00,1772660837.677184,0.48750000000000004,3.1,0.0,2304.0,16,13720596480,3303354368,80.6,17023950848,505962496,4.5,0.0,0.0,0.0,0.0,34.4,0.0,0.0,0.0,0.0
2026-03-04T21:47:18+00:00,1772660838.6772726,0.9750000000000001,6.2,0.0,2304.0,16,13718110208,3305840640,80.6,17023950848,505962496,4.5,0.0,700354.0513779972,0.0,109.9902709983491,34.4,0.0,0.0,0.0,0.0
2026-03-04T21:47:19+00:00,1772660839.6772854,0.49375,4.7,0.0,2304.0,16,13711011840,3312939008,80.5,17023950848,505962496,4.5,0.0,4095.9472663039255,0.0,0.9999871255624818,34.4,0.0,0.0,0.0,0.0
2026-03-04T21:47:20+00:00,1772660840.677153,1.9625000000000001,4.6,0.0,2304.0,16,13710548992,3313401856,80.5,17023950848,505962496,4.5,0.0,69641.21508654905,0.0,2.0002646796458254,34.4,0.0,0.0,0.0,0.0
2026-03-04T21:47:21+00:00,1772660841.6772964,1.35625,4.7,0.0,2304.0,16,13710872576,3313078272,80.5,17023950848,505962496,4.5,0.0,12286.239510072337,0.0,2.999570192888754,34.4,0.0,0.0,0.0,0.0
2026-03-04T21:47:22+00:00,1772660842.6773727,0.59375,3.2,0.0,2304.0,16,13707042816,3316908032,80.5,17023950848,505962496,4.5,0.0,57339.625333760545,0.0,13.998931966250133,34.4,0.0,0.0,0.0,0.0
2026-03-04T21:47:23+00:00,1772660843.677045,2.84375,7.7,0.0,2304.0,16,13715324928,3308625920,80.6,17023950848,505962496,4.5,0.0,16389.368946297698,0.0,2.0006553889523557,34.4,0.0,0.0,0.0,0.0
2026-03-04T21:47:24+00:00,1772660844.6773689,1.15625,4.7,0.0,2304.0,16,13707456512,3316494336,80.5,17023950848,505962496,4.5,0.0,4094.6742573639153,0.0,0.9996763323642371,34.4,0.0,0.0,0.0,0.0
2026-03-04T21:47:25+00:00,1772660845.677265,1.46875,3.1,0.0,2304.0,16,13716123648,3307827200,80.6,17023950848,505962496,4.5,0.0,0.0,0.0,0.0,34.4,0.0,0.0,0.0,0.0
2026-03-04T21:47:26+00:00,1772660846.677116,2.83125,9.2,0.0,2304.0,16,13708005376,3315945472,80.5,17023950848,505962496,4.5,0.0,45062.71486778077,0.0,4.000596135278832,34.4,0.0,0.0,0.0,0.0
2026-03-04T21:47:27+00:00,1772660847.6772888,1.85625,4.7,0.0,2304.0,16,13716566016,3307384832,80.6,17023950848,505962496,4.5,0.0,86001.1344055071,0.0,1.9996543528066195,34.4,0.0,0.0,0.0,0.0
2026-03-04T21:47:28+00:00,1772660848.677256,1.3625,4.6,0.0,2304.0,16,13708152832,3315798016,80.5,17023950848,505962496,4.5,0.0,8192.267586865282,0.0,2.000065328824532,34.4,56.00182920708689,66.00215585120955,2.000065328824532,1.000032664412266
2026-03-04T21:47:29+00:00,1772660849.6770024,0.49375,3.1,0.0,2304.0,16,13716602880,3307347968,80.6,17023950848,505962496,4.5,0.0,0.0,0.0,0.0,34.4,427.1083477215709,142.0360313266114,5.0012687086835,1.0002537417367001
2026-03-04T21:47:30+00:00,1772660850.6774592,3.6374999999999997,9.1,0.0,2304.0,16,13708906496,3315044352,80.5,17023950848,505962496,4.5,0.0,4094.1297605940586,0.0,0.9995433985825338,34.4,483.7790049139464,0.0,7.996347188660271,0.0
2026-03-04T21:47:31+00:00,1772660851.67746,1.45625,4.7,0.0,2304.0,16,13737398272,3286552576,80.7,17023950848,505962496,4.5,0.0,12287.991210943786,0.0,2.999997854234323,34.4,655.9995307925719,231.99983406078763,9.999992847447743,3.999997138979097
2026-03-04T21:47:32+00:00,1772660852.6772003,0.59375,3.1,0.0,2304.0,16,13709811712,3314139136,80.5,17023950848,505962496,4.5,0.0,0.0,0.0,0.0,34.4,427.1108941468539,0.0,5.001298526309765,0.0
2026-03-04T21:47:33+00:00,1772660853.6775162,0.49375,3.1,0.0,2304.0,16,13716230144,3307720704,80.6,17023950848,505962496,4.5,0.0,4094.706463321709,0.0,0.9996841951469017,34.4,0.0,0.0,0.0,0.0
2026-03-04T21:47:34+00:00,1772660854.6770077,1.75,6.2,0.0,2304.0,16,13711880192,3312070656,80.5,17023950848,505962496,4.5,0.0,8196.168135316999,0.0,1.0005088055806883,34.4,1478.7520146482575,615.3129154321233,6.00305283348413,4.002035222322753
2026-03-04T21:47:35+00:00,1772660855.6774075,0.7875000000000001,3.1,0.0,2304.0,16,13712543744,3311407104,80.5,17023950848,505962496,4.5,0.0,32754.90367377736,0.0,5.997601991048101,34.4,53.97841791943291,743.7026468899645,0.9996003318413501,3.9984013273654004
2026-03-04T21:47:36+00:00,1772660856.6773067,1.6625,4.7,0.0,2304.0,16,13720416256,3303534592,80.6,17023950848,505962496,4.5,0.0,122892.39382805569,0.0,4.000403444923688,34.4,0.0,0.0,0.0,0.0
2026-03-04T21:47:37+00:00,1772660857.6771429,1.2750000000000001,3.1,0.0,2304.0,16,13715320832,3308630016,80.6,17023950848,505962496,4.5,0.0,512083.8760430435,0.0,46.00753573824219,34.4,1.0001638203965693,0.0,1.0001638203965693,0.0
2026-03-04T21:47:38+00:00,1772660858.677107,1.75,6.2,0.0,2304.0,16,13723193344,3300757504,80.6,17023950848,505962496,4.5,0.0,811037.0049435477,0.0,33.0011802141743,34.4,1.000035764065888,0.0,1.000035764065888,0.0
2026-03-04T21:47:39+00:00,1772660859.6772869,0.68125,6.1,0.0,2304.0,16,13720788992,3303161856,80.6,17023950848,505962496,4.5,0.0,20476.319021095776,0.0,3.9992810588077687,34.4,0.9998202647019422,0.0,0.9998202647019422,0.0
2026-03-04T21:47:40+00:00,1772660860.6772592,3.525,7.8,1.6,2304.0,16,13724684288,3299266560,80.6,17023950848,505962496,4.5,0.0,65537.81255012889,0.0,1.000027657320082,34.4,1.000027657320082,0.0,1.000027657320082,0.0
2026-03-04T21:47:41+00:00,1772660861.67768,1.34375,6.1,0.0,2304.0,16,13719097344,3304853504,80.6,17023950848,505962496,4.5,0.0,73696.9876596405,0.0,3.998317472853759,34.4,0.9995793682134397,0.0,0.9995793682134397,0.0
2026-03-04T21:47:42+00:00,1772660862.6770582,1.46875,6.2,0.0,2304.0,16,13723136000,3300814848,80.6,17023950848,505962496,4.5,0.0,135252.09916749687,0.0,2.0012443650493736,34.4,3355.086178005275,0.0,19.01182146796905,0.0
2026-03-04T21:47:43+00:00,1772660863.6775346,0.88125,6.1,0.0,2304.0,16,13718204416,3305746432,80.6,17023950848,505962496,4.5,0.0,4094.0497571433134,0.0,0.9995238664900667,34.4,4629.7945495819895,0.0,26.9871443952318,0.0
2026-03-04T21:47:44+00:00,1772660864.6770089,1.54375,6.2,0.0,2304.0,16,13740736512,3283214336,80.7,17023950848,505962496,4.5,0.0,0.0,0.0,0.0,34.4,0.0,0.0,0.0,0.0
2026-03-04T21:47:45+00:00,1772660865.6770937,1.4812500000000002,4.7,0.0,2304.0,16,13719314432,3304636416,80.6,17023950848,505962496,4.5,0.0,4095.65237325552,0.0,0.999915130189336,34.4,5000.575566076869,0.0,26.99770851511207,0.0
2026-03-04T21:47:46+00:00,1772660866.677124,0.6875,3.1,0.0,2304.0,16,13726220288,3297730560,80.6,17023950848,505962496,4.5,0.0,16383.503921270847,0.0,3.9998788870290154,34.4,4632.859720901357,0.0,27.999152209203107,0.0
2026-03-04T21:47:47+00:00,1772660867.6772346,1.6875,6.5,0.0,2304.0,16,13721931776,3302019072,80.6,17023950848,505962496,4.5,0.0,0.0,0.0,0.0,34.4,0.9998893860161039,0.0,0.9998893860161039,0.0
2026-03-04T21:47:48+00:00,1772660868.6772876,4.3375,24.6,0.0,2304.0,16,13767254016,3256696832,80.9,17023950848,505962496,4.5,16383.132858396872,4095.783214599218,0.9999470738767622,0.9999470738767622,34.4,6435.659367470842,4248.775116902363,36.9980417334402,9.999470738767622
2026-03-04T21:47:49+00:00,1772660869.6769958,5.6,19.7,0.0,2304.0,16,13726167040,3297783808,80.6,17023950848,505962496,4.5,16388.782645692427,266317.7179925019,1.0002919095271257,14.00408673337976,34.4,5720.669430585632,1761.5140526772682,36.010508742976526,10.002919095271256
2026-03-04T21:47:50+00:00,1772660870.6769927,2.84375,12.5,0.0,2304.0,16,13729394688,3294556160,80.6,17023950848,505962496,4.5,0.0,278528.8632839257,0.0,21.000065088473832,34.4,838.002597340051,197.00061059187357,6.000018596706809,3.0000092983534046
2026-03-04T21:47:51+00:00,1772660871.6770844,2.45,17.5,0.0,2304.0,16,13730013184,3293937664,80.7,17023950848,505962496,4.5,0.0,81912.4811589131,0.0,1.9998164345437766,34.4,7999.265738175107,1642.8492009777126,20.998072562709655,13.998715041806436
2026-03-04T21:47:52+00:00,1772660872.6772363,2.425,6.2,0.0,2304.0,16,13731946496,3292004352,80.7,17023950848,505962496,4.5,0.0,430014.6925356042,0.0,21.996659309391955,34.4,88.98648538799473,206.96856713836976,0.9998481504269071,1.9996963008538142
2026-03-04T21:47:53+00:00,1772660873.6771936,0.8875000000000001,3.1,0.0,2304.0,16,13724184576,3299766272,80.6,17023950848,505962496,4.5,0.0,221193.43985598904,0.0,2.0000853574941138,34.4,0.0,0.0,0.0,0.0
2026-03-04T21:47:54+00:00,1772660874.6773665,0.9812500000000001,4.7,0.0,2304.0,16,13724696576,3299254272,80.6,17023950848,505962496,4.5,0.0,208859.89784194579,0.0,45.99205011455225,34.4,0.0,0.0,0.0,0.0
2026-03-04T21:47:55+00:00,1772660875.6771379,1.2625,6.2,0.0,2304.0,16,13732007936,3291942912,80.7,17023950848,505962496,4.5,0.0,0.0,0.0,0.0,34.4,0.0,0.0,0.0,0.0
2026-03-04T21:47:56+00:00,1772660876.6773143,0.5,1.6,0.0,2304.0,16,13732855808,3291095040,80.7,17023950848,505962496,4.5,0.0,114667.76919431596,0.0,6.998765209614011,34.4,0.0,0.0,0.0,0.0
2026-03-04T21:47:57+00:00,1772660877.6774037,2.03125,6.2,0.0,2304.0,16,13739175936,3284774912,80.7,17023950848,505962496,4.5,0.0,4095.633821801382,0.0,0.999910601025728,34.4,0.0,0.0,0.0,0.0
2026-03-04T21:47:58+00:00,1772660878.6776924,2.05625,6.2,0.0,2304.0,16,13726478336,3297472512,80.6,17023950848,505962496,4.5,0.0,446335.1319339819,0.0,39.988454337548546,34.4,0.0,0.0,0.0,0.0
2026-03-04T21:47:59+00:00,1772660879.6770678,6.7125,10.9,4.6,2304.0,16,13745332224,3278618624,80.7,17023950848,505962496,4.5,0.0,131153.92617573272,0.0,1.0006250471171014,34.4,462.28877176810084,2.001250094234203,53.03312749720637,2.001250094234203
2026-03-04T21:48:00+00:00,1772660880.6769865,0.66875,3.1,0.0,2304.0,16,13742886912,3281063936,80.7,17023950848,505962496,4.5,0.0,94215.65980243507,0.0,12.000975688149849,34.4,1.0000813073458206,0.0,1.0000813073458206,0.0
2026-03-04T21:48:01+00:00,1772660881.6773465,2.35625,7.6,0.0,2304.0,16,13734346752,3289604096,80.7,17023950848,505962496,4.5,0.0,12283.577763933292,0.0,2.9989203525227763,34.4,0.0,0.0,0.0,0.0
2026-03-04T21:48:02+00:00,1772660882.6774666,1.44375,4.7,0.0,2304.0,16,13739446272,3284504576,80.7,17023950848,505962496,4.5,0.0,0.0,0.0,0.0,34.4,1.9997597029470717,0.0,1.9997597029470717,0.0
2026-03-04T21:48:03+00:00,1772660883.677556,1.0625,6.2,0.0,2304.0,16,13737680896,3286269952,80.7,17023950848,505962496,4.5,0.0,4095.633821801382,0.0,0.999910601025728,34.4,2.999731803077184,1.999821202051456,2.999731803077184,1.999821202051456
2026-03-04T21:48:04+00:00,1772660884.677432,1.8625,6.2,0.0,2304.0,16,13733478400,3290472448,80.7,17023950848,505962496,4.5,0.0,4096.507875465212,0.0,1.000123993033499,34.4,0.0,0.0,0.0,0.0
2026-03-04T21:48:05+00:00,1772660885.6773381,1.26875,3.2,0.0,2304.0,16,13737619456,3286331392,80.7,17023950848,505962496,4.5,0.0,4096.384801772093,0.0,1.0000939457451399,34.4,2.0001878914902798,0.0,2.0001878914902798,0.0
2026-03-04T21:48:06+00:00,1772660886.6772363,0.8812500000000001,6.2,0.0,2304.0,16,13742518272,3281432576,80.7,17023950848,505962496,4.5,0.0,36867.7533117924,0.0,3.000305445295606,34.4,1.0001018150985352,0.0,1.0001018150985352,0.0
2026-03-04T21:48:07+00:00,1772660887.67709,0.78125,3.1,0.0,2304.0,16,13741322240,3282628608,80.7,17023950848,505962496,4.5,0.0,4096.5996971640725,0.0,1.0001464104404474,34.4,0.0,0.0,0.0,0.0
2026-03-04T21:48:08+00:00,1772660888.6771097,1.36875,4.6,0.0,2304.0,16,13746745344,3277205504,80.7,17023950848,505962496,4.5,0.0,4095.9189469164385,0.0,0.9999802116495211,34.4,1.9999604232990422,0.0,1.9999604232990422,0.0
2026-03-04T21:48:09+00:00,1772660889.67724,1.06875,6.2,0.0,2304.0,16,13733126144,3290824704,80.7,17023950848,505962496,4.5,0.0,12286.400598829518,0.0,1.999739680799075,34.4,0.9998698403995375,0.0,0.9998698403995375,0.0
2026-03-04T21:48:10+00:00,1772660890.6771746,0.58125,6.1,0.0,2304.0,16,13732950016,3291000832,80.7,17023950848,505962496,4.5,0.0,0.0,0.0,0.0,34.4,54.003527871760575,108.00705574352115,1.0000653309585292,2.0001306619170585
2026-03-04T21:48:11+00:00,1772660891.677425,1.64375,4.6,0.0,2304.0,16,13733490688,3290460160,80.7,17023950848,505962496,4.5,0.0,20474.874330032697,0.0,4.998748615730639,34.4,1.9994994462922557,0.0,1.9994994462922557,0.0
2026-03-04T21:48:12+00:00,1772660892.677686,0.775,6.2,0.0,2304.0,16,13732880384,3291070464,80.7,17023950848,505962496,4.5,0.0,8189.8618863187985,0.0,0.9997389997947752,34.4,0.9997389997947752,0.0,0.9997389997947752,0.0
2026-03-04T21:48:13+00:00,1772660893.6773598,1.56875,7.9,0.0,2304.0,16,13742133248,3281817600,80.7,17023950848,505962496,4.5,0.0,4097.336373367016,0.0,1.0003262630290566,34.4,0.0,0.0,0.0,0.0
2026-03-04T21:48:14+00:00,1772660894.67708,0.675,3.1,0.0,2304.0,16,13736787968,3287162880,80.7,17023950848,505962496,4.5,0.0,0.0,0.0,0.0,34.4,2.000559963559441,0.0,2.000559963559441,0.0
2026-03-04T21:48:15+00:00,1772660895.6774428,1.7625,4.8,0.0,2304.0,16,13740191744,3283759104,80.7,17023950848,505962496,4.5,0.0,4094.5142110278166,0.0,0.999637258551713,34.4,0.999637258551713,0.0,0.999637258551713,0.0
2026-03-04T21:48:16+00:00,1772660896.6775513,2.2125,6.0,0.0,2304.0,16,13731926016,3292024832,80.7,17023950848,505962496,4.5,0.0,40955.557122590355,0.0,3.9995661252529646,34.4,0.0,0.0,0.0,0.0
2026-03-04T21:48:17+00:00,1772660897.6771507,1.3625,4.7,0.0,2304.0,16,13736464384,3287486464,80.7,17023950848,505962496,4.5,0.0,0.0,0.0,0.0,34.4,1.0004007037120428,0.0,1.0004007037120428,0.0
2026-03-04T21:48:18+00:00,1772660898.677116,0.975,4.7,0.0,2304.0,16,13733167104,3290783744,80.7,17023950848,505962496,4.5,0.0,4096.142583088191,0.0,1.0000348103242653,34.4,1.0000348103242653,0.0,1.0000348103242653,0.0
2026-03-04T21:48:19+00:00,1772660899.677123,1.05625,3.1,0.0,2304.0,16,13738631168,3285319680,80.7,17023950848,505962496,4.5,0.0,4095.970703334546,0.0,0.9999928474937857,34.4,0.9999928474937857,0.0,0.9999928474937857,0.0
2026-03-04T21:48:20+00:00,1772660900.6772885,0.3875,3.1,0.0,2304.0,16,13735641088,3288309760,80.7,17023950848,505962496,4.5,0.0,4095.322377746068,0.0,0.9998345648794111,34.4,0.9998345648794111,0.0,0.9998345648794111,0.0
2026-03-04T21:48:21+00:00,1772660901.6771905,2.825,9.1,0.0,2304.0,16,13754822656,3269128192,80.8,17023950848,505962496,4.5,0.0,8192.80281304268,0.0,2.000195999277998,34.4,1.000097999638999,0.0,1.000097999638999,0.0
2026-03-04T21:48:22+00:00,1772660902.677185,1.26875,3.2,0.0,2304.0,16,13726482432,3297468416,80.6,17023950848,505962496,4.5,0.0,12288.067383182004,0.0,3.000016450972169,34.4,1.0000054836573897,0.0,1.0000054836573897,0.0
2026-03-04T21:48:23+00:00,1772660903.6773458,0.5875,3.1,0.0,2304.0,16,13736452096,3287498752,80.7,17023950848,505962496,4.5,0.0,122860.25707882139,0.0,5.999035990176826,34.4,0.0,0.0,0.0,0.0
2026-03-04T21:48:24+00:00,1772660904.6774518,1.9625,6.3,0.0,2304.0,16,13726781440,3297169408,80.6,17023950848,505962496,4.5,0.0,4095.565475788897,0.0,0.9998939149875237,34.4,892.9052660838587,313.96668930608246,4.999469574937619,1.9997878299750473
2026-03-04T21:48:25+00:00,1772660905.677398,0.78125,6.2,0.0,2304.0,16,13729763328,3294187520,80.6,17023950848,505962496,4.5,0.0,81924.41430035398,0.0,1.000053885502368,34.4,1707.091982552542,5527.297825171587,7.000377198516575,10.00053885502368
2026-03-04T21:48:26+00:00,1772660906.6772516,1.64375,6.2,0.0,2304.0,16,13729509376,3294441472,80.6,17023950848,505962496,4.5,0.0,102414.99242910181,0.0,5.000732052202237,34.4,84.01229847699759,54.00790616378416,1.0001464104404474,1.0001464104404474
2026-03-04T21:48:27+00:00,1772660907.6775036,0.78125,3.1,0.0,2304.0,16,13740208128,3283742720,80.7,17023950848,505962496,4.5,0.0,384926.995149166,0.0,36.99067803700325,34.4,0.0,0.0,0.0,0.0
2026-03-04T21:48:28+00:00,1772660908.6776097,1.1875,3.2,0.0,2304.0,16,13736157184,3287793664,80.7,17023950848,505962496,4.5,0.0,229351.66664417824,0.0,20.997772214737996,34.4,0.0,0.0,0.0,0.0
2026-03-04T21:48:29+00:00,1772660909.6771731,0.9625,6.1,0.0,2304.0,16,13743562752,3280388096,80.7,17023950848,505962496,4.5,0.0,0.0,0.0,0.0,34.4,0.0,0.0,0.0,0.0
2026-03-04T21:48:30+00:00,1772660910.6770036,2.425,6.1,0.0,2304.0,16,13735034880,3288915968,80.7,17023950848,505962496,4.5,0.0,4096.694453658235,0.0,1.000169544350155,34.4,5938.006584806871,5669.9611469210295,10.001695443501552,11.001864987851706
2026-03-04T21:48:31+00:00,1772660911.6775954,2.6375,6.2,0.0,2304.0,16,13730078720,3293872128,80.7,17023950848,505962496,4.5,0.0,85965.12971211779,0.0,5.996451570320717,34.4,538.681232733811,835.5055854646865,7.9952687604276225,6.99586016537417
2026-03-04T21:48:32+00:00,1772660912.677228,1.54375,3.1,0.0,2304.0,16,13732937728,3291013120,80.7,17023950848,505962496,4.5,0.0,61462.58153871325,0.0,4.001470152259977,34.4,0.0,0.0,0.0,0.0
2026-03-04T21:48:33+00:00,1772660913.677284,0.68125,3.1,0.0,2304.0,16,13731332096,3292618752,80.7,17023950848,505962496,4.5,0.0,4095.770520669852,0.0,0.9999439747729131,34.4,0.0,0.0,0.0,0.0
2026-03-04T21:48:34+00:00,1772660914.677131,0.39375000000000004,3.1,0.0,2304.0,16,13747068928,3276881920,80.8,17023950848,505962496,4.5,0.0,4096.6270491041005,0.0,1.0001530881601808,34.4,0.0,0.0,0.0,0.0
2026-03-04T21:48:35+00:00,1772660915.6771362,0.6937500000000001,4.7,0.0,2304.0,16,13726191616,3297759232,80.6,17023950848,505962496,4.5,20479.892578688447,12287.935547213068,1.9999895096375437,2.9999842644563155,34.4,0.0,0.0,0.0,0.0
2026-03-04T21:48:36+00:00,1772660916.677107,0.6937500000000001,3.1,0.0,2304.0,16,13737926656,3286024192,80.7,17023950848,505962496,4.5,0.0,12288.357432271656,0.0,2.000058175825465,34.4,0.0,0.0,0.0,0.0
2026-03-04T21:48:37+00:00,1772660917.6769793,3.35625,7.9,0.0,2304.0,16,13731942400,3292008448,80.7,17023950848,505962496,4.5,0.0,4096.523504399862,0.0,1.0001278086913725,34.4,55.00702947802549,66.00843537363059,1.0001278086913725,1.0001278086913725
2026-03-04T21:48:38+00:00,1772660918.677119,0.29375,1.6,0.0,2304.0,16,13727674368,3296276480,80.6,17023950848,505962496,4.5,0.0,4095.4278143169427,0.0,0.9998603062297223,34.4,0.0,0.0,0.0,0.0
2026-03-04T21:48:39+00:00,1772660919.6771083,1.3625,6.1,0.0,2304.0,16,13730848768,3293102080,80.7,17023950848,505962496,4.5,0.0,4096.0439457839875,0.0,1.0000107289511688,34.4,0.0,0.0,0.0,0.0
2026-03-04T21:48:40+00:00,1772660920.6771035,0.575,1.6,0.0,2304.0,16,13735063552,3288887296,80.7,17023950848,505962496,4.5,0.0,16384.07812537253,0.0,3.0000143051829586,34.4,0.0,0.0,0.0,0.0
2026-03-04T21:48:41+00:00,1772660921.6771185,0.68125,4.6,0.0,2304.0,16,13734412288,3289538560,80.7,17023950848,505962496,4.5,0.0,61439.07716229886,0.0,3.9999399194204988,34.4,0.0,0.0,0.0,0.0
2026-03-04T21:48:42+00:00,1772660922.6770852,0.30000000000000004,1.6,0.0,2304.0,16,13730742272,3293208576,80.7,17023950848,505962496,4.5,0.0,57345.91412639086,0.0,3.000100139145727,34.4,0.0,0.0,0.0,0.0
2026-03-04T21:48:43+00:00,1772660923.6773407,0.9875,4.6,0.0,2304.0,16,13730770944,3293179904,80.7,17023950848,505962496,4.5,0.0,65519.25427995012,0.0,15.995911689440947,34.4,0.0,0.0,0.0,0.0
2026-03-04T21:48:44+00:00,1772660924.677184,0.99375,3.2,0.0,2304.0,16,13731696640,3292254208,80.7,17023950848,505962496,4.5,0.0,0.0,0.0,0.0,34.4,586.0918060103771,729.1142091835579,7.001096658827031,5.000783327733593
2026-03-04T21:48:45+00:00,1772660925.677309,1.15625,6.2,0.0,2304.0,16,13724594176,3299356672,80.6,17023950848,505962496,4.5,0.0,16381.953380686884,0.0,2.999625252811319,34.4,0.0,65.99175556184902,0.0,0.9998750842704397
2026-03-04T21:48:46+00:00,1772660926.6771219,0.8812500000000001,4.7,0.0,2304.0,16,13724045312,3299905536,80.6,17023950848,505962496,4.5,0.0,45064.43419571963,0.0,5.000935968097438,34.4,0.0,0.0,0.0,0.0
2026-03-04T21:48:47+00:00,1772660927.6769989,0.68125,3.1,0.0,2304.0,16,13726756864,3297193984,80.6,17023950848,505962496,4.5,0.0,0.0,0.0,0.0,34.4,0.0,0.0,0.0,0.0
2026-03-04T21:48:48+00:00,1772660928.6774714,3.625,7.8,0.0,2304.0,16,13724823552,3299127296,80.6,17023950848,505962496,4.5,0.0,225173.59520299616,0.0,5.997166065420708,34.4,0.0,0.0,0.0,0.0
2026-03-04T21:48:49+00:00,1772660929.6771166,0.78125,4.6,0.0,2304.0,16,13724581888,3299368960,80.6,17023950848,505962496,4.5,0.0,4097.4536407035275,0.0,1.0003548927498846,34.4,108.03832841698754,132.04684584298477,2.0007097854997693,2.0007097854997693
2026-03-04T21:48:50+00:00,1772660930.6772444,2.4125,17.2,0.0,2304.0,16,13693349888,3330600960,80.4,17023950848,505962496,4.5,0.0,4095.4766293827656,0.0,0.9998722239704018,34.4,0.0,209.97316703378436,0.0,2.9996166719112054
2026-03-04T21:48:51+00:00,1772660931.677181,0.1,1.6,0.0,2304.0,16,13698760704,3325190144,80.5,17023950848,505962496,4.5,0.0,12288.77934630063,0.0,2.000126846728618,34.4,0.0,0.0,0.0,0.0
2026-03-04T21:48:52+00:00,1772660932.6774323,0.6875,3.1,0.0,2304.0,16,13703311360,3320639488,80.5,17023950848,505962496,4.5,0.0,8189.941923430611,0.0,0.9997487699500257,34.4,0.0,0.0,0.0,0.0
2026-03-04T21:48:53+00:00,1772660933.6771228,1.375,6.2,0.0,2304.0,16,13703553024,3320397824,80.5,17023950848,505962496,4.5,0.0,40972.67970520433,0.0,3.0009286893460203,34.4,0.0,0.0,0.0,0.0
2026-03-04T21:48:54+00:00,1772660934.6774714,1.26875,4.7,0.0,2304.0,16,13704122368,3319828480,80.5,17023950848,505962496,4.5,0.0,4094.5727631140535,0.0,0.999651553494642,34.4,0.0,0.0,0.0,0.0
2026-03-04T21:48:55+00:00,1772660935.6771185,1.05625,3.1,0.0,2304.0,16,13706035200,3317915648,80.5,17023950848,505962496,4.5,0.0,0.0,0.0,0.0,34.4,55.019414122796476,66.02329694735577,1.000352984050845,1.000352984050845
2026-03-04T21:48:56+00:00,1772660936.6774342,1.075,6.2,0.0,2304.0,16,13704949760,3319001088,80.5,17023950848,505962496,4.5,0.0,45041.78183194506,0.0,4.998422167074869,34.4,0.0,0.0,0.0,0.0
2026-03-04T21:48:57+00:00,1772660937.6772451,1.08125,3.1,0.0,2304.0,16,13708959744,3314991104,80.5,17023950848,505962496,4.5,0.0,512096.8200631881,0.0,40.00756406743657,34.4,0.0,0.0,0.0,0.0
2026-03-04T21:48:58+00:00,1772660938.6772382,0.7937500000000001,3.1,0.0,2304.0,16,13716819968,3307130880,80.6,17023950848,505962496,4.5,0.0,172033.1894613491,0.0,10.000069141865996,34.4,0.0,0.0,0.0,0.0
2026-03-04T21:48:59+00:00,1772660939.6774468,1.1812500000000001,3.2,0.0,2304.0,16,13709889536,3314061312,80.5,17023950848,505962496,4.5,0.0,0.0,0.0,0.0,34.4,0.0,0.0,0.0,0.0
2026-03-04T21:49:00+00:00,1772660940.6773963,1.08125,3.2,0.0,2304.0,16,13710561280,3313389568,80.5,17023950848,505962496,4.5,0.0,32769.65633371896,0.0,6.000303283762015,34.4,0.0,0.0,0.0,0.0
2026-03-04T21:49:01+00:00,1772660941.6770444,0.68125,3.2,0.0,2304.0,16,13709303808,3314647040,80.5,17023950848,505962496,4.5,0.0,40974.41913667816,0.0,4.001408118816226,34.4,0.0,0.0,0.0,0.0
2026-03-04T21:49:02+00:00,1772660942.6771119,0.2,1.6,0.0,2304.0,16,13710622720,3313328128,80.5,17023950848,505962496,4.5,0.0,0.0,0.0,0.0,34.4,0.0,0.0,0.0,0.0
2026-03-04T21:49:03+00:00,1772660943.6773546,1.4625,6.2,0.0,2304.0,16,13710647296,3313303552,80.5,17023950848,505962496,4.5,0.0,69615.10371027539,0.0,1.9995146975607594,34.4,0.0,0.0,0.0,0.0
2026-03-04T21:49:04+00:00,1772660944.6771479,1.4625,7.8,0.0,2304.0,16,13709869056,3314081792,80.5,17023950848,505962496,4.5,0.0,20484.234273699592,0.0,3.000620254936464,34.4,0.0,0.0,0.0,0.0
2026-03-04T21:49:05+00:00,1772660945.6772537,1.0625,4.7,0.0,2304.0,16,13711482880,3312467968,80.5,17023950848,505962496,4.5,0.0,4095.5664521444437,0.0,0.9998941533555771,34.4,0.0,0.0,0.0,0.0
2026-03-04T21:49:06+00:00,1772660946.6774573,0.675,6.1,0.0,2304.0,16,13711327232,3312623616,80.5,17023950848,505962496,4.5,0.0,8190.332370795093,0.0,1.9995928639636458,34.4,0.0,0.0,0.0,0.0
2026-03-04T21:49:07+00:00,1772660947.677054,2.23125,10.6,0.0,2304.0,16,13708521472,3315429376,80.5,17023950848,505962496,4.5,0.0,4097.653010581471,0.0,1.000403567036492,34.4,0.0,0.0,0.0,0.0
2026-03-04T21:49:08+00:00,1772660948.677565,2.34375,6.2,0.0,2304.0,16,13711798272,3312152576,80.5,17023950848,505962496,4.5,0.0,4093.9073197141965,0.0,0.9994890917270988,34.4,0.0,0.0,0.0,0.0
2026-03-04T21:49:09+00:00,1772660949.6771445,1.08125,4.7,0.0,2304.0,16,13708562432,3315388416,80.5,17023950848,505962496,4.5,0.0,8195.446762106027,0.0,2.0008414946547917,34.4,0.0,0.0,0.0,0.0
2026-03-04T21:49:10+00:00,1772660950.6774175,0.775,3.1,0.0,2304.0,16,13714022400,3309928448,80.6,17023950848,505962496,4.5,0.0,0.0,0.0,0.0,34.4,0.0,0.0,0.0,0.0
2026-03-04T21:49:11+00:00,1772660951.676968,1.35625,7.7,0.0,2304.0,16,13721747456,3302203392,80.6,17023950848,505962496,4.5,0.0,40978.416479841355,0.0,4.001798484359507,34.4,0.0,0.0,0.0,0.0
2026-03-04T21:49:12+00:00,1772660952.6775036,0.875,3.1,0.0,2304.0,16,13710835712,3313115136,80.5,17023950848,505962496,4.5,0.0,4093.8078145143036,0.0,0.9994647984654061,34.4,0.0,0.0,0.0,0.0
2026-03-04T21:49:13+00:00,1772660953.6769767,0.6875,3.1,0.0,2304.0,16,13710831616,3313119232,80.5,17023950848,505962496,4.5,0.0,8196.318681785284,0.0,1.0005271828351177,34.4,0.0,0.0,0.0,0.0
2026-03-04T21:49:14+00:00,1772660954.6771066,1.64375,6.1,0.0,2304.0,16,13711642624,3312308224,80.5,17023950848,505962496,4.5,0.0,0.0,0.0,0.0,34.4,0.0,0.0,0.0,0.0
2026-03-04T21:49:15+00:00,1772660955.677358,0.48750000000000004,6.2,0.0,2304.0,16,13712871424,3311079424,80.6,17023950848,505962496,4.5,0.0,4094.9709617153053,0.0,0.9997487699500257,34.4,0.0,0.0,0.0,0.0
2026-03-04T21:49:16+00:00,1772660956.6772509,1.275,4.6,0.0,2304.0,16,13713088512,3310862336,80.6,17023950848,505962496,4.5,0.0,24578.631141038495,0.0,5.000535307014668,34.4,0.0,0.0,0.0,0.0
2026-03-04T21:49:17+00:00,1772660957.6773639,1.65,7.6,0.0,2304.0,16,13712474112,3311476736,80.5,17023950848,505962496,4.5,32764.29729344437,0.0,0.9998870023634147,0.0,34.4,0.0,0.0,0.0,0.0
2026-03-04T21:49:18+00:00,1772660958.6770897,0.9875,4.8,0.0,2304.0,16,13717118976,3306831872,80.6,17023950848,505962496,4.5,0.0,4097.123354877975,0.0,1.0002742565620055,34.4,0.0,0.0,0.0,0.0
2026-03-04T21:49:19+00:00,1772660959.6771138,3.01875,7.6,0.0,2304.0,16,13714870272,3309080576,80.6,17023950848,505962496,4.5,0.0,4095.901369562548,0.0,0.9999759203033565,34.4,0.0,0.0,0.0,0.0
2026-03-04T21:49:20+00:00,1772660960.6771128,1.2625,6.2,0.0,2304.0,16,13715374080,3308576768,80.6,17023950848,505962496,4.5,0.0,4096.003906253725,0.0,1.000000953675226,34.4,42.00004005435949,0.0,1.000000953675226,0.0
2026-03-04T21:49:21+00:00,1772660961.677242,0.2,1.6,0.0,2304.0,16,13715013632,3308937216,80.6,17023950848,505962496,4.5,0.0,36859.23694362082,0.0,2.9996123814795586,34.4,0.0,0.0,0.0,0.0
2026-03-04T21:49:22+00:00,1772660962.677258,0.5,3.2,0.0,2304.0,16,13709877248,3314073600,80.5,17023950848,505962496,4.5,0.0,4095.93457135766,0.0,0.9999840262103662,34.4,54.99912144157014,65.99894572988417,0.9999840262103662,0.9999840262103662
2026-03-04T21:49:23+00:00,1772660963.6773343,0.29375,3.1,0.0,2304.0,16,13715132416,3308818432,80.6,17023950848,505962496,4.5,0.0,4095.687523840039,0.0,0.9999237118750095,34.4,0.0,0.0,0.0,0.0
2026-03-04T21:49:24+00:00,1772660964.6768878,3.475,10.6,0.0,2304.0,16,13715189760,3308761088,80.6,17023950848,505962496,4.5,0.0,4097.829918727344,0.0,1.000446757501793,34.4,0.0,0.0,0.0,0.0
2026-03-04T21:49:25+00:00,1772660965.6772616,0.99375,4.7,0.0,2304.0,16,13717606400,3306344448,80.6,17023950848,505962496,4.5,0.0,0.0,0.0,0.0,34.4,0.0,0.0,0.0,0.0
2026-03-04T21:49:26+00:00,1772660966.6776092,0.29375,3.1,0.0,2304.0,16,13713489920,3310460928,80.6,17023950848,505962496,4.5,0.0,16378.306666584043,0.0,2.998957519516121,34.4,0.0,0.0,0.0,0.0
2026-03-04T21:49:27+00:00,1772660967.6773002,1.16875,3.1,0.0,2304.0,16,13715742720,3308208128,80.6,17023950848,505962496,4.5,0.0,405629.3356025078,0.0,40.01236343932566,34.4,0.0,142.04389020960608,0.0,1.0003090859831414
2026-03-04T21:49:28+00:00,1772660968.677105,0.5875,4.7,0.0,2304.0,16,13712031744,3311919104,80.5,17023950848,505962496,4.5,0.0,151581.5985529935,0.0,18.003515453137425,34.4,0.0,0.0,0.0,0.0
2026-03-04T21:49:29+00:00,1772660969.6770377,0.875,3.1,0.0,2304.0,16,13714849792,3309101056,80.6,17023950848,505962496,4.5,0.0,0.0,0.0,0.0,34.4,427.02871086513136,0.0,5.000336192800133,0.0
2026-03-04T21:49:30+00:00,1772660970.677438,2.4625,13.4,0.0,2304.0,16,13712449536,3311501312,80.5,17023950848,505962496,4.5,0.0,4094.361007658992,0.0,0.9995998553854961,34.4,426.82913824960684,0.0,4.99799927692748,0.0
2026-03-04T21:49:31+00:00,1772660971.6775084,1.26875,6.2,0.0,2304.0,16,13715308544,3308642304,80.6,17023950848,505962496,4.5,0.0,40957.119343231614,0.0,3.9997186858624625,34.4,654.9539348099783,111.99212320414895,8.99936704319054,1.9998593429312312
2026-03-04T21:49:32+00:00,1772660972.6770854,0.5875,3.1,0.0,2304.0,16,13717147648,3306803200,80.6,17023950848,505962496,4.5,0.0,0.0,0.0,0.0,34.4,427.18067801542264,0.0,5.0021156676279,0.0
2026-03-04T21:49:33+00:00,1772660973.6774926,1.96875,6.3,0.0,2304.0,16,13717204992,3306745856,80.6,17023950848,505962496,4.5,0.0,73697.9887836355,0.0,4.997964734133268,34.4,0.0,0.0,0.0,0.0
2026-03-04T21:49:34+00:00,1772660974.677176,0.8625,3.1,0.0,2304.0,16,13718126592,3305824256,80.6,17023950848,505962496,4.5,0.0,20486.48642873224,0.0,2.000633440305883,34.4,0.0,0.0,0.0,0.0
2026-03-04T21:49:35+00:00,1772660975.6770926,1.1875,7.9,0.0,2304.0,16,13729345536,3294605312,80.6,17023950848,505962496,4.5,0.0,4096.341825399134,0.0,1.0000834534665854,34.4,0.0,0.0,0.0,0.0
2026-03-04T21:49:36+00:00,1772660976.6773765,0.6875,3.1,0.0,2304.0,16,13722427392,3301523456,80.6,17023950848,505962496,4.5,0.0,12284.51173270377,0.0,1.9994322481614208,34.4,0.0,0.0,0.0,0.0
2026-03-04T21:49:37+00:00,1772660977.6772287,0.48125,3.1,0.0,2304.0,16,13717590016,3306360832,80.6,17023950848,505962496,4.5,0.0,77835.50560700329,0.0,4.000591365491535,34.4,0.0,0.0,0.0,0.0
2026-03-04T21:49:38+00:00,1772660978.677134,1.2750000000000001,6.2,0.0,2304.0,16,13718020096,3305930752,80.6,17023950848,505962496,4.5,0.0,86024.14237225575,0.0,2.0001893222715714,34.4,0.0,0.0,0.0,0.0
2026-03-04T21:49:39+00:00,1772660979.6773827,1.25,4.5,0.0,2304.0,16,13717180416,3306770432,80.6,17023950848,505962496,4.5,0.0,4094.981698534114,0.0,0.9997513912436802,34.4,0.0,0.0,0.0,0.0
2026-03-04T21:49:40+00:00,1772660980.6772768,0.8812500000000001,4.7,0.0,2304.0,16,13718097920,3305852928,80.6,17023950848,505962496,4.5,0.0,0.0,0.0,0.0,34.4,55.00582279809054,66.00698735770865,1.0001058690561917,1.0001058690561917
2026-03-04T21:49:41+00:00,1772660981.6771166,0.3875,3.0,0.0,2304.0,16,13716512768,3307438080,80.6,17023950848,505962496,4.5,0.0,45063.21990675386,0.0,4.000640971835392,34.4,0.0,0.0,0.0,0.0
2026-03-04T21:49:42+00:00,1772660982.677208,0.99375,4.8,0.0,2304.0,16,13718532096,3305418752,80.6,17023950848,505962496,4.5,49147.51212855691,4095.6260107130756,2.999726082065241,0.999908694021747,34.4,0.0,0.0,0.0,0.0
2026-03-04T21:49:43+00:00,1772660983.6771193,2.9875,7.7,0.0,2304.0,16,13717753856,3306196992,80.6,17023950848,505962496,4.5,0.0,4096.363313472893,0.0,1.0000886995783431,34.4,55.00487847680888,66.00585417217064,1.0000886995783431,1.0000886995783431
2026-03-04T21:49:44+00:00,1772660984.6771002,2.90625,9.4,0.0,2304.0,16,13714616320,3309334528,80.6,17023950848,505962496,4.5,0.0,0.0,0.0,0.0,34.4,0.0,0.0,0.0,0.0
2026-03-04T21:49:45+00:00,1772660985.6771111,0.30000000000000004,1.6,0.0,2304.0,16,13719040000,3304910848,80.6,17023950848,505962496,4.5,0.0,4095.955078617664,0.0,0.9999890328656407,34.4,0.0,0.0,0.0,0.0
2026-03-04T21:49:46+00:00,1772660986.677103,2.80625,7.7,0.0,2304.0,16,13715238912,3308711936,80.6,17023950848,505962496,4.5,0.0,229377.85939007264,0.0,6.000048637784406,34.4,0.0,0.0,0.0,0.0
2026-03-04T21:49:47+00:00,1772660987.677105,0.3875,3.1,0.0,2304.0,16,13719568384,3304382464,80.6,17023950848,505962496,4.5,0.0,0.0,0.0,0.0,34.4,0.0,0.0,0.0,0.0
2026-03-04T21:49:48+00:00,1772660988.677014,1.0625,4.7,0.0,2304.0,16,13730537472,3293413376,80.7,17023950848,505962496,4.5,0.0,4096.3721041134995,0.0,1.0000908457308348,34.4,0.0,0.0,0.0,0.0
2026-03-04T21:49:49+00:00,1772660989.6774795,0.1,1.6,0.0,2304.0,16,13719515136,3304435712,80.6,17023950848,505962496,4.5,0.0,8188.189273485697,0.0,1.999069646847094,34.4,0.0,0.0,0.0,0.0
2026-03-04T21:49:50+00:00,1772660990.677429,2.375,6.3,0.0,2304.0,16,13720481792,3303469056,80.6,17023950848,505962496,4.5,0.0,4096.20704171487,0.0,1.0000505472936694,34.4,0.0,0.0,0.0,0.0
2026-03-04T21:49:51+00:00,1772660991.6771865,0.775,7.7,0.0,2304.0,16,13720834048,3303116800,80.6,17023950848,505962496,4.5,0.0,36872.94064441571,0.0,3.0007275915051843,34.4,0.0,0.0,0.0,0.0
2026-03-04T21:49:52+00:00,1772660992.6775892,0.5875,4.7,0.0,2304.0,16,13721210880,3302739968,80.6,17023950848,505962496,4.5,0.0,4094.351249871008,0.0,0.999597473113039,34.4,0.0,0.0,0.0,0.0
2026-03-04T21:49:53+00:00,1772660993.677109,0.9750000000000001,3.1,0.0,2304.0,16,13720162304,3303788544,80.6,17023950848,505962496,4.5,0.0,4097.967741735424,0.0,1.000480405697125,34.4,0.0,0.0,0.0,0.0
2026-03-04T21:49:54+00:00,1772660994.6773171,0.66875,4.6,0.0,2304.0,16,13721112576,3302838272,80.6,17023950848,505962496,4.5,0.0,8190.295276695119,0.0,0.9997919038934472,34.4,0.0,0.0,0.0,0.0
2026-03-04T21:49:55+00:00,1772660995.6770961,1.175,4.6,0.0,2304.0,16,13722619904,3301330944,80.6,17023950848,505962496,4.5,0.0,0.0,0.0,0.0,34.4,0.0,0.0,0.0,0.0
2026-03-04T21:49:56+00:00,1772660996.677109,0.78125,3.1,0.0,2304.0,16,13722554368,3301396480,80.6,17023950848,505962496,4.5,0.0,12287.841798911777,0.0,2.9999613766874456,34.4,0.0,0.0,0.0,0.0
2026-03-04T21:49:57+00:00,1772660997.6770062,1.2750000000000001,3.1,0.0,2304.0,16,13719777280,3304173568,80.6,17023950848,505962496,4.5,0.0,438317.0407611294,0.0,29.00298030007108,34.4,0.0,0.0,0.0,0.0
2026-03-04T21:49:58+00:00,1772660998.677423,2.0625,6.2,0.0,2304.0,16,13722091520,3301859328,80.6,17023950848,505962496,4.5,16377.174719474402,98263.04831684641,0.99958341793667,11.99500101524004,34.4,0.0,0.0,0.0,0.0
2026-03-04T21:49:59+00:00,1772660999.6772556,0.95625,4.5,0.0,2304.0,16,13717557248,3306393600,80.6,17023950848,505962496,4.5,0.0,0.0,0.0,0.0,34.4,0.0,0.0,0.0,0.0
2026-03-04T21:50:00+00:00,1772661000.6774647,0.19375,3.1,0.0,2304.0,16,13724401664,3299549184,80.6,17023950848,505962496,4.5,0.0,24570.862402361185,0.0,4.998954753084551,34.4,0.0,53.98871133331315,0.0,0.9997909506169103
2026-03-04T21:50:01+00:00,1772661001.677074,1.75625,3.2,0.0,2304.0,16,13722066944,3301883904,80.6,17023950848,505962496,4.5,0.0,40976.01211639852,0.0,4.001563683242043,34.4,0.0,0.0,0.0,0.0
2026-03-04T21:50:02+00:00,1772661002.677486,2.25,6.2,0.0,2304.0,16,13723328512,3300622336,80.6,17023950848,505962496,4.5,0.0,0.0,0.0,0.0,34.4,0.0,0.0,0.0,0.0
2026-03-04T21:50:03+00:00,1772661003.6775146,1.06875,3.1,0.0,2304.0,16,13723328512,3300622336,80.6,17023950848,505962496,4.5,0.0,4095.8828158526653,0.0,0.9999713905890296,34.4,0.9999713905890296,0.0,0.9999713905890296,0.0
2026-03-04T21:50:04+00:00,1772661004.6774325,0.38125,1.6,0.0,2304.0,16,13722681344,3301269504,80.6,17023950848,505962496,4.5,0.0,4096.335965054507,0.0,1.0000820227183855,34.4,0.0,0.0,0.0,0.0
2026-03-04T21:50:05+00:00,1772661005.6774435,0.39375000000000004,3.1,0.0,2304.0,16,13723467776,3300483072,80.6,17023950848,505962496,4.5,0.0,12287.865235852993,0.0,2.999967098596922,34.4,1.9999780657312813,0.0,1.9999780657312813,0.0
2026-03-04T21:50:06+00:00,1772661006.6772866,2.85625,7.8,0.0,2304.0,16,13722816512,3301134336,80.6,17023950848,505962496,4.5,0.0,8193.285357896208,0.0,2.000313808080129,34.4,1.0001569040400644,0.0,1.0001569040400644,0.0
2026-03-04T21:50:07+00:00,1772661007.6770391,0.2875,1.6,0.0,2304.0,16,13723111424,3300839424,80.6,17023950848,505962496,4.5,0.0,65552.22276478526,0.0,2.0004950794917375,34.4,0.0,0.0,0.0,0.0
2026-03-04T21:50:08+00:00,1772661008.6775074,0.9875,4.7,0.0,2304.0,16,13722980352,3300970496,80.6,17023950848,505962496,4.5,0.0,4094.0829289263697,0.0,0.9995319650699145,34.4,0.0,0.0,0.0,0.0
2026-03-04T21:50:09+00:00,1772661009.6775723,1.375,4.6,0.0,2304.0,16,13723598848,3300352000,80.6,17023950848,505962496,4.5,0.0,24574.406353347753,0.0,2.9998054630551456,34.4,0.0,0.0,0.0,0.0
2026-03-04T21:50:10+00:00,1772661010.677051,0.48750000000000004,3.1,0.0,2304.0,16,13723934720,3300016128,80.6,17023950848,505962496,4.5,0.0,16392.54351523502,0.0,3.0015643643618812,34.4,0.0,54.02815855851386,0.0,1.0005214547872936
2026-03-04T21:50:11+00:00,1772661011.6771939,0.78125,3.1,0.0,2304.0,16,13722488832,3301462016,80.6,17023950848,505962496,4.5,0.0,131053.28392289404,0.0,5.999143245982088,34.4,0.0,0.0,0.0,0.0
2026-03-04T21:50:12+00:00,1772661012.6772738,1.06875,4.6,0.0,2304.0,16,13732794368,3291156480,80.7,17023950848,505962496,4.5,0.0,4095.672877689832,0.0,0.9999201361547442,34.4,0.9999201361547442,0.0,0.9999201361547442,0.0
2026-03-04T21:50:13+00:00,1772661013.6774213,0.475,6.0,0.0,2304.0,16,13722107904,3301842944,80.6,17023950848,505962496,4.5,0.0,4095.395597010958,0.0,0.9998524406765035,34.4,0.9998524406765035,0.0,0.9998524406765035,0.0
2026-03-04T21:50:14+00:00,1772661014.6773784,0.6625,9.0,0.0,2304.0,16,13722767360,3301183488,80.6,17023950848,505962496,4.5,0.0,0.0,0.0,0.0,34.4,1.000042917186044,0.0,1.000042917186044,0.0
2026-03-04T21:50:15+00:00,1772661015.6771932,0.86875,4.6,0.0,2304.0,16,13721997312,3301953536,80.6,17023950848,505962496,4.5,0.0,32774.071437241255,0.0,2.000370571120682,34.4,1.000185285560341,0.0,1.000185285560341,0.0
2026-03-04T21:50:16+00:00,1772661016.677307,1.35625,4.6,0.0,2304.0,16,13721985024,3301965824,80.6,17023950848,505962496,4.5,0.0,12286.602697971599,0.0,2.9996588618094724,34.4,0.9998862872698241,0.0,0.9998862872698241,0.0
2026-03-04T21:50:17+00:00,1772661017.677289,0.96875,3.1,0.0,2304.0,16,13722726400,3301224448,80.6,17023950848,505962496,4.5,0.0,4096.073243497196,0.0,1.0000178817131826,34.4,1.0000178817131826,0.0,1.0000178817131826,0.0
2026-03-04T21:50:18+00:00,1772661018.67711,1.46875,7.6,0.0,2304.0,16,13721628672,3302322176,80.6,17023950848,505962496,4.5,0.0,81934.67059555465,0.0,1.0001790844183918,34.4,0.0,0.0,0.0,0.0
2026-03-04T21:50:19+00:00,1772661019.6771173,1.55,3.1,0.0,2304.0,16,13715894272,3308056576,80.6,17023950848,505962496,4.5,0.0,4095.9697267862484,0.0,0.9999926090786739,34.4,0.0,0.0,0.0,0.0
2026-03-04T21:50:20+00:00,1772661020.67757,0.775,4.6,0.0,2304.0,16,13721833472,3302117376,80.6,17023950848,505962496,4.5,0.0,4094.1463470666217,0.0,0.999547448014312,34.4,0.0,0.0,0.0,0.0
2026-03-04T21:50:21+00:00,1772661021.6770823,0.68125,3.1,0.0,2304.0,16,13715640320,3308310528,80.6,17023950848,505962496,4.5,0.0,36881.99119806081,0.0,3.0014641274463547,34.4,1.0004880424821183,0.0,1.0004880424821183,0.0
2026-03-04T21:50:22+00:00,1772661022.677483,1.8687500000000001,4.8,0.0,2304.0,16,13720367104,3303583744,80.6,17023950848,505962496,4.5,0.0,57321.02678536744,0.0,13.994391305021347,34.4,0.9995993789300963,0.0,0.9995993789300963,0.0
2026-03-04T21:50:23+00:00,1772661023.6770203,0.8812500000000001,3.2,0.0,2304.0,16,13712498688,3311452160,80.5,17023950848,505962496,4.5,0.0,4097.896385403649,0.0,1.0004629847176878,34.4,1.0004629847176878,0.0,1.0004629847176878,0.0
2026-03-04T21:50:24+00:00,1772661024.677118,1.0625,6.1,0.0,2304.0,16,13719502848,3304448000,80.6,17023950848,505962496,4.5,0.0,4095.599648510006,0.0,0.9999022579370132,34.4,0.9999022579370132,0.0,0.9999022579370132,0.0
2026-03-04T21:50:25+00:00,1772661025.6770535,0.78125,3.1,0.0,2304.0,16,13729824768,3294126080,80.7,17023950848,505962496,4.5,0.0,0.0,0.0,0.0,34.4,1.0000646156098438,0.0,1.0000646156098438,0.0
2026-03-04T21:50:26+00:00,1772661026.6771238,1.95625,4.6,0.0,2304.0,16,13719371776,3304579072,80.6,17023950848,505962496,4.5,0.0,40957.119343231614,0.0,3.9997186858624625,34.4,0.9999296714656156,0.0,0.9999296714656156,0.0
2026-03-04T21:50:27+00:00,1772661027.6773858,1.7625,6.2,0.0,2304.0,16,13719412736,3304538112,80.6,17023950848,505962496,4.5,0.0,405397.77685624006,0.0,42.988736004622204,34.4,0.0,0.0,0.0,0.0
2026-03-04T21:50:28+00:00,1772661028.6776183,1.25,6.1,0.0,2304.0,16,13719535616,3304415232,80.6,17023950848,505962496,4.5,0.0,221132.59593366735,0.0,12.996978746824704,34.4,0.0,0.0,0.0,0.0
2026-03-04T21:50:29+00:00,1772661029.6771104,1.8625,6.1,0.0,2304.0,16,13720592384,3303358464,80.6,17023950848,505962496,4.5,0.0,0.0,0.0,0.0,34.4,0.0,0.0,0.0,0.0
2026-03-04T21:50:30+00:00,1772661030.6770537,1.38125,9.5,0.0,2304.0,16,13719764992,3304185856,80.6,17023950848,505962496,4.5,0.0,4096.2324350642075,0.0,1.0000567468418475,34.4,0.0,0.0,0.0,0.0
2026-03-04T21:50:31+00:00,1772661031.677045,0.3875,3.0,0.0,2304.0,16,13719330816,3304620032,80.6,17023950848,505962496,4.5,0.0,12288.105469655253,0.0,3.000025749427552,34.4,66.00056648740615,0.0,1.0000085831425174,0.0
2026-03-04T21:50:32+00:00,1772661032.6774964,2.2125,9.0,0.0,2304.0,16,13721239552,3302711296,80.6,17023950848,505962496,4.5,0.0,4094.1522011478487,0.0,0.9995488772333615,34.4,161.92691811180458,111.94947425013649,2.9986466317000846,1.999097754466723
2026-03-04T21:50:33+00:00,1772661033.6774108,0.29375,3.1,0.0,2304.0,16,13720698880,3303251968,80.6,17023950848,505962496,4.5,0.0,20481.753079737573,0.0,2.0001711991931224,34.4,0.0,0.0,0.0,0.0
2026-03-04T21:50:34+00:00,1772661034.6771257,1.2625,6.2,0.0,2304.0,16,13714227200,3309723648,80.6,17023950848,505962496,4.5,0.0,4097.168301889672,0.0,1.0002852299535332,34.4,0.0,0.0,0.0,0.0
2026-03-04T21:50:35+00:00,1772661035.677532,0.49375,3.1,0.0,2304.0,16,13719969792,3303981056,80.6,17023950848,505962496,4.5,0.0,8188.673226552475,0.0,0.9995938997256439,34.4,0.0,0.0,0.0,0.0
2026-03-04T21:50:36+00:00,1772661036.677102,1.25625,3.1,0.0,2304.0,16,13712551936,3311398912,80.5,17023950848,505962496,4.5,0.0,40977.61499400954,0.0,3.001290160694058,34.4,0.0,0.0,0.0,0.0
2026-03-04T21:50:37+00:00,1772661037.6771696,0.4,1.6,0.0,2304.0,16,13720489984,3303460864,80.6,17023950848,505962496,4.5,0.0,16382.89460583366,0.0,2.999797596283019,34.4,2449.834703631132,589.9601939356604,4.9996626604716985,2.999797596283019
2026-03-04T21:50:38+00:00,1772661038.6770978,1.6500000000000001,3.1,0.0,2304.0,16,13726818304,3297132544,80.6,17023950848,505962496,4.5,106503.64312662628,118792.52502585239,3.0002153074282494,22.001578921140496,34.4,4645.333367668073,75109.39014969708,35.002511919996245,63.004521455993235
2026-03-04T21:50:39+00:00,1772661039.677411,0.48750000000000004,3.1,0.0,2304.0,16,13721546752,3302404096,80.6,17023950848,505962496,4.5,0.0,24568.30319252134,0.0,5.998120896611655,34.4,0.0,0.0,0.0,0.0
2026-03-04T21:50:40+00:00,1772661040.6773353,0.8875000000000001,3.2,0.0,2304.0,16,13721837568,3302113280,80.6,17023950848,505962496,4.5,0.0,0.0,0.0,0.0,34.4,0.0,0.0,0.0,0.0
2026-03-04T21:50:41+00:00,1772661041.6773112,0.8812500000000001,3.2,0.0,2304.0,16,13723275264,3300675584,80.6,17023950848,505962496,4.5,0.0,245765.91811125976,0.0,26.000626102265436,34.4,0.0,0.0,0.0,0.0
2026-03-04T21:50:42+00:00,1772661042.67718,1.5625,4.5,0.0,2304.0,16,13722230784,3301720064,80.6,17023950848,505962496,4.5,0.0,221213.00771003735,0.0,6.000786884495371,34.4,0.0,0.0,0.0,0.0
2026-03-04T21:50:43+00:00,1772661043.6771152,1.3687500000000001,4.7,0.0,2304.0,16,13722869760,3301081088,80.6,17023950848,505962496,4.5,0.0,32770.12513781487,0.0,2.0001297081185836,34.4,0.0,0.0,0.0,0.0
2026-03-04T21:50:44+00:00,1772661044.6771567,0.5875,3.1,0.0,2304.0,16,13722071040,3301879808,80.6,17023950848,505962496,4.5,0.0,0.0,0.0,0.0,34.4,0.0,0.0,0.0,0.0
2026-03-04T21:50:45+00:00,1772661045.6773546,1.58125,7.7,0.0,2304.0,16,13723353088,3300597760,80.6,17023950848,505962496,4.5,0.0,69618.22342933503,0.0,1.9996043034620588,34.4,0.0,0.0,0.0,0.0
2026-03-04T21:50:46+00:00,1772661046.6771934,0.76875,4.5,0.0,2304.0,16,13722374144,3301576704,80.6,17023950848,505962496,4.5,0.0,12289.980787995502,0.0,3.0004835908192145,34.4,0.0,0.0,0.0,0.0
2026-03-04T21:50:47+00:00,1772661047.6772656,1.075,3.1,0.0,2304.0,16,13716942848,3307008000,80.6,17023950848,505962496,4.5,0.0,143349.64430279165,0.0,16.998771994611175,34.4,0.0,0.0,0.0,0.0
2026-03-04T21:50:48+00:00,1772661048.6772668,1.7750000000000001,4.6,0.0,2304.0,16,13728157696,3295793152,80.6,17023950848,505962496,4.5,245759.70703159925,0.0,13.999983310719358,0.0,34.4,0.0,0.0,0.0,0.0
2026-03-04T21:50:49+00:00,1772661049.677056,1.25625,4.6,0.0,2304.0,16,13722423296,3301527552,80.6,17023950848,505962496,4.5,0.0,118809.0404338225,0.0,21.004426935532333,34.4,0.0,0.0,0.0,0.0
2026-03-04T21:50:50+00:00,1772661050.677152,2.44375,14.1,0.0,2304.0,16,13740998656,3282952192,80.7,17023950848,505962496,4.5,16382.429837991029,159728.69092041254,0.9999041649164446,22.99779579307823,34.4,1503.8558640343329,4192.598163494653,9.999041649164447,8.999137484248003
2026-03-04T21:50:51+00:00,1772661051.6771915,6.225,21.9,0.0,2304.0,16,13729132544,3294818304,80.6,17023950848,505962496,4.5,16383.35158816251,61437.56845560941,0.9999604240821844,2.999881272246553,34.4,1031.9591576528144,1416.9439209244554,6.99972296857529,4.999802120410922
2026-03-04T21:50:52+00:00,1772661052.6771996,4.03125,14.5,0.0,2304.0,16,13792710656,3231240192,81.0,17023950848,505962496,4.5,0.0,552955.5176144602,0.0,58.99952173620724,34.4,53.999562267037135,341.9972276912352,0.999991893834021,4.999959469170105
2026-03-04T21:50:53+00:00,1772661053.6773267,8.68125,76.9,0.0,2304.0,16,13792063488,3231887360,81.0,17023950848,505962496,4.5,0.0,274397.13040768926,0.0,33.99567992749182,34.4,3177.5962002814413,741.9057207705567,5.999237634263262,4.999364695219385
2026-03-04T21:50:54+00:00,1772661054.6771412,3.9,31.2,0.0,2304.0,16,13707325440,3316625408,80.5,17023950848,505962496,4.5,53257.87878553752,225321.7948618895,4.000742096269344,17.003153909144714,34.4,6217.153217602562,7493.389946312483,7.001298668471353,12.002226288808034
2026-03-04T21:50:55+00:00,1772661055.6772704,2.08125,4.8,0.0,2304.0,16,13706948608,3317002240,80.5,17023950848,505962496,4.5,0.0,0.0,0.0,0.0,34.4,0.0,0.0,0.0,0.0
2026-03-04T21:50:56+00:00,1772661056.6775045,1.1625,4.6,0.0,2304.0,16,13704994816,3318956032,80.5,17023950848,505962496,4.5,0.0,233417.3506855075,0.0,19.99531855515929,34.4,0.0,0.0,0.0,0.0
2026-03-04T21:50:57+00:00,1772661057.6775281,0.9812500000000001,4.7,0.0,2304.0,16,13704708096,3319242752,80.5,17023950848,505962496,4.5,0.0,303096.84587198705,0.0,23.999433530826675,34.4,179.99575148120007,0.0,1.9999527942355564,0.0
2026-03-04T21:50:58+00:00,1772661058.6774147,7.5,14.1,1.6,2304.0,16,13729644544,3294306304,80.6,17023950848,505962496,4.5,0.0,81929.29793019647,0.0,14.00158900174256,34.4,4050.459675504098,7890.895515982057,8.000908000995748,13.001475501618092
2026-03-04T21:50:59+00:00,1772661059.6773214,0.30000000000000004,1.6,0.0,2304.0,16,13728800768,3295150080,80.6,17023950848,505962496,4.5,0.0,0.0,0.0,0.0,34.4,0.0,0.0,0.0,0.0
2026-03-04T21:51:00+00:00,1772661060.67749,1.975,4.8,0.0,2304.0,16,13729513472,3294437376,80.6,17023950848,505962496,4.5,0.0,40953.096866730506,0.0,9.998314664729127,34.4,1475.7512445140192,206.96511355989293,2.999494399418738,1.9996629329458253
2026-03-04T21:51:01+00:00,1772661061.677138,2.34375,7.8,0.0,2304.0,16,13726470144,3297480704,80.6,17023950848,505962496,4.5,0.0,12292.325741003448,0.0,2.000704059408113,34.4,0.0,54.019009604019054,0.0,1.0003520297040565
2026-03-04T21:51:02+00:00,1772661062.6771054,3.95,13.8,1.5,2304.0,16,13724188672,3299762176,80.6,17023950848,505962496,4.5,0.0,86018.80966208546,0.0,4.000130657649064,34.4,0.0,0.0,0.0,0.0
2026-03-04T21:51:03+00:00,1772661063.6773682,0.48750000000000004,3.1,0.0,2304.0,16,13714595840,3309355008,80.6,17023950848,505962496,4.5,0.0,0.0,0.0,0.0,34.4,0.0,0.0,0.0,0.0
2026-03-04T21:51:04+00:00,1772661064.6772718,0.49375,3.1,0.0,2304.0,16,13719310336,3304640512,80.6,17023950848,505962496,4.5,0.0,28674.76198478743,0.0,3.000288991153819,34.4,0.0,0.0,0.0,0.0
2026-03-04T21:51:05+00:00,1772661065.6771262,1.65625,4.6,0.0,2304.0,16,13719863296,3304087552,80.6,17023950848,505962496,4.5,0.0,8193.193533241465,0.0,2.0002913899515296,34.4,0.0,0.0,0.0,0.0
2026-03-04T21:51:06+00:00,1772661066.6771219,0.6875,3.1,0.0,2304.0,16,13689704448,3334246400,80.4,17023950848,505962496,4.5,0.0,0.0,0.0,0.0,34.4,0.0,0.0,0.0,0.0
2026-03-04T21:51:07+00:00,1772661067.6771574,2.2375,9.0,0.0,2304.0,16,13685653504,3338297344,80.4,17023950848,505962496,4.5,0.0,86012.94444448418,0.0,1.9999289537872995,34.4,0.0,0.0,0.0,0.0
2026-03-04T21:51:08+00:00,1772661068.6772275,0.58125,4.6,0.0,2304.0,16,13685587968,3338362880,80.4,17023950848,505962496,4.5,0.0,8191.425821497078,0.0,1.999859819701435,34.4,0.0,0.0,0.0,0.0
2026-03-04T21:51:09+00:00,1772661069.6770887,1.55625,6.3,0.0,2304.0,16,13683847168,3340103680,80.4,17023950848,505962496,4.5,0.0,8193.136876502544,0.0,2.000277557739879,34.4,0.0,0.0,0.0,0.0
2026-03-04T21:51:10+00:00,1772661070.6771727,0.5875,4.7,0.0,2304.0,16,13683073024,3340877824,80.4,17023950848,505962496,4.5,0.0,0.0,0.0,0.0,34.4,0.0,0.0,0.0,0.0
2026-03-04T21:51:11+00:00,1772661071.6774478,2.8125,6.2,0.0,2304.0,16,13672099840,3351851008,80.3,17023950848,505962496,4.5,0.0,4094.8733568540074,0.0,0.9997249406381854,34.4,0.0,0.0,0.0,0.0
2026-03-04T21:51:12+00:00,1772661072.6770976,0.49375,3.1,0.0,2304.0,16,13678678016,3345272832,80.3,17023950848,505962496,4.5,0.0,4097.435072927983,0.0,1.0003503596015584,34.4,0.0,0.0,0.0,0.0
2026-03-04T21:51:13+00:00,1772661073.6771789,1.275,4.6,0.0,2304.0,16,13678661632,3345289216,80.3,17023950848,505962496,4.5,0.0,4095.667019259079,0.0,0.9999187058737986,34.4,0.0,0.0,0.0,0.0
2026-03-04T21:51:14+00:00,1772661074.6775768,0.68125,3.1,0.0,2304.0,16,13682806784,3341144064,80.4,17023950848,505962496,4.5,0.0,0.0,0.0,0.0,34.4,0.0,0.0,0.0,0.0
2026-03-04T21:51:15+00:00,1772661075.6774175,0.5875,4.7,0.0,2304.0,16,13699887104,3324063744,80.5,17023950848,505962496,4.5,0.0,81933.0489532234,0.0,5.0007964448988895,34.4,1597.2543845007053,1762.2806671823687,9.001433600818002,9.001433600818002
2026-03-04T21:51:16+00:00,1772661076.6770291,0.4,1.6,0.0,2304.0,16,13691416576,3332534272,80.4,17023950848,505962496,4.5,32780.73150721198,495808.5640465812,1.0003885347659907,91.03535666370516,34.4,54.0209808773635,0.0,1.0003885347659907,0.0
2026-03-04T21:51:17+00:00,1772661077.6770754,0.49375,3.2,0.0,2304.0,16,13688344576,3335606272,80.4,17023950848,505962496,4.5,0.0,131065.93778039709,0.0,4.999768744674571,34.4,0.0,0.0,0.0,0.0
2026-03-04T21:51:18+00:00,1772661078.6774096,0.99375,4.8,0.0,2304.0,16,13687083008,3336867840,80.4,17023950848,505962496,4.5,0.0,0.0,0.0,0.0,34.4,0.0,0.0,0.0,0.0
2026-03-04T21:51:19+00:00,1772661079.67745,0.2,1.6,0.0,2304.0,16,13683212288,3340738560,80.4,17023950848,505962496,4.5,0.0,446446.01146699477,0.0,39.998388355342854,34.4,0.0,0.0,0.0,0.0
2026-03-04T21:51:20+00:00,1772661080.6771083,1.08125,4.8,0.0,2304.0,16,13689065472,3334885376,80.4,17023950848,505962496,4.5,0.0,86045.3977391625,0.0,10.003417705910818,34.4,0.0,0.0,0.0,0.0
2026-03-04T21:51:21+00:00,1772661081.6775727,1.06875,3.2,0.0,2304.0,16,13685530624,3338420224,80.4,17023950848,505962496,4.5,0.0,0.0,0.0,0.0,34.4,0.0,0.0,0.0,0.0
2026-03-04T21:51:22+00:00,1772661082.6774774,1.78125,4.8,0.0,2304.0,16,13685309440,3338641408,80.4,17023950848,505962496,4.5,0.0,12289.171986769368,0.0,3.0002861295823653,34.4,0.0,0.0,0.0,0.0
2026-03-04T21:51:23+00:00,1772661083.677129,0.5375,5.5,0.0,2304.0,16,13681455104,3342495744,80.4,17023950848,505962496,4.5,0.0,16389.70901987029,0.0,3.0010453527594523,34.4,245.08537047535526,66.02299776070795,3.0010453527594523,1.0003484509198175
2026-03-04T21:51:24+00:00,1772661084.6774194,1.09375,4.8,0.0,2304.0,16,13675651072,3348299776,80.3,17023950848,505962496,4.5,0.0,16379.243568738288,0.0,2.999129071424247,34.4,5898.287173801019,6375.148696157475,9.99709690474749,15.995355047595984
2026-03-04T21:51:25+00:00,1772661085.6772568,1.63125,4.7,0.0,2304.0,16,13686243328,3337707520,80.4,17023950848,505962496,4.5,0.0,0.0,0.0,0.0,34.4,0.0,0.0,0.0,0.0
2026-03-04T21:51:26+00:00,1772661086.6773195,0.86875,6.1,0.0,2304.0,16,13676527616,3347423232,80.3,17023950848,505962496,4.5,0.0,4095.7431801661533,0.0,0.9999372998452523,34.4,0.0,0.0,0.0,0.0
2026-03-04T21:51:27+00:00,1772661087.6771054,0.3875,3.1,0.0,2304.0,16,13682823168,3341127680,80.4,17023950848,505962496,4.5,0.0,81937.54281841539,0.0,7.001499020128268,34.4,0.0,0.0,0.0,0.0
2026-03-04T21:51:28+00:00,1772661088.6772656,1.65625,3.1,0.0,2304.0,16,13683269632,3340681216,80.4,17023950848,505962496,4.5,0.0,8190.687710251501,0.0,1.9996796167606203,34.4,0.0,0.0,0.0,0.0
2026-03-04T21:51:29+00:00,1772661089.6775532,1.45625,4.7,0.0,2304.0,16,13683712000,3340238848,80.4,17023950848,505962496,4.5,0.0,0.0,0.0,0.0,34.4,426.87725878379507,0.0,4.998562749224766,0.0
2026-03-04T21:51:30+00:00,1772661090.6771197,0.59375,3.1,0.0,2304.0,16,13683658752,3340292096,80.4,17023950848,505962496,4.5,0.0,4097.776160492844,0.0,1.0004336329328232,34.4,427.1851612623155,0.0,5.002168164664115,0.0
2026-03-04T21:51:31+00:00,1772661091.6773133,2.6125000000000003,11.9,0.0,2304.0,16,13683486720,3340464128,80.4,17023950848,505962496,4.5,0.0,24571.24310841464,0.0,5.998838649515293,34.4,426.91735055717174,0.0,4.999032207929411,0.0
2026-03-04T21:51:32+00:00,1772661092.677364,0.19375,1.6,0.0,2304.0,16,13680128000,3343822848,80.4,17023950848,505962496,4.5,0.0,45053.71203025283,0.0,9.999492194214495,34.4,654.9667387210494,111.99431257520234,8.999542974793044,1.9998984388428989
2026-03-04T21:51:33+00:00,1772661093.6773653,1.075,4.6,0.0,2304.0,16,13686403072,3337547776,80.4,17023950848,505962496,4.5,0.0,0.0,0.0,0.0,34.4,0.0,0.0,0.0,0.0
2026-03-04T21:51:34+00:00,1772661094.677464,1.06875,4.7,0.0,2304.0,16,13683724288,3340226560,80.4,17023950848,505962496,4.5,0.0,24573.574458163814,0.0,5.99940782670015,34.4,0.0,0.0,0.0,0.0
2026-03-04T21:51:35+00:00,1772661095.677072,1.075,4.6,0.0,2304.0,16,13678448640,3345502208,80.3,17023950848,505962496,4.5,0.0,16390.42439310605,0.0,4.001568455348156,34.4,0.0,0.0,0.0,0.0
2026-03-04T21:51:36+00:00,1772661096.6770396,0.5875,3.0,0.0,2304.0,16,13681565696,3342385152,80.4,17023950848,505962496,4.5,0.0,0.0,0.0,0.0,34.4,0.0,0.0,0.0,0.0
2026-03-04T21:51:37+00:00,1772661097.67706,1.53125,7.6,0.0,2304.0,16,13675851776,3348099072,80.3,17023950848,505962496,4.5,0.0,53246.920920305674,0.0,5.999878408988771,34.4,0.0,0.0,0.0,0.0
2026-03-04T21:51:38+00:00,1772661098.6771195,0.59375,3.1,0.0,2304.0,16,13679980544,3343970304,80.4,17023950848,505962496,4.5,0.0,4095.755873926048,0.0,0.9999403989077266,34.4,0.0,0.0,0.0,0.0
2026-03-04T21:51:39+00:00,1772661099.677327,2.56875,14.5,0.0,2304.0,16,13691707392,3332243456,80.4,17023950848,505962496,4.5,0.0,73712.71020272342,0.0,3.9991704754081714,34.4,0.0,141.97055187699007,0.0,0.9997926188520428
2026-03-04T21:51:40+00:00,1772661100.6771126,0.875,6.2,0.0,2304.0,16,13683625984,3340324864,80.4,17023950848,505962496,4.5,0.0,0.0,0.0,0.0,34.4,0.0,0.0,0.0,0.0
2026-03-04T21:51:41+00:00,1772661101.6771476,0.4875,4.6,0.0,2304.0,16,13677531136,3346419712,80.3,17023950848,505962496,4.5,0.0,4095.856450343561,0.0,0.9999649536971584,34.4,0.0,0.0,0.0,0.0
2026-03-04T21:51:42+00:00,1772661102.677608,2.0625,7.6,0.0,2304.0,16,13685780480,3338170368,80.4,17023950848,505962496,4.5,0.0,229270.4470326376,0.0,3.998159302326967,34.4,0.0,0.0,0.0,0.0
2026-03-04T21:51:43+00:00,1772661103.6772265,0.2875,3.0,0.0,2304.0,16,13685374976,3338575872,80.4,17023950848,505962496,4.5,0.0,4097.563096273908,0.0,1.000381615301247,34.4,55.02098884156859,0.0,1.000381615301247,0.0
2026-03-04T21:51:44+00:00,1772661104.6770506,1.475,6.2,0.0,2304.0,16,13686095872,3337854976,80.4,17023950848,505962496,4.5,0.0,0.0,0.0,0.0,34.4,0.0,66.01161493583265,0.0,1.0001759838762523
2026-03-04T21:51:45+00:00,1772661105.6771111,1.875,4.8,0.0,2304.0,16,13684920320,3339030528,80.4,17023950848,505962496,4.5,0.0,4095.7519681453923,0.0,0.9999394453479962,34.4,0.0,0.0,0.0,0.0
2026-03-04T21:51:46+00:00,1772661106.6776397,0.66875,4.6,0.0,2304.0,16,13684338688,3339612160,80.4,17023950848,505962496,4.5,0.0,4093.836104716264,0.0,0.9994717052529941,34.4,54.970943788914674,65.9651325466976,0.9994717052529941,0.9994717052529941
2026-03-04T21:51:47+00:00,1772661107.6771429,0.78125,3.1,0.0,2304.0,16,13684281344,3339669504,80.4,17023950848,505962496,4.5,0.0,40980.36167949201,0.0,4.001988445262891,34.4,0.0,0.0,0.0,0.0
2026-03-04T21:51:48+00:00,1772661108.677113,4.20625,10.9,0.0,2304.0,16,13684649984,3339300864,80.4,17023950848,505962496,4.5,0.0,0.0,0.0,0.0,34.4,0.0,0.0,0.0,0.0
2026-03-04T21:51:49+00:00,1772661109.6770642,0.29375,1.6,0.0,2304.0,16,13684236288,3339714560,80.4,17023950848,505962496,4.5,0.0,503832.6252270154,0.0,44.0021506406978,34.4,0.0,0.0,0.0,0.0
2026-03-04T21:51:50+00:00,1772661110.677463,1.19375,4.8,0.0,2304.0,16,13684408320,3339542528,80.4,17023950848,505962496,4.5,0.0,94170.43783414447,0.0,10.995614132298629,34.4,0.0,0.0,0.0,0.0
2026-03-04T21:51:51+00:00,1772661111.677087,1.45625,4.7,0.0,2304.0,16,13684236288,3339714560,80.4,17023950848,505962496,4.5,0.0,0.0,0.0,0.0,34.4,0.0,0.0,0.0,0.0
2026-03-04T21:51:52+00:00,1772661112.6770778,1.05625,4.6,0.0,2304.0,16,13694181376,3329769472,80.4,17023950848,505962496,4.5,0.0,36864.34277662475,0.0,4.000037193644179,34.4,0.0,0.0,0.0,0.0
2026-03-04T21:51:53+00:00,1772661113.6772244,1.74375,6.1,0.0,2304.0,16,13683453952,3340496896,80.4,17023950848,505962496,4.5,0.0,81907.9900422392,0.0,2.999560182210908,34.4,0.0,0.0,0.0,0.0
2026-03-04T21:51:54+00:00,1772661114.6770992,0.68125,4.8,0.0,2304.0,16,13684080640,3339870208,80.4,17023950848,505962496,4.5,0.0,4096.51275949448,0.0,1.000125185423457,34.4,0.0,0.0,0.0,0.0
2026-03-04T21:51:55+00:00,1772661115.6771064,0.9812500000000001,3.1,0.0,2304.0,16,13684203520,3339747328,80.4,17023950848,505962496,4.5,0.0,0.0,0.0,0.0,34.4,0.0,0.0,0.0,0.0
2026-03-04T21:51:56+00:00,1772661116.677135,0.9812500000000001,6.2,0.0,2304.0,16,13684789248,3339161600,80.4,17023950848,505962496,4.5,0.0,8191.765631705331,0.0,0.9999713905890296,34.4,0.0,0.0,0.0,0.0
2026-03-04T21:51:57+00:00,1772661117.677045,2.64375,9.2,0.0,2304.0,16,13684137984,3339812864,80.4,17023950848,505962496,4.5,0.0,16385.472788629846,0.0,3.0002696756524374,34.4,0.0,0.0,0.0,0.0
2026-03-04T21:51:58+00:00,1772661118.6773994,0.86875,3.1,0.0,2304.0,16,13684076544,3339874304,80.4,17023950848,505962496,4.5,0.0,4094.5493420786074,0.0,0.99964583546841,34.4,0.0,0.0,0.0,0.0
2026-03-04T21:51:59+00:00,1772661119.6774027,0.98125,7.8,0.0,2304.0,16,13684658176,3339292672,80.4,17023950848,505962496,4.5,0.0,0.0,0.0,0.0,34.4,0.0,0.0,0.0,0.0
2026-03-04T21:52:00+00:00,1772661120.6770625,1.88125,6.2,0.0,2304.0,16,13687304192,3336646656,80.4,17023950848,505962496,4.5,0.0,4097.394028968653,0.0,1.0003403391036751,34.4,0.0,0.0,0.0,0.0
2026-03-04T21:52:01+00:00,1772661121.6771138,1.16875,4.6,0.0,2304.0,16,13679149056,3344801792,80.4,17023950848,505962496,4.5,0.0,4095.790049824545,0.0,0.9999487426329455,34.4,0.0,0.0,0.0,0.0
2026-03-04T21:52:02+00:00,1772661122.6772425,2.3625,4.8,0.0,2304.0,16,13685739520,3338211328,80.4,17023950848,505962496,4.5,0.0,217060.05437913781,0.0,6.999098893784846,34.4,0.0,0.0,0.0,0.0
2026-03-04T21:52:03+00:00,1772661123.6770883,1.4375,7.7,0.0,2304.0,16,13678956544,3344994304,80.4,17023950848,505962496,4.5,0.0,0.0,0.0,0.0,34.4,1.0001542806195165,0.0,1.0001542806195165,0.0
2026-03-04T21:52:04+00:00,1772661124.6770606,0.6875,4.7,0.0,2304.0,16,13685641216,3338309632,80.4,17023950848,505962496,4.5,0.0,12288.339853149168,0.0,3.000082971960246,34.4,0.0,0.0,0.0,0.0
2026-03-04T21:52:05+00:00,1772661125.677293,1.05625,3.2,0.0,2304.0,16,13685706752,3338244096,80.4,17023950848,505962496,4.5,0.0,12285.144218537074,0.0,2.999302787728778,34.4,1.9995351918191853,0.0,1.9995351918191853,0.0
2026-03-04T21:52:06+00:00,1772661126.6771684,1.09375,3.2,0.0,2304.0,16,13685776384,3338174464,80.4,17023950848,505962496,4.5,0.0,0.0,0.0,0.0,34.4,1.0001247084671328,0.0,1.0001247084671328,0.0
2026-03-04T21:52:07+00:00,1772661127.6771252,0.5875,4.6,0.0,2304.0,16,13685731328,3338219520,80.4,17023950848,505962496,4.5,0.0,12288.530296321782,0.0,3.000129466875435,34.4,0.0,0.0,0.0,0.0
2026-03-04T21:52:08+00:00,1772661128.6773632,1.65,6.2,0.0,2304.0,16,13684998144,3338952704,80.4,17023950848,505962496,4.5,0.0,4095.025622470087,0.0,0.9997621148608611,34.4,107.97430840497299,332.92078424866673,1.9995242297217222,4.998810574304305
2026-03-04T21:52:09+00:00,1772661129.6769874,2.20625,6.2,0.0,2304.0,16,13685702656,3338248192,80.4,17023950848,505962496,4.5,0.0,8195.079282033083,0.0,2.000751777840108,34.4,0.0,0.0,0.0,0.0
2026-03-04T21:52:10+00:00,1772661130.6773229,0.78125,3.1,0.0,2304.0,16,13687074816,3336876032,80.4,17023950848,505962496,4.5,0.0,0.0,0.0,0.0,34.4,0.0,0.0,0.0,0.0
2026-03-04T21:52:11+00:00,1772661131.6771383,0.88125,4.7,0.0,2304.0,16,13686812672,3337138176,80.4,17023950848,505962496,4.5,0.0,4096.755998883995,0.0,1.0001845700400378,34.4,0.0,0.0,0.0,0.0
2026-03-04T21:52:12+00:00,1772661132.6773674,2.1625,6.2,0.0,2304.0,16,13681164288,3342786560,80.4,17023950848,505962496,4.5,0.0,171992.59301331383,0.0,4.998854661147746,34.4,0.9997709322295493,0.0,0.9997709322295493,0.0
2026-03-04T21:52:13+00:00,1772661133.6773973,0.6875,3.3,0.0,2304.0,16,13686685696,3337265152,80.4,17023950848,505962496,4.5,0.0,4095.8779333253706,0.0,0.9999701985657643,34.4,0.9999701985657643,0.0,0.9999701985657643,0.0
2026-03-04T21:52:14+00:00,1772661134.6771438,1.15625,6.2,0.0,2304.0,16,13680345088,3343605760,80.4,17023950848,505962496,4.5,0.0,0.0,0.0,0.0,34.4,1.0002535031971689,0.0,1.0002535031971689,0.0
2026-03-04T21:52:15+00:00,1772661135.6771567,3.00625,7.6,0.0,2304.0,16,13686755328,3337195520,80.4,17023950848,505962496,4.5,0.0,4095.9472663039255,0.0,0.9999871255624818,34.4,0.9999871255624818,0.0,0.9999871255624818,0.0
2026-03-04T21:52:16+00:00,1772661136.6770132,1.06875,3.1,0.0,2304.0,16,13679562752,3344388096,80.4,17023950848,505962496,4.5,0.0,4096.587975015869,0.0,1.0001435485878587,34.4,1.0001435485878587,0.0,1.0001435485878587,0.0
2026-03-04T21:52:17+00:00,1772661137.6771996,2.44375,7.7,0.0,2304.0,16,13685817344,3338133504,80.4,17023950848,505962496,4.5,0.0,212952.29646495925,0.0,24.995339785644443,34.4,0.9998135914257776,0.0,0.9998135914257776,0.0
2026-03-04T21:52:18+00:00,1772661138.6771014,1.45,3.1,0.0,2304.0,16,13686071296,3337879552,80.4,17023950848,505962496,4.5,0.0,0.0,0.0,0.0,34.4,0.0,0.0,0.0,0.0
2026-03-04T21:52:19+00:00,1772661139.6774378,1.55,4.6,0.0,2304.0,16,13685600256,3338350592,80.4,17023950848,505962496,4.5,0.0,331664.42523002636,0.0,26.9909200219748,34.4,0.0,0.0,0.0,0.0
2026-03-04T21:52:20+00:00,1772661140.6770508,0.975,4.6,0.0,2304.0,16,13685821440,3338129408,80.4,17023950848,505962496,4.5,0.0,4097.585574480863,0.0,1.000387103144742,34.4,0.0,0.0,0.0,0.0
2026-03-04T21:52:21+00:00,1772661141.6773534,1.8625,7.7,0.0,2304.0,16,13686394880,3337555968,80.4,17023950848,505962496,4.5,0.0,0.0,0.0,0.0,34.4,0.9996975383338581,0.0,0.9996975383338581,0.0
2026-03-04T21:52:22+00:00,1772661142.6771126,0.29375,1.6,0.0,2304.0,16,13682315264,3341635584,80.4,17023950848,505962496,4.5,0.0,57357.811919698455,0.0,7.001686025353815,34.4,1.0002408607648308,0.0,1.0002408607648308,0.0
2026-03-04T21:52:23+00:00,1772661143.677464,1.48125,6.3,0.0,2304.0,16,13683068928,3340881920,80.4,17023950848,505962496,4.5,0.0,61418.41578844257,0.0,1.9992973889466983,34.4,0.9996486944733491,0.0,0.9996486944733491,0.0
2026-03-04T21:52:24+00:00,1772661144.6770985,0.6875,6.2,0.0,2304.0,16,13682745344,3341205504,80.4,17023950848,505962496,4.5,0.0,4097.497617685297,0.0,1.0003656293176995,34.4,1.0003656293176995,0.0,1.0003656293176995,0.0
2026-03-04T21:52:25+00:00,1772661145.6772273,0.8625,3.1,0.0,2304.0,16,13682753536,3341197312,80.4,17023950848,505962496,4.5,0.0,0.0,0.0,0.0,34.4,0.9998712705406924,0.0,0.9998712705406924,0.0
2026-03-04T21:52:26+00:00,1772661146.677121,1.08125,4.7,0.0,2304.0,16,13682208768,3341742080,80.4,17023950848,505962496,4.5,0.0,8192.87118638733,0.0,2.0002126919890943,34.4,1.0001063459945472,0.0,1.0001063459945472,0.0
2026-03-04T21:52:27+00:00,1772661147.6771293,1.35,6.2,0.0,2304.0,16,13681479680,3342471168,80.4,17023950848,505962496,4.5,0.0,77823.35059135659,0.0,3.9999666216774563,34.4,0.0,0.0,0.0,0.0
2026-03-04T21:52:28+00:00,1772661148.6771805,0.29375,3.1,0.0,2304.0,16,13680828416,3343122432,80.4,17023950848,505962496,4.5,0.0,8191.58009964909,0.0,1.999897485265891,34.4,0.0,0.0,0.0,0.0
2026-03-04T21:52:29+00:00,1772661149.6772099,1.2625,6.0,0.0,2304.0,16,13690462208,3333488640,80.4,17023950848,505962496,4.5,0.0,0.0,0.0,0.0,34.4,54.99838714561012,65.99806457473214,0.9999706753747294,0.9999706753747294
2026-03-04T21:52:30+00:00,1772661150.677587,0.9875,4.7,0.0,2304.0,16,13681426432,3342524416,80.4,17023950848,505962496,4.5,0.0,4094.455660616137,0.0,0.9996229640176115,34.4,107.95928011390204,263.90046250064944,1.999245928035223,3.998491856070446
2026-03-04T21:52:31+00:00,1772661151.6771114,0.48750000000000004,3.1,0.0,2304.0,16,13681016832,3342934016,80.4,17023950848,505962496,4.5,0.0,4097.949169300259,0.0,1.000475871411196,34.4,55.02617292761578,144.06852548321223,1.000475871411196,2.000951742822392
2026-03-04T21:52:32+00:00,1772661152.6771188,1.16875,6.1,0.0,2304.0,16,13680283648,3343667200,80.4,17023950848,505962496,4.5,0.0,40959.69726786249,0.0,3.9999704363146957,34.4,227.99831486993767,111.99917221681149,3.9999704363146957,1.9999852181573479
2026-03-04T21:52:33+00:00,1772661153.6771147,0.9625,6.2,0.0,2304.0,16,13681377280,3342573568,80.4,17023950848,505962496,4.5,0.0,0.0,0.0,0.0,34.4,0.0,0.0,0.0,0.0
2026-03-04T21:52:34+00:00,1772661154.6771026,1.44375,4.6,0.0,2304.0,16,13680500736,3343450112,80.4,17023950848,505962496,4.5,0.0,4096.0498052931,0.0,1.0000121594953857,34.4,0.0,0.0,0.0,0.0
2026-03-04T21:52:35+00:00,1772661155.6775074,1.26875,4.6,0.0,2304.0,16,13681102848,3342848000,80.4,17023950848,505962496,4.5,0.0,4094.3424679015884,0.0,0.9995953290775362,34.4,0.0,0.0,0.0,0.0
2026-03-04T21:52:36+00:00,1772661156.6770184,0.675,3.1,0.0,2304.0,16,13680467968,3343482880,80.4,17023950848,505962496,4.5,0.0,0.0,0.0,0.0,34.4,0.0,0.0,0.0,0.0
2026-03-04T21:52:37+00:00,1772661157.677383,0.49375,3.1,0.0,2304.0,16,13681295360,3342655488,80.4,17023950848,505962496,4.5,0.0,20472.536900300845,0.0,2.998906772505007,34.4,0.0,0.0,0.0,0.0
2026-03-04T21:52:38+00:00,1772661158.6771195,1.64375,10.6,0.0,2304.0,16,13681397760,3342553088,80.4,17023950848,505962496,4.5,0.0,16388.317543717814,0.0,4.001054087821732,34.4,0.0,0.0,0.0,0.0
2026-03-04T21:52:39+00:00,1772661159.6771703,0.48125,3.0,0.0,2304.0,16,13681774592,3342176256,80.4,17023950848,505962496,4.5,0.0,4095.792002750257,0.0,0.9999492194214494,34.4,0.0,0.0,0.0,0.0
2026-03-04T21:52:40+00:00,1772661160.677108,0.78125,6.2,0.0,2304.0,16,13674463232,3349487616,80.3,17023950848,505962496,4.5,0.0,0.0,0.0,0.0,34.4,0.0,0.0,0.0,0.0
2026-03-04T21:52:41+00:00,1772661161.6772811,0.675,6.0,0.0,2304.0,16,13681876992,3342073856,80.4,17023950848,505962496,4.5,0.0,221145.72146945313,0.0,4.9991346903359455,34.4,0.0,0.0,0.0,0.0
2026-03-04T21:52:42+00:00,1772661162.677306,0.775,3.1,0.0,2304.0,16,13691252736,3332698112,80.4,17023950848,505962496,4.5,0.0,40958.98440018234,0.0,3.9999008203303066,34.4,0.0,0.0,0.0,0.0
2026-03-04T21:52:43+00:00,1772661163.677088,0.6875,3.1,0.0,2304.0,16,13683478528,3340472320,80.4,17023950848,505962496,4.5,0.0,4096.892772673184,0.0,1.000217962078414,34.4,0.0,0.0,0.0,0.0
2026-03-04T21:52:44+00:00,1772661164.6770563,0.59375,3.2,0.0,2304.0,16,13683646464,3340304384,80.4,17023950848,505962496,4.5,0.0,28672.909208518202,0.0,2.0000634213531114,34.4,0.0,0.0,0.0,0.0
2026-03-04T21:52:45+00:00,1772661165.677116,1.48125,4.7,0.0,2304.0,16,13683073024,3340877824,80.4,17023950848,505962496,4.5,0.0,4095.755873926048,0.0,0.9999403989077266,34.4,0.0,0.0,0.0,0.0
2026-03-04T21:52:46+00:00,1772661166.6772604,0.48124999999999996,4.6,0.0,2304.0,16,13683879936,3340070912,80.4,17023950848,505962496,4.5,49144.899463397305,4095.4082886164424,1.9997110784259973,0.9998555392129986,34.4,0.0,0.0,0.0,0.0
2026-03-04T21:52:47+00:00,1772661167.6771085,0.875,6.2,0.0,2304.0,16,13683531776,3340419072,80.4,17023950848,505962496,4.5,0.0,475208.1711170677,0.0,54.008202367999175,34.4,0.0,0.0,0.0,0.0
2026-03-04T21:52:48+00:00,1772661168.6771853,0.49375,3.1,0.0,2304.0,16,13684027392,3339923456,80.4,17023950848,505962496,4.5,0.0,0.0,0.0,0.0,34.4,0.0,0.0,0.0,0.0
2026-03-04T21:52:49+00:00,1772661169.6774745,2.8312500000000003,7.7,0.0,2304.0,16,13678817280,3345133568,80.4,17023950848,505962496,4.5,0.0,69611.86812686016,0.0,6.997976173139091,34.4,0.0,0.0,0.0,0.0
2026-03-04T21:52:50+00:00,1772661170.6771295,1.25625,3.1,0.0,2304.0,16,13678669824,3345281024,80.3,17023950848,505962496,4.5,0.0,4097.41357360864,0.0,1.0003451107442969,34.4,0.0,0.0,0.0,0.0
2026-03-04T21:52:51+00:00,1772661171.6770716,1.175,4.7,0.0,2304.0,16,13676384256,3347566592,80.3,17023950848,505962496,4.5,0.0,0.0,0.0,0.0,34.4,0.0,0.0,0.0,0.0
2026-03-04T21:52:52+00:00,1772661172.677594,2.7,10.4,0.0,2304.0,16,13681676288,3342274560,80.4,17023950848,505962496,4.5,0.0,40938.614686780274,0.0,3.9979115905058866,34.4,0.0,0.0,0.0,0.0
2026-03-04T21:52:53+00:00,1772661173.6772923,1.8375000000000001,6.2,0.0,2304.0,16,13678100480,3345850368,80.3,17023950848,505962496,4.5,0.0,4097.235724256321,0.0,1.000301690492266,34.4,0.0,0.0,0.0,0.0
2026-03-04T21:52:54+00:00,1772661174.6771355,0.29375,1.6,0.0,2304.0,16,13681876992,3342073856,80.4,17023950848,505962496,4.5,0.0,8193.285357896208,0.0,2.000313808080129,34.4,0.0,0.0,0.0,0.0
2026-03-04T21:52:55+00:00,1772661175.6770396,2.375,8.8,0.0,2304.0,16,13678637056,3345313792,80.3,17023950848,505962496,4.5,0.0,0.0,0.0,0.0,34.4,0.0,0.0,0.0,0.0
2026-03-04T21:52:56+00:00,1772661176.677599,2.36875,6.2,0.0,2304.0,16,13687099392,3336851456,80.4,17023950848,505962496,4.5,0.0,4093.7102650923953,0.0,0.9994409826885731,34.4,0.0,0.0,0.0,0.0
2026-03-04T21:52:57+00:00,1772661177.6774352,2.01875,6.2,0.0,2304.0,16,13680041984,3343908864,80.4,17023950848,505962496,4.5,0.0,73740.07815019827,0.0,4.000655281586277,34.4,0.0,0.0,0.0,0.0
2026-03-04T21:52:58+00:00,1772661178.6770504,0.9750000000000001,6.2,0.0,2304.0,16,13686632448,3337318400,80.4,17023950848,505962496,4.5,0.0,8195.15355726276,0.0,1.0003849557205517,34.4,0.0,0.0,0.0,0.0
2026-03-04T21:52:59+00:00,1772661179.6770735,1.18125,6.5,0.0,2304.0,16,13682294784,3341656064,80.4,17023950848,505962496,4.5,0.0,0.0,0.0,0.0,34.4,0.0,0.0,0.0,0.0
2026-03-04T21:53:00+00:00,1772661180.6774902,1.3625,4.6,0.0,2304.0,16,13686616064,3337334784,80.4,17023950848,505962496,4.5,0.0,4094.2936798686005,0.0,0.99958341793667,34.4,0.0,0.0,0.0,0.0
2026-03-04T21:53:01+00:00,1772661181.6770349,0.78125,4.6,0.0,2304.0,16,13684629504,3339321344,80.4,17023950848,505962496,4.5,0.0,151621.04511360335,0.0,3.0013667608531067,34.4,0.0,0.0,0.0,0.0
2026-03-04T21:53:02+00:00,1772661182.6773233,0.7875000000000001,3.1,0.0,2304.0,16,13677989888,3345960960,80.3,17023950848,505962496,4.5,0.0,49137.82440196839,0.0,4.998557983598673,34.4,0.0,141.9590467342023,0.0,0.9997115967197344
2026-03-04T21:53:03+00:00,1772661183.6770213,0.775,4.6,0.0,2304.0,16,13683015680,3340935168,80.4,17023950848,505962496,4.5,0.0,20486.188392804546,0.0,3.0009065028522284,34.4,0.0,0.0,0.0,0.0
2026-03-04T21:53:04+00:00,1772661184.6771286,1.4375,4.6,0.0,2304.0,16,13678616576,3345334272,80.3,17023950848,505962496,4.5,0.0,53242.28772223592,0.0,3.9995708925958473,34.4,0.0,0.0,0.0,0.0
2026-03-04T21:53:05+00:00,1772661185.6771593,0.49375,3.1,0.0,2304.0,16,13684363264,3339587584,80.4,17023950848,505962496,4.5,0.0,4095.8740273119156,0.0,0.9999692449491981,34.4,0.0,0.0,0.0,0.0
2026-03-04T21:53:06+00:00,1772661186.6770613,3.2875,9.0,0.0,2304.0,16,13696978944,3326971904,80.5,17023950848,505962496,4.5,0.0,0.0,0.0,0.0,34.4,0.0,0.0,0.0,0.0
2026-03-04T21:53:07+00:00,1772661187.6771305,0.48125,3.0,0.0,2304.0,16,13685293056,3338657792,80.4,17023950848,505962496,4.5,0.0,16382.867265818813,0.0,2.9997925901767846,34.4,0.0,0.0,0.0,0.0
2026-03-04T21:53:08+00:00,1772661188.6771765,0.2,1.6,0.0,2304.0,16,13688123392,3335827456,80.4,17023950848,505962496,4.5,0.0,4095.8115321098094,0.0,0.9999539873314964,34.4,0.0,53.99751531590081,0.0,0.9999539873314964
2026-03-04T21:53:09+00:00,1772661189.677114,2.46875,4.8,0.0,2304.0,16,13685317632,3338633216,80.4,17023950848,505962496,4.5,0.0,8192.51175071685,0.0,2.000124939139856,34.4,54.00337335677611,54.00337335677611,1.000062469569928,1.000062469569928
2026-03-04T21:53:10+00:00,1772661190.6770976,0.19375,3.1,0.0,2304.0,16,13683736576,3340214272,80.4,17023950848,505962496,4.5,0.0,0.0,0.0,0.0,34.4,0.0,0.0,0.0,0.0
2026-03-04T21:53:11+00:00,1772661191.6773953,1.56875,4.8,0.0,2304.0,16,13686415360,3337535488,80.4,17023950848,505962496,4.5,0.0,65516.49018472654,0.0,15.995236861505504,34.4,0.0,0.0,0.0,0.0
2026-03-04T21:53:12+00:00,1772661192.677348,1.16875,3.2,0.0,2304.0,16,13684400128,3339550720,80.4,17023950848,505962496,4.5,0.0,65539.10952253222,0.0,4.000189790193617,34.4,0.0,0.0,0.0,0.0
2026-03-04T21:53:13+00:00,1772661193.6769285,0.6937500000000001,3.1,0.0,2304.0,16,13685882880,3338067968,80.4,17023950848,505962496,4.5,0.0,4097.718494136617,0.0,1.0004195542325724,34.4,0.0,0.0,0.0,0.0
2026-03-04T21:53:14+00:00,1772661194.6770105,0.29375,3.1,0.0,2304.0,16,13687857152,3336093696,80.4,17023950848,505962496,4.5,0.0,0.0,0.0,0.0,34.4,0.0,0.0,0.0,0.0
2026-03-04T21:53:15+00:00,1772661195.677735,0.8875000000000001,3.1,0.0,2304.0,16,13687795712,3336155136,80.4,17023950848,505962496,4.5,0.0,4093.0343753179095,0.0,0.999275970536599,34.4,0.0,0.0,0.0,0.0
2026-03-04T21:53:16+00:00,1772661196.6771765,0.29375,1.6,0.0,2304.0,16,13684633600,3339317248,80.4,17023950848,505962496,4.5,0.0,4098.289364810407,0.0,1.0005589269556658,34.4,0.0,0.0,0.0,0.0
2026-03-04T21:53:17+00:00,1772661197.677557,0.98125,7.8,0.0,2304.0,16,13677563904,3346386944,80.3,17023950848,505962496,4.5,65511.07198550966,499521.9238895112,0.999619628685145,53.97945994899783,34.4,0.0,0.0,0.0,0.0
2026-03-04T21:53:18+00:00,1772661198.677238,1.08125,6.2,0.0,2304.0,16,13684621312,3339329536,80.4,17023950848,505962496,4.5,0.0,0.0,0.0,0.0,34.4,0.0,0.0,0.0,0.0
2026-03-04T21:53:19+00:00,1772661199.6770906,1.725,6.1,0.0,2304.0,16,13694660608,3329290240,80.4,17023950848,505962496,4.5,0.0,61449.05406842572,0.0,6.000884186369699,34.4,0.0,0.0,0.0,0.0
2026-03-04T21:53:20+00:00,1772661200.6770077,0.48750000000000004,1.6,0.0,2304.0,16,13684649984,3339300864,80.4,17023950848,505962496,4.5,0.0,16385.359487796246,0.0,3.000248929650192,34.4,0.0,0.0,0.0,0.0
2026-03-04T21:53:21+00:00,1772661201.6770158,0.39375000000000004,3.1,0.0,2304.0,16,13685039104,3338911744,80.4,17023950848,505962496,4.5,0.0,0.0,0.0,0.0,34.4,0.0,0.0,0.0,0.0
2026-03-04T21:53:22+00:00,1772661202.6771145,1.15625,3.1,0.0,2304.0,16,13680361472,3343589376,80.4,17023950848,505962496,4.5,0.0,40955.957430273025,0.0,3.9996052178001,34.4,0.0,0.0,0.0,0.0
2026-03-04T21:53:23+00:00,1772661203.6770957,0.9812500000000001,3.1,0.0,2304.0,16,13678379008,3345571840,80.3,17023950848,505962496,4.5,0.0,4096.077149890623,0.0,1.0000188354225155,34.4,0.0,0.0,0.0,0.0
2026-03-04T21:53:24+00:00,1772661204.6771498,1.75625,7.7,0.0,2304.0,16,13678948352,3345002496,80.4,17023950848,505962496,4.5,0.0,4095.778332309381,0.0,0.9999458819114699,34.4,0.0,0.0,0.0,0.0
2026-03-04T21:53:25+00:00,1772661205.6773224,0.1,1.6,0.0,2304.0,16,13677973504,3345977344,80.3,17023950848,505962496,4.5,0.0,0.0,0.0,0.0,34.4,0.0,0.0,0.0,0.0
2026-03-04T21:53:26+00:00,1772661206.6770163,0.7875000000000001,3.1,0.0,2304.0,16,13678514176,3345436672,80.3,17023950848,505962496,4.5,0.0,4097.2542902251835,0.0,1.0003062231995077,34.4,84.02572274875865,54.01653605277342,1.0003062231995077,1.0003062231995077
2026-03-04T21:53:27+00:00,1772661207.6773746,1.56875,6.3,0.0,2304.0,16,13677682688,3346268160,80.3,17023950848,505962496,4.5,0.0,49134.393028087325,0.0,6.997492496675848,34.4,0.0,0.0,0.0,0.0
2026-03-04T21:53:28+00:00,1772661208.6775198,1.0625,3.1,0.0,2304.0,16,13678448640,3345502208,80.3,17023950848,505962496,4.5,0.0,8190.810719554851,0.0,1.999709648328821,34.4,0.0,0.0,0.0,0.0
2026-03-04T21:53:29+00:00,1772661209.6771543,0.6937500000000001,3.1,0.0,2304.0,16,13678505984,3345444864,80.3,17023950848,505962496,4.5,0.0,0.0,0.0,0.0,34.4,427.1561237186577,0.0,5.0018281465884975,0.0
2026-03-04T21:53:30+00:00,1772661210.6772034,0.96875,7.8,0.0,2304.0,16,13673123840,3350827008,80.3,17023950848,505962496,4.5,0.0,4095.798838004916,0.0,0.9999508881847939,34.4,426.979029254907,0.0,4.99975444092397,0.0
2026-03-04T21:53:31+00:00,1772661211.6770332,0.5875,3.1,0.0,2304.0,16,13678784512,3345166336,80.4,17023950848,505962496,4.5,0.0,65547.15814946144,0.0,2.00034051969792,34.4,427.0727009555059,0.0,5.0008512992447995,0.0
2026-03-04T21:53:32+00:00,1772661212.677297,1.3625,4.6,0.0,2304.0,16,13679321088,3344629760,80.4,17023950848,505962496,4.5,0.0,16379.676922237179,0.0,2.9992084208197958,34.4,654.8271718789887,111.97044771060571,8.997625262459387,1.9994722805465306
2026-03-04T21:53:33+00:00,1772661213.6770897,1.08125,4.8,0.0,2304.0,16,13678620672,3345330176,80.3,17023950848,505962496,4.5,0.0,32774.79828512861,0.0,1.0002074671975283,34.4,0.0,0.0,0.0,0.0
2026-03-04T21:53:34+00:00,1772661214.6773057,0.9625,4.6,0.0,2304.0,16,13679280128,3344670720,80.4,17023950848,505962496,4.5,0.0,151519.27074163154,0.0,2.999352118249146,34.4,0.0,0.0,0.0,0.0
2026-03-04T21:53:35+00:00,1772661215.6773622,1.45625,6.2,0.0,2304.0,16,13680406528,3343544320,80.4,17023950848,505962496,4.5,0.0,8191.537135529251,0.0,1.999886995978821,34.4,0.0,0.0,0.0,0.0
2026-03-04T21:53:36+00:00,1772661216.677025,0.68125,3.1,0.0,2304.0,16,13680336896,3343613952,80.4,17023950848,505962496,4.5,0.0,0.0,0.0,0.0,34.4,0.0,0.0,0.0,0.0
2026-03-04T21:53:37+00:00,1772661217.677011,0.975,4.6,0.0,2304.0,16,13680836608,3343114240,80.4,17023950848,505962496,4.5,0.0,262147.6875518717,0.0,25.000351672351044,34.4,0.0,0.0,0.0,0.0
2026-03-04T21:53:38+00:00,1772661218.6769812,1.2625,7.6,0.0,2304.0,16,13679427584,3344523264,80.4,17023950848,505962496,4.5,0.0,4096.122073950587,0.0,1.0000298032105925,34.4,0.0,0.0,0.0,0.0
2026-03-04T21:53:39+00:00,1772661219.677453,1.46875,6.2,0.0,2304.0,16,13672824832,3351126016,80.3,17023950848,505962496,4.5,0.0,12282.204882749806,0.0,2.9985851764525893,34.4,0.0,0.0,0.0,0.0
2026-03-04T21:53:40+00:00,1772661220.676994,0.2875,3.0,0.0,2304.0,16,13679460352,3344490496,80.4,17023950848,505962496,4.5,0.0,0.0,0.0,0.0,34.4,0.0,0.0,0.0,0.0
2026-03-04T21:53:41+00:00,1772661221.6773155,0.9812500000000001,6.2,0.0,2304.0,16,13673287680,3350663168,80.3,17023950848,505962496,4.5,0.0,8189.368033383131,0.0,0.9996787150125892,34.4,0.0,0.0,0.0,0.0
2026-03-04T21:53:42+00:00,1772661222.6770391,0.89375,4.8,0.0,2304.0,16,13679271936,3344678912,80.4,17023950848,505962496,4.5,0.0,8194.264297561855,0.0,2.000552807021937,34.4,0.0,0.0,0.0,0.0
2026-03-04T21:53:43+00:00,1772661223.6775813,0.8812500000000001,4.7,0.0,2304.0,16,13691305984,3332644864,80.4,17023950848,505962496,4.5,0.0,8187.5610004151,0.0,1.9989162598669679,34.4,0.0,0.0,0.0,0.0
2026-03-04T21:53:44+00:00,1772661224.6771555,0.2,1.6,0.0,2304.0,16,13679812608,3344138240,80.4,17023950848,505962496,4.5,0.0,0.0,0.0,0.0,34.4,160.0681595165483,334.14228299079457,2.0008519939568536,2.0008519939568536
2026-03-04T21:53:45+00:00,1772661225.6773913,0.89375,4.7,0.0,2304.0,16,13677850624,3346100224,80.3,17023950848,505962496,4.5,0.0,16380.137629481422,0.0,2.9992927788357093,34.4,425.89957459467075,456.89226664263975,4.998821298059516,3.9990570384476127
2026-03-04T21:53:46+00:00,1772661226.6770682,1.83125,7.6,0.0,2304.0,16,13681233920,3342716928,80.4,17023950848,505962496,4.5,0.0,12291.971009425586,0.0,3.0009694847230435,34.4,0.0,0.0,0.0,0.0
2026-03-04T21:53:47+00:00,1772661227.6771162,0.9812500000000001,6.2,0.0,2304.0,16,13679865856,3344084992,80.4,17023950848,505962496,4.5,0.0,507879.6613226114,0.0,49.99760400810108,34.4,0.0,0.0,0.0,0.0
2026-03-04T21:53:48+00:00,1772661228.677184,1.26875,4.6,0.0,2304.0,16,13680005120,3343945728,80.4,17023950848,505962496,4.5,0.0,0.0,0.0,0.0,34.4,54.9962630426962,65.99551565123544,0.999932055321749,0.999932055321749
2026-03-04T21:53:49+00:00,1772661229.6771305,0.7000000000000001,1.6,0.0,2304.0,16,13676396544,3347554304,80.3,17023950848,505962496,4.5,0.0,135175.25136555606,0.0,18.000965647046705,34.4,0.0,0.0,0.0,0.0
2026-03-04T21:53:50+00:00,1772661230.6770077,1.475,6.2,0.0,2304.0,16,13682835456,3341115392,80.4,17023950848,505962496,4.5,0.0,4096.502991447591,0.0,1.0001228006463845,34.4,0.0,0.0,0.0,0.0
2026-03-04T21:53:51+00:00,1772661231.6770892,0.58125,4.6,0.0,2304.0,16,13676720128,3347230720,80.3,17023950848,505962496,4.5,0.0,0.0,0.0,0.0,34.4,0.0,0.0,0.0,0.0
2026-03-04T21:53:52+00:00,1772661232.6770642,3.69375,23.4,0.0,2304.0,16,13697155072,3326795776,80.5,17023950848,505962496,4.5,16384.41016651809,24576.615249777133,1.0000250345775201,3.00007510373256,34.4,1653.0413821566406,4192.104944948964,10.0002503457752,9.00022531119768
2026-03-04T21:53:53+00:00,1772661233.677102,5.48125,26.6,1.6,2304.0,16,13711745024,3312205824,80.5,17023950848,505962496,4.5,16383.378929793873,114683.65250855712,0.9999620928829268,4.999810464414634,34.4,812.9691815138195,1416.9462856151074,5.999772557297561,4.999810464414634
2026-03-04T21:53:54+00:00,1772661234.677242,6.55625,23.4,1.6,2304.0,16,13686599680,3337351168,80.4,17023950848,505962496,4.5,8190.853676054991,294870.7323379797,0.9998600678778066,25.99636176482297,34.4,368.9483650469106,775.8914126731779,5.99916040726684,8.99874061090026
2026-03-04T21:53:55+00:00,1772661235.6769836,2.0500000000000003,9.4,0.0,2304.0,16,13704073216,3319877632,80.5,17023950848,505962496,4.5,0.0,0.0,0.0,0.0,34.4,3656.945121887237,1419.366829310172,12.003102150614563,11.00284363806335
2026-03-04T21:53:56+00:00,1772661236.6770523,1.675,4.8,0.0,2304.0,16,13702909952,3321040896,80.5,17023950848,505962496,4.5,12287.156307931737,466911.939701406,0.9999313401637155,40.99718494671234,34.4,11102.237669837734,12615.133787505436,18.998695463110597,20.99855814343803
2026-03-04T21:53:57+00:00,1772661237.6776292,0.6000000000000001,3.2,0.0,2304.0,16,13687721984,3336228864,80.4,17023950848,505962496,4.5,0.0,188307.3517496028,0.0,21.987313914377022,34.4,3169.1714737495245,5506.8227121917,10.993656957188511,11.993080316932922
2026-03-04T21:53:58+00:00,1772661238.6773868,2.6,19.7,0.0,2304.0,16,13673402368,3350548480,80.3,17023950848,505962496,4.5,0.0,131103.78895792252,0.0,8.001940244013825,34.4,1481.3591876730593,807.1957221148946,7.001697713512097,7.001697713512097
2026-03-04T21:53:59+00:00,1772661239.67737,1.3375,4.7,0.0,2304.0,16,13677666304,3346284544,80.3,17023950848,505962496,4.5,0.0,0.0,0.0,0.0,34.4,0.0,0.0,0.0,0.0
2026-03-04T21:54:00+00:00,1772661240.677131,0.2,1.6,0.0,2304.0,16,13679894528,3344056320,80.4,17023950848,505962496,4.5,0.0,327758.3781178599,0.0,43.01028521444084,34.4,0.0,0.0,0.0,0.0
2026-03-04T21:54:01+00:00,1772661241.6772223,0.875,6.1,0.0,2304.0,16,13682651136,3341299712,80.4,17023950848,505962496,4.5,0.0,4095.6260107130756,0.0,0.999908694021747,34.4,0.0,0.0,0.0,0.0
2026-03-04T21:54:02+00:00,1772661242.6773236,1.28125,3.2,0.0,2304.0,16,13681831936,3342118912,80.4,17023950848,505962496,4.5,0.0,4095.585002988274,0.0,0.9998986823701841,34.4,0.0,0.0,0.0,0.0
2026-03-04T21:54:03+00:00,1772661243.6771624,2.00625,7.4,0.0,2304.0,16,13683011584,3340939264,80.4,17023950848,505962496,4.5,0.0,36869.942363986505,0.0,2.0003223938794763,34.4,1.0001611969397382,0.0,1.0001611969397382,0.0
2026-03-04T21:54:04+00:00,1772661244.6773636,0.78125,4.7,0.0,2304.0,16,13682860032,3341090816,80.4,17023950848,505962496,4.5,0.0,12285.527841210847,0.0,1.9995976304054113,34.4,0.0,0.0,0.0,0.0
2026-03-04T21:54:05+00:00,1772661245.677141,2.575,4.8,0.0,2304.0,16,13682831360,3341119488,80.4,17023950848,505962496,4.5,0.0,61453.68468797173,0.0,2.000445465103246,34.4,2.000445465103246,0.0,2.000445465103246,0.0
2026-03-04T21:54:06+00:00,1772661246.6774518,0.2875,1.6,0.0,2304.0,16,13683802112,3340148736,80.4,17023950848,505962496,4.5,0.0,0.0,0.0,0.0,34.4,0.9996891988002692,0.0,0.9996891988002692,0.0
2026-03-04T21:54:07+00:00,1772661247.6773572,0.6937500000000001,3.2,0.0,2304.0,16,13678530560,3345420288,80.3,17023950848,505962496,4.5,0.0,4096.387732012178,0.0,1.0000946611357857,34.4,0.0,0.0,0.0,0.0
2026-03-04T21:54:08+00:00,1772661248.6773047,0.58125,6.1,0.0,2304.0,16,13683384320,3340566528,80.4,17023950848,505962496,4.5,0.0,12288.644565058783,0.0,3.0001573645163044,34.4,0.0,0.0,0.0,0.0
2026-03-04T21:54:09+00:00,1772661249.6772974,2.475,10.4,0.0,2304.0,16,13695291392,3328659456,80.4,17023950848,505962496,4.5,0.0,73728.54492590253,0.0,3.0000221730917374,34.4,0.0,0.0,0.0,0.0
2026-03-04T21:54:10+00:00,1772661250.6774924,1.1,3.2,0.0,2304.0,16,13684051968,3339898880,80.4,17023950848,505962496,4.5,0.0,0.0,0.0,0.0,34.4,0.0,0.0,0.0,0.0
2026-03-04T21:54:11+00:00,1772661251.6772227,0.2875,1.6,0.0,2304.0,16,13683220480,3340730368,80.4,17023950848,505962496,4.5,0.0,458875.73649071954,0.0,49.013216483078565,34.4,0.0,0.0,0.0,0.0
2026-03-04T21:54:12+00:00,1772661252.6772711,1.08125,4.7,0.0,2304.0,16,13683347456,3340603392,80.4,17023950848,505962496,4.5,0.0,77820.23358072832,0.0,9.999516033707895,34.4,0.9999516033707895,0.0,0.9999516033707895,0.0
2026-03-04T21:54:13+00:00,1772661253.6771545,0.3875,3.1,0.0,2304.0,16,13683597312,3340353536,80.4,17023950848,505962496,4.5,0.0,53254.208731667946,0.0,5.0005830013961035,34.4,1.0001166002792208,0.0,1.0001166002792208,0.0
2026-03-04T21:54:14+00:00,1772661254.6771345,1.4625,9.2,0.0,2304.0,16,13683412992,3340537856,80.4,17023950848,505962496,4.5,0.0,0.0,0.0,0.0,34.4,1.0000200275617397,0.0,1.0000200275617397,0.0
2026-03-04T21:54:15+00:00,1772661255.6771305,0.4,1.6,0.0,2304.0,16,13683916800,3340034048,80.4,17023950848,505962496,4.5,0.0,4096.016601629788,0.0,1.0000040531322725,34.4,1.0000040531322725,0.0,1.0000040531322725,0.0
2026-03-04T21:54:16+00:00,1772661256.677006,1.56875,4.7,0.0,2304.0,16,13685252096,3338698752,80.4,17023950848,505962496,4.5,0.0,12289.529487226566,0.0,3.0003734099674233,34.4,1.0001244699891412,0.0,1.0001244699891412,0.0
2026-03-04T21:54:17+00:00,1772661257.6771164,1.175,4.7,0.0,2304.0,16,13684924416,3339026432,80.4,17023950848,505962496,4.5,0.0,4095.5479014686634,0.0,0.9998896243819979,34.4,0.9998896243819979,0.0,0.9998896243819979,0.0
2026-03-04T21:54:18+00:00,1772661258.6774886,0.975,4.6,0.0,2304.0,16,13685415936,3338534912,80.4,17023950848,505962496,4.5,0.0,32755.809224557986,0.0,2.998883901174132,34.4,5120.094447271302,5507.950098489822,13.994791538812617,17.99330340704479
2026-03-04T21:54:19+00:00,1772661259.6773264,3.6,7.5,0.0,2304.0,16,13685407744,3338543104,80.4,17023950848,505962496,4.5,0.0,45063.30587196181,0.0,3.000486452767344,34.4,0.0,0.0,0.0,0.0
2026-03-04T21:54:20+00:00,1772661260.6770844,0.89375,3.2,0.0,2304.0,16,13684187136,3339763712,80.4,17023950848,505962496,4.5,0.0,4096.991450863511,0.0,1.0002420534334744,34.4,0.0,0.0,0.0,0.0
2026-03-04T21:54:21+00:00,1772661261.6770933,1.38125,4.7,0.0,2304.0,16,13685604352,3338346496,80.4,17023950848,505962496,4.5,0.0,0.0,0.0,0.0,34.4,0.9999911785903912,0.0,0.9999911785903912,0.0
2026-03-04T21:54:22+00:00,1772661262.677306,1.25,3.1,0.0,2304.0,16,13683261440,3340689408,80.4,17023950848,505962496,4.5,0.0,4095.1290914655715,0.0,0.9997873758460868,34.4,0.9997873758460868,0.0,0.9997873758460868,0.0
2026-03-04T21:54:23+00:00,1772661263.6770456,0.59375,3.1,0.0,2304.0,16,13682704384,3341246464,80.4,17023950848,505962496,4.5,0.0,16388.26673585786,0.0,3.0007812626692854,34.4,1.0002604208897619,0.0,1.0002604208897619,0.0
2026-03-04T21:54:24+00:00,1772661264.6771002,1.75625,6.2,0.0,2304.0,16,13683736576,3340214272,80.4,17023950848,505962496,4.5,0.0,4095.776379396705,0.0,0.9999454051261487,34.4,0.9999454051261487,0.0,0.9999454051261487,0.0
2026-03-04T21:54:25+00:00,1772661265.6770835,1.0,6.2,0.0,2304.0,16,13683023872,3340926976,80.4,17023950848,505962496,4.5,0.0,0.0,0.0,0.0,34.4,1.0000166895790745,0.0,1.0000166895790745,0.0
2026-03-04T21:54:26+00:00,1772661266.6770508,1.16875,7.6,0.0,2304.0,16,13682941952,3341008896,80.4,17023950848,505962496,4.5,0.0,16384.535173730565,0.0,3.0000979932367975,34.4,1.000032664412266,0.0,1.000032664412266,0.0
2026-03-04T21:54:27+00:00,1772661267.6771033,0.78125,4.7,0.0,2304.0,16,13682483200,3341467648,80.4,17023950848,505962496,4.5,0.0,4095.785167518412,0.0,0.9999475506636748,34.4,0.0,0.0,0.0,0.0
2026-03-04T21:54:28+00:00,1772661268.677323,0.1,1.6,0.0,2304.0,16,13681795072,3342155776,80.4,17023950848,505962496,4.5,0.0,49141.197687085274,0.0,4.998901131905647,34.4,0.0,0.0,0.0,0.0
2026-03-04T21:54:29+00:00,1772661269.6772196,2.0375,6.2,0.0,2304.0,16,13674999808,3348951040,80.3,17023950848,505962496,4.5,0.0,40964.23871984587,0.0,2.000206968742474,34.4,0.0,0.0,0.0,0.0
2026-03-04T21:54:30+00:00,1772661270.6770527,0.675,3.1,0.0,2304.0,16,13679755264,3344195584,80.4,17023950848,505962496,4.5,0.0,4096.683707856059,0.0,1.0001669208632957,34.4,0.0,0.0,0.0,0.0
2026-03-04T21:54:31+00:00,1772661271.677046,0.6937500000000001,3.1,0.0,2304.0,16,13673787392,3350163456,80.3,17023950848,505962496,4.5,0.0,4096.02734393254,0.0,1.0000066757647803,34.4,0.0,0.0,0.0,0.0
2026-03-04T21:54:32+00:00,1772661272.677064,1.1875,4.8,0.0,2304.0,16,13681823744,3342127104,80.4,17023950848,505962496,4.5,0.0,24575.560554732892,0.0,5.999892713557835,34.4,173.99688869317723,57.99896289772574,2.9999463567789175,0.999982118926306
2026-03-04T21:54:33+00:00,1772661273.6770985,0.88125,4.6,0.0,2304.0,16,13689991168,3333959680,80.4,17023950848,505962496,4.5,0.0,32766.86722666076,0.0,2.9998962915033656,34.4,53.99813324706058,53.99813324706058,0.9999654305011219,0.9999654305011219
2026-03-04T21:54:34+00:00,1772661274.6772256,2.9375,6.2,0.0,2304.0,16,13680218112,3343732736,80.4,17023950848,505962496,4.5,0.0,4095.4795583237205,0.0,0.9998729390438771,34.4,0.0,0.0,0.0,0.0
2026-03-04T21:54:35+00:00,1772661275.6773827,1.46875,4.6,0.0,2304.0,16,13679718400,3344232448,80.4,17023950848,505962496,4.5,0.0,4095.3565464105404,0.0,0.9998429068385108,34.4,0.0,0.0,0.0,0.0
2026-03-04T21:54:36+00:00,1772661276.6771102,1.625,7.6,0.0,2304.0,16,13679640576,3344310272,80.4,17023950848,505962496,4.5,0.0,0.0,0.0,0.0,34.4,0.0,0.0,0.0,0.0
2026-03-04T21:54:37+00:00,1772661277.6770914,0.2,1.6,0.0,2304.0,16,13674999808,3348951040,80.3,17023950848,505962496,4.5,0.0,4096.077149890623,0.0,1.0000188354225155,34.4,0.0,0.0,0.0,0.0
2026-03-04T21:54:38+00:00,1772661278.6771135,0.7875000000000001,4.7,0.0,2304.0,16,13681995776,3341955072,80.4,17023950848,505962496,4.5,16383.63672680483,233466.82335696885,0.9999778275637714,12.999711758329028,34.4,0.0,0.0,0.0,0.0
2026-03-04T21:54:39+00:00,1772661279.6771126,1.0875000000000001,3.2,0.0,2304.0,16,13675909120,3348041728,80.3,17023950848,505962496,4.5,0.0,532480.5078129843,0.0,42.00004005435949,34.4,0.0,0.0,0.0,0.0
2026-03-04T21:54:40+00:00,1772661280.6772635,1.2375,5.9,0.0,2304.0,16,13681963008,3341987840,80.4,17023950848,505962496,4.5,0.0,0.0,0.0,0.0,34.4,0.0,0.0,0.0,0.0
2026-03-04T21:54:41+00:00,1772661281.6771212,0.29375,3.1,0.0,2304.0,16,13675876352,3348074496,80.3,17023950848,505962496,4.5,0.0,151573.57435986825,0.0,10.001423561541138,34.4,55.007829588476255,66.00939550617151,1.0001423561541138,1.0001423561541138
2026-03-04T21:54:42+00:00,1772661282.6774352,3.225,6.3,0.0,2304.0,16,13675028480,3348922368,80.3,17023950848,505962496,4.5,0.0,69610.14260534973,0.0,1.9993722025893188,34.4,0.0,0.0,0.0,0.0
2026-03-04T21:54:43+00:00,1772661283.677162,0.7687499999999999,4.6,0.0,2304.0,16,13679382528,3344568320,80.4,17023950848,505962496,4.5,0.0,98330.86671573072,0.0,6.001639814192549,34.4,0.0,0.0,0.0,0.0
2026-03-04T21:54:44+00:00,1772661284.6771274,0.7875000000000001,3.1,0.0,2304.0,16,13674012672,3349938176,80.3,17023950848,505962496,4.5,0.0,0.0,0.0,0.0,34.4,0.0,0.0,0.0,0.0
2026-03-04T21:54:45+00:00,1772661285.6770234,0.29375,3.1,0.0,2304.0,16,13680300032,3343650816,80.4,17023950848,505962496,4.5,0.0,4096.425825514775,0.0,1.0001039613073182,34.4,0.0,0.0,0.0,0.0
2026-03-04T21:54:46+00:00,1772661286.6772387,1.34375,7.7,0.0,2304.0,16,13693366272,3330584576,80.4,17023950848,505962496,4.5,0.0,8190.236707747675,0.0,1.9995695087274596,34.4,0.0,0.0,0.0,0.0
2026-03-04T21:54:47+00:00,1772661287.6771395,0.48125,3.0,0.0,2304.0,16,13679656960,3344293888,80.4,17023950848,505962496,4.5,0.0,4096.406290296736,0.0,1.0000991919669766,34.4,0.0,0.0,0.0,0.0
2026-03-04T21:54:48+00:00,1772661288.6772156,3.00625,10.4,0.0,2304.0,16,13678755840,3345195008,80.4,17023950848,505962496,4.5,0.0,8191.377000507555,0.0,1.9998479005145398,34.4,0.0,0.0,0.0,0.0
2026-03-04T21:54:49+00:00,1772661289.6773586,1.1625,6.1,0.0,2304.0,16,13682135040,3341815808,80.4,17023950848,505962496,4.5,0.0,4095.414146307043,0.0,0.999856969313243,34.4,0.0,0.0,0.0,0.0
2026-03-04T21:54:50+00:00,1772661290.6771164,0.48125,3.0,0.0,2304.0,16,13680791552,3343159296,80.4,17023950848,505962496,4.5,0.0,12290.977283697184,0.0,3.000726875902633,34.4,0.0,0.0,0.0,0.0
2026-03-04T21:54:51+00:00,1772661291.6774042,1.675,4.8,0.0,2304.0,16,13680820224,3343130624,80.4,17023950848,505962496,4.5,16379.286512656026,4094.8216281640066,0.9997123115634782,0.9997123115634782,34.4,0.0,0.0,0.0,0.0
2026-03-04T21:54:52+00:00,1772661292.6771934,1.05625,4.6,0.0,2304.0,16,13680275456,3343675392,80.4,17023950848,505962496,4.5,0.0,0.0,0.0,0.0,34.4,0.0,0.0,0.0,0.0
2026-03-04T21:54:53+00:00,1772661293.6770964,0.78125,4.8,0.0,2304.0,16,13681344512,3342606336,80.4,17023950848,505962496,4.5,0.0,40963.97499509406,0.0,4.000388183114654,34.4,0.0,0.0,0.0,0.0
2026-03-04T21:54:54+00:00,1772661294.6775153,1.1875,4.8,0.0,2304.0,16,13681393664,3342557184,80.4,17023950848,505962496,4.5,0.0,24565.709388876854,0.0,2.9987438218843816,34.4,0.0,0.0,0.0,0.0
2026-03-04T21:54:55+00:00,1772661295.6774411,0.86875,3.1,0.0,2304.0,16,13681582080,3342368768,80.4,17023950848,505962496,4.5,0.0,0.0,0.0,0.0,34.4,0.0,0.0,0.0,0.0
2026-03-04T21:54:56+00:00,1772661296.677113,0.8,3.2,0.0,2304.0,16,13681393664,3342557184,80.4,17023950848,505962496,4.5,0.0,77849.53962863183,0.0,4.001312686504514,34.4,0.0,0.0,0.0,0.0
2026-03-04T21:54:57+00:00,1772661297.677065,0.8625,3.0,0.0,2304.0,16,13680103424,3343847424,80.4,17023950848,505962496,4.5,0.0,4096.197275125879,0.0,1.000048162872529,34.4,0.0,0.0,0.0,0.0
2026-03-04T21:54:58+00:00,1772661298.6775837,0.575,4.6,0.0,2304.0,16,13685895168,3338055680,80.4,17023950848,505962496,4.5,0.0,36844.88491688272,0.0,2.9984444105536068,34.4,0.0,0.0,0.0,0.0
2026-03-04T21:54:59+00:00,1772661299.6774895,1.6375,4.6,0.0,2304.0,16,13692993536,3330957312,80.4,17023950848,505962496,4.5,0.0,0.0,0.0,0.0,34.4,0.0,0.0,0.0,0.0
2026-03-04T21:55:00+00:00,1772661300.6772695,1.4625000000000001,7.7,0.0,2304.0,16,13689561088,3334389760,80.4,17023950848,505962496,4.5,0.0,20484.507827931684,0.0,5.001100543928634,34.4,0.0,0.0,0.0,0.0
2026-03-04T21:55:01+00:00,1772661301.6772938,0.3875,3.1,0.0,2304.0,16,13687910400,3336040448,80.4,17023950848,505962496,4.5,0.0,32767.203144378487,0.0,3.9999027275852646,34.4,0.0,0.0,0.0,0.0
2026-03-04T21:55:02+00:00,1772661302.677108,0.6875,3.1,0.0,2304.0,16,13687738368,3336212480,80.4,17023950848,505962496,4.5,0.0,4096.760883504927,0.0,1.000185762574445,34.4,0.0,0.0,0.0,0.0
2026-03-04T21:55:03+00:00,1772661303.6771185,3.15,7.8,0.0,2304.0,16,13691269120,3332681728,80.4,17023950848,505962496,4.5,0.0,65535.31250721209,0.0,2.9999685290777016,34.4,0.0,0.0,0.0,0.0
2026-03-04T21:55:04+00:00,1772661304.6776197,2.04375,6.2,0.0,2304.0,16,13692145664,3331805184,80.4,17023950848,505962496,4.5,0.0,4093.9482938495466,0.0,0.999499095178112,34.4,0.0,0.0,0.0,0.0
2026-03-04T21:55:05+00:00,1772661305.677172,1.06875,3.1,0.0,2304.0,16,13691129856,3332820992,80.4,17023950848,505962496,4.5,0.0,12293.504417728542,0.0,2.000895901323005,34.4,0.0,0.0,0.0,0.0
2026-03-04T21:55:06+00:00,1772661306.6770477,1.25625,6.2,0.0,2304.0,16,13692452864,3331497984,80.4,17023950848,505962496,4.5,0.0,180246.3894998859,0.0,21.002608861736526,34.4,0.0,0.0,0.0,0.0
2026-03-04T21:55:07+00:00,1772661307.677459,0.6875,3.1,0.0,2304.0,16,13691691008,3332259840,80.4,17023950848,505962496,4.5,0.0,0.0,0.0,0.0,34.4,0.0,0.0,0.0,0.0
2026-03-04T21:55:08+00:00,1772661308.6771438,1.08125,4.8,0.0,2304.0,16,13691904000,3332046848,80.4,17023950848,505962496,4.5,0.0,98334.99414402447,0.0,5.00157644368614,34.4,0.0,0.0,0.0,0.0
2026-03-04T21:55:09+00:00,1772661309.6771553,0.875,4.6,0.0,2304.0,16,13692542976,3331407872,80.4,17023950848,505962496,4.5,0.0,65535.250008582974,0.0,10.999874116430858,34.4,0.0,0.0,0.0,0.0
2026-03-04T21:55:10+00:00,1772661310.6769507,1.91875,7.6,0.0,2304.0,16,13687463936,3336486912,80.4,17023950848,505962496,4.5,0.0,0.0,0.0,0.0,34.4,0.0,0.0,0.0,0.0
2026-03-04T21:55:11+00:00,1772661311.6771464,1.16875,4.6,0.0,2304.0,16,13693386752,3330564096,80.4,17023950848,505962496,4.5,0.0,106475.15837644886,0.0,15.996868746461667,34.4,0.0,0.0,0.0,0.0
2026-03-04T21:55:12+00:00,1772661312.67712,0.68125,3.1,0.0,2304.0,16,13693718528,3330232320,80.4,17023950848,505962496,4.5,0.0,61441.62601959424,0.0,2.000052930325333,34.4,0.0,0.0,0.0,0.0
2026-03-04T21:55:13+00:00,1772661313.677116,0.9875,3.2,0.0,2304.0,16,13693485056,3330465792,80.4,17023950848,505962496,4.5,0.0,442369.79297601717,0.0,33.00013375336499,34.4,0.0,0.0,0.0,0.0
2026-03-04T21:55:14+00:00,1772661314.677421,1.08125,3.1,0.0,2304.0,16,13693120512,3330830336,80.4,17023950848,505962496,4.5,0.0,0.0,0.0,0.0,34.4,0.0,141.9566782598084,0.0,0.9996949173225944
2026-03-04T21:55:15+00:00,1772661315.677128,0.95625,4.7,0.0,2304.0,16,13694160896,3329789952,80.4,17023950848,505962496,4.5,0.0,110624.41477149824,0.0,10.002931023175115,34.4,0.0,0.0,0.0,0.0
2026-03-04T21:55:16+00:00,1772661316.6771197,0.49375,3.1,0.0,2304.0,16,13693480960,3330469888,80.4,17023950848,505962496,4.5,0.0,69632.58105953624,0.0,2.000016689439805,34.4,0.0,0.0,0.0,0.0
2026-03-04T21:55:17+00:00,1772661317.6769528,2.95,6.2,0.0,2304.0,16,13689978880,3333971968,80.4,17023950848,505962496,4.5,0.0,4096.683707856059,0.0,1.0001669208632957,34.4,0.0,0.0,0.0,0.0
2026-03-04T21:55:18+00:00,1772661318.6771882,0.48750000000000004,3.1,0.0,2304.0,16,13693001728,3330949120,80.4,17023950848,505962496,4.5,0.0,36855.3272361798,0.0,1.999529472448991,34.4,0.0,0.0,0.0,0.0
2026-03-04T21:55:19+00:00,1772661319.677179,0.9812500000000001,4.7,0.0,2304.0,16,13682397184,3341553664,80.4,17023950848,505962496,4.5,0.0,4096.03710971121,0.0,1.0000090599880884,34.4,0.0,0.0,0.0,0.0
2026-03-04T21:55:20+00:00,1772661320.6771173,0.48750000000000004,3.1,0.0,2304.0,16,13689536512,3334414336,80.4,17023950848,505962496,4.5,0.0,86021.31185144652,0.0,2.000123508450672,34.4,0.0,0.0,0.0,0.0
2026-03-04T21:55:21+00:00,1772661321.6770988,2.38125,13.0,0.0,2304.0,16,13683924992,3340025856,80.4,17023950848,505962496,4.5,0.0,4096.076173291568,0.0,1.0000185969950117,34.4,0.0,0.0,0.0,0.0
2026-03-04T21:55:22+00:00,1772661322.6770957,1.7875,14.5,0.0,2304.0,16,13688614912,3335335936,80.4,17023950848,505962496,4.5,0.0,0.0,0.0,0.0,34.4,0.0,0.0,0.0,0.0
2026-03-04T21:55:23+00:00,1772661323.6771076,3.1375,18.8,0.0,2304.0,16,13699682304,3324268544,80.5,17023950848,505962496,4.5,0.0,49151.41406948484,0.0,5.999928475278911,34.4,0.0,0.0,0.0,0.0
2026-03-04T21:55:24+00:00,1772661324.6770024,1.1625,10.9,0.0,2304.0,16,13688094720,3335856128,80.4,17023950848,505962496,4.5,0.0,16385.72283739359,0.0,2.0002103072990223,34.4,0.0,0.0,0.0,0.0
2026-03-04T21:55:25+00:00,1772661325.6772416,1.05,9.0,0.0,2304.0,16,13689204736,3334746112,80.4,17023950848,505962496,4.5,0.0,0.0,0.0,0.0,34.4,0.0,0.0,0.0,0.0
2026-03-04T21:55:26+00:00,1772661326.677115,2.5375,10.8,0.0,2304.0,16,13689278464,3334672384,80.4,17023950848,505962496,4.5,0.0,4096.518620344973,0.0,1.0001266162951594,34.4,55.00696389623377,0.0,1.0001266162951594,0.0
2026-03-04T21:55:27+00:00,1772661327.6776273,3.29375,6.2,1.5,2304.0,16,13690159104,3333791744,80.4,17023950848,505962496,4.5,90065.85372170259,4093.9024418955723,1.9989758017068224,0.9994879008534112,34.4,0.0,65.96620145632514,0.0,0.9994879008534112
2026-03-04T21:55:28+00:00,1772661328.677312,0.6875,3.1,0.0,2304.0,16,13692747776,3331203072,80.4,17023950848,505962496,4.5,16389.16959938526,20486.461999231575,1.0003155273062292,4.001262109224917,34.4,0.0,0.0,0.0,0.0
2026-03-04T21:55:29+00:00,1772661329.6771388,0.30000000000000004,1.6,0.0,2304.0,16,13691432960,3332517888,80.4,17023950848,505962496,4.5,0.0,0.0,0.0,0.0,34.4,427.0739230318358,0.0,5.000865609272082,0.0
2026-03-04T21:55:30+00:00,1772661330.6769826,11.375,31.2,4.7,2304.0,16,13733244928,3290705920,80.7,17023950848,505962496,4.5,0.0,1261765.0424897268,0.0,282.04404517402384,34.4,427.0666925152773,0.0,5.000780942801842,0.0
2026-03-04T21:55:31+00:00,1772661331.6770997,8.46875,27.4,1.6,2304.0,16,13757788160,3266162688,80.8,17023950848,505962496,4.5,0.0,57337.28789511764,0.0,2.999648850539776,34.4,426.95001972682815,0.0,4.999414750899627,0.0
2026-03-04T21:55:32+00:00,1772661332.6773741,6.925,20.0,0.0,2304.0,16,13781897216,3242053632,81.0,17023950848,505962496,4.5,99300.74990960456,323495.2265096396,2.999176966503037,20.99423876552126,34.4,426.8828548989323,0.0,4.998628277505062,0.0
2026-03-04T21:55:33+00:00,1772661333.6770663,3.95625,9.0,0.0,2304.0,16,13783400448,3240550400,81.0,17023950848,505962496,4.5,184376.7508662625,139306.87843228722,3.000923679463908,6.001847358927816,34.4,4684.441863643161,68514.08852584049,29.008928901484445,61.0187814824328
2026-03-04T21:55:34+00:00,1772661334.67702,46.89375,57.8,39.4,2304.0,16,14237691904,2786258944,83.6,17023950848,505860096,4.5,468929721.50223243,3522722.937223869,1753.0810856176877,64.00296034200343,34.4,17877.826906781178,102396.73617716273,75.00346915078526,121.00559689660024
2026-03-04T21:55:35+00:00,1772661335.677068,98.95,100.0,96.9,2304.0,16,14875770880,2148179968,87.4,17023950848,505860096,4.5,157424263.893268,14507336.777457174,2877.8620867062978,1497.928216082708,34.4,95005.44713619366,432875.25569381844,353.98303637735563,557.973260730408
2026-03-04T21:55:36+00:00,1772661336.6773622,42.81875,67.2,29.7,2304.0,16,14997671936,2026278912,88.1,17023950848,504983552,4.5,104959839.92014374,5093925.323735836,1405.5864644772614,663.8047029963737,34.4,27953.775760820186,336581.97471313574,171.94941101713297,375.88941013047673
2026-03-04T21:55:37+00:00,1772661337.6771777,20.29375,42.3,6.2,2304.0,16,15008284672,2015666176,88.2,17023950848,520491008,4.6,38180229.62609925,16120734.855608521,602.1111111641028,74.0136581829628,34.4,11355.09542366455,29710.482653039326,55.01015135220208,65.01199705260247
2026-03-04T21:55:38+00:00,1772661338.6770651,48.0625,62.5,26.6,2304.0,16,15118807040,1905143808,88.8,17023950848,520155136,4.6,85031776.92936485,4497914.166335705,4648.52311489826,437.0491827045051,34.4,104337.74149846728,701754.9709916849,526.0591993193814,877.0987030477139
2026-03-04T21:55:39+00:00,1772661339.6772738,23.4125,47.7,9.4,2304.0,16,15118897152,1905053696,88.8,17023950848,520155136,4.6,6381260.765266035,6597279.700204449,123.97413697961399,892.8137445386717,34.4,51739.206360443735,266435.4172405993,235.95077683216854,369.922828084332
2026-03-04T21:55:40+00:00,1772661340.6769955,33.35,54.7,18.8,2304.0,16,15274614784,1749336064,89.7,17023950848,517242880,4.6,26548954.834691066,4572408.20162661,626.1742232605326,144.04007691616087,34.4,133926.26290436016,85198.70521759723,149.04146847574978,206.05733225506344
2026-03-04T21:55:41+00:00,1772661341.6770077,49.7125,72.2,31.2,2304.0,16,15046610944,1977339904,88.4,17023950848,790736896,7.0,23549153.65765654,277603024.5283482,1063.987062611534,431.9947472257355,34.4,247383.99197206722,263895.791199362,214.99738577206745,459.9944067681443
2026-03-04T21:55:42+00:00,1772661342.6769698,21.787499999999998,43.8,4.7,2304.0,16,15091736576,1932214272,88.7,17023950848,790736896,7.0,4046489.396562112,3141751.0992414425,148.00561067869614,396.0150123565113,34.4,187934.12431091437,48314.83154540437,127.00481456888114,218.00826437807945
2026-03-04T21:55:43+00:00,1772661343.6769793,28.24375,39.1,17.2,2304.0,16,15256461312,1767489536,89.6,17023950848,790736896,7.0,43706463.182686016,7770037.899144181,688.9934292466236,1285.987735865251,34.4,47662.545454545456,72393.30960359951,85.99917984790947,151.99855042886324
2026-03-04T21:55:44+00:00,1772661344.676918,20.5625,46.9,7.8,2304.0,16,15389605888,1634344960,90.4,17023950848,790736896,7.0,17006610.055793844,1884275.4562931699,360.02205983862365,71.00435069039521,34.4,10538.645740498378,371650.7723714112,72.00441196772474,306.0187508628301
2026-03-04T21:55:45+00:00,1772661345.677187,17.44375,39.1,1.6,2304.0,16,15374667776,1649283072,90.3,17023950848,790736896,7.0,2548050.737026366,5384791.83477649,59.983868168999045,936.7480745725351,34.4,24778.336209477355,440280.59262931684,128.96531656334795,403.89137900459355
2026-03-04T21:55:46+00:00,1772661346.6773846,13.29375,32.3,4.7,2304.0,16,15378468864,1645481984,90.3,17023950848,790736896,7.0,1490649.3746386587,3489102.3823959813,30.993874091715327,176.96502303979398,34.4,16219.794173867669,5992.815525991667,29.994071701659994,35.992886041991994
2026-03-04T21:55:47+00:00,1772661347.677193,3.1875,9.1,0.0,2304.0,16,15360598016,1663352832,90.2,17023950848,790736896,7.0,315452.4686223918,2171296.212595684,9.001725527602241,10.00191725289138,34.4,108.0207063312269,120.02300703469655,2.000383450578276,2.000383450578276
2026-03-04T21:55:48+00:00,1772661348.6771586,15.8,57.6,3.1,2304.0,16,15372881920,1651068928,90.3,17023950848,790736896,7.0,1157671.7455051786,471056.1724302363,82.00281534323918,44.001510671982,34.4,88167.02697465046,37109.274045816084,65.00223167451885,112.00384534686326
2026-03-04T21:55:49+00:00,1772661349.6770442,6.09375,14.9,1.6,2304.0,16,15352426496,1671524352,90.2,17023950848,790736896,7.0,10597564.795043377,2334987.2180806827,178.02037281488208,20.002289080323827,34.4,7115.8143403252025,13524.547761660957,22.00251798835621,32.00366252851813
2026-03-04T21:55:50+00:00,1772661350.6773734,16.7375,42.2,4.7,2304.0,16,15396110336,1627840512,90.4,17023950848,790736896,7.0,1351235.097658666,2378992.7022414696,29.990125569483887,48.98387176349035,34.4,62332.476654467624,26664.220643828125,56.98123858201939,94.96873097003231
2026-03-04T21:55:51+00:00,1772661351.6772346,8.45625,32.3,0.0,2304.0,16,15415508992,1608441856,90.6,17023950848,790736896,7.0,2760575.0563265756,2437458.220759507,283.03927442019284,26.003608250618424,34.4,60733.42734687707,45470.30944254292,41.00568993366752,75.01040841524545
2026-03-04T21:55:52+00:00,1772661352.676998,19.2375,78.1,1.6,2304.0,16,15516844032,1507106816,91.1,17023950848,790736896,7.0,7556861.08420959,0.0,225.05328128536138,0.0,34.4,30044.112933192886,13588.217005607263,22.00520972567978,74.01752362274108
2026-03-04T21:55:53+00:00,1772661353.6773212,15.60625,68.8,1.6,2304.0,16,15569833984,1454116864,91.5,17023950848,790736896,7.0,577349.3455008271,2452711.0493262084,52.98287087132894,46.98481001797095,34.4,292256.51475667715,24097.20947836574,29.99030426678997,178.94214879184682
2026-03-04T21:55:54+00:00,1772661354.677241,11.66875,32.8,3.1,2304.0,16,15601410048,1422540800,91.6,17023950848,790736896,7.0,2387135.2301629386,466981.40924680396,56.004486443387265,35.002804027117044,34.4,55130.4164228244,14240.140758346273,33.00264379699607,54.00432621326629
2026-03-04T21:55:55+00:00,1772661355.6774037,4.3625,10.6,0.0,2304.0,16,15644356608,1379594240,91.9,17023950848,790736896,7.0,391616.32260989666,450486.75019177655,25.99577304906381,20.99658592424385,34.4,38855.68200895069,28944.293615282626,44.992684123379675,63.989595197695536
2026-03-04T21:55:56+00:00,1772661356.6772287,3.79375,9.4,0.0,2304.0,16,15659835392,1364115456,92.0,17023950848,790736896,7.0,2345370.438037281,438348.71068993723,68.01190203096645,27.004725806413152,34.4,83097.54200645274,640915.1596639617,153.02677956967452,546.0955663074659
2026-03-04T21:55:57+00:00,1772661357.6774898,6.875,26.6,0.0,2304.0,16,15661113344,1362837504,92.0,17023950848,790736896,7.0,1461890.3467079054,253885.71847588275,34.99086499281713,10.997128997742527,34.4,31565.75917952023,903129.2215496071,181.9524979626491,667.8256518629098
2026-03-04T21:55:58+00:00,1772661358.677017,5.88125,19.0,0.0,2304.0,16,15665721344,1358229504,92.0,17023950848,790736896,7.0,352422.61979080323,28685.56207599561,8.003784061382705,7.003311053709866,34.4,35134.61108345473,905382.0501855655,181.08561438878368,671.3173881484743
2026-03-04T21:55:59+00:00,1772661359.6771758,12.83125,37.5,1.6,2304.0,16,15699193856,1324756992,92.2,17023950848,790736896,7.0,657815.5475915204,28667.447988424232,13.99777733809777,6.998888669048885,34.4,4523.281762682451,1289966.1704336384,80.98714031327995,931.8520342219372
2026-03-04T21:56:00+00:00,1772661360.6772985,11.11875,51.6,0.0,2304.0,16,15696908288,1327042560,92.2,17023950848,790736896,7.0,1971469.9319441435,1130357.2084478496,278.9657470322319,67.99165160642211,34.4,8234.988862213126,5920.273075906255,18.997667360617942,24.996930737655187
2026-03-04T21:56:01+00:00,1772661361.6769624,13.15,29.7,3.1,2304.0,16,15691018240,1332932608,92.2,17023950848,790343680,7.0,1671729.985797876,86044.92573959657,33.011097347082945,15.005044248674066,34.4,100577.81126257902,579854.9299457606,258.08676107719396,503.1691504722037
2026-03-04T21:56:02+00:00,1772661362.6773496,19.7875,40.6,4.7,2304.0,16,15705124864,1318825984,92.3,17023950848,790343680,7.0,3076952.6292576995,2956167.396306133,476.81538100749106,56.977938610958056,34.4,31991.613110615817,1432556.3259769948,176.93149358139607,1055.5912837398544
2026-03-04T21:56:03+00:00,1772661363.6771164,19.625,37.5,6.2,2304.0,16,15610732544,1413218304,91.7,17023950848,818900992,7.3,2136562.1894066907,32353656.011015598,490.11428159890266,47.01096170438454,34.4,34001.92834423081,1359609.024618644,141.0328851131536,1009.2353268026383
2026-03-04T21:56:04+00:00,1772661364.6769867,10.68125,27.3,1.5,2304.0,16,15715942400,1308008448,92.3,17023950848,743157760,6.6,13796605.41568044,5800688.34757926,470.06096676967684,833.1080538705124,34.4,21999.853374537408,1711130.9331807257,187.0242569913395,1242.1611079317843
2026-03-04T21:56:05+00:00,1772661365.6773565,7.43125,20.3,3.1,2304.0,16,15685009408,1338941440,92.1,17023950848,743157760,6.6,1023621.4778632722,753385.4077073684,23.991128387420442,79.97042795806814,34.4,30243.816223391896,2216971.1923943986,293.8913227459004,1606.4059716076938
2026-03-04T21:56:06+00:00,1772661366.6771991,11.475,31.3,1.6,2304.0,16,15678128128,1345822720,92.1,17023950848,743157760,6.6,1635585.369600281,34460974.65016296,54.00849857546325,3704.582939324368,34.4,76245.99778521973,1234910.3208722533,175.027541679742,950.1495119757424
2026-03-04T21:56:07+00:00,1772661367.6773674,9.18125,19.0,1.6,2304.0,16,15665655808,1358295040,92.0,17023950848,743157760,6.6,3444156.2675044877,819062.1325813287,149.97475572167886,17.99697068660146,34.4,19766.672804117272,618180.945609188,91.9845168426297,506.91467433927454
2026-03-04T21:56:08+00:00,1772661368.676991,12.18125,25.0,4.7,2304.0,16,15449636864,1574313984,90.8,17023950848,743157760,6.6,241755.0118016326,5375975.855656643,5.001883023570589,268.1009300633836,34.4,0.0,0.0,0.0,0.0
2026-03-04T21:56:09+00:00,1772661369.677279,5.4,31.2,0.0,2304.0,16,15437381632,1586569216,90.7,17023950848,743157760,6.6,356249.39673822885,3316804.7282524756,46.98646744425948,440.87302431741347,34.4,0.0,197.9429905098591,0.0,2.99913621984635
2026-03-04T21:56:10+00:00,1772661370.6773825,6.41875,19.7,1.6,2304.0,16,15434637312,1589313536,90.7,17023950848,743157760,6.6,0.0,380888.5880624726,0.0,26.99720650014375,34.4,9910.974475163885,1398.8552553222632,6.999275759296528,10.998861907465972
2026-03-04T21:56:11+00:00,1772661371.6770377,4.70625,17.9,0.0,2304.0,16,15429685248,1594265600,90.6,17023950848,743157760,6.6,295013.70693879924,3171397.349592092,3.0010346164835537,64.02207181831581,34.4,17634.07940645736,1314.4531620197965,9.00310384945066,11.00379359377303
2026-03-04T21:56:12+00:00,1772661372.6773686,2.99375,11.9,0.0,2304.0,16,15438151680,1585799168,90.7,17023950848,743157760,6.6,1921412.156705497,2948144.3853552644,32.98908308808178,44.985113301929694,34.4,6567.826542081735,1231.5924352883862,9.996691844873265,10.996361029360592
2026-03-04T21:56:13+00:00,1772661373.6771393,7.3125,16.9,0.0,2304.0,16,15465762816,1558188032,90.8,17023950848,743157760,6.6,1540449.315410954,2409000.5251639383,31.00711175000751,31.00711175000751,34.4,885.2030289921499,82780.98653722974,16.00367058064904,78.01789408066406
2026-03-04T21:56:14+00:00,1772661374.676956,26.525,64.1,12.5,2304.0,16,15598653440,1425297408,91.6,17023950848,743157760,6.6,2187153.001133411,0.0,48.00880212040677,0.0,34.4,58120.656067017444,16410.00867478154,34.006234835288126,70.0128364255932
2026-03-04T21:56:15+00:00,1772661375.6769848,33.875,62.5,12.5,2304.0,16,15677034496,1346916352,92.1,17023950848,742764544,6.6,2664883.1217246703,2805679.0599521985,64.9981248919697,63.99815373978555,34.4,332160.4176210088,193091.42957330265,129.9962497839394,337.9902494382424
2026-03-04T21:56:16+00:00,1772661376.6773777,24.4125,56.2,9.4,2304.0,16,15607869440,1416081408,91.7,17023950848,742764544,6.6,483138.16833748337,2501673.0580864605,11.995286886027294,46.981540303606906,34.4,143676.54749911343,55732.102086963816,76.96975751867514,139.94501367031845
2026-03-04T21:56:17+00:00,1772661377.677045,22.49375,69.2,9.1,2304.0,16,15632265216,1391685632,91.8,17023950848,742764544,6.6,65557.80412692,2396957.2133905124,1.0003327045733643,46.01530441037475,34.4,8953.978038636184,22859.60296491052,20.006654091467283,50.016635228668214
2026-03-04T21:56:18+00:00,1772661378.6770406,19.69375,71.0,4.8,2304.0,16,15736041472,1287909376,92.4,17023950848,742764544,6.6,651266.9502086769,212992.96484812073,29.000131369232182,19.000086069496945,34.4,140738.63753941376,13917.063043641527,25.00011324933809,110.00049829708759
2026-03-04T21:56:19+00:00,1772661379.6774006,12.1875,50.7,0.0,2304.0,16,15800295424,1223655424,92.8,17023950848,742764544,6.6,483154.0587147095,2305218.0936981477,8.996761057568328,44.98380528784164,34.4,9272.661730000424,4990.2034665979,4.99820058753796,14.99460176261388
2026-03-04T21:56:20+00:00,1772661380.67716,6.975,18.8,0.0,2304.0,16,15816101888,1207848960,92.9,17023950848,742764544,6.6,495735.256227859,1794479.6878330763,18.00433120016598,36.00866240033196,34.4,0.0,0.0,0.0,0.0
2026-03-04T21:56:21+00:00,1772661381.6768806,8.91875,25.0,0.0,2304.0,16,15817711616,1206239232,92.9,17023950848,742764544,6.6,704708.9143981158,2626269.8495883266,12.003354056108893,34.0095031589752,34.4,1417.3960581255253,886.2476411427067,5.001397523378706,5.001397523378706
2026-03-04T21:56:22+00:00,1772661382.6773114,7.41875,34.8,0.0,2304.0,16,15824232448,1199718400,93.0,17023950848,742764544,6.6,896637.7084152445,720585.5556213837,17.99224853679991,19.991387263111008,34.4,169.9267917364436,90.96081204715509,2.9987080894666516,0.9995693631555504
2026-03-04T21:56:23+00:00,1772661383.677488,3.20625,10.9,0.0,2304.0,16,15812603904,1211346944,92.9,17023950848,742764544,6.6,208859.10124539785,3423651.1498265215,11.997880356468167,48.99134478891168,34.4,137.9756240993839,197.96502588172476,2.999470089117042,2.999470089117042
2026-03-04T21:56:24+00:00,1772661384.677565,2.44375,12.5,0.0,2304.0,16,15817121792,1206829056,92.9,17023950848,742764544,6.6,1273757.9089211032,3710690.242709066,18.998536937849302,23.998151921493854,34.4,330.9745119172694,263.9796711364324,6.999460977102374,3.9996919869156424
2026-03-04T21:56:25+00:00,1772661385.6773825,6.70625,33.8,0.0,2304.0,16,15797972992,1225977856,92.8,17023950848,742764544,6.6,184353.6682581629,262191.88374494284,35.006393169681544,5.000913309954506,34.4,5704.04172133411,1221.2230302908904,6.001095971945407,9.00164395791811
2026-03-04T21:56:26+00:00,1772661386.6775076,3.40625,9.4,0.0,2304.0,16,15781093376,1242857472,92.7,17023950848,742764544,6.6,1380179.2433036007,1408847.6548855747,47.993992603750954,64.99186498424608,34.4,2465.691370017705,1094.8629562730687,6.999123921380347,5.999249075468869
2026-03-04T21:56:27+00:00,1772661387.6770546,5.075,18.5,0.0,2304.0,16,15368859648,1655091200,90.3,17023950848,742764544,6.6,635167.7279956798,2450518.073170429,221.1001573321655,34.01540882033316,34.4,165.0747780986756,252.11420655070455,3.001359601794102,4.001812802392136
2026-03-04T21:56:28+00:00,1772661388.6776028,2.2125,9.0,0.0,2304.0,16,15358763008,1665187840,90.2,17023950848,742764544,6.6,642719.7097004411,3401911.329688322,9.9945217596232,34.9808261586812,34.4,2169.8106740141966,320.8241484839047,3.99780870384928,4.9972608798116
2026-03-04T21:56:29+00:00,1772661389.6773016,5.14375,12.5,0.0,2304.0,16,15379247104,1644703744,90.3,17023950848,742764544,6.6,82456.82962031614,0.0,3.0009036401027323,0.0,34.4,291.087653089965,1395.4201926477704,4.001204853470309,7.002108493573042
2026-03-04T21:56:30+00:00,1772661390.6773174,8.575000000000001,20.3,0.0,2304.0,16,15381401600,1642549248,90.4,17023950848,742764544,6.6,286715.4883522436,2985937.0144112227,4.999921323106927,20.999669557049092,34.4,362.99428805756287,263.99584586004573,4.999921323106927,3.9999370584855414
2026-03-04T21:56:31+00:00,1772661391.67695,12.4125,42.2,3.1,2304.0,16,15416418304,1607532544,90.6,17023950848,742543360,6.6,2636744.748010799,2208555.429957763,88.03234334971951,21.007718299364882,34.4,1521.5590253968564,545.200308245422,8.002940304519955,5.0018376903249715
2026-03-04T21:56:32+00:00,1772661392.6772473,15.2375,36.9,6.2,2304.0,16,15432962048,1590988800,90.7,17023950848,742543360,6.6,520037.3887405969,14274412.103541108,18.994352827554714,580.8273154110151,34.4,17556.78022934294,6732.998225977946,11.996433364771397,15.995244486361862
2026-03-04T21:56:33+00:00,1772661393.6771393,12.7,26.6,3.1,2304.0,16,15333326848,1690624000,90.1,17023950848,742543360,6.6,2859316.81655643,147471.92750147777,85.0091812990018,27.002916412624103,34.4,15979.725868181773,1441.155650021901,16.001728244517984,15.001620229235613
2026-03-04T21:56:34+00:00,1772661394.6770117,12.28125,73.0,3.1,2304.0,16,15296073728,1727877120,89.9,17023950848,742543360,6.6,3326376.2924014176,2339114.363252721,68.00867477440937,264.0336785359423,34.4,19531.491318668242,13317.698724941692,29.00369953614517,33.004209816992784
2026-03-04T21:56:35+00:00,1772661395.6770947,6.49375,12.5,1.6,2304.0,16,15317233664,1706717184,90.0,17023950848,742543360,6.6,1971036.4637638594,2912014.391139956,33.997179265407475,237.98025485785234,34.4,47301.075445591196,31456.390073836876,63.994690381943485,96.9919526101331
2026-03-04T21:56:36+00:00,1772661396.6772444,3.09375,9.2,0.0,2304.0,16,15310843904,1713106944,89.9,17023950848,742543360,6.6,118766.21750626709,802695.8148699431,8.998652659923927,120.98188576119946,34.4,4716.293844095685,15131.734372809857,30.995359161960195,48.99266448180805
2026-03-04T21:56:37+00:00,1772661397.6769903,3.69375,15.4,0.0,2304.0,16,15299657728,1724293120,89.9,17023950848,742543360,6.6,57358.57792379064,237628.39425570407,2.000508437632207,25.006355470402585,34.4,1530.3889547886383,2151.5468246734386,15.003813282241552,20.00508437632207
2026-03-04T21:56:38+00:00,1772661398.677144,3.44375,10.9,0.0,2304.0,16,15282192384,1741758464,89.8,17023950848,742543360,6.6,905076.8173019505,659354.604459792,18.997078629561408,62.990313350650986,34.4,116403.09953327203,6719.966603646433,36.99431101546169,85.98677695485691
2026-03-04T21:56:39+00:00,1772661399.6775498,4.56875,15.6,0.0,2304.0,16,15273955328,1749995520,89.7,17023950848,742543360,6.6,57320.73990742625,1187358.1837966866,1.999188752351641,93.96187136052713,34.4,9646.085730096667,2982.7896185086483,16.99310439498895,24.989859404395514
2026-03-04T21:56:40+00:00,1772661400.6770794,4.14375,11.8,0.0,2304.0,16,15279341568,1744609280,89.8,17023950848,742543360,6.6,237679.80454596737,90154.40862088418,13.006118076077485,15.007059318550944,34.4,54.0254135467834,180.08471182261133,1.0004706212367296,2.000941242473459
2026-03-04T21:56:41+00:00,1772661401.6771915,3.1875,12.3,0.0,2304.0,16,15273332736,1750618112,89.7,17023950848,742543360,6.6,73719.73920692748,434127.3531074618,1.9997759116462532,61.99305326103385,34.4,93119.56532580778,5387.396305975006,19.997759116462532,67.99238099597261
2026-03-04T21:56:42+00:00,1772661402.6774888,3.99375,15.6,0.0,2304.0,16,15272755200,1751195648,89.7,17023950848,742543360,6.6,126938.26024376774,217023.47719095775,1.9994055607952328,33.98989453351896,34.4,1688.4979960915741,2289.3193671105414,16.99494726675948,20.993758388349946
2026-03-04T21:56:43+00:00,1772661403.6771615,1.95,9.4,0.0,2304.0,16,15271723008,1752227840,89.7,17023950848,742543360,6.6,163893.65037488096,237645.7930435774,4.001309823605492,43.01408060375904,34.4,1323.4332241575166,2206.722367718429,15.004911838520595,20.00654911802746
2026-03-04T21:56:44+00:00,1772661404.6770575,2.5500000000000003,7.8,0.0,2304.0,16,15280222208,1743728640,89.8,17023950848,742543360,6.6,65542.8132082364,237592.69787985698,1.0001039613073182,4.000415845229273,34.4,59676.20337120768,4886.507954947557,18.00187130353173,57.00592579451714
2026-03-04T21:56:45+00:00,1772661405.677258,5.61875,17.2,0.0,2304.0,16,15247548416,1776402432,89.6,17023950848,742543360,6.6,462755.2129406731,638847.9045906637,15.996792482738975,72.98536570249658,34.4,34472.088000772324,5805.835871704077,25.994787784450835,52.98937509907286
2026-03-04T21:56:46+00:00,1772661406.677311,5.44375,15.6,1.5,2304.0,16,15171289088,1852661760,89.1,17023950848,742543360,6.6,32766.265716793743,827348.209349042,0.9999470738767622,64.99655980198955,34.4,1419.9248449050024,2379.874035826694,16.99910025590496,22.99878269916553
2026-03-04T21:56:47+00:00,1772661407.6769211,7.1125,23.4,0.0,2304.0,16,15162236928,1861713920,89.1,17023950848,742543360,6.6,0.0,159806.29479121772,0.0,31.012088958131443,34.4,1400.5459529478717,2429.9472283645573,14.005459529478717,23.008969227000748
2026-03-04T21:56:48+00:00,1772661408.677116,5.53125,35.9,0.0,2304.0,16,15166304256,1857646592,89.1,17023950848,742543360,6.6,0.0,163808.09215276508,0.0,24.99513124889604,34.4,785.8469264652915,1443.7187809362351,9.998052499558415,12.99746824942594
2026-03-04T21:56:49+00:00,1772661409.6772997,3.1,12.3,0.0,2304.0,16,15149649920,1874300928,89.0,17023950848,742543360,6.6,0.0,249810.07973015978,0.0,40.99246473543381,34.4,14322.36725207535,6762.75686513352,22.99577290036531,29.99448639178084
2026-03-04T21:56:50+00:00,1772661410.677533,2.9375,14.1,0.0,2304.0,16,15153463296,1870487552,89.0,17023950848,742543360,6.6,0.0,151516.6703473092,0.0,31.99254019157711,34.4,1460.6594131216925,3391.2092603071737,16.99603697677534,27.99347266762997
2026-03-04T21:56:51+00:00,1772661411.6770265,4.70625,26.6,1.6,2304.0,16,15160147968,1863802880,89.1,17023950848,742543360,6.6,0.0,163923.01078675056,0.0,22.011146467947466,34.4,1661.8415583300336,2580.306670038023,19.009626495045538,24.012159783215417
2026-03-04T21:56:52+00:00,1772661412.6770263,8.2,15.4,1.5,2304.0,16,15158845440,1865105408,89.0,17023950848,742543360,6.6,0.0,0.0,0.0,0.0,34.4,1402.0003342629277,1972.00047016155,14.000003337860903,19.000004529954083
2026-03-04T21:56:53+00:00,1772661413.6773925,4.7,15.6,0.0,2304.0,16,15154393088,1869557760,89.0,17023950848,742543360,6.6,16378.002196461257,135118.51812080538,0.999633923123856,18.993044539353264,34.4,1256.539841366687,2355.1375228798047,13.994874923733985,21.99194630872483
2026-03-04T21:56:54+00:00,1772661414.6770828,2.99375,6.2,0.0,2304.0,16,15153729536,1870221312,89.0,17023950848,742543360,6.6,0.0,106528.99263988476,0.0,12.003717620179323,34.4,10033.10731086655,3570.1056822016667,19.005886231950594,30.009294050448307
2026-03-04T21:56:55+00:00,1772661415.6770756,2.8375,17.2,0.0,2304.0,16,15145226240,1878724608,89.0,17023950848,742543360,6.6,0.0,57344.41015918369,0.0,9.000064373476793,34.4,2001.0143123696735,3780.027036860253,20.00014305217065,35.00025034129864
2026-03-04T21:56:56+00:00,1772661416.6772406,1.2625,6.1,0.0,2304.0,16,15153598464,1870352384,89.0,17023950848,742543360,6.6,8190.648660451643,196575.56785083943,0.9998350415590385,26.995546122094037,34.4,707.8832094237993,1072.8229995928482,7.998680332472308,10.998185457149424
2026-03-04T21:56:57+00:00,1772661417.677367,3.3875,9.0,0.0,2304.0,16,15153627136,1870323712,89.0,17023950848,742543360,6.6,16381.929949075458,167914.78197802344,0.9998736541183751,15.997978465894002,34.4,386.95110414381116,645.9183805604704,3.9994946164735006,5.999241924710251
2026-03-04T21:56:58+00:00,1772661418.677611,5.84375,21.9,1.5,2304.0,16,15152619520,1871331328,89.0,17023950848,742543360,6.6,15822569.068098608,221130.01318037588,470.8850378325604,36.990969001708564,34.4,931.7725164754698,1489.6363192579936,10.99731510861606,13.99658286551135
2026-03-04T21:56:59+00:00,1772661419.6773808,1.95,4.7,0.0,2304.0,16,15149592576,1874358272,89.0,17023950848,742543360,6.6,65551.09722707781,65551.09722707781,1.000230365403409,1.000230365403409,34.4,11403.626395964266,3553.818488278312,19.00437694266477,31.00714132750568
2026-03-04T21:57:00+00:00,1772661420.6770968,2.94375,9.4,0.0,2304.0,16,15146065920,1877884928,89.0,17023950848,742543360,6.6,128548.50218632314,73748.94149334874,2.000568074363844,13.003692483364985,34.4,325.0923120841246,696.1976898786177,6.001704223091531,8.002272297455375
2026-03-04T21:57:01+00:00,1772661421.6770759,9.9875,24.6,0.0,2304.0,16,14942814208,2081136640,87.8,17023950848,742150144,6.6,131074.75005769852,12288.257817909234,1.0000209812751657,3.0000629438254967,34.4,688.014435117314,5512.115648788713,8.000167850201326,20.000419625503312
2026-03-04T21:57:02+00:00,1772661422.6772416,3.55,22.4,0.0,2304.0,16,14954696704,2069254144,87.8,17023950848,742150144,6.6,16381.285606027557,8190.642803013779,0.9998343265397679,1.9996686530795358,34.4,779.870774701019,820.8639820891494,6.998840285778376,7.998674612318143
2026-03-04T21:57:03+00:00,1772661423.677188,3.9125,15.6,0.0,2304.0,16,14970683392,2053267456,87.9,17023950848,742150144,6.6,24577.318430101102,61443.29607525276,1.0000536470581503,10.000536470581503,34.4,1528.0819727048536,3068.164589174405,19.001019294104857,29.00155576468636
2026-03-04T21:57:04+00:00,1772661424.6770008,3.3625000000000003,11.8,0.0,2304.0,16,14990921728,2033029120,88.1,17023950848,742150144,6.6,135193.3025871589,217128.63748846733,5.000935968097438,11.002059129814363,34.4,10770.015700894643,2616.4896985085797,23.004305453248215,24.004492646867703
2026-03-04T21:57:05+00:00,1772661425.6770494,1.56875,6.2,0.0,2304.0,16,15007272960,2016677888,88.2,17023950848,742150144,6.6,0.0,307185.0593204257,0.0,38.99810323403842,34.4,1839.9105115546329,5066.753566330068,22.99888139443291,40.9980059639891
2026-03-04T21:57:06+00:00,1772661426.6776452,6.9,25.0,0.0,2304.0,16,15004110848,2019840000,88.1,17023950848,742150144,6.6,114619.70865728031,212865.17322066345,4.997022733733273,24.985113668666365,34.4,941.4390830353485,1584.0562065934475,8.99464092071989,14.991068201199818
2026-03-04T21:57:07+00:00,1772661427.677348,3.48125,12.5,0.0,2304.0,16,15014592512,2009358336,88.2,17023950848,742150144,6.6,0.0,0.0,0.0,0.0,34.4,906.2694411261283,1553.4618565881647,9.002676567478096,14.00416354941037
2026-03-04T21:57:08+00:00,1772661428.6771786,3.29375,20.0,0.0,2304.0,16,15025713152,1998237696,88.3,17023950848,742150144,6.6,98320.64344235517,540763.5389329535,3.000507917552343,45.007618763285144,34.4,1722.2915446750449,2332.3948212440214,18.003047505314058,22.00372472871718
2026-03-04T21:57:09+00:00,1772661429.6772633,2.14375,10.9,0.0,2304.0,16,15011098624,2012852224,88.2,17023950848,742150144,6.6,196591.36078331992,90104.37369235497,3.999661474270018,5.999492211405027,34.4,10016.152246940694,2667.774203338102,21.9981381084851,26.99771495132262
2026-03-04T21:57:10+00:00,1772661430.6774964,6.6375,29.7,0.0,2304.0,16,15018545152,2005405696,88.2,17023950848,742150144,6.6,20475.22572260935,126946.39948017798,0.9997668809867847,9.997668809867847,34.4,1461.6591800026792,8567.002403175758,15.996270095788555,33.99207395355068
2026-03-04T21:57:11+00:00,1772661431.6773436,2.81875,9.4,0.0,2304.0,16,15020892160,2003058688,88.2,17023950848,742150144,6.6,0.0,110608.90395055588,0.0,20.003056993373097,34.4,1222.1867822950962,1845.2820076386681,13.001987045692513,17.00259844436713
2026-03-04T21:57:12+00:00,1772661432.6771834,1.075,3.1,0.0,2304.0,16,15020081152,2003869696,88.2,17023950848,742150144,6.6,0.0,28676.594486116093,0.0,7.001121700711937,34.4,730.1169773599592,1157.1854011033872,8.001281943670785,12.001922915506176
2026-03-04T21:57:13+00:00,1772661433.6777048,4.475,15.4,0.0,2304.0,16,14978162688,2045788160,88.0,17023950848,742150144,6.6,167848.48020500937,20469.326854269435,7.995830802448999,4.997394251530624,34.4,955.5017808926553,1382.2792499733705,9.994788503061248,12.993225053979623
2026-03-04T21:57:14+00:00,1772661434.6770015,2.38125,15.4,0.0,2304.0,16,14985150464,2038800384,88.0,17023950848,742150144,6.6,0.0,53285.47753112717,0.0,9.006334468527355,34.4,923.649634938972,2270.5969898987296,11.0077421282001,21.014780426563828
2026-03-04T21:57:15+00:00,1772661435.6774638,6.1312500000000005,18.8,0.0,2304.0,16,14986620928,2037329920,88.0,17023950848,742150144,6.6,28658.75124200386,20470.53660143133,0.9995379199917641,3.9981516799670564,34.4,10414.18558839419,3699.289841889519,22.989372159810575,33.98428927971998
2026-03-04T21:57:16+00:00,1772661436.677436,1.275,7.8,0.0,2304.0,16,14992048128,2031902720,88.1,17023950848,742150144,6.6,0.0,192517.32436600362,0.0,16.00044251712131,34.4,1199.0331611267784,1901.0525765654759,13.000359545161066,19.000525489081557
2026-03-04T21:57:17+00:00,1772661437.6771936,2.25625,14.1,0.0,2304.0,16,14969356288,2054594560,87.9,17023950848,742150144,6.6,0.0,73745.88128883141,0.0,3.0007275915051843,34.4,1307.3169873657587,2133.5173175601863,15.003637957525921,20.004850610034563
2026-03-04T21:57:18+00:00,1772661438.6775506,3.23125,10.9,0.0,2304.0,16,14975385600,2048565248,88.0,17023950848,742150144,6.6,0.0,53229.001897849776,0.0,8.996788932554237,34.4,1851.3392336767163,2633.0602275942065,20.99250750929322,25.99072358293446
2026-03-04T21:57:19+00:00,1772661439.677481,6.6125,23.1,1.6,2304.0,16,14978506752,2045444096,88.0,17023950848,742150144,6.6,45059.136937138,118792.27010700016,3.0002088692163973,19.001322838370516,34.4,1365.0950354934607,2385.166051027036,16.00111396915412,23.001601330659046
2026-03-04T21:57:20+00:00,1772661440.6773622,1.25625,6.2,0.0,2304.0,16,14983098368,2040852480,88.0,17023950848,742150144,6.6,0.0,126991.07796211842,0.0,12.001424958617543,34.4,9622.142460571615,2788.3310653854755,15.001781198271928,23.00273117068362
2026-03-04T21:57:21+00:00,1772661441.677024,5.36875,15.9,0.0,2304.0,16,14970949632,2053001216,87.9,17023950848,742150144,6.6,86045.11043446219,81947.72422329732,5.001692152300862,14.004738026442414,34.4,218.07377784031758,4373.479617971874,4.001353721840689,6.0020305827610345
2026-03-04T21:57:22+00:00,1772661442.677093,3.21875,18.5,0.0,2304.0,16,14975967232,2047983616,88.0,17023950848,742150144,6.6,0.0,0.0,0.0,0.0,34.4,1291.910675502802,6539.54784658539,13.999032087491662,23.998340721414277
2026-03-04T21:57:23+00:00,1772661443.6775296,1.94375,6.2,0.0,2304.0,16,14979997696,2043953152,88.0,17023950848,742150144,6.6,0.0,1789170.9474094613,0.0,264.88436620842754,34.4,1588.3066336044956,2559.882497584086,15.993018337112606,24.989091151738446
2026-03-04T21:57:24+00:00,1772661444.6771286,4.2375,14.1,1.6,2304.0,16,14981726208,2042224640,88.0,17023950848,742150144,6.6,16390.57294838409,8195.286474192046,2.0008023618632924,2.0008023618632924,34.4,1263.506691516669,2379.954409436386,14.005616533043046,22.008825980496216
2026-03-04T21:57:25+00:00,1772661445.6771853,4.26875,12.3,0.0,2304.0,16,14985846784,2038104064,88.0,17023950848,742150144,6.6,0.0,61436.51386969066,0.0,8.999489336380467,34.4,9329.470612047751,2068.8826041079096,9.999432595978298,16.999035413163107
2026-03-04T21:57:26+00:00,1772661446.6770594,1.85,14.1,0.0,2304.0,16,14987071488,2036879360,88.0,17023950848,742150144,6.6,1982713.593920133,114702.43931769364,289.0363853481922,5.000629504293983,34.4,401.0504862443774,1063.1338326129007,6.000755405152779,11.001384909446761
2026-03-04T21:57:27+00:00,1772661447.6775913,2.225,13.8,0.0,2304.0,16,14995623936,2028326912,88.1,17023950848,742150144,6.6,3430623.2108613416,384819.3100488856,63.965975739508906,18.989899047666707,34.4,216.88463649177237,6177.714000717258,3.9978734837193066,10.994152080228092
2026-03-04T21:57:28+00:00,1772661448.6771183,2.05625,10.8,0.0,2304.0,16,14999285760,2024665088,88.1,17023950848,742150144,6.6,131134.02934127167,557319.6247004046,2.0009464926341503,59.027921532707424,34.4,246.11641859400046,313.14812609724447,3.001419738951225,3.001419738951225
2026-03-04T21:57:29+00:00,1772661449.6774309,4.29375,10.9,0.0,2304.0,16,14814507008,2209443840,87.0,17023950848,742150144,6.6,0.0,0.0,0.0,0.0,34.4,481.8493898987395,65.97937704007637,5.998125185461488,0.999687530910248
2026-03-04T21:57:30+00:00,1772661450.6774168,3.50625,17.2,0.0,2304.0,16,14805069824,2218881024,87.0,17023950848,742150144,6.6,0.0,114689.61330394386,0.0,10.000140668940418,34.4,9818.138108765701,3143.044212247973,17.000239137198708,20.000281337880836
2026-03-04T21:57:31+00:00,1772661451.6771495,2.93125,9.4,0.0,2304.0,16,14804922368,2219028480,87.0,17023950848,742150144,6.6,0.0,147495.42069210907,0.0,10.002673386780401,34.4,1291.3451342333497,1990.5320039692997,14.00374274149256,19.00507943488276
2026-03-04T21:57:32+00:00,1772661452.6774356,1.8375000000000001,10.9,0.0,2304.0,16,14819704832,2204246016,87.1,17023950848,742150144,6.6,0.0,12284.485380540693,0.0,2.9991419386085676,34.4,426.8778692619528,0.0,4.998569897680946,0.0
2026-03-04T21:57:33+00:00,1772661453.677065,5.25625,17.2,0.0,2304.0,16,14821322752,2202628096,87.1,17023950848,742150144,6.6,0.0,135218.13089025838,0.0,10.003708783902876,34.4,919.3408372406743,1164.4317024462948,12.004450540683452,13.004821419073739
2026-03-04T21:57:34+00:00,1772661454.677279,3.50625,12.5,0.0,2304.0,16,14813265920,2210684928,87.0,17023950848,733544448,6.5,5894929.896192841,749407.5519300381,170.9633967565805,78.9830897296483,34.4,674.8555135128178,1546.6688583767839,7.998287567559322,13.997003243228813
2026-03-04T21:57:35+00:00,1772661455.6773367,9.5375,39.1,1.6,2304.0,16,14814646272,2209304576,87.0,17023950848,733544448,6.5,262128.87587262125,241650.0574450727,6.999596142228503,36.997865323207805,34.4,9012.480004272215,1974.8860544144707,6.999596142228503,15.999076896522293
2026-03-04T21:57:36+00:00,1772661456.677103,1.94375,10.9,0.0,2304.0,16,14820278272,2203672576,87.1,17023950848,733544448,6.5,28678.700784389664,204847.86274564045,1.0002337048126975,21.004907801066647,34.4,583.1362499058026,4790.119212348009,7.001635933688883,13.003038162565067
2026-03-04T21:57:37+00:00,1772661457.677159,3.68125,12.3,0.0,2304.0,16,14828343296,2195607552,87.1,17023950848,733544448,6.5,16383.082082679408,0.0,0.9999439747729131,0.0,34.4,1426.920052000947,2536.8578639988805,15.99910359636661,23.998655394549914
2026-03-04T21:57:38+00:00,1772661458.6774611,2.13125,10.9,0.0,2304.0,16,14820413440,2203537408,87.1,17023950848,733544448,6.5,81895.26137920203,196548.62731008485,1.9993960297656743,37.98852456554781,34.4,1543.5337349791005,2299.3054342305254,15.995168238125395,20.99365831253958
2026-03-04T21:57:39+00:00,1772661459.6773934,9.475,31.8,1.6,2304.0,16,14834679808,2189271040,87.1,17023950848,733544448,6.5,65540.43780048736,12288.83208759138,1.000067715461538,3.000203146384614,34.4,1650.1117305115379,10262.694896066303,20.001354309230763,30.002031463846144
2026-03-04T21:57:40+00:00,1772661460.6772788,2.35,10.9,0.0,2304.0,16,14840516608,2183434240,87.2,17023950848,733544448,6.5,0.0,421936.38738497073,0.0,41.00470239206567,34.4,12363.417828554042,4638.531943765867,31.0035554671716,40.004587699576255
2026-03-04T21:57:41+00:00,1772661461.6772234,4.05625,20.0,0.0,2304.0,16,14849073152,2174877696,87.2,17023950848,733544448,6.5,24577.359450195418,139271.70355110738,1.000055316170061,24.001327588081462,34.4,6702.370728971749,9523.52677588749,29.001604168931767,44.00243391148268
2026-03-04T21:57:42+00:00,1772661462.6774614,1.85,12.3,0.0,2304.0,16,14845337600,2178613248,87.2,17023950848,733544448,6.5,126945.79429657268,98280.61493928208,1.9995242297217222,5.998572689165166,34.4,1125.7321413333295,1736.5867935133156,11.997145378330332,15.996193837773777
2026-03-04T21:57:43+00:00,1772661463.6771276,6.425,20.3,1.6,2304.0,16,14859587584,2164363264,87.3,17023950848,733544448,6.5,32778.94115200348,36876.30879600391,1.0003338974610436,7.002337282227306,34.4,854.2851484317313,5084.697200794485,11.003672872071482,15.005008461915656
2026-03-04T21:57:44+00:00,1772661464.6770403,2.05,6.2,0.0,2304.0,16,14861725696,2162225152,87.3,17023950848,733544448,6.5,0.0,61445.36179600175,0.0,10.000872688151327,34.4,1275.1112677392941,2362.2061289413436,12.001047225781592,22.00191991393292
2026-03-04T21:57:45+00:00,1772661465.6773343,2.8312500000000003,9.4,0.0,2304.0,16,14842916864,2181033984,87.2,17023950848,733544448,6.5,131033.48007370689,20473.981261516703,3.9988244651399807,3.9988244651399807,34.4,10513.909224969295,4144.78155811759,23.992946790839884,37.988832418829816
2026-03-04T21:57:46+00:00,1772661466.677189,3.21875,18.8,0.0,2304.0,16,14849835008,2174115840,87.2,17023950848,733544448,6.5,0.0,299051.42134370765,0.0,28.004066103996596,34.4,2465.3579623697,2812.408353015658,18.00261392399781,27.003920885996717
2026-03-04T21:57:47+00:00,1772661467.6771832,9.95625,23.1,4.6,2304.0,16,14828306432,2195644416,87.1,17023950848,733544448,6.5,0.0,8192.04882841604,0.0,2.00001192100001,34.4,1491.0088871055073,2383.0142038715117,16.00009536800008,22.000131131000106
2026-03-04T21:57:48+00:00,1772661468.6773283,3.7062500000000003,20.3,0.0,2304.0,16,14835625984,2188324864,87.1,17023950848,733544448,6.5,12286.216079332276,0.0,0.9998548241644105,0.0,34.4,1419.793850313463,2927.574925153394,16.99753201079498,26.996080252439086
2026-03-04T21:57:49+00:00,1772661469.6771278,1.5750000000000002,10.9,0.0,2304.0,16,14838747136,2185203712,87.2,17023950848,733544448,6.5,65549.14326035546,294971.14467159956,1.0002005502373574,14.002807703323006,34.4,1443.2893939925068,2285.458257292362,15.003008253560363,21.004211554984508
2026-03-04T21:57:50+00:00,1772661470.6773655,3.28125,16.9,0.0,2304.0,16,14846222336,2177728512,87.2,17023950848,733544448,6.5,0.0,778055.0537279685,0.0,79.98098825328624,34.4,10100.599054036886,3386.195090173506,18.99548471015548,29.99287059498234
2026-03-04T21:57:51+00:00,1772661471.677309,1.76875,10.8,0.0,2304.0,16,14854258688,2169692160,87.3,17023950848,733544448,6.5,0.0,90117.09208460427,0.0,16.00090413434025,34.4,1512.0854406951535,2341.1322861556573,15.000847625943983,22.00124318471784
2026-03-04T21:57:52+00:00,1772661472.6770093,4.09375,14.1,0.0,2304.0,16,14856327168,2167623680,87.3,17023950848,733544448,6.5,0.0,0.0,0.0,0.0,34.4,1577.472756208075,2250.6745094915464,16.004796511939887,21.0062954219211
2026-03-04T21:57:53+00:00,1772661473.6773145,3.54375,9.5,0.0,2304.0,16,14858862592,2165088256,87.3,17023950848,733544448,6.5,1277562.1189822443,253874.5236439075,42.98688144487156,14.995423759838916,34.4,1416.5676978461163,2420.2613948380013,16.994813594484103,23.992678015742268
2026-03-04T21:57:54+00:00,1772661474.6771607,2.4125,14.1,0.0,2304.0,16,14883954688,2139996160,87.4,17023950848,733544448,6.5,73739.3396344338,40966.29979690767,2.000307607270882,10.001538036354411,34.4,1486.2285522022653,2551.39235307401,16.002460858167055,25.003845090886024
2026-03-04T21:57:55+00:00,1772661475.6772022,6.08125,18.8,0.0,2304.0,16,14798012416,2225938432,86.9,17023950848,733544448,6.5,0.0,65533.28136278221,0.0,0.9999585168881563,34.4,10438.566957795463,3325.862027170008,21.99908737153944,27.998838472868375
2026-03-04T21:57:56+00:00,1772661476.677251,7.10625,26.6,1.6,2304.0,16,14821003264,2202947584,87.1,17023950848,733544448,6.5,0.0,196598.391094643,0.0,14.999266898700181,34.4,1341.9344118703762,2454.88001575393,14.999266898700181,23.99882703792029
2026-03-04T21:57:57+00:00,1772661477.6774724,4.09375,21.9,0.0,2304.0,16,14814502912,2209447936,87.0,17023950848,733544448,6.5,0.0,151518.47616722985,0.0,4.99889398250204,34.4,1388.6927483390668,2234.505610178412,13.996903151005712,20.99535472650857
2026-03-04T21:57:58+00:00,1772661478.6775863,5.89375,17.2,1.5,2304.0,16,14815760384,2208190464,87.0,17023950848,733544448,6.5,0.0,8191.06651263403,0.0,1.9997720978110425,34.4,1362.8446846582253,2105.7600189950276,15.99817678248834,18.997834929204902
2026-03-04T21:57:59+00:00,1772661479.6770883,3.51875,16.9,0.0,2304.0,16,14812876800,2211074048,87.0,17023950848,733544448,6.5,0.0,0.0,0.0,0.0,34.4,1611.8027687034182,2987.487937522288,18.008969482719756,27.013454224079634
2026-03-04T21:58:00+00:00,1772661480.677327,3.025,10.9,0.0,2304.0,16,14822305792,2201645056,87.1,17023950848,733544448,6.5,0.0,8190.045388356746,0.0,1.9995227998917837,34.4,10378.523092838304,3674.1231448011526,19.995227998917837,31.99236479826854
2026-03-04T21:58:01+00:00,1772661481.6773534,9.04375,50.0,1.6,2304.0,16,14832390144,2191560704,87.1,17023950848,733544448,6.5,36863.02443988017,24575.349626586783,1.999947072476138,3.999894144952276,34.4,1040.9724512238297,4926.869613044966,12.999655971094896,16.99955011604717
2026-03-04T21:58:02+00:00,1772661482.677153,10.7875,29.2,1.6,2304.0,16,14853160960,2170789888,87.2,17023950848,733544448,6.5,11317466.567210305,73742.76858272779,159.03184956398815,5.00100155861598,34.4,475.09514806851803,484.09695087402685,6.001201870339176,5.00100155861598
2026-03-04T21:58:03+00:00,1772661483.6773522,13.16875,34.4,1.6,2304.0,16,14873399296,2150551552,87.4,17023950848,733544448,6.5,25551393.24106305,65522.95572184855,241.9518323469139,1.9996019202224289,34.4,3010.400690894867,5443.916227805563,17.99641728200186,13.997213441557003
2026-03-04T21:58:04+00:00,1772661484.6770163,15.84375,57.8,6.2,2304.0,16,14878777344,2145173504,87.4,17023950848,733544448,6.5,2434353.776792407,217160.95126446048,89.02990797527723,35.01176156331127,34.4,11584.891733277365,3320.1153322465743,19.006384848654687,25.008401116650905
2026-03-04T21:58:05+00:00,1772661485.6771014,9.85,34.4,3.1,2304.0,16,14895140864,2128809984,87.5,17023950848,733544448,6.5,53243.468159167096,901043.3073089815,1.999829783622562,76.99344666946864,34.4,22956.04608620339,28568.56837394011,43.99625523969637,74.99361688584608
2026-03-04T21:58:06+00:00,1772661486.6771617,10.0,51.6,0.0,2304.0,16,14919536640,2104414208,87.6,17023950848,733544448,6.5,466915.83568324376,311277.2237888292,12.999215888590857,26.998371460919472,34.4,71910.66235600089,60803.33234904186,32.998009563346024,121.9926414160065
2026-03-04T21:58:07+00:00,1772661487.6769772,13.46875,46.9,3.1,2304.0,16,14909280256,2114670592,87.6,17023950848,733544448,6.5,57354.58398437593,0.0,2.0003691400800756,0.0,34.4,51801.55925151364,18913.490219457115,25.004614251000948,62.011443342482345
2026-03-04T21:58:08+00:00,1772661488.6769981,3.025,16.9,0.0,2304.0,16,14906675200,2117275648,87.6,17023950848,733544448,6.5,65534.625028848044,8191.8281286060055,1.9999580392104506,1.9999580392104506,34.4,107.99773411736433,947.9801105857536,1.9999580392104506,3.999916078420901
2026-03-04T21:58:09+00:00,1772661489.6770625,3.90625,25.4,0.0,2304.0,16,14925967360,2097983488,87.7,17023950848,733544448,6.5,12116724.00992711,569307.3519685193,67.99562291665376,47.99691029410853,34.4,18496.809304592076,2344.849054993427,4.999678155636305,14.999034466908917
2026-03-04T21:58:10+00:00,1772661490.6771379,2.8375,23.4,0.0,2304.0,16,14946881536,2077069312,87.8,17023950848,733544448,6.5,0.0,253932.8686288627,0.0,30.997664627546715,34.4,269.97965965927784,1095.9174332835871,4.999623327023664,3.9996986616189307
2026-03-04T21:58:11+00:00,1772661491.6774452,8.9125,48.5,0.0,2304.0,16,14886830080,2137120768,87.4,17023950848,733544448,6.5,94179.056746448,167884.40550453775,2.9990783186071672,18.99416268451206,34.4,250.92288599013298,1333.5901590073204,3.9987710914762227,4.998463864345278
2026-03-04T21:58:12+00:00,1772661492.6773183,6.66875,43.8,0.0,2304.0,16,14854209536,2169741312,87.3,17023950848,733544448,6.5,0.0,348204.16575817665,0.0,10.001268547741747,34.4,271.03437764380135,1330.1687168496524,6.000761128645048,5.000634273870873
2026-03-04T21:58:13+00:00,1772661493.677108,10.45625,50.8,1.5,2304.0,16,14870827008,2153123840,87.4,17023950848,733544448,6.5,4096.861509287642,61452.922639314624,1.0002103294159281,11.002313623575208,34.4,18521.894880124157,2317.4873332567054,7.001472305911497,14.002944611822993
2026-03-04T21:58:14+00:00,1772661494.6772444,10.7375,45.3,0.0,2304.0,16,14870605824,2153345024,87.4,17023950848,733544448,6.5,0.0,131054.12743737837,0.0,0.9998636431684751,34.4,360.9507751838195,1793.7553758442443,6.999045502179325,6.999045502179325
2026-03-04T21:58:15+00:00,1772661495.677043,15.55,53.1,4.7,2304.0,16,14874210304,2149740544,87.4,17023950848,733544448,6.5,86033.33259345089,213034.9188028308,7.001410530065991,6.00120902577085,34.4,10206.056149827624,2948.5940346620773,13.00261955583684,15.003022564427123
2026-03-04T21:58:16+00:00,1772661496.6773083,14.1,56.2,3.1,2304.0,16,14911463424,2112487424,87.6,17023950848,733544448,6.5,0.0,294833.7629484745,0.0,17.9952247893356,34.4,4654.764812174809,4933.690796409511,33.99098015763391,27.992571894522047
2026-03-04T21:58:17+00:00,1772661497.6771953,11.59375,37.5,1.6,2304.0,16,14918807552,2105143296,87.6,17023950848,733544448,6.5,53254.01825825081,163858.5177176948,3.0003390695378687,17.001921394047923,34.4,13080.478230161929,21478.42728579842,42.00474697353016,53.00599022850235
2026-03-04T21:58:18+00:00,1772661498.6773162,10.625,35.9,3.1,2304.0,16,14918045696,2105905152,87.6,17023950848,733544448,6.5,0.0,0.0,0.0,0.0,34.4,32707.046430458966,11446.616353394706,24.996978409754337,43.99468200116763
2026-03-04T21:58:19+00:00,1772661499.6769989,1.76875,4.7,0.0,2304.0,16,14894559232,2129391616,87.5,17023950848,733544448,6.5,77848.70412855032,180281.20956085337,2.0006348717246687,18.00571384552202,34.4,36258.50609770203,2430.771369145473,4.001269743449337,22.00698358897136
2026-03-04T21:58:20+00:00,1772661500.6770825,6.00625,17.2,0.0,2304.0,16,14929907712,2094043136,87.7,17023950848,733544448,6.5,139252.3466783323,184304.57648602806,2.999748966243946,27.99765701827683,34.4,119.98995864975785,413.96535734166457,1.9998326441626308,1.9998326441626308
2026-03-04T21:58:21+00:00,1772661501.6771853,4.1875,13.8,0.0,2304.0,16,14923522048,2100428800,87.7,17023950848,733544448,6.5,0.0,675770.55889347,0.0,63.99342413763921,34.4,18444.1047131702,944.9029032823289,4.999486260753063,9.998972521506126
2026-03-04T21:58:22+00:00,1772661502.676994,1.6625,4.7,0.0,2304.0,16,14917738496,2106212352,87.6,17023950848,733544448,6.5,0.0,0.0,0.0,0.0,34.4,9061.732709320277,1188.2272029439832,6.001147489616077,9.001721234424116
2026-03-04T21:58:23+00:00,1772661503.6775715,3.0500000000000003,9.5,0.0,2304.0,16,14923493376,2100457472,87.7,17023950848,733544448,6.5,24561.816783845312,118715.44778858568,1.9988457669144948,7.995383067657979,34.4,0.9994228834572474,65.96191030817833,0.9994228834572474,0.9994228834572474
2026-03-04T21:58:24+00:00,1772661504.6771204,1.54375,6.2,0.0,2304.0,16,14922080256,2101870592,87.7,17023950848,733544448,6.5,532720.3037106086,12293.545470244813,10.004512915238292,2.0009025830476586,34.4,1.0004512915238293,0.0,1.0004512915238293,0.0
2026-03-04T21:58:25+00:00,1772661505.6770024,6.11875,12.5,1.6,2304.0,16,14922702848,2101248000,87.7,17023950848,733544448,6.5,81929.66910987125,208920.65623017168,2.000236062252716,4.000472124505432,34.4,3024.3569261261064,1545.182358090223,7.000826217884505,11.001298342389937
