ts_iso_utc,ts_unix,disk_read_bytes_per_s,disk_write_bytes_per_s,disk_read_ops_per_s,disk_write_ops_per_s,disk_usage_percent_c,net_bytes_sent_per_s,net_bytes_recv_per_s,net_packets_sent_per_s,net_packets_recv_per_s,label
2026-03-05T09:31:32+00:00,1772703092.3818429,0.0,0.0,0.0,0.0,34.8,0.0,0.0,0.0,0.0,0
2026-03-05T09:31:33+00:00,1772703093.3816113,4480525.261492946,4195275.224842864,107.02477671103154,5.001157790235118,34.8,0.0,0.0,0.0,0.0,0
2026-03-05T09:31:34+00:00,1772703094.381736,1291614.9447650642,4238831.4477426605,30.99613500151496,6.999127258406604,34.8,249.96883065737873,218.97269565586376,2.9996259678885444,0.9998753226295148,0
2026-03-05T09:31:35+00:00,1772703095.3816485,155661.6203323989,4194671.03211517,4.000350029101534,5.000437536376918,34.8,3236.283173543141,4927.431148345814,4.000350029101534,6.000525043652301,0
2026-03-05T09:31:36+00:00,1772703096.381772,368594.47827822017,4095.494203091335,18.997653774105313,0.9998765144265954,34.8,651.9194874061402,1484.8166239234943,5.999259086559572,8.998888629839358,0
2026-03-05T09:31:37+00:00,1772703097.381633,204828.4707542538,3146165.3107853383,6.000834104128529,4.000556069419019,34.8,228.0316959568841,376.0522705253878,4.000556069419019,4.000556069419019,0
2026-03-05T09:31:38+00:00,1772703098.381952,126935.50705803784,5085609.6698736455,4.998405488361495,245.92155002738556,34.8,54.982460371976444,65.97895244637174,0.9996810976722991,0.9996810976722991,0
2026-03-05T09:31:39+00:00,1772703099.3815992,524473.0653020494,3667214.0112916734,6.00211790430507,14.00494177671183,34.8,0.0,0.0,0.0,0.0,0
2026-03-05T09:31:40+00:00,1772703100.3819568,8189.07135986333,0.0,0.9996424999833167,0.0,34.8,54.98033749908242,329.8820249944945,0.9996424999833167,2.99892749994995,0
2026-03-05T09:31:41+00:00,1772703101.3816447,176182.98493368106,3146710.0564899314,4.001248749402277,5.001560936752846,34.8,0.0,0.0,0.0,0.0,0
2026-03-05T09:31:42+00:00,1772703102.3819578,0.0,3144743.558173208,0.0,3.9987482174850566,34.8,54.982787990419524,65.97934558850343,0.9996870543712641,0.9996870543712641,0
2026-03-05T09:31:43+00:00,1772703103.3815155,0.0,184401.5546235625,0.0,8.003539697203234,34.8,55.02433541827223,0.0,1.0004424621504042,0.0,0
2026-03-05T09:31:44+00:00,1772703104.3818653,0.0,2100513.3243430112,0.0,2.998951086701348,34.8,109.96153984571608,0.0,1.9993007244675651,0.0,0
2026-03-05T09:31:45+00:00,1772703105.3816035,0.0,2097701.1437568297,0.0,3.0007855564453547,34.8,0.0,0.0,0.0,0.0,0
2026-03-05T09:31:46+00:00,1772703106.3817039,258022.10123238116,2096941.521126653,3.999598543408686,1.999799271704343,34.8,0.0,0.0,0.0,0.0,0
2026-03-05T09:31:47+00:00,1772703107.3819497,204749.67057457866,65519.89458386517,8.997788257671914,0.9997542508524349,34.8,54.98648379688392,65.9837805562607,0.9997542508524349,0.9997542508524349,0
2026-03-05T09:31:48+00:00,1772703108.3819137,94211.39172366864,2097227.502718189,3.0001080075047333,3.0001080075047333,34.8,4298.154738751781,7014.252521546066,26.00093606504102,26.00093606504102,0
2026-03-05T09:31:49+00:00,1772703109.3816042,28680.875793643034,2200232.9001694727,1.0003095631153403,5.001547815576701,34.8,489.15137636340137,6374.9728457340625,5.001547815576701,9.002786068038061,0
2026-03-05T09:31:50+00:00,1772703110.3816657,65531.96899795497,2097023.0079345591,0.9999384917900844,2.9998154753702533,34.8,541.9666625502257,5441.665272321639,3.9997539671603377,9.999384917900844,0
2026-03-05T09:31:51+00:00,1772703111.3815684,0.0,0.0,0.0,0.0,34.8,665.0646940219787,6295.612404313316,5.000486421217884,9.000875558192192,0
2026-03-05T09:31:52+00:00,1772703112.3821158,65500.14462755564,2096004.6280817804,1.9989057808702282,1.9989057808702282,34.8,324.8221893914121,1603.122436257923,4.997264452175571,3.9978115617404564,0
2026-03-05T09:31:53+00:00,1772703113.381814,0.0,2097785.1911210916,0.0,3.0009057871643425,34.8,4182.262365378038,7467.253900393939,14.004227006766932,19.005736652040834,0
2026-03-05T09:31:54+00:00,1772703114.3817158,90120.85243206072,2232539.2988851406,6.000589428626202,6.000589428626202,34.8,5732.563100814232,569.0558974813848,5.000491190521835,8.000785904834936,0
2026-03-05T09:31:55+00:00,1772703115.3818622,0.0,65526.40765421398,0.0,0.9998536324190366,34.8,100.98521687432269,0.0,0.9998536324190366,0.0,0
2026-03-05T09:31:56+00:00,1772703116.3818767,0.0,2097121.5004435712,0.0,2.999956370034558,34.8,5127.925421845738,10695.844444629878,12.999810936816418,18.999723676885537,0
2026-03-05T09:31:57+00:00,1772703117.3817039,0.0,2257286.179748611,0.0,18.00311190036005,34.8,402.0694991080411,7902.365951374709,7.001210183473353,13.00224748359337,0
2026-03-05T09:31:58+00:00,1772703118.3819,114665.50050856624,131046.28629550428,3.9992152800141687,0.9998038200035422,34.8,0.0,0.0,0.0,0.0,0
2026-03-05T09:31:59+00:00,1772703119.381757,98318.06451194457,19389141.638959736,4.0005722864560775,232.03319261445253,34.8,0.0,0.0,0.0,0.0,0
2026-03-05T09:32:00+00:00,1772703120.38156,577649.7587310581,417874.2935501271,8.00157578029502,39.007681928938226,34.8,0.0,0.0,0.0,0.0,0
2026-03-05T09:32:01+00:00,1772703121.3817942,6941094.901963776,200657.0207647345,188.9557603462553,31.992509688254867,34.8,107.97472019786017,107.97472019786017,1.9995318555159292,1.9995318555159292,0
2026-03-05T09:32:02+00:00,1772703122.3821917,388965.4081212668,0.0,5.997616284764599,0.0,34.8,0.0,0.0,0.0,0.0,0
2026-03-05T09:32:03+00:00,1772703123.3817847,0.0,61465.015063455896,0.0,14.005700047011434,34.8,0.0,0.0,0.0,0.0,0
2026-03-05T09:32:04+00:00,1772703124.381747,0.0,282634.64688544464,0.0,15.000565073318858,34.8,0.0,0.0,0.0,0.0,0
2026-03-05T09:32:05+00:00,1772703125.3816347,81929.20025189368,49157.5201511362,5.00056153881187,10.00112307762374,34.8,0.0,0.0,0.0,0.0,0
2026-03-05T09:32:06+00:00,1772703126.3816164,0.0,65537.20314708765,0.0,1.0000183585676217,34.8,0.0,0.0,0.0,0.0,0
2026-03-05T09:32:07+00:00,1772703127.3819175,16379.067891419681,4094.7669728549204,0.9996989679821583,0.9996989679821583,34.8,0.0,0.0,0.0,0.0,0
2026-03-05T09:32:08+00:00,1772703128.3816502,0.0,69650.61532682928,0.0,2.00053467735608,34.8,0.0,142.03796209228167,0.0,1.00026733867804,0
2026-03-05T09:32:09+00:00,1772703129.3817668,466377.62657847477,225253.73841331384,13.99836797667966,13.99836797667966,34.8,0.0,0.0,0.0,0.0,0
2026-03-05T09:32:10+00:00,1772703130.3817441,0.0,0.0,0.0,0.0,34.8,0.0,0.0,0.0,0.0,0
2026-03-05T09:32:11+00:00,1772703131.3817024,4096.170905568236,131077.46897818355,1.000041724992245,26.001084849798374,34.8,0.0,0.0,0.0,0.0,0
2026-03-05T09:32:12+00:00,1772703132.381671,0.0,4096.1289103069685,0.0,1.0000314722429122,34.8,108.00339900223453,357.0112355907197,2.0000629444858244,5.000157361214561,0
2026-03-05T09:32:13+00:00,1772703133.381725,327662.2665847505,131064.90663390019,4.99972940955735,0.9999458819114699,34.8,0.0,131.99285641231404,0.0,1.9998917638229399,0
2026-03-05T09:32:14+00:00,1772703134.381609,0.0,163859.02564656493,0.0,5.000580616655424,34.8,110.01277356641933,132.0153282797032,2.0002322466621694,2.0002322466621694,0
2026-03-05T09:32:15+00:00,1772703135.3816168,65535.48437905681,12287.903321073152,0.9999921322487917,2.999976396746375,34.8,0.0,0.0,0.0,0.0,0
2026-03-05T09:32:16+00:00,1772703136.3817332,0.0,12286.570478822312,0.0,2.9996509958062285,34.8,0.0,0.0,0.0,0.0,0
2026-03-05T09:32:17+00:00,1772703137.3820632,65514.382133275874,303004.0173664009,0.9996701375316753,4.998350687658377,34.8,0.0,0.0,0.0,0.0,0
2026-03-05T09:32:18+00:00,1772703138.381591,32271.234242391572,69664.8866184961,6.002833750444861,2.0009445834816204,34.8,0.0,0.0,0.0,0.0,0
2026-03-05T09:32:19+00:00,1772703139.3818648,0.0,458626.47185762104,0.0,52.98549762933767,34.8,0.0,0.0,0.0,0.0,0
2026-03-05T09:32:20+00:00,1772703140.3818674,32767.91406272538,69631.81738329143,0.9999973774025079,1.9999947548050159,34.8,0.0,0.0,0.0,0.0,0
2026-03-05T09:32:21+00:00,1772703141.3818867,0.0,8191.841799930145,0.0,1.9999613769360705,34.8,0.0,0.0,0.0,0.0,0
2026-03-05T09:32:22+00:00,1772703142.3818622,24576.603530445966,311303.6447189822,2.0000491154334283,73.00179271332013,34.8,108.00265223340513,225.00552548626067,2.0000491154334283,3.0000736731501423,0
2026-03-05T09:32:23+00:00,1772703143.381791,0.0,16385.164145211045,0.0,3.0002131613545617,34.8,55.00390795816696,0.0,1.0000710537848538,0.0,0
2026-03-05T09:32:24+00:00,1772703144.3816223,0.0,680050.7928145677,0.0,59.00996090229006,34.8,0.0,0.0,0.0,0.0,0
2026-03-05T09:32:25+00:00,1772703145.3817215,0.0,12286.781370866232,0.0,1.9998016554144258,34.8,54.99454552389671,65.99345462867605,0.9999008277072129,0.9999008277072129,0
2026-03-05T09:32:26+00:00,1772703146.3821046,0.0,24566.58759063288,0.0,2.9988510242471778,34.8,0.0,0.0,0.0,0.0,0
2026-03-05T09:32:27+00:00,1772703147.3818848,254007.8364928356,20484.502942970616,4.000879481048948,3.000659610786711,34.8,0.0,0.0,0.0,0.0,0
2026-03-05T09:32:28+00:00,1772703148.3816955,0.0,0.0,0.0,0.0,34.8,55.01041371071012,0.0,1.0001893401947295,0.0,0
2026-03-05T09:32:29+00:00,1772703149.3818636,0.0,12285.934917422108,0.0,2.999495829448757,34.8,109.98151374645441,0.0,1.9996638862991711,0.0,0
2026-03-05T09:32:30+00:00,1772703150.381854,0.0,69632.66406883305,0.0,2.000019073668229,34.8,0.0,0.0,0.0,0.0,0
2026-03-05T09:32:31+00:00,1772703151.3817756,0.0,4096.321314266299,0.0,1.0000784458657956,34.8,0.0,0.0,0.0,0.0,0
2026-03-05T09:32:32+00:00,1772703152.3820567,0.0,0.0,0.0,0.0,34.8,54.98454409182447,65.98145291018936,0.9997189834877176,0.9997189834877176,0
2026-03-05T09:32:33+00:00,1772703153.3821242,12287.170954375246,16382.89460583366,0.9999325320943396,2.999797596283019,34.8,54.99628926518868,0.0,0.9999325320943396,0.0,0
2026-03-05T09:32:34+00:00,1772703154.3821645,0.0,167929.23367107144,0.0,5.999758253301428,34.8,0.0,0.0,0.0,0.0,0
2026-03-05T09:32:35+00:00,1772703155.381763,0.0,77855.25864399827,0.0,4.001606632606818,34.8,0.0,0.0,0.0,0.0,0
2026-03-05T09:32:36+00:00,1772703156.3818386,0.0,65531.04724932241,0.0,0.9999244270221315,34.8,4645.6488879448225,4132.687656882469,8.999319843199183,7.999395416177052,0
2026-03-05T09:32:37+00:00,1772703157.3819132,131062.21947987146,114679.44204488753,2.999776141659656,4.999626902766093,34.8,215.9838821994952,878.9344095062792,2.999776141659656,5.999552283319312,0
2026-03-05T09:32:38+00:00,1772703158.382023,417746.08512467326,40955.49854163463,6.999230707798888,8.999010910027142,34.8,161.98219638048855,111.9876913247822,2.99967030334238,1.9997802022282536,0
2026-03-05T09:32:39+00:00,1772703159.3815954,12143177.91564862,163910.10811184708,187.0800184137903,5.002139529780489,34.8,233.09970208777082,128.05477196238053,4.0017116238243915,2.0008558119121957,0
2026-03-05T09:32:40+00:00,1772703160.3820236,16803300.830481637,0.0,240.89684802554754,0.0,34.8,1570.3275860918473,4891.9052872905795,8.996147851576463,10.995291818593456,0
2026-03-05T09:32:41+00:00,1772703161.381976,2595963.785199413,45058.148539950365,88.00419636709056,5.000238429948327,34.8,813.038768709598,1034.049307313314,6.0002861159379925,8.000381487917323,0
2026-03-05T09:32:42+00:00,1772703162.3817794,319550.77795816364,815264.1642778789,6.001178973072484,76.01493365891812,34.8,55.01080725316444,66.01296870379733,1.0001964955120806,1.0001964955120806,0
2026-03-05T09:32:43+00:00,1772703163.3820357,65519.2074289355,0.0,0.9997437657003098,0.0,34.8,6386.363175293579,1743.5531273813403,16.995644016905267,21.994362845406815,0
2026-03-05T09:32:44+00:00,1772703164.3816028,65564.38729079248,36879.967851070774,1.0004331556822583,4.001732622729033,34.8,0.0,0.0,0.0,0.0,0
2026-03-05T09:32:45+00:00,1772703165.3822033,0.0,4093.5415155702303,0.0,0.9993997840747633,34.8,0.0,0.0,0.0,0.0,0
2026-03-05T09:32:46+00:00,1772703166.3816874,16392.457488538075,4098.114372134519,1.000516204134404,1.000516204134404,34.8,0.0,0.0,0.0,0.0,0
2026-03-05T09:32:47+00:00,1772703167.3818817,0.0,65523.26809895023,0.0,0.999805726607517,34.8,0.0,0.0,0.0,0.0,0
2026-03-05T09:32:48+00:00,1772703168.3816261,16388.188570534614,69649.80142477211,1.0002556500570443,3.000766950171133,34.8,0.0,0.0,0.0,0.0,0
2026-03-05T09:32:49+00:00,1772703169.3817284,274403.93353474466,659388.5567028938,5.999386373340091,60.99376146229093,34.8,0.0,0.0,0.0,0.0,0
2026-03-05T09:32:50+00:00,1772703170.3817327,0.0,12287.94726585131,0.0,1.9999914169679867,34.8,0.0,0.0,0.0,0.0,0
2026-03-05T09:32:51+00:00,1772703171.3817558,0.0,0.0,0.0,0.0,34.8,0.0,0.0,0.0,0.0,0
2026-03-05T09:32:52+00:00,1772703172.3814921,0.0,151591.973431257,0.0,3.000791281499228,34.8,0.0,0.0,0.0,0.0,0
2026-03-05T09:32:53+00:00,1772703173.3819013,0.0,98263.79769781842,0.0,5.997546246204737,34.8,107.95583243168527,131.94601741650422,1.9991820820682455,1.9991820820682455,0
2026-03-05T09:32:54+00:00,1772703174.381709,98322.89425582175,208936.15029362123,4.000768809237539,44.008456901612924,34.8,0.0,0.0,0.0,0.0,0
2026-03-05T09:32:55+00:00,1772703175.3817265,0.0,0.0,0.0,0.0,34.8,0.0,0.0,0.0,0.0,0
2026-03-05T09:32:56+00:00,1772703176.3819823,0.0,4094.9524164336126,0.0,0.9997442422933625,34.8,0.0,0.0,0.0,0.0,0
2026-03-05T09:32:57+00:00,1772703177.3820992,16382.08616108443,4095.5215402711074,0.9998831885427508,0.9998831885427508,34.8,0.0,0.0,0.0,0.0,0
2026-03-05T09:32:58+00:00,1772703178.38179,0.0,40972.66993353458,0.0,2.0006186490983677,34.8,0.0,0.0,0.0,0.0,0
2026-03-05T09:32:59+00:00,1772703179.3817031,65541.6879936289,258070.3964749138,1.0000867918949723,7.000607543264806,34.8,491.04261482043137,188.0163168762548,46.003992427168725,5.0004339594748615,0
2026-03-05T09:33:00+00:00,1772703180.3817012,126976.24218796194,16384.031250059605,2.0000038147045416,2.0000038147045416,34.8,140.0002670293179,0.0,15.000028610284062,0.0,0
2026-03-05T09:33:01+00:00,1772703181.3818636,0.0,4095.3350688977434,0.0,0.9998376633051131,34.8,0.9998376633051131,0.0,0.9998376633051131,0.0,0
2026-03-05T09:33:02+00:00,1772703182.3818555,0.0,0.0,0.0,0.0,34.8,1.000008106297401,0.0,1.000008106297401,0.0,0
2026-03-05T09:33:03+00:00,1772703183.3816,65552.75428213846,69649.80142477211,1.0002556500570443,2.0005113001140886,34.8,1.0002556500570443,0.0,1.0002556500570443,0.0,0
2026-03-05T09:33:04+00:00,1772703184.3818412,0.0,16380.047828578348,0.0,2.9992763357992582,34.8,2.9992763357992582,1.9995175571995054,2.9992763357992582,1.9995175571995054,0
2026-03-05T09:33:05+00:00,1772703185.3818674,65534.281295074834,69630.17387601701,0.9999737746440862,1.9999475492881724,34.8,0.9999737746440862,0.0,0.9999737746440862,0.0,0
2026-03-05T09:33:06+00:00,1772703186.3814967,0.0,0.0,0.0,0.0,34.8,428.15873595104307,0.0,6.002225270341726,0.0,0
2026-03-05T09:33:07+00:00,1772703187.3819463,0.0,4094.1590309304393,0.0,0.9995505446607518,34.8,427.8076331148018,0.0,5.997303267964511,0.0,0
2026-03-05T09:33:08+00:00,1772703188.3817768,0.0,221221.5004975447,0.0,6.001017266100931,34.8,483.0818899211249,0.0,7.0011868104510855,0.0,0
2026-03-05T09:33:09+00:00,1772703189.3818486,0.0,98296.9458187362,0.0,3.9997129646295657,34.8,5713.5899699733345,73847.70039419683,49.99641205786957,73.99468984564697,0
2026-03-05T09:33:10+00:00,1772703190.381691,0.0,65546.32975291411,0.0,1.0001576195207842,34.8,163.02569198188783,5815.91655751336,4.000630478083137,5.000788097603921,0
2026-03-05T09:33:11+00:00,1772703191.3817594,0.0,20478.598728696077,0.0,4.999657892748066,34.8,0.999931578549613,0.0,0.999931578549613,0.0,0
2026-03-05T09:33:12+00:00,1772703192.3821597,0.0,4094.361007658992,0.0,0.9995998553854961,34.8,55.97759190158778,65.97359045544275,1.9991997107709922,0.9995998553854961,0
2026-03-05T09:33:13+00:00,1772703193.3816035,0.0,65572.47341262619,0.0,1.0005565401096526,34.8,56.031166246140536,0.0,2.001113080219305,0.0,0
2026-03-05T09:33:14+00:00,1772703194.3819401,0.0,106460.16050276044,0.0,5.997980797556365,34.8,110.96264475479275,0.0,2.9989903987781825,0.0,0
2026-03-05T09:33:15+00:00,1772703195.3819556,0.0,4095.936524421194,0.0,0.9999845030325181,34.8,0.9999845030325181,0.0,0.9999845030325181,0.0,0
2026-03-05T09:33:16+00:00,1772703196.3816261,749815.0599205041,45070.850596314456,24.00791047388909,6.001977618472273,34.8,1.000329603078712,0.0,1.000329603078712,0.0,0
2026-03-05T09:33:17+00:00,1772703197.381707,94200.38635755176,0.0,1.9998383652673184,0.0,34.8,7033.431530645159,1005.9186977294611,10.999111008970251,9.999191826336592,0
2026-03-05T09:33:18+00:00,1772703198.3818412,0.0,4095.4502691026914,0.0,0.9998657883551493,34.8,55.99248414788836,53.99275257117806,1.9997315767102986,0.9998657883551493,0
2026-03-05T09:33:19+00:00,1772703199.38202,0.0,577432.746978704,0.0,62.98873673616597,34.8,0.9998212180343805,0.0,0.9998212180343805,0.0,0
2026-03-05T09:33:20+00:00,1772703200.3817532,0.0,20485.465325283763,0.0,3.000800584758364,34.8,1.0002668615861212,0.0,1.0002668615861212,0.0,0
2026-03-05T09:33:21+00:00,1772703201.3816948,0.0,0.0,0.0,0.0,34.8,1.0000584159641055,0.0,1.0000584159641055,0.0,0
2026-03-05T09:33:22+00:00,1772703202.3819332,0.0,65520.37872440233,0.0,1.999523276501536,34.8,53.987128465541474,53.987128465541474,0.999761638250768,0.999761638250768,0
2026-03-05T09:33:23+00:00,1772703203.3816512,86040.26758684045,4097.155599373355,3.000846386259781,1.0002821287532604,34.8,0.0,0.0,0.0,0.0,0
2026-03-05T09:33:24+00:00,1772703204.381718,0.0,241647.86826440954,0.0,7.9994659780326245,34.8,0.0,0.0,0.0,0.0,0
2026-03-05T09:33:25+00:00,1772703205.3821275,0.0,0.0,0.0,0.0,34.8,0.0,0.0,0.0,0.0,0
2026-03-05T09:33:26+00:00,1772703206.382161,0.0,69629.67585882658,0.0,1.9999332450260392,34.8,0.0,0.0,0.0,0.0,0
2026-03-05T09:33:27+00:00,1772703207.3817453,0.0,28683.91999257733,0.0,7.002910154437824,34.8,0.0,0.0,0.0,0.0,0
2026-03-05T09:33:28+00:00,1772703208.3817093,65538.3594599434,0.0,1.0000360025015778,0.0,34.8,55.00198013758678,142.00511235522404,1.0000360025015778,1.0000360025015778,0
2026-03-05T09:33:29+00:00,1772703209.3820047,0.0,155602.03506244603,0.0,4.998523433081249,34.8,0.0,65.98050931667248,0.0,0.9997046866162497,0
2026-03-05T09:33:30+00:00,1772703210.3816483,0.0,69656.82818559109,0.0,2.000713125735038,34.8,1555.5544552589922,561.2000317686783,7.002495940072634,3.0010696886025574,0
2026-03-05T09:33:31+00:00,1772703211.3818614,312765.33525425976,782169.2835818477,4.998934496059542,13.99701658896672,34.8,53.98849255744306,743.8414530136599,0.9997868992119084,3.9991475968476338,0
2026-03-05T09:33:32+00:00,1772703212.3817117,430144.4041742853,65545.8139694149,8.001197994313342,1.0001497492891678,34.8,0.0,0.0,0.0,0.0,0
2026-03-05T09:33:33+00:00,1772703213.3818386,65527.688554212844,4095.4805346383027,0.9998731774019294,0.9998731774019294,34.8,0.0,0.0,0.0,0.0,0
2026-03-05T09:33:34+00:00,1772703214.381705,0.0,20482.734740127198,0.0,4.000534128931093,34.8,0.0,0.0,0.0,0.0,0
2026-03-05T09:33:35+00:00,1772703215.381698,0.0,16384.117188338198,0.0,3.0000214578255973,34.8,0.0,0.0,0.0,0.0,0
2026-03-05T09:33:36+00:00,1772703216.3816772,0.0,0.0,0.0,0.0,34.8,0.0,0.0,0.0,0.0,0
2026-03-05T09:33:37+00:00,1772703217.3818066,0.0,4095.4697952034962,0.0,0.9998705554696036,34.8,0.0,0.0,0.0,0.0,0
2026-03-05T09:33:38+00:00,1772703218.3817062,61446.16761125668,69638.98995942423,4.00040153719119,2.000200768595595,34.8,228.02288761989783,112.01124304135332,4.00040153719119,2.000200768595595,0
2026-03-05T09:33:39+00:00,1772703219.3817677,0.0,4095.748062372186,0.0,0.9999384917900844,34.8,0.0,0.0,0.0,0.0,0
2026-03-05T09:33:40+00:00,1772703220.3816972,0.0,110599.80523833049,0.0,3.000211730640476,34.8,0.0,0.0,0.0,0.0,0
2026-03-05T09:33:41+00:00,1772703221.3820703,0.0,69606.02824540042,0.0,1.9992540281882012,34.8,0.0,0.0,0.0,0.0,0
2026-03-05T09:33:42+00:00,1772703222.3818147,0.0,4097.0471426336535,0.0,1.0002556500570443,34.8,0.0,0.0,0.0,0.0,0
2026-03-05T09:33:43+00:00,1772703223.3820622,393118.7115767916,0.0,5.99851549647204,0.0,34.8,0.0,0.0,0.0,0.0,0
2026-03-05T09:33:44+00:00,1772703224.3817675,0.0,163888.29548197167,0.0,24.007074533491945,34.8,110.03242494517141,132.0389099342057,2.0005895444576622,2.0005895444576622,0
2026-03-05T09:33:45+00:00,1772703225.3816192,0.0,159767.69296670562,0.0,5.000741591756361,34.8,0.0,0.0,0.0,0.0,0
2026-03-05T09:33:46+00:00,1772703226.3819427,0.0,4094.675233294587,0.0,0.9996765706285613,34.8,0.0,0.0,0.0,0.0,0
2026-03-05T09:33:47+00:00,1772703227.381903,0.0,0.0,0.0,0.0,34.8,0.0,0.0,0.0,0.0,0
2026-03-05T09:33:48+00:00,1772703228.3819354,0.0,8191.734383612592,0.0,1.999935152249168,34.8,0.0,0.0,0.0,0.0,0
2026-03-05T09:33:49+00:00,1772703229.3820317,0.0,569289.1654379757,0.0,57.99441391391248,34.8,0.0,0.0,0.0,0.0,0
2026-03-05T09:33:50+00:00,1772703230.3820734,0.0,16383.316434770564,0.0,3.9998331139576573,34.8,0.0,0.0,0.0,0.0,0
2026-03-05T09:33:51+00:00,1772703231.381816,0.0,65552.87934629775,0.0,1.0002575583846702,34.8,0.0,0.0,0.0,0.0,0
2026-03-05T09:33:52+00:00,1772703232.3817039,0.0,4096.459035813054,0.0,1.0001120692902963,34.8,0.0,0.0,0.0,0.0,0
2026-03-05T09:33:53+00:00,1772703233.3816917,0.0,4096.0498052931,0.0,1.0000121594953857,34.8,55.000668772246215,0.0,1.0000121594953857,0.0,0
2026-03-05T09:33:54+00:00,1772703234.3821232,0.0,8188.466368644894,0.0,0.9995686485162224,34.8,0.0,0.0,0.0,0.0,0
2026-03-05T09:33:55+00:00,1772703235.381732,0.0,90147.26965844858,0.0,3.001174194062342,34.8,55.02152689114293,66.02583226937152,1.0003913980207806,1.0003913980207806,0
2026-03-05T09:33:56+00:00,1772703236.382034,163790.52275840405,61421.44603440152,3.9987920595313486,1.9993960297656743,34.8,0.0,0.0,0.0,0.0,0
2026-03-05T09:33:57+00:00,1772703237.3817215,0.0,4097.280673733536,0.0,1.0003126644857265,34.8,0.0,0.0,0.0,0.0,0
2026-03-05T09:33:58+00:00,1772703238.38178,0.0,0.0,0.0,0.0,34.8,54.996787497297085,0.0,0.999941590859947,0.0,0
2026-03-05T09:33:59+00:00,1772703239.382001,2518483.3798567946,57331.328972349795,40.99094042735668,11.99734841776293,34.8,109.97569382949354,0.0,1.9995580696271553,0.0,0
2026-03-05T09:34:00+00:00,1772703240.38164,0.0,163899.1619804474,0.0,10.003610960720666,34.8,0.0,0.0,0.0,0.0,0
2026-03-05T09:34:01+00:00,1772703241.381992,356226.55686938856,294808.1849953561,177.93734039026344,2.9989439391617436,34.8,0.0,0.0,0.0,0.0,0
2026-03-05T09:34:02+00:00,1772703242.3816864,28680.766351333237,0.0,2.0006114921409903,0.0,34.8,55.016816033877234,66.02017924065268,1.0003057460704952,1.0003057460704952,0
2026-03-05T09:34:03+00:00,1772703243.3818316,0.0,126957.5661531002,0.0,4.999274120822053,34.8,54.99201532904258,0.0,0.9998548241644105,0.0,0
2026-03-05T09:34:04+00:00,1772703244.3816998,0.0,4096.540110273595,0.0,1.0001318628597644,34.8,0.0,0.0,0.0,0.0,0
2026-03-05T09:34:05+00:00,1772703245.381599,0.0,106506.74131764827,0.0,4.000403444923688,34.8,0.0,0.0,0.0,0.0,0
2026-03-05T09:34:06+00:00,1772703246.381577,0.0,0.0,0.0,0.0,34.8,0.0,0.0,0.0,0.0,0
2026-03-05T09:34:07+00:00,1772703247.3818219,28664.981210779315,221129.85505458328,1.9995104081179769,12.99681765276685,34.8,54.986536223244364,65.98384346789324,0.9997552040589884,0.9997552040589884,0
2026-03-05T09:34:08+00:00,1772703248.381625,0.0,4096.8067995110505,0.0,1.0001969725368776,34.8,0.0,0.0,0.0,0.0,0
2026-03-05T09:34:09+00:00,1772703249.3818867,0.0,16379.712060012365,0.0,1.9994765698257282,34.8,0.0,0.0,0.0,0.0,0
2026-03-05T09:34:10+00:00,1772703250.381721,0.0,8193.35764683832,0.0,2.0003314567476367,34.8,0.0,0.0,0.0,0.0,0
2026-03-05T09:34:11+00:00,1772703251.381818,32764.82062101537,69625.24381965765,0.9999029730534476,1.999805946106895,34.8,0.0,0.0,0.0,0.0,0
2026-03-05T09:34:12+00:00,1772703252.3816988,0.0,69640.30177089821,0.0,2.0002384470041994,34.8,0.0,0.0,0.0,0.0,0
2026-03-05T09:34:13+00:00,1772703253.3815386,2623396.3134352276,167962.9105615371,95.01522308109057,10.00160242958848,34.8,0.0,0.0,0.0,0.0,0
2026-03-05T09:34:14+00:00,1772703254.3817892,22544366.87929007,2637163.185116873,634.8409228778017,19.99498969693864,34.8,1851.536045936518,65.9834659998975,1.9994989696938639,0.9997494848469319,0
2026-03-05T09:34:15+00:00,1772703255.3818645,65531.06287196456,303081.1657828361,0.9999246654047327,27.997890631332517,34.8,53.995931931855566,470.9645174056291,0.9999246654047327,3.9996986616189307,0
2026-03-05T09:34:16+00:00,1772703256.381966,184301.28119807472,774065.3810319138,4.999492219999857,106.98913350799694,34.8,0.0,0.0,0.0,0.0,0
2026-03-05T09:34:17+00:00,1772703257.3820653,0.0,65529.500644619904,0.0,0.9999008277072129,34.8,0.0,0.0,0.0,0.0,0
2026-03-05T09:34:18+00:00,1772703258.3818479,0.0,4096.890818697608,0.0,1.0002174850335956,34.8,0.0,0.0,0.0,0.0,0
2026-03-05T09:34:19+00:00,1772703259.3817065,0.0,8193.15836689748,0.0,2.00028280441833,34.8,0.0,0.0,0.0,0.0,0
2026-03-05T09:34:20+00:00,1772703260.381788,0.0,139252.64545708982,0.0,6.999429272458272,34.8,0.0,0.0,0.0,0.0,0
2026-03-05T09:34:21+00:00,1772703261.3817015,0.0,65541.67236592027,0.0,1.0000865534350627,34.8,0.0,0.0,0.0,0.0,0
2026-03-05T09:34:22+00:00,1772703262.3816993,0.0,24576.052734488156,0.0,6.000012874630897,34.8,0.0,0.0,0.0,0.0,0
2026-03-05T09:34:23+00:00,1772703263.381702,958461.4863347174,114687.69921953883,29.999921322075238,4.99998688701254,34.8,0.0,0.0,0.0,0.0,0
2026-03-05T09:34:24+00:00,1772703264.3817835,139252.64545708982,4095.666042855583,1.9998369349880776,0.9999184674940388,34.8,0.0,0.0,0.0,0.0,0
2026-03-05T09:34:25+00:00,1772703265.3821342,0.0,77796.71562369289,0.0,2.9989482276814177,34.8,0.0,0.0,0.0,0.0,0
2026-03-05T09:34:26+00:00,1772703266.3818967,0.0,16387.891549106338,0.0,3.0007125639232797,34.8,300.07125639232794,441.10474689672213,6.001425127846559,7.001662649154319,0
2026-03-05T09:34:27+00:00,1772703267.3817263,0.0,16386.79344494656,0.0,2.0003409966975783,34.8,0.0,0.0,0.0,0.0,0
2026-03-05T09:34:28+00:00,1772703268.3819802,0.0,69614.32382419759,0.0,1.999492297340234,34.8,0.0,0.0,0.0,0.0,0
2026-03-05T09:34:29+00:00,1772703269.3819258,0.0,0.0,0.0,0.0,34.8,110.00597986302584,66.00358791781551,2.000108724782288,1.000054362391144,0
2026-03-05T09:34:30+00:00,1772703270.381654,0.0,155690.3161889208,0.0,5.001359355369836,34.8,0.0,66.01794349088182,0.0,1.000271871073967,0
2026-03-05T09:34:31+00:00,1772703271.3815718,0.0,73734.06495199405,0.0,3.0002467835284037,34.8,0.0,0.0,0.0,0.0,0
2026-03-05T09:34:32+00:00,1772703272.3817925,0.0,131043.0688872839,0.0,1.9995585462537215,34.8,0.0,0.0,0.0,0.0,0
2026-03-05T09:34:33+00:00,1772703273.3817844,0.0,32768.26562715323,0.0,7.000056744081807,34.8,0.0,0.0,0.0,0.0,0
2026-03-05T09:34:34+00:00,1772703274.3817086,0.0,73733.59026758792,0.0,3.000227468570472,34.8,0.0,0.0,0.0,0.0,0
2026-03-05T09:34:35+00:00,1772703275.3816445,0.0,94214.0423797131,0.0,4.000256554845155,34.8,0.0,0.0,0.0,0.0,0
2026-03-05T09:34:36+00:00,1772703276.381714,0.0,0.0,0.0,0.0,34.8,0.0,0.0,0.0,0.0,0
2026-03-05T09:34:37+00:00,1772703277.3819914,16379.458290578856,4094.864572644714,0.9997227960558384,0.9997227960558384,34.8,0.0,0.0,0.0,0.0,0
2026-03-05T09:34:38+00:00,1772703278.3817449,0.0,4097.010014618662,0.0,1.0002465856002594,34.8,283.06978372487345,112.02761758722906,5.001232928001297,2.0004931712005187,0
2026-03-05T09:34:39+00:00,1772703279.3819158,0.0,4095.2999243627146,0.0,0.9998290830963659,34.8,107.98154097440752,278.9523141838861,1.9996581661927317,3.9993163323854635,0
2026-03-05T09:34:40+00:00,1772703280.381566,65558.92989496133,77851.22925026658,1.0003498824304402,3.001049647291321,34.8,0.0,0.0,0.0,0.0,0
2026-03-05T09:34:41+00:00,1772703281.3816912,131055.59580330926,4095.4873688534144,1.9997496918229563,0.9998748459114781,34.8,10353.704029413357,1584.8016307696928,15.99799753458365,20.99737176414104,0
2026-03-05T09:34:42+00:00,1772703282.3818846,0.0,4095.2081609204993,0.0,0.9998066799122313,34.8,88.98279451218858,212.95882282130526,0.9998066799122313,1.9996133598244625,0
2026-03-05T09:34:43+00:00,1772703283.3817227,65546.61109278965,4096.663193299353,1.0001619124266,1.0001619124266,34.8,54.008743271036394,0.0,1.0001619124266,0.0,0
2026-03-05T09:34:44+00:00,1772703284.3816671,36866.04796533011,0.0,3.0001666638452233,0.0,34.8,108.00599989842804,0.0,2.000111109230149,0.0,0
2026-03-05T09:34:45+00:00,1772703285.382008,0.0,618285.202728295,0.0,56.98057312498838,34.8,107.96319118418852,131.95501144734152,1.9993183552627503,1.9993183552627503,0
2026-03-05T09:34:46+00:00,1772703286.381816,0.0,4096.78726065924,0.0,1.0001922023093848,34.8,0.0,0.0,0.0,0.0,0
2026-03-05T09:34:47+00:00,1772703287.3816967,0.0,0.0,0.0,0.0,34.8,0.0,0.0,0.0,0.0,0
2026-03-05T09:34:48+00:00,1772703288.3816874,0.0,16384.152345166556,0.0,4.000037193644179,34.8,55.00051141260745,0.0,1.0000092984110447,0.0,0
2026-03-05T09:34:49+00:00,1772703289.3821247,0.0,90072.6148777757,0.0,6.996940520068692,34.8,0.0,0.0,0.0,0.0,0
2026-03-05T09:34:50+00:00,1772703290.3818758,0.0,90134.43527184101,0.0,4.000995883870783,34.8,0.0,0.0,0.0,0.0,0
2026-03-05T09:34:51+00:00,1772703291.3820283,65526.00152564611,94193.62719311629,0.9998474353888872,3.999389741555549,34.8,0.0,0.0,0.0,0.0,0
2026-03-05T09:34:52+00:00,1772703292.3815796,65565.41945061828,12293.516146990927,1.000448905191319,3.001346715573957,34.8,55.02468978552255,66.02962774262706,1.000448905191319,1.000448905191319,0
2026-03-05T09:34:53+00:00,1772703293.3816483,49148.62523172695,53244.34400103753,0.9999313401637155,3.999725360654862,34.8,0.0,0.0,0.0,0.0,0
2026-03-05T09:34:54+00:00,1772703294.3819706,0.0,4094.680112954923,0.0,0.9996777619518855,34.8,886.7141748513225,277.91041782262414,4.998388809759428,1.999355523903771,0
2026-03-05T09:34:55+00:00,1772703295.3818138,0.0,94222.7816158064,0.0,3.0004707121201935,34.8,4322.678139261158,7150.121706982421,5.000784520200322,13.002039752520837,0
2026-03-05T09:34:56+00:00,1772703296.3815553,2426483.114223437,94232.35395042473,72.01861290368738,6.001551075307281,34.8,0.0,142.03670878227234,0.0,1.0002585125512136,0
2026-03-05T09:34:57+00:00,1772703297.3821187,118717.11678243711,73686.48627875406,2.9983108023581573,2.9983108023581573,34.8,0.0,0.0,0.0,0.0,0
2026-03-05T09:34:58+00:00,1772703298.3814847,301474449.2350168,33596210.48567997,633.4015480795725,49.03108350063042,34.8,750.4757678667921,371.2353465047732,5.003171785778615,2.0012687143114456,0
2026-03-05T09:34:59+00:00,1772703299.3820374,228737.58719655953,98249.70188308597,9.994476509916785,1.998895301983357,34.8,539.7017315355064,0.0,1.998895301983357,0.0,0
2026-03-05T09:35:00+00:00,1772703300.381902,0.0,176151.8547929579,0.0,12.001625281133576,34.8,270.03656882550547,0.0,1.0001354400944646,0.0,0
2026-03-05T09:35:01+00:00,1772703301.3818886,131073.75002336534,77825.03907637317,2.000026703237386,2.000026703237386,34.8,0.0,0.0,0.0,0.0,0
2026-03-05T09:35:02+00:00,1772703302.3817174,0.0,0.0,0.0,0.0,34.8,0.0,0.0,0.0,0.0,0
2026-03-05T09:35:03+00:00,1772703303.3815749,0.0,12289.752202944126,0.0,3.000427783921906,34.8,270.0385005529715,0.0,1.0001425946406353,0.0,0
2026-03-05T09:35:04+00:00,1772703304.381623,0.0,278514.5865834976,0.0,4.999759208831743,34.8,42.99792919595299,41.997977354186645,1.9999036835326973,0.9999518417663487,0
2026-03-05T09:35:05+00:00,1772703305.381724,1023.8964948382827,602051.1389649103,0.9998989207405105,90.99080178738646,34.8,0.9998989207405105,0.0,0.9998989207405105,0.0,0
2026-03-05T09:35:06+00:00,1772703306.381691,61442.03620029255,65538.17194697872,1.0000331412808032,1.0000331412808032,34.8,428.01418446818377,0.0,6.000198847684819,0.0,0
2026-03-05T09:35:07+00:00,1772703307.3815773,65543.45397270798,106508.11270565048,1.0001137385972287,3.000341215791686,34.8,5224.594170431923,5066.576199733561,17.00193355615289,14.001592340361203,0
2026-03-05T09:35:08+00:00,1772703308.3819506,470864.1964979849,81889.42547791042,2.998880327560196,10.995894534387386,34.8,2505.064700288617,7764.1011680533475,14.99440163780098,14.99440163780098,0
2026-03-05T09:35:09+00:00,1772703309.3818138,0.0,4096.560623597609,0.0,1.00013687099551,34.8,427.05844391508276,0.0,5.00068435497755,0.0,0
2026-03-05T09:35:10+00:00,1772703310.3817751,0.0,8192.316418471288,0.0,2.0000772506033417,34.8,87.00336040124536,0.0,1.0000386253016709,0.0,0
2026-03-05T09:35:11+00:00,1772703311.381713,16385.019594696572,20481.274493370718,1.000062231121617,4.000248924486468,34.8,0.0,0.0,0.0,0.0,0
2026-03-05T09:35:12+00:00,1772703312.3816895,0.0,4096.095705361157,0.0,1.0000233655666888,34.8,0.0,0.0,0.0,0.0,0
2026-03-05T09:35:13+00:00,1772703313.3816094,430114.4558852142,659508.8323573284,7.000560805423408,55.00440632832678,34.8,1.0000801150604868,0.0,1.0000801150604868,0.0,0
2026-03-05T09:35:14+00:00,1772703314.3816082,0.0,0.0,0.0,0.0,34.8,56.00006675728173,66.0000786782249,2.000002384188633,1.0000011920943166,0
2026-03-05T09:35:15+00:00,1772703315.3820264,188337.2399676077,98262.90780918662,6.997073920331893,3.998327954475367,34.8,55.97659136265514,65.97241124884356,1.9991639772376835,0.9995819886188417,0
2026-03-05T09:35:16+00:00,1772703316.38177,0.0,69649.86786504336,0.0,2.000513208439894,34.8,1.000256604219947,0.0,1.000256604219947,0.0,0
2026-03-05T09:35:17+00:00,1772703317.382111,327568.24125451205,171973.3266586188,4.99829469687671,6.997612575627393,34.8,54.9812416656438,0.0,1.9993178787506838,0.0,0
2026-03-05T09:35:18+00:00,1772703318.3816104,0.0,4098.051808547485,0.0,1.0005009298211633,34.8,1.0005009298211633,0.0,1.0005009298211633,0.0,0
2026-03-05T09:35:19+00:00,1772703319.3820493,196521.74098654836,16376.81174887903,2.998683791909002,1.9991225279393348,34.8,0.0,0.0,0.0,0.0,0
2026-03-05T09:35:20+00:00,1772703320.3815932,0.0,81957.38033022206,0.0,4.001825211436624,34.8,0.0,0.0,0.0,0.0,0
2026-03-05T09:35:21+00:00,1772703321.3817198,0.0,0.0,0.0,0.0,34.8,0.0,0.0,0.0,0.0,0
2026-03-05T09:35:22+00:00,1772703322.3821368,0.0,102357.31760299501,0.0,18.992080414618215,34.8,0.9995831797167481,53.9774917047044,0.9995831797167481,0.9995831797167481,0
2026-03-05T09:35:23+00:00,1772703323.3815627,65573.64661337018,16393.411653342544,1.000574441732333,4.002297766929332,34.8,1.000574441732333,0.0,1.000574441732333,0.0,0
2026-03-05T09:35:24+00:00,1772703324.3817136,0.0,151529.1313809957,0.0,16.997434764812915,34.8,0.9998491038125245,0.0,0.9998491038125245,0.0,0
2026-03-05T09:35:25+00:00,1772703325.382024,0.0,110557.68057534478,0.0,2.999069026023893,34.8,0.9996896753412975,0.0,0.9996896753412975,0.0,0
2026-03-05T09:35:26+00:00,1772703326.3821998,0.0,4095.28039988167,0.0,0.9998243163773608,34.8,0.9998243163773608,0.0,0.9998243163773608,0.0,0
2026-03-05T09:35:27+00:00,1772703327.3821087,0.0,12289.11924256102,0.0,3.000273252578374,34.8,56.00510071479632,66.00601155672423,2.000182168385583,1.0000910841927915,0
2026-03-05T09:35:28+00:00,1772703328.381703,184394.82528510934,4097.6627841135405,10.004059531527199,1.0004059531527199,34.8,0.0,0.0,0.0,0.0,0
2026-03-05T09:35:29+00:00,1772703329.3820155,65515.52202573401,65515.52202573401,0.999687530910248,0.999687530910248,34.8,0.0,0.0,0.0,0.0,0
2026-03-05T09:35:30+00:00,1772703330.3817794,0.0,16387.868100504755,0.0,3.000708270356095,34.8,0.0,0.0,0.0,0.0,0
2026-03-05T09:35:31+00:00,1772703331.3820107,0.0,4095.0529533947006,0.0,0.9997687874498781,34.8,0.0,0.0,0.0,0.0,0
2026-03-05T09:35:32+00:00,1772703332.381647,0.0,0.0,0.0,0.0,34.8,0.0,0.0,0.0,0.0,0
2026-03-05T09:35:33+00:00,1772703333.3819687,52879760.459092304,638770.5543580463,1587.4894210746218,73.97620727929598,34.8,1562.4974591559408,1159.6270330268019,11.996141720966914,10.996463244219672,0
2026-03-05T09:35:34+00:00,1772703334.3816168,26453084.99463942,717052.3348918677,1126.3963854467677,79.02781034662047,34.8,2338.823045448084,5197.829146342277,11.003872326744622,13.004576386152735,0
2026-03-05T09:35:35+00:00,1772703335.3820174,41184655.76565783,2698183.2610076685,1031.5868049067872,376.84905566846777,34.8,387.8446514572029,65.9735747324108,2.998798851473218,0.9995996171577394,0
2026-03-05T09:35:36+00:00,1772703336.3820002,15447305.17056758,81921.40627414029,611.0104886901821,10.000171664323766,34.8,12188.209224477807,20393.350075055456,33.000566492268426,40.00068665729506,0
2026-03-05T09:35:37+00:00,1772703337.3819215,12194751.460254164,1601662.0157740605,314.02470687705744,205.01613028597697,34.8,23619.85836631319,7638.600990850206,22.001731055080455,37.00291131990804,0
2026-03-05T09:35:38+00:00,1772703338.3816273,31391251.573874034,938260.0441051545,631.1857002148784,122.03590400351055,34.8,385.1133036176358,483.1421445384885,6.001765770664454,5.0014714755537115,0
2026-03-05T09:35:39+00:00,1772703339.3816772,356334.2440488324,311280.4890541524,7.999601383998572,56.997159860989825,34.8,52450.38642435963,10027.500334842209,18.999053286996606,26.99865467099518,0
2026-03-05T09:35:40+00:00,1772703340.3816764,57344.04101565434,28672.02050782717,1.000000715256249,3.0000021457687467,34.8,209537.14987264862,5814.004158499831,69.00004935268117,97.00006937985614,0
2026-03-05T09:35:41+00:00,1772703341.3815424,528454.8083158191,163861.95606692065,3.0004020275925414,40.00536036790055,34.8,815.1092174959738,5922.7936024676765,5.000670045987569,50.00670045987569,0
2026-03-05T09:35:42+00:00,1772703342.381637,61723949.69385613,434134.90818630456,1083.897406751995,40.99611962807361,34.8,1416.8658905604952,2711.743327593552,7.999242854258266,6.999337497475982,1
2026-03-05T09:35:43+00:00,1772703343.3818617,40868901.24114772,1056530.7134485082,121.9726061356116,158.96429816034626,34.8,449.89895705758374,1086.7559251590967,6.998428220895748,8.997979141151674,1
2026-03-05T09:35:44+00:00,1772703344.382126,29671770.59976312,0.0,43.98836920226924,0.0,34.8,0.0,0.0,0.0,0.0,1
2026-03-05T09:35:45+00:00,1772703345.3819964,29429480.99506314,888947.2962038838,27.00350234634314,68.00882072412345,34.8,9598.24488955019,6546.849124413414,26.00337262981191,30.00389149593682,1
2026-03-05T09:35:46+00:00,1772703346.3816092,33567429.03234399,163903.46207199214,32.012394935935966,28.010845568943967,34.8,434.16810631863154,965.373784786819,5.001936708739994,7.002711392235992,1
2026-03-05T09:35:47+00:00,1772703347.3817751,28933438.804519664,0.0,35.99402717520858,0.0,34.8,0.0,0.0,0.0,0.0,1
2026-03-05T09:35:48+00:00,1772703348.3914065,24522597.171874944,117650.85807380498,83.19868061523115,28.723354021925044,34.8,25847767.928425644,0.0,18.818749186778476,0.0,1
2026-03-05T09:35:49+00:00,1772703349.3820233,818689.9326855595,438288.54982156213,5.0473604001782935,48.45465984171162,34.8,32611312.519785084,0.0,22.20838576078449,0.0,1
2026-03-05T09:35:50+00:00,1772703350.3819556,11338495.739484314,143369.7076885661,45.00304719576921,29.001963748384604,34.8,32938606.30190223,0.0,31.00209917930768,0.0,1
2026-03-05T09:35:51+00:00,1772703351.3816848,2200147.8957694992,0.0,12.00325100258325,0.0,34.8,30477086.520961717,0.0,81.02194426743694,0.0,1
2026-03-05T09:35:52+00:00,1772703352.3819273,41973.822536106294,143325.2476842654,2.9992727612499737,23.99418208999979,34.8,33241989.758399893,0.0,31.992242786666385,0.0,1
2026-03-05T09:35:53+00:00,1772703353.3818862,27296863.389653925,98308.03141532026,33.00135331935189,20.000820193546602,34.8,31993006.969089195,66.00270663870378,56.00229654193049,1.0000410096773302,1
2026-03-05T09:35:54+00:00,1772703354.381979,18340187.04252063,172016.04640148874,81.99239562942985,18.99823801169716,34.8,30444812.401132572,0.0,48.995455924903204,0.0,1
2026-03-05T09:35:55+00:00,1772703355.381978,1251841.1938487948,0.0,12.00001144410271,0.0,34.8,31991946.50989772,0.0,44.00004196170994,0.0,1
2026-03-05T09:35:56+00:00,1772703356.382052,33551952.18328266,69626.85389597231,26.99800458397364,16.998743626946364,34.8,33247316.698818054,0.0,42.99682211521728,0.0,1
2026-03-05T09:35:57+00:00,1772703357.381818,12020475.452488635,565380.2360066229,17.003977036827358,63.0147384305955,34.8,30453244.66755554,0.0,55.01286688385321,0.0,1
2026-03-05T09:35:58+00:00,1772703358.3816926,12682806.52759016,163860.54945206924,18.002257630232215,22.002759325839374,34.8,32089808.324221265,0.0,40.00501695607159,0.0,1
2026-03-05T09:35:59+00:00,1772703359.3818958,29354165.21123696,196568.0706109618,23.99512580700217,40.99167325362871,34.8,33149227.310294062,65.98659596925597,39.99187634500362,0.9997969086250904,1
2026-03-05T09:36:00+00:00,1772703360.3817687,7055232.558512136,360493.81050896674,246.03126494031267,20.00254186506607,34.8,30450046.503685586,66.00838815471803,22.002796051572677,1.0001270932533035,1
2026-03-05T09:36:01+00:00,1772703361.3820777,16772033.601311851,85989.4300848508,13.995675469539517,18.99413099437506,34.8,34214494.04711221,0.0,46.985481933454096,0.0,1
2026-03-05T09:36:02+00:00,1772703362.3819754,29558735.313867964,0.0,37.0037848052219,0.0,34.8,31019880.762119044,54.005523769783316,60.00613752198146,1.0001022920330243,1
2026-03-05T09:36:03+00:00,1772703363.381777,33823285.330891445,40968.126612029366,35.006944126489934,10.001984036139982,34.8,17401821.899485677,791.1569372586725,36.007142530103934,6.001190421683988,1
2026-03-05T09:36:04+00:00,1772703364.3819091,29389014.18460029,45050.049614075135,30.99590594008188,9.998679335510284,34.8,0.0,0.0,0.0,0.0,1
2026-03-05T09:36:05+00:00,1772703365.3823693,33604504.95903517,4094.116101246975,27.987121785867995,0.9995400637809998,34.8,0.0,0.0,0.0,0.0,1
2026-03-05T09:36:06+00:00,1772703366.3816383,29381605.700013217,0.0,31.02267730918645,0.0,34.8,0.0,0.0,0.0,0.0,1
2026-03-05T09:36:07+00:00,1772703367.3817105,65531.26596699047,20478.520614684523,0.9999277643888926,2.999783293166678,34.8,0.0,0.0,0.0,0.0,1
2026-03-05T09:36:08+00:00,1772703368.3817794,20765289.20991381,102392.9448220602,42.99703737645106,6.999517712445522,34.8,0.0,0.0,0.0,0.0,1
2026-03-05T09:36:09+00:00,1772703369.382026,29352891.783906803,4094.990483245927,22.99433132682039,0.9997535359487126,34.8,0.0,0.0,0.0,0.0,1
2026-03-05T09:36:10+00:00,1772703370.3818123,30779823.27963127,213037.50972192545,48.01025609718873,33.007051066817255,34.8,0.0,0.0,0.0,0.0,1
2026-03-05T09:36:11+00:00,1772703371.3818164,26771347.492627293,4095.9833985047876,30.99987435391807,0.9999959469005829,34.8,0.0,0.0,0.0,0.0,1
2026-03-05T09:36:12+00:00,1772703372.381643,14748156.30245969,147481.5630245969,13.002253684622936,16.002773765689767,34.8,4640.804392050033,8591.489165454694,19.0032938467566,25.00433400889026,1
2026-03-05T09:36:13+00:00,1772703373.385,32658.368027252265,16329.184013626133,5.979925786240039,3.9866171908266925,34.8,8669829.9565667,0.0,6.976580083946712,0.0,1
2026-03-05T09:36:14+00:00,1772703374.38197,27543041.11458331,0.0,24.072942501605247,0.0,34.8,32039023.217856344,201.61089345094396,89.27049511011947,3.009117812700656,1
2026-03-05T09:36:15+00:00,1772703375.3820667,29390051.10350513,69625.26041800267,27.99728991992295,1.9998064228516392,34.8,33298169.80565331,214.97919045655124,44.99564451416188,1.9998064228516392,1
2026-03-05T09:36:16+00:00,1772703376.3816843,32587950.394817658,4097.567005509576,27.010329382021133,1.0003825697044864,34.8,30457769.763896298,0.0,83.03175328547236,0.0,1
2026-03-05T09:36:17+00:00,1772703377.381916,29386085.98442248,0.0,26.993744392502425,0.0,34.8,33478475.602352742,0.0,22.99467114916873,0.0,1
2026-03-05T09:36:18+00:00,1772703378.3816407,29368215.227007672,61456.92360562432,22.006059884826417,13.003580841033791,34.8,31764258.03360291,0.0,23.006335334136708,0.0,1
2026-03-05T09:36:19+00:00,1772703379.3817248,33625330.033096865,69626.14014161349,32.99722289569803,15.998653525186922,34.8,31972571.132192217,0.0,61.994782410099326,0.0,1
2026-03-05T09:36:20+00:00,1772703380.3820076,29724458.98015631,65517.47398849717,26.99236751845434,14.995759732474633,34.8,31990440.241245717,0.0,21.993780940962797,0.0,1
2026-03-05T09:36:21+00:00,1772703381.3819315,33622525.17886259,81926.23094264763,26.00197759410203,1.0000760613116164,34.8,31715476.13724322,0.0,43.00327063639951,0.0,1
2026-03-05T09:36:22+00:00,1772703382.3816266,29401861.726172395,49166.992853131094,27.008235820201406,11.003355334156128,34.8,32027420.357096847,0.0,27.008235820201406,0.0,1
2026-03-05T09:36:23+00:00,1772703383.3816428,29425186.94523423,4095.9335948265916,21.99964333158814,0.9999837877994608,34.8,28874121.879356433,0.0,20.999659543788677,0.0,1
2026-03-05T09:36:24+00:00,1772703384.3819394,33709298.06785288,528227.3316229489,32.990215342548815,45.986360780522595,34.8,34786355.620431945,4705.604352041736,66.98013418032639,7.997627961830016,1
2026-03-05T09:36:25+00:00,1772703385.3819065,37014721.849639714,278537.1643640237,166.0054618725153,31.00101998824081,34.8,34801470.02975085,45683.5030678328,63.0020728793281,41.00134901670559,1
2026-03-05T09:36:26+00:00,1772703386.3816843,33577765.18477636,2007486.075683245,182.04045050141033,33.0073344315744,34.8,30452888.81813681,0.0,31.00688992056989,0.0,1
2026-03-05T09:36:27+00:00,1772703387.3817143,33750026.12420758,12287.630870463925,26.99918892435921,2.9999098804843567,34.8,30445207.403410714,0.0,20.999369163390497,0.0,1
2026-03-05T09:36:28+00:00,1772703388.3817277,29392503.567739535,45055.39844553162,26.99963951592138,8.99987983864046,34.8,32633416.296886295,0.0,21.999706272232235,0.0,1
2026-03-05T09:36:29+00:00,1772703389.3820493,33543643.469878945,0.0,23.99228344193383,0.0,34.8,32597353.821860865,0.0,14.995177151208644,0.0,1
2026-03-05T09:36:30+00:00,1772703390.381663,29420643.373342708,24585.495855161036,28.01081884539832,3.0011591620069624,34.8,32172120.098480113,0.0,26.01004607072701,0.0,1
2026-03-05T09:36:31+00:00,1772703391.3821118,52712347.771047324,4094.1629336735787,580.7394200352416,0.999551497478901,34.8,33162221.986110244,0.0,38.982508401677144,0.0,1
2026-03-05T09:36:32+00:00,1772703392.381528,33651904.913176626,0.0,28.016358390259207,0.0,34.8,31665212.909343477,0.0,45.026290270059434,0.0,1
2026-03-05T09:36:33+00:00,1772703393.3818092,29409710.050887097,221633.64693656322,22.99353113967304,7.997749961625405,34.8,32937983.427895326,0.0,29.99156235609527,0.0,1
2026-03-05T09:36:34+00:00,1772703394.3816822,33558696.54192563,86026.93205327616,24.003050238079286,19.002414771812767,34.8,31097789.81702911,0.0,65.00826106146474,0.0,1
2026-03-05T09:36:35+00:00,1772703395.381837,30119371.519473042,43001.34624440369,62.99025328770072,9.998452902809639,34.8,33101098.14600545,0.0,56.991181546014936,0.0,1
2026-03-05T09:36:36+00:00,1772703396.381793,31440227.25191268,0.0,86.00377290110917,0.0,34.8,32136879.81337682,0.0,87.0038167720523,0.0,1
2026-03-05T09:36:37+00:00,1772703397.381801,33619703.48645614,143358.87207918678,27.999779702966165,16.99986624822946,34.8,31835723.522477094,0.0,56.99955153818112,0.0,1
2026-03-05T09:36:38+00:00,1772703398.381755,29361472.061526254,12288.562525750385,21.000961347717944,3.0001373353882776,34.8,33407474.272809118,58.002655150840035,37.001693803122095,1.0000457784627592,1
2026-03-05T09:36:39+00:00,1772703399.3885639,9495412.039383717,69161.0988301299,12.912084742527698,4.96618643943373,34.8,30240318.99272863,119.18847454640952,51.64833897011079,1.986474575773492,1
2026-03-05T09:36:40+00:00,1772703400.381686,24284272.77959292,0.0,18.12465958108788,0.0,34.8,33510813.99979258,0.0,54.37397874326364,0.0,1
2026-03-05T09:36:41+00:00,1772703401.3816369,29394339.680280242,4096.201181755887,27.001326149269758,1.0000491166396208,34.8,31962929.834600907,0.0,30.00147349918862,0.0,1
2026-03-05T09:36:42+00:00,1772703402.381792,33549224.808210816,4095.364356471047,23.99627552619754,0.9998448135915642,34.8,31864336.32058699,0.0,28.995499594155362,0.0,1
2026-03-05T09:36:43+00:00,1772703403.3816018,29910586.729191277,299064.8994974611,45.008563240400754,23.00437676731594,34.8,31895032.285885844,0.0,29.00551853270271,0.0,1
2026-03-05T09:36:44+00:00,1772703404.381837,33546545.8538809,0.0,23.994359388743092,0.0,34.8,31922116.725848272,65.98448831904349,29.99294923592886,0.9997649745309621,1
2026-03-05T09:36:45+00:00,1772703405.381836,29360156.000026703,73728.07031256706,21.000020027179744,5.0000047683761295,34.8,31925385.44642014,66.00006294256491,45.000042915385166,1.000000953675226,1
2026-03-05T09:36:46+00:00,1772703406.3817925,29459710.32109414,36865.59967878855,28.00121503380207,8.000347152514877,34.8,32016015.244741093,0.0,44.00190933883182,0.0,1
2026-03-05T09:36:47+00:00,1772703407.3819928,34202942.1218361,16380.719407009628,36.99259143428688,2.99939930548272,34.8,31741529.072981525,0.0,44.9909895822408,0.0,1
2026-03-05T09:36:48+00:00,1772703408.3817313,29469211.530271698,131106.2902184414,30.007848408151567,13.003400976865679,34.8,32124465.999283127,0.0,22.00575549931115,0.0,1
2026-03-05T09:36:49+00:00,1772703409.3818254,29357363.26037029,69625.44300032017,21.99792833764711,1.9998116670588284,34.8,33122506.676713634,0.0,37.99642167411774,0.0,1
2026-03-05T09:36:50+00:00,1772703410.3817718,33158898.781944737,4096.219738350183,31.00166305880266,1.0000536470581503,34.8,30447755.344877385,0.0,21.001126588221158,0.0,1
2026-03-05T09:36:51+00:00,1772703411.3819559,29354724.994472567,0.0,21.995951444026282,0.0,34.8,34823980.32802267,0.0,55.98969458479417,0.0,1
2026-03-05T09:36:52+00:00,1772703412.381573,33600065.4730677,94244.08608299476,30.011491407203668,4.001532187627156,34.8,30457784.292855818,0.0,70.02681328347522,0.0,1
2026-03-05T09:36:53+00:00,1772703413.3816595,29423117.54851005,503764.40123423387,21.998096153997444,48.99575961572158,34.8,32046674.49029732,0.0,42.99627884644955,0.0,1
2026-03-05T09:36:54+00:00,1772703414.3818789,29386450.22634882,28665.71231667248,26.994078981241525,3.9991228120357816,34.8,33184963.041203044,0.0,38.99144741734887,0.0,1
2026-03-05T09:36:55+00:00,1772703415.3816202,33563114.24595949,0.0,27.006986279514617,0.0,34.8,30453999.96734919,0.0,55.01423131012237,0.0,1
2026-03-05T09:36:56+00:00,1772703416.3821447,29377486.894897275,45032.37957690497,26.98584536080509,9.994757541038922,34.8,32262653.5647539,141.9255570827527,43.97693318057126,0.9994757541038922,1
2026-03-05T09:36:57+00:00,1772703417.3817823,29370771.857293867,4097.484913126934,21.00761307999649,1.0003625276188803,34.8,32974118.696640704,66.02392682284611,34.012325939041936,1.0003625276188803,1
2026-03-05T09:36:58+00:00,1772703418.3815732,32512654.1714507,4096.856624426751,24.0050192837505,1.0002091368229373,34.8,32371128.579426803,0.0,22.004601010104622,0.0,1
2026-03-05T09:36:59+00:00,1772703419.3818605,29449971.188556146,0.0,27.991958067543177,0.0,34.8,30460080.989679202,0.0,20.99396855065738,0.0,1
2026-03-05T09:37:00+00:00,1772703420.3817892,33560920.46254404,8192.584026008553,25.001782305934302,1.0000712922373722,34.8,32882757.11820849,66.00470528766657,44.00313685844438,1.0000712922373722,1
2026-03-05T09:37:01+00:00,1772703421.3817139,7373355.51060232,16385.234468005154,14.001054843266123,3.0002260378427406,34.8,31841400.939775698,0.0,29.002185032479826,0.0,1
2026-03-05T09:37:02+00:00,1772703422.3818293,3931706.3023542548,0.0,4.999423093610452,0.0,34.8,31927671.719339333,0.0,53.99376941099288,0.0,1
2026-03-05T09:37:03+00:00,1772703423.38214,3144751.0534976227,4094.727934241696,3.998757748282906,0.9996894370707265,34.8,31907596.60490985,0.0,44.986024668182694,0.0,1
2026-03-05T09:37:04+00:00,1772703424.3816342,32522302.06654242,4098.072337013914,23.011636658037112,1.0005059416537876,34.8,32005073.511403486,0.0,60.03035649922725,0.0,1
2026-03-05T09:37:05+00:00,1772703425.381787,29355641.68562687,49144.489429062836,20.996791137905266,2.9995415911293235,34.8,33247721.87337665,0.0,58.99098462554336,0.0,1
2026-03-05T09:37:06+00:00,1772703426.3816242,33745271.07621409,0.0,32.00521172514159,0.0,34.8,30451508.720315926,0.0,27.004397393088215,0.0,1
2026-03-05T09:37:07+00:00,1772703427.3817742,29388488.746872477,49144.63001149244,27.99580160159888,9.9985005719996,34.8,33696596.68023303,0.0,47.992802745598084,0.0,1
2026-03-05T09:37:08+00:00,1772703428.3818963,29356544.4374466,4095.5000610277066,20.99743683632369,0.9998779445868424,34.8,31537045.263029415,0.0,26.996704503844747,0.0,1
2026-03-05T09:37:09+00:00,1772703429.3815758,33565187.44641685,4097.312920705182,24.007692894756925,1.0003205372815385,34.8,32102553.76802259,0.0,27.00865450660154,0.0,1
2026-03-05T09:37:10+00:00,1772703430.3820646,29378537.002451174,0.0,26.986809978376467,0.0,34.8,33133655.657840114,0.0,22.988764055654027,0.0,1
2026-03-05T09:37:11+00:00,1772703431.3818524,33561553.5111315,4096.869325089295,24.00509370169509,1.0002122375706286,34.8,30452583.810968343,0.0,37.00785279011326,0.0,1
2026-03-05T09:37:12+00:00,1772703432.3818898,29457329.36158615,4095.846685426328,27.99895195115654,0.9999625696841621,34.8,32107292.1689285,0.0,50.99809105389227,0.0,1
2026-03-05T09:37:13+00:00,1772703433.3820102,29356593.42556765,45050.57584838785,20.99747187535833,8.998916518010713,34.8,33129250.192477416,53.99349910806428,41.99494375071666,0.9998796131123014,1
2026-03-05T09:37:14+00:00,1772703434.3821595,33582187.85743743,0.0,30.99537393949363,0.0,34.8,30441579.593316693,0.0,38.99418011742747,0.0,1
2026-03-05T09:37:15+00:00,1772703435.3819418,29366520.391471244,159778.78003172134,21.004572194674907,7.001524064891635,34.8,34274919.83302678,0.0,55.01197479557714,0.0,1
2026-03-05T09:37:16+00:00,1772703436.3817582,29398293.006419882,8193.504182391272,27.004957632393108,2.0003672320291193,34.8,30979920.3652175,0.0,54.009915264786216,0.0,1
2026-03-05T09:37:17+00:00,1772703437.3818407,33551664.228321314,0.0,23.99802033542727,0.0,34.8,30443611.620371662,0.0,33.99719547518863,0.0,1
2026-03-05T09:37:18+00:00,1772703438.3818822,29474617.250432592,4095.830085173888,33.99858957419731,0.9999585168881563,34.8,34794180.56923793,65.99726211461831,33.99858957419731,0.9999585168881563,1
2026-03-05T09:37:19+00:00,1772703439.3818579,33751860.80121081,98306.39068313829,27.000656620735004,5.000121596432408,34.8,30554359.042140555,0.0,52.001264602897045,0.0,1
2026-03-05T09:37:20+00:00,1772703440.3816526,14199650.88156534,36871.56893655166,11.002258525989264,8.001642564355828,34.8,31996970.286756728,0.0,43.00882878341258,0.0,1
2026-03-05T09:37:21+00:00,1772703441.38196,98273.79834411966,0.0,6.99784941008339,0.0,34.8,33241072.30218756,0.0,22.99293377598828,0.0,1
2026-03-05T09:37:22+00:00,1772703442.382004,0.0,528360.6953638453,0.0,52.99766240893706,34.8,30444780.158773094,0.0,35.99841220229687,0.0,1
2026-03-05T09:37:23+00:00,1772703443.3816915,0.0,12291.842021200608,0.0,2.000625328971453,34.8,32282097.31047202,0.0,23.00719128317171,0.0,1
2026-03-05T09:37:24+00:00,1772703444.3816118,176142.02650758112,69637.5453634623,4.000318552588597,2.0001592762942986,34.8,32972365.649005596,0.0,35.00278733515023,0.0,1
2026-03-05T09:37:25+00:00,1772703445.3817368,819097.6690343441,0.0,6.999125589893078,0.0,34.8,31804749.59016007,0.0,33.99575286519495,0.0,1
2026-03-05T09:37:26+00:00,1772703446.3821084,57322.69346639774,8188.956209485391,0.9996284435406971,0.9996284435406971,34.8,33201374.229654305,0.0,30.98848174976161,0.0,1
2026-03-05T09:37:27+00:00,1772703447.3818178,8706.530398501342,12291.572327296013,3.000872150218753,3.000872150218753,34.8,30677320.81870985,0.0,57.016570854156306,0.0,1
2026-03-05T09:37:28+00:00,1772703448.381902,25163706.178239603,4095.655302447852,18.99840106115947,0.9999158453241827,34.8,31892335.884931713,0.0,28.997559514401296,0.0,1
2026-03-05T09:37:29+00:00,1772703449.3819492,9469504.974227691,0.0,14.999291930245832,0.0,34.8,31996461.546922136,0.0,43.997922995387775,0.0,1
2026-03-05T09:37:30+00:00,1772703450.3815854,8285126.35060764,73754.83398167038,9.003275632528123,4.001455836679166,34.8,31806502.056326378,132.04804261041247,63.022929427696866,2.000727918339583,1
2026-03-05T09:37:31+00:00,1772703451.3819537,2192600.3409636524,4094.49176650542,4.9981588946599365,0.9996317789319873,34.8,30434911.096440315,0.0,39.98527115727949,0.0,1
2026-03-05T09:37:32+00:00,1772703452.3818603,5243370.045799721,0.0,6.000560812911668,0.0,34.8,34798820.30063387,0.0,59.00551466029807,0.0,1
2026-03-05T09:37:33+00:00,1772703453.3815765,1835528.7727526606,4097.162439180046,2.000567597255882,1.000283798627941,34.8,30454762.567649722,0.0,21.00595977118676,0.0,1
2026-03-05T09:37:34+00:00,1772703454.381695,33583220.588723995,8191.029411883901,30.99632712016613,1.999763040010718,34.8,30442514.743628602,0.0,38.995379280209,0.0,1
2026-03-05T09:37:35+00:00,1772703455.381782,29357573.22232386,4095.6435857036636,20.998172680609603,0.9999129847909335,34.8,34792540.256375894,0.0,47.9958232699648,0.0,1
2026-03-05T09:37:36+00:00,1772703456.3816261,34063551.384822294,0.0,45.00701775303137,0.0,34.8,30450870.074776866,0.0,21.00327495141464,0.0,1
2026-03-05T09:37:37+00:00,1772703457.381516,28314670.843538694,1151102.7932630747,21.00231339187313,210.02313391873133,34.8,34799401.132582486,0.0,24.002643876426436,0.0,1
2026-03-05T09:37:38+00:00,1772703458.3817692,30892402.027402613,61424.44729732758,80.97949594862523,6.998228044942921,34.8,30438414.977164805,0.0,37.99038081540442,0.0,1
2026-03-05T09:37:39+00:00,1772703459.3816645,32636247.897566564,16385.715023254204,27.002826271231907,2.0002093534245855,34.8,34799438.30952689,112.0117237917768,44.004605775340885,2.0002093534245855,1
2026-03-05T09:37:40+00:00,1772703460.382416,29821045.622544702,0.0,55.95794786175245,0.0,34.8,30423259.06193847,0.0,20.98423044815717,0.0,1
2026-03-05T09:37:41+00:00,1772703461.3816214,36380910.05831345,450918.32184951886,98.07793754716985,17.01351977859069,34.8,30470335.225199126,0.0,21.01670090296497,0.0,1
2026-03-05T09:37:42+00:00,1772703462.3815877,29393884.134780645,4096.137699941562,27.000907690044475,1.0000336181497953,34.8,34990633.28080668,108.0036307601779,92.00309286978117,2.0000672362995906,1
2026-03-05T09:37:43+00:00,1772703463.3817785,29411862.13249731,208856.16384814298,23.995423236229662,4.999046507547846,34.8,30440315.97049513,0.0,55.98932088453588,0.0,1
2026-03-05T09:37:44+00:00,1772703464.3832164,33506253.276304867,0.0,23.965539891461038,0.0,34.8,33010306.399534322,0.0,66.90379886366206,0.0,1
2026-03-05T09:37:45+00:00,1772703465.3820095,29428412.41073779,69716.13865420045,27.03262499516619,2.0024166663086067,34.8,32222861.961613104,66.07974998818402,61.0737083224125,1.0012083331543034,1
2026-03-05T09:37:46+00:00,1772703466.381655,29370540.691595174,12292.357990343962,21.00744773740423,3.001063962486319,34.8,30456961.858782772,0.0,56.019860633077954,0.0,1
2026-03-05T09:37:47+00:00,1772703467.3817432,33584237.37072297,8191.277407493407,29.997353787207302,1.99982358581382,34.8,34792498.784094304,0.0,31.99717737302112,0.0,1
2026-03-05T09:37:48+00:00,1772703468.3817868,29358847.05588836,65533.140749750804,20.999083797374983,1.9999127426071412,34.8,30449454.472032458,4674.796035844192,31.99860388171426,11.999476455642847,1
2026-03-05T09:37:49+00:00,1772703469.3820338,33578905.95489281,507778.57785447664,30.99234483975077,37.99061625517837,34.8,30438603.614745885,0.0,20.99481424628278,0.0,1
2026-03-05T09:37:50+00:00,1772703470.382028,29360296.000961307,32768.18750107289,21.00012016365145,4.000022888314562,34.8,34795767.102976434,0.0,45.00025749353882,0.0,1
2026-03-05T09:37:51+00:00,1772703471.382054,29424899.3167473,155643.95518324018,28.999246378456295,3.999896052200868,34.8,30445330.7981565,0.0,20.999454274054557,0.0,1
2026-03-05T09:37:52+00:00,1772703472.3816564,33567781.308782354,4097.629554294721,24.009548169695627,1.0003978404039846,34.8,31965264.016196016,0.0,110.0437624444383,0.0,1
2026-03-05T09:37:53+00:00,1772703473.3820872,29380238.336017326,102355.90278712836,26.988372805199862,23.989664715733213,34.8,33276315.818673052,0.0,82.96425714191069,0.0,1
2026-03-05T09:37:54+00:00,1772703474.3820457,29361346.050530624,65538.71886279157,21.000871217630355,2.000082973107653,34.8,30447385.10467916,0.0,35.00145202938393,0.0,1
2026-03-05T09:37:55+00:00,1772703475.382095,33642883.6346778,0.0,30.99847014348037,0.0,34.8,34793850.831401326,0.0,23.998815594952546,0.0,1
2026-03-05T09:37:56+00:00,1772703476.3817403,29370547.696562883,102436.34101758817,21.007452747747575,4.001419570999539,34.8,30456927.1079599,0.0,21.007452747747575,0.0,1
2026-03-05T09:37:57+00:00,1772703477.3819237,33548281.127724834,69619.2357386868,23.995600553315757,1.99963337944298,34.8,30440540.91289663,0.0,20.99615048415129,0.0,1
2026-03-05T09:37:58+00:00,1772703478.3820603,29392976.512438387,4095.4405061221105,27.996175334819114,0.9998634048149684,34.8,34790815.09295076,0.0,39.99453619259874,0.0,1
2026-03-05T09:37:59+00:00,1772703479.381991,29378550.278134093,65540.5471904832,29.002012153991892,1.00006938462041,34.8,30448234.49261793,0.0,39.00270600019599,0.0,1
2026-03-05T09:38:00+00:00,1772703480.3819768,33620440.92852754,4096.057617997995,36.0005064081855,1.0000140668940418,34.8,32280030.073375303,0.0,29.00040793992721,0.0,1
2026-03-05T09:38:01+00:00,1772703481.3818152,12711942.857553821,24579.97329852495,13.002101761101253,3.0004850217925965,34.8,30557041.478426546,0.0,21.003395152548176,0.0,1
2026-03-05T09:38:02+00:00,1772703482.3818665,65532.64079719272,69628.43084701727,11.999384911595346,1.999897485265891,34.8,32911978.93214073,0.0,36.99810347741899,0.0,1
2026-03-05T09:38:03+00:00,1772703483.381686,0.0,0.0,0.0,0.0,34.8,31997691.034931526,0.0,22.003971339775134,0.0,1
2026-03-05T09:38:04+00:00,1772703484.3819072,0.0,4095.0939504656717,0.0,0.9997787965004081,34.8,33242419.03363056,0.0,42.99048824951755,0.0,1
2026-03-05T09:38:05+00:00,1772703485.3869069,0.0,4075.6233601896342,0.0,0.9950252344212974,34.8,30294659.68026942,0.0,48.75623648664357,0.0,1
2026-03-05T09:38:06+00:00,1772703486.3816466,0.0,102941.49585318778,0.0,3.0158641363238603,34.8,34979568.54473939,0.0,24.126913090590882,0.0,1
2026-03-05T09:38:07+00:00,1772703487.3816612,0.0,53247.22559720005,0.0,4.999927283390931,34.8,30445679.212249767,0.0,28.999578243667397,0.0,1
2026-03-05T09:38:08+00:00,1772703488.381693,65533.92194089457,4095.8701213059107,0.9999682913344509,0.9999682913344509,34.8,32355764.009367645,0.0,46.99850969271919,0.0,1
2026-03-05T09:38:09+00:00,1772703489.3817265,16383.449237265002,266231.05010555626,0.9999663841104127,60.997949430735176,34.8,32883849.542983636,0.0,30.998957907422795,0.0,1
2026-03-05T09:38:10+00:00,1772703490.381715,0.0,0.0,0.0,0.0,34.8,30452210.497892357,71971.82365215666,61.0006980975887,71.00081253981635,1
2026-03-05T09:38:11+00:00,1772703491.381625,16385.47669558309,28674.584217270403,1.0000901303456475,6.000540782073885,34.8,32427842.469247192,0.0,22.001982867604244,0.0,1
2026-03-05T09:38:12+00:00,1772703492.3818674,0.0,20475.035383466486,0.0,3.999030348333298,34.8,32854223.780673757,0.0,63.98448557333277,0.0,1
2026-03-05T09:38:13+00:00,1772703493.389194,20331.042524154836,4066.208504830967,1.9854533714994955,0.9927266857497478,34.8,30224677.786992483,0.0,27.79634720099294,0.0,1
2026-03-05T09:38:14+00:00,1772703494.3818042,0.0,0.0,0.0,0.0,34.8,35054614.020883866,0.0,29.21589918019537,0.0,1
2026-03-05T09:38:15+00:00,1772703495.3817966,0.0,4096.03125023842,0.0,1.0000076294527394,34.8,30446464.288088135,132.0010070877616,23.000175477413006,2.0000152589054787,1
2026-03-05T09:38:16+00:00,1772703496.3824277,0.0,98242.0000652855,0.0,3.9974772161981402,34.8,30426919.754147235,0.0,78.95017501991326,0.0,1
2026-03-05T09:38:17+00:00,1772703497.3819964,65564.27782120193,0.0,1.0004314853088674,0.0,34.8,34810581.7764057,0.0,64.02761505976751,0.0,1
2026-03-05T09:38:18+00:00,1772703498.382012,0.0,503800.1925038069,0.0,50.99920965465842,34.8,30445650.177437417,0.0,71.9988842183413,0.0,1
2026-03-05T09:38:19+00:00,1772703499.381584,0.0,28684.2757613639,0.0,3.001284433736457,34.8,27763359.644859917,54.02311980725623,36.015413204837486,1.000428144578819,1
2026-03-05T09:38:20+00:00,1772703500.381846,32759.416311615358,4094.9270389519197,0.999738046619121,0.999738046619121,34.8,37480433.30121469,0.0,26.992927258716268,0.0,1
2026-03-05T09:38:21+00:00,1772703501.3817146,131089.22101230093,163861.52626537613,2.0002627717941426,5.000656929485356,34.8,30450122.191051308,0.0,23.003021875632637,0.0,1
2026-03-05T09:38:22+00:00,1772703502.3819795,65518.645221986386,4094.915326374149,11.996822245236764,0.9997351871030637,34.8,32116640.846493613,0.0,21.994174116267402,0.0,1
2026-03-05T09:38:23+00:00,1772703503.3820643,65530.43797208832,4095.65237325552,0.999915130189336,0.999915130189336,34.8,33113785.400767643,53.99541703022414,23.997963124544064,0.999915130189336,1
2026-03-05T09:38:24+00:00,1772703504.3818464,0.0,12290.67831801955,0.0,2.000435924156828,34.8,30452866.123570666,0.0,37.00806459690131,0.0,0
2026-03-05T09:38:25+00:00,1772703505.3819592,0.0,0.0,0.0,0.0,34.8,0.0,0.0,0.0,0.0,0
2026-03-05T09:38:26+00:00,1772703506.381702,282696.7247633981,167979.21326520757,6.0015439190599125,7.001801238903231,34.8,0.0,0.0,0.0,0.0,0
2026-03-05T09:38:27+00:00,1772703507.3818543,139242.78643500042,69621.39321750021,5.999086042408681,3.999390694939121,34.8,0.0,0.0,0.0,0.0,0
2026-03-05T09:38:28+00:00,1772703508.3816152,0.0,4096.979726473249,0.0,1.000239191033508,34.8,0.0,0.0,0.0,0.0,0
2026-03-05T09:38:29+00:00,1772703509.3818617,65519.84773193483,0.0,0.9997535359487126,0.0,34.8,0.0,0.0,0.0,0.0,0
2026-03-05T09:38:30+00:00,1772703510.3817308,11163061.15316703,4096.536202997076,540.0706908248097,1.000130908934833,34.8,0.0,0.0,0.0,0.0,0
2026-03-05T09:38:31+00:00,1772703511.3820844,0.0,257956.7929906833,0.0,8.996818951963006,34.8,0.0,0.0,0.0,0.0,0
2026-03-05T09:38:32+00:00,1772703512.3819053,0.0,98321.60471466558,0.0,9.001611759765526,34.8,0.0,0.0,0.0,0.0,0
2026-03-05T09:38:33+00:00,1772703513.3817487,233508.5770185235,0.0,9.001409989920468,0.0,34.8,0.0,0.0,0.0,0.0,0
2026-03-05T09:38:34+00:00,1772703514.3817146,0.0,8192.279306397631,0.0,2.0000681900384842,34.8,0.0,0.0,0.0,0.0,0
2026-03-05T09:38:35+00:00,1772703515.3817065,0.0,4096.033203394154,0.0,1.000008106297401,34.8,0.0,0.0,0.0,0.0,0
2026-03-05T09:38:36+00:00,1772703516.3817205,0.0,102398.5595905743,0.0,2.9999578005051064,34.8,0.0,0.0,0.0,0.0,0
2026-03-05T09:38:37+00:00,1772703517.3819983,0.0,69612.66455025648,0.0,1.999444638966466,34.8,0.0,0.0,0.0,0.0,0
2026-03-05T09:38:38+00:00,1772703518.3816779,0.0,221254.89771807982,0.0,11.003525910096924,34.8,0.0,0.0,0.0,0.0,0
2026-03-05T09:38:39+00:00,1772703519.3818192,249820.67979833594,4095.4209803005892,3.999434551074794,0.9998586377686985,34.8,227.96776941126325,111.98416743009423,3.999434551074794,1.999717275537397,0
2026-03-05T09:38:40+00:00,1772703520.3818395,0.0,0.0,0.0,0.0,34.8,0.0,0.0,0.0,0.0,0
2026-03-05T09:38:41+00:00,1772703521.3816113,0.0,73744.82610477979,0.0,3.0006846559562086,34.8,0.0,0.0,0.0,0.0,0
2026-03-05T09:38:42+00:00,1772703522.381693,0.0,188400.63797135683,0.0,25.99788015484501,34.8,0.0,0.0,0.0,0.0,0
2026-03-05T09:38:43+00:00,1772703523.3815978,32771.11748406318,528434.2694305188,1.0000951380634515,55.005232593489836,34.8,831.0790597307283,3409.3243256583064,5.000475690317258,5.000475690317258,0
2026-03-05T09:38:44+00:00,1772703524.382024,809127.0752614576,0.0,27.98806889839403,0.0,34.8,1362.4192110182523,1505.3582771779074,6.997017224598507,5.997443335370149,0
2026-03-05T09:38:45+00:00,1772703525.3818042,254007.8364928356,98325.61412625895,5.001099351311185,8.001758962097895,34.8,342.0751956296851,1010.2220689648594,5.001099351311185,8.001758962097895,0
2026-03-05T09:38:46+00:00,1772703526.3819628,364486.2113107391,384962.96475516265,12.997939198120415,17.99714658201288,34.8,559.9112269959563,455.927713410993,7.9987318142279475,7.9987318142279475,0
2026-03-05T09:38:47+00:00,1772703527.3819802,0.0,12287.786136534698,0.0,2.9999477872399165,34.8,9298.838157847995,8586.850549676388,14.999738936199583,22.999599702172695,0
2026-03-05T09:38:48+00:00,1772703528.381973,0.0,0.0,0.0,0.0,34.8,54.000386240860756,0.0,1.0000071526085326,0.0,0
2026-03-05T09:38:49+00:00,1772703529.381696,0.0,544918.9656520098,0.0,54.014964434784225,34.8,0.0,0.0,0.0,0.0,0
2026-03-05T09:38:50+00:00,1772703530.381641,0.0,20481.1279918113,0.0,4.0002203109006444,34.8,0.0,0.0,0.0,0.0,0
2026-03-05T09:38:51+00:00,1772703531.3817165,0.0,8191.380906165301,0.0,1.999848854044263,34.8,0.0,0.0,0.0,0.0,0
2026-03-05T09:38:52+00:00,1772703532.3816686,0.0,4096.196298469542,0.0,1.0000479244310405,34.8,0.0,0.0,0.0,0.0,0
2026-03-05T09:38:53+00:00,1772703533.3817139,0.0,4095.8144615298056,0.0,0.9999547025219252,34.8,0.0,0.0,0.0,0.0,0
2026-03-05T09:38:54+00:00,1772703534.3817177,0.0,69631.73437601328,0.0,1.9999923706345726,34.8,54.999790192450746,0.0,0.9999961853172863,0.0,0
2026-03-05T09:38:55+00:00,1772703535.3820617,0.0,0.0,0.0,0.0,34.8,54.98108441714908,65.9773013005789,0.9996560803118014,0.9996560803118014,0
2026-03-05T09:38:56+00:00,1772703536.3820174,0.0,163847.26594721465,0.0,5.000221739111775,34.8,0.0,0.0,0.0,0.0,0
2026-03-05T09:38:57+00:00,1772703537.3820806,0.0,4095.7412272869988,0.0,0.9999368230681149,34.8,0.0,0.0,0.0,0.0,0
2026-03-05T09:38:58+00:00,1772703538.3821967,0.0,221158.3213409202,0.0,38.99547224164446,34.8,0.0,0.0,0.0,0.0,0
2026-03-05T09:38:59+00:00,1772703539.381681,0.0,0.0,0.0,0.0,34.8,0.0,0.0,0.0,0.0,0
2026-03-05T09:39:00+00:00,1772703540.3816693,204802.39260607664,69632.81348606606,5.000058413234293,2.000023365293717,34.8,110.00128509115444,274.0032010452393,2.000023365293717,3.000035047940576,0
2026-03-05T09:39:01+00:00,1772703541.381788,81910.27459222151,204775.6864805538,4.999406408216645,8.998931534789962,34.8,0.0,0.0,0.0,0.0,0
2026-03-05T09:39:02+00:00,1772703542.3820038,131043.72485089539,159709.53966202875,1.999568555464102,4.998921388660255,34.8,0.0,0.0,0.0,0.0,0
2026-03-05T09:39:03+00:00,1772703543.3817384,0.0,0.0,0.0,0.0,34.8,0.0,0.0,0.0,0.0,0
2026-03-05T09:39:04+00:00,1772703544.3816853,0.0,4096.217785016551,0.0,1.0000531701700563,34.8,1.0000531701700563,0.0,1.0000531701700563,0.0,0
2026-03-05T09:39:05+00:00,1772703545.3816986,0.0,69631.0703249125,0.0,1.9999732974756579,34.8,0.9999866487378289,0.0,0.9999866487378289,0.0,0
2026-03-05T09:39:06+00:00,1772703546.3817036,0.0,12287.938476870533,0.0,1.9999899864698134,34.8,427.99785710454006,0.0,5.99996995940944,0.0,0
2026-03-05T09:39:07+00:00,1772703547.3817065,0.0,520190.511723008,0.0,54.99984264418799,34.8,427.9987754856811,0.0,5.999982833911417,0.0,0
2026-03-05T09:39:08+00:00,1772703548.3820555,0.0,12283.712434052597,0.0,1.999302153979915,34.8,426.85100987471185,0.0,4.998255384949788,0.0,0
2026-03-05T09:39:09+00:00,1772703549.3818672,16387.086518847915,16387.086518847915,1.000188386160151,4.000753544640604,34.8,427.0804408903845,0.0,5.000941930800756,0.0,0
2026-03-05T09:39:10+00:00,1772703550.381764,0.0,0.0,0.0,0.0,34.8,0.0,0.0,0.0,0.0,0
2026-03-05T09:39:11+00:00,1772703551.3817055,0.0,122887.17815366927,0.0,4.000233663856422,34.8,0.0,0.0,0.0,0.0,0
2026-03-05T09:39:12+00:00,1772703552.3818352,0.0,69622.96992119857,0.0,1.9997406342256026,34.8,0.0,0.0,0.0,0.0,0
2026-03-05T09:39:13+00:00,1772703553.381699,0.0,4096.557693110171,0.0,1.0001361555444754,34.8,1.0001361555444754,0.0,1.0001361555444754,0.0,0
2026-03-05T09:39:14+00:00,1772703554.381698,65536.07812509313,65536.07812509313,4.000004768377266,1.0000011920943166,34.8,1.0000011920943166,0.0,1.0000011920943166,0.0,0
2026-03-05T09:39:15+00:00,1772703555.3817036,131071.2500042915,172031.0156306326,1.9999885559736863,25.999851227657924,34.8,0.9999942779868431,0.0,0.9999942779868431,0.0,0
2026-03-05T09:39:16+00:00,1772703556.3817012,0.0,90112.21484426223,0.0,4.000009536765901,34.8,1.0000023841914754,0.0,1.0000023841914754,0.0,0
2026-03-05T09:39:17+00:00,1772703557.38174,0.0,24575.044958990024,0.0,3.999844557127282,34.8,0.9999611392818205,0.0,0.9999611392818205,0.0,0
2026-03-05T09:39:18+00:00,1772703558.3820162,0.0,0.0,0.0,0.0,34.8,0.9997239874893397,0.0,0.9997239874893397,0.0,0
2026-03-05T09:39:19+00:00,1772703559.3820837,0.0,69627.30207479306,0.0,1.9998650641886793,34.8,0.0,0.0,0.0,0.0,0
2026-03-05T09:39:20+00:00,1772703560.3816984,0.0,4097.578733261335,0.0,1.0003854329251307,34.8,0.0,0.0,0.0,0.0,0
2026-03-05T09:39:21+00:00,1772703561.3816075,0.0,77831.06997815649,0.0,3.0002725371925045,34.8,0.0,0.0,0.0,0.0,0
2026-03-05T09:39:22+00:00,1772703562.3818347,0.0,8190.139094696701,0.0,1.9995456774161868,34.8,0.9997728387080934,0.0,0.9997728387080934,0.0,0
2026-03-05T09:39:23+00:00,1772703563.3818035,0.0,69634.17487261494,0.0,2.0000624676187653,34.8,1.0000312338093826,0.0,1.0000312338093826,0.0,0
2026-03-05T09:39:24+00:00,1772703564.3816397,65546.73613350956,4096.671008344348,1.0001638203965693,1.0001638203965693,34.8,1.0001638203965693,0.0,1.0001638203965693,0.0,0
2026-03-05T09:39:25+00:00,1772703565.3817084,0.0,0.0,0.0,0.0,34.8,0.9999313401637155,0.0,0.9999313401637155,0.0,0
2026-03-05T09:39:26+00:00,1772703566.3820071,0.0,131032.85544398514,0.0,5.998208104430472,34.8,0.999701350738412,0.0,0.999701350738412,0.0,0
2026-03-05T09:39:27+00:00,1772703567.3817232,65554.61466075444,20485.81708148576,1.000284037181922,4.001136148727688,34.8,1.000284037181922,0.0,1.000284037181922,0.0,0
2026-03-05T09:39:28+00:00,1772703568.3819566,65520.70669463776,16380.17667365944,0.9997666426794092,2.9992999280382278,34.8,0.0,0.0,0.0,0.0,0
2026-03-05T09:39:29+00:00,1772703569.3816907,0.0,65553.42650760555,0.0,1.000265907403649,34.8,0.0,0.0,0.0,0.0,0
2026-03-05T09:39:30+00:00,1772703570.3816075,0.0,4096.340848673865,0.0,1.000083215008268,34.8,0.0,0.0,0.0,0.0,0
2026-03-05T09:39:31+00:00,1772703571.381881,16379.520756171387,81897.60378085694,0.9997266086530388,15.99562573844862,34.8,0.0,0.0,0.0,0.0,0
2026-03-05T09:39:32+00:00,1772703572.3819916,0.0,4095.5469251219615,0.0,0.9998893860161039,34.8,54.993916230885716,0.0,0.9998893860161039,0.0,0
2026-03-05T09:39:33+00:00,1772703573.3821623,0.0,0.0,0.0,0.0,34.8,41.99283150020739,107.981566714819,0.9998293214335092,1.9996586428670184,0
2026-03-05T09:39:34+00:00,1772703574.3819027,0.0,49164.76503303551,0.0,4.001038821047811,34.8,0.0,0.0,0.0,0.0,0
2026-03-05T09:39:35+00:00,1772703575.3815756,0.0,717034.5493797658,0.0,58.01897860494756,34.8,0.0,0.0,0.0,0.0,0
2026-03-05T09:39:36+00:00,1772703576.3821163,16375.145412970396,110532.23153755018,0.9994595588971189,2.9983786766913565,34.8,0.0,0.0,0.0,0.0,0
2026-03-05T09:39:37+00:00,1772703577.381821,0.0,303193.563566508,0.0,8.00236390325454,34.8,0.0,0.0,0.0,0.0,0
2026-03-05T09:39:38+00:00,1772703578.3816252,0.0,4096.801914780625,0.0,1.0001957799757386,34.8,0.0,0.0,0.0,0.0,0
2026-03-05T09:39:39+00:00,1772703579.3817098,65530.453594439976,69626.10694409248,0.9999153685675045,1.999830737135009,34.8,282.9760493046038,165.98595118220575,4.999576842837523,2.9997461057025134,0
2026-03-05T09:39:40+00:00,1772703580.3819177,16380.594458015588,0.0,0.9997921422128655,0.0,34.8,107.97755135898947,278.9420076773895,1.999584284425731,3.999168568851462,0
2026-03-05T09:39:41+00:00,1772703581.3816867,1544548.833414931,131102.2882474212,25.00577702473091,15.003466214838546,34.8,0.0,0.0,0.0,0.0,0
2026-03-05T09:39:42+00:00,1772703582.382136,0.0,69600.72011246395,0.0,1.9991015657302376,34.8,0.0,0.0,0.0,0.0,0
2026-03-05T09:39:43+00:00,1772703583.381561,0.0,4098.3568240784825,0.0,1.0005753965035358,34.8,0.0,0.0,0.0,0.0,0
2026-03-05T09:39:44+00:00,1772703584.3815093,32769.69540021464,0.0,2.0001034790170067,0.0,34.8,0.0,0.0,0.0,0.0,0
2026-03-05T09:39:45+00:00,1772703585.38194,0.0,12282.711261620881,0.0,2.9987088041066605,34.8,109.95265615057755,131.94318738069308,1.999139202737774,1.999139202737774,0
2026-03-05T09:39:46+00:00,1772703586.3817973,0.0,98318.01762355301,0.0,4.000570378562541,34.8,0.0,0.0,0.0,0.0,0
2026-03-05T09:39:47+00:00,1772703587.3819084,0.0,45050.994696729496,0.0,10.998778002131225,34.8,0.0,0.0,0.0,0.0,0
2026-03-05T09:39:48+00:00,1772703588.3819075,0.0,0.0,0.0,0.0,34.8,0.0,0.0,0.0,0.0,0
2026-03-05T09:39:49+00:00,1772703589.3816357,0.0,73748.04451054144,0.0,2.000543742147934,34.8,0.0,0.0,0.0,0.0,0
2026-03-05T09:39:50+00:00,1772703590.381697,0.0,4095.749038814789,0.0,0.9999387301793918,34.8,0.0,0.0,0.0,0.0,0
2026-03-05T09:39:51+00:00,1772703591.38186,0.0,151527.28918604774,0.0,3.999347793128371,34.8,0.0,0.0,0.0,0.0,0
2026-03-05T09:39:52+00:00,1772703592.381726,0.0,4096.548901673016,0.0,1.0001340091975137,34.8,0.0,0.0,0.0,0.0,0
2026-03-05T09:39:53+00:00,1772703593.381564,0.0,73739.95506321025,0.0,3.000486452767344,34.8,0.0,0.0,0.0,0.0,0
2026-03-05T09:39:54+00:00,1772703594.381685,0.0,69623.56742757482,0.0,1.99975779605856,34.8,0.0,0.0,0.0,0.0,0
2026-03-05T09:39:55+00:00,1772703595.3819013,0.0,0.0,0.0,0.0,34.8,0.0,0.0,0.0,0.0,0
2026-03-05T09:39:56+00:00,1772703596.382123,131042.94394257865,16380.367992822332,1.9995566397488198,2.9993349596232295,34.8,0.0,0.0,0.0,0.0,0
2026-03-05T09:39:57+00:00,1772703597.382138,32767.507819892726,4095.9384774865907,0.9999849798551247,0.9999849798551247,34.8,0.0,0.0,0.0,0.0,0
2026-03-05T09:39:58+00:00,1772703598.381639,545039.980447549,1360550.928635987,18.00898666598604,7.003494814550127,34.8,0.0,0.0,0.0,0.0,0
2026-03-05T09:39:59+00:00,1772703599.3822975,0.0,0.0,0.0,0.0,34.8,0.0,0.0,0.0,0.0,0
2026-03-05T09:40:00+00:00,1772703600.381695,65575.50817803523,16393.87704450881,1.0006028469548833,2.0012056939097667,34.8,0.0,0.0,0.0,0.0,0
2026-03-05T09:40:01+00:00,1772703601.381771,0.0,94200.83550583688,0.0,3.9996958010290795,34.8,0.0,0.0,0.0,0.0,0
2026-03-05T09:40:02+00:00,1772703602.3816762,0.0,16385.55483503922,0.0,2.0001897991991235,34.8,0.0,0.0,0.0,0.0,0
2026-03-05T09:40:03+00:00,1772703603.3819895,0.0,0.0,0.0,0.0,34.8,0.0,0.0,0.0,0.0,0
2026-03-05T09:40:04+00:00,1772703604.3819392,0.0,49154.472780646494,0.0,9.000452779659392,34.8,0.0,0.0,0.0,0.0,0
2026-03-05T09:40:05+00:00,1772703605.3819153,131075.12507450758,589838.0628352842,2.000047684852716,53.00126364859697,34.8,0.0,0.0,0.0,0.0,0
2026-03-05T09:40:06+00:00,1772703606.3816884,0.0,90132.4577683915,0.0,3.000681078049255,34.8,0.0,0.0,0.0,0.0,0
2026-03-05T09:40:07+00:00,1772703607.3819122,0.0,8190.166426116437,0.0,1.9995523501260832,34.8,0.0,0.0,0.0,0.0,0
2026-03-05T09:40:08+00:00,1772703608.3822308,65515.131647138456,4094.6957279461535,0.9996815742056039,0.9996815742056039,34.8,0.0,0.0,0.0,0.0,0
2026-03-05T09:40:09+00:00,1772703609.3818672,0.0,65559.8367917794,0.0,2.000727441155377,34.8,0.0,0.0,0.0,0.0,0
2026-03-05T09:40:10+00:00,1772703610.3817105,0.0,0.0,0.0,0.0,34.8,0.0,0.0,0.0,0.0,0
2026-03-05T09:40:11+00:00,1772703611.381712,438271.37304777186,24575.96484380029,9.999985694905718,2.9999957084717153,34.8,0.0,0.0,0.0,0.0,0
2026-03-05T09:40:12+00:00,1772703612.3817103,0.0,94208.1572268249,0.0,3.000005006798517,34.8,0.0,0.0,0.0,0.0,0
2026-03-05T09:40:13+00:00,1772703613.3816762,0.0,69634.37410437988,0.0,2.0000681900384842,34.8,150.00511425288633,132.00450054253997,2.0000681900384842,2.0000681900384842,0
2026-03-05T09:40:14+00:00,1772703614.3816333,0.0,0.0,0.0,0.0,34.8,0.0,0.0,0.0,0.0,0
2026-03-05T09:40:15+00:00,1772703615.381634,0.0,8191.994140629191,0.0,1.9999985694895486,34.8,0.0,0.0,0.0,0.0,0
2026-03-05T09:40:16+00:00,1772703616.381873,0.0,102375.54295205165,0.0,3.9990446465645175,34.8,0.0,0.0,0.0,0.0,0
2026-03-05T09:40:17+00:00,1772703617.3819244,0.0,4095.789073362387,0.0,0.999948504238864,34.8,0.0,0.0,0.0,0.0,0
2026-03-05T09:40:18+00:00,1772703618.381867,65539.76584138101,0.0,1.0000574621792757,0.0,34.8,115.00660815061671,108.00620591536179,2.0001149243585514,2.0001149243585514,0
2026-03-05T09:40:19+00:00,1772703619.381683,0.0,147483.11045221298,0.0,4.000735418083034,34.8,0.0,0.0,0.0,0.0,0
2026-03-05T09:40:20+00:00,1772703620.3816843,0.0,131071.84375018626,0.0,30.999963045164293,34.8,0.0,0.0,0.0,0.0,0
2026-03-05T09:40:21+00:00,1772703621.3819082,0.0,90091.8306872808,0.0,2.999328525189125,34.8,0.0,0.0,0.0,0.0,0
2026-03-05T09:40:22+00:00,1772703622.381875,0.0,4096.13574668617,0.0,1.0000331412808032,34.8,0.0,0.0,0.0,0.0,0
2026-03-05T09:40:23+00:00,1772703623.381941,0.0,8191.459020102366,0.0,0.9999339624148396,34.8,0.0,0.0,0.0,0.0,0
2026-03-05T09:40:24+00:00,1772703624.3818629,0.0,69637.4457383638,0.0,2.000156414819732,34.8,55.00430140754263,0.0,1.000078207409866,0.0,0
2026-03-05T09:40:25+00:00,1772703625.3816278,0.0,0.0,0.0,0.0,34.8,0.0,0.0,0.0,0.0,0
2026-03-05T09:40:26+00:00,1772703626.3820488,20471.380582306778,12282.828349384066,1.9991582599908961,2.9987373899863443,34.8,0.0,0.0,0.0,0.0,0
2026-03-05T09:40:27+00:00,1772703627.3818552,0.0,12290.379366885642,0.0,2.00038726674571,34.8,0.0,0.0,0.0,0.0,0
2026-03-05T09:40:28+00:00,1772703628.381714,0.0,4096.578206610277,0.0,1.0001411637232123,34.8,0.0,0.0,0.0,0.0,0
2026-03-05T09:40:29+00:00,1772703629.382276,0.0,0.0,0.0,0.0,34.8,0.0,0.0,0.0,0.0,0
2026-03-05T09:40:30+00:00,1772703630.3816576,0.0,16394.139083094968,0.0,4.002475362083732,34.8,110.06807245730263,66.04084347438157,2.001237681041866,1.000618840520933,0
2026-03-05T09:40:31+00:00,1772703631.38173,0.0,196593.75103275443,0.0,10.999202786052951,34.8,0.0,65.99521671631771,0.0,0.9999275260048138,0
2026-03-05T09:40:32+00:00,1772703632.3816562,0.0,114696.477189047,0.0,16.001182643561243,34.8,0.0,0.0,0.0,0.0,0
2026-03-05T09:40:33+00:00,1772703633.3818638,0.0,0.0,0.0,0.0,34.8,0.0,0.0,0.0,0.0,0
2026-03-05T09:40:34+00:00,1772703634.3817077,0.0,98319.35396023844,0.0,7.001093319922578,34.8,0.0,0.0,0.0,0.0,0
2026-03-05T09:40:35+00:00,1772703635.3820286,77799.03340269088,818937.1937125355,1.9993583830872452,65.9788266418791,34.8,0.0,0.0,0.0,0.0,0
2026-03-05T09:40:36+00:00,1772703636.3820066,81921.79691441443,8192.179691441444,2.0000438699808214,2.0000438699808214,34.8,0.0,0.0,0.0,0.0,0
2026-03-05T09:40:37+00:00,1772703637.381966,0.0,94211.8185141438,0.0,7.000283729609021,34.8,0.0,0.0,0.0,0.0,0
2026-03-05T09:40:38+00:00,1772703638.3819027,0.0,20481.29891050105,0.0,3.000190270092927,34.8,0.0,0.0,0.0,0.0,0
2026-03-05T09:40:39+00:00,1772703639.381924,0.0,4095.9130877817124,0.0,0.9999787811967071,34.8,227.99516211284921,111.9976234940312,3.9999151247868285,1.9999575623934143,0
2026-03-05T09:40:40+00:00,1772703640.3817449,0.0,0.0,0.0,0.0,34.8,0.0,0.0,0.0,0.0,0
2026-03-05T09:40:41+00:00,1772703641.3817642,49151.050799580866,94206.18069919666,2.9999420654041056,3.999922753872141,34.8,0.0,0.0,0.0,0.0,0
2026-03-05T09:40:42+00:00,1772703642.38168,0.0,4096.344755577736,0.0,1.0000841688422206,34.8,0.0,0.0,0.0,0.0,0
2026-03-05T09:40:43+00:00,1772703643.3821018,0.0,65508.37102786343,0.0,2.998735246026463,34.8,4955.909783266402,5095.850761414304,12.994519399448007,13.994097814790162,0
2026-03-05T09:40:44+00:00,1772703644.3817136,0.0,0.0,0.0,0.0,34.8,0.0,0.0,0.0,0.0,0
2026-03-05T09:40:45+00:00,1772703645.3818524,4095.4317194793853,4095.4317194793853,0.9998612596385218,0.9998612596385218,34.8,0.0,0.0,0.0,0.0,0
2026-03-05T09:40:46+00:00,1772703646.3819246,0.0,77818.37833580119,0.0,3.9997110575555705,34.8,0.0,0.0,0.0,0.0,0
2026-03-05T09:40:47+00:00,1772703647.3816147,0.0,73750.85864740411,0.0,3.0009301207439822,34.8,0.0,0.0,0.0,0.0,0
2026-03-05T09:40:48+00:00,1772703648.381699,65530.46921679908,0.0,0.9999156069457867,0.0,34.8,0.0,0.0,0.0,0.0,0
2026-03-05T09:40:49+00:00,1772703649.3817008,0.0,4095.9931640739087,0.0,0.9999983310727316,34.8,0.0,0.0,0.0,0.0,0
2026-03-05T09:40:50+00:00,1772703650.381851,0.0,4095.384858021604,0.0,0.9998498188529307,34.8,0.0,53.99189021805826,0.0,0.9998498188529307,0
2026-03-05T09:40:51+00:00,1772703651.381836,0.0,90113.35353595561,0.0,3.000045061788295,34.8,0.0,0.0,0.0,0.0,0
2026-03-05T09:40:52+00:00,1772703652.3822067,0.0,69606.1941376009,0.0,1.9992587930147319,34.8,0.0,0.0,0.0,0.0,0
2026-03-05T09:40:53+00:00,1772703653.3817434,122936.95021015605,16391.59336135414,2.000926923993425,4.00185384798685,34.8,0.0,0.0,0.0,0.0,0
2026-03-05T09:40:54+00:00,1772703654.3820822,32756.90219735564,4094.612774669455,1.9993226438815699,0.9996613219407849,34.8,0.0,0.0,0.0,0.0,0
2026-03-05T09:40:55+00:00,1772703655.381658,0.0,65563.80866995426,0.0,1.0004243266289408,34.8,0.0,0.0,0.0,0.0,0
2026-03-05T09:40:56+00:00,1772703656.382145,0.0,94162.15708428237,0.0,3.998053544679109,34.8,0.0,0.0,0.0,0.0,0
2026-03-05T09:40:57+00:00,1772703657.3817837,0.0,8194.960053558621,0.0,1.0003613346629177,34.8,0.0,0.0,0.0,0.0,0
2026-03-05T09:40:58+00:00,1772703658.381777,32768.21875146032,4096.02734393254,2.0000133515295606,1.0000066757647803,34.8,0.0,0.0,0.0,0.0,0
2026-03-05T09:40:59+00:00,1772703659.3820605,0.0,0.0,0.0,0.0,34.8,0.0,0.0,0.0,0.0,0
2026-03-05T09:41:00+00:00,1772703660.3816686,0.0,16390.42439310605,0.0,4.001568455348156,34.8,0.0,0.0,0.0,0.0,0
2026-03-05T09:41:01+00:00,1772703661.3816423,0.0,16384.429698769298,0.0,4.000104906926098,34.8,0.0,0.0,0.0,0.0,0
2026-03-05T09:41:02+00:00,1772703662.3816762,0.0,4095.861332819638,0.0,0.9999661457079194,34.8,83.99715623946524,53.99817186822765,0.9999661457079194,0.9999661457079194,0
2026-03-05T09:41:03+00:00,1772703663.3815484,262177.50428159116,0.0,4.00051123476549,0.0,34.8,526.0672273716619,753.0962399446036,6.000766852148235,5.000639043456863,0
2026-03-05T09:41:04+00:00,1772703664.3818228,0.0,663369.9581590078,0.0,69.98079588507086,34.8,0.9997256555010124,0.0,0.9997256555010124,0.0,0
2026-03-05T09:41:05+00:00,1772703665.3817906,0.0,69634.24128307658,0.0,2.0000643750883667,34.8,1.0000321875441833,0.0,1.0000321875441833,0.0,0
2026-03-05T09:41:06+00:00,1772703666.3818467,0.0,90106.95145473674,0.0,2.9998319243187392,34.8,427.9760212028068,0.0,5.9996638486374785,0.0,0
2026-03-05T09:41:07+00:00,1772703667.3817,65545.61078420455,4096.600674012784,1.0001466489289024,1.0001466489289024,34.8,428.0627657415703,0.0,6.000879893573415,0.0,0
2026-03-05T09:41:08+00:00,1772703668.3816373,0.0,4096.256852043172,0.0,1.0000627080183526,34.8,427.0267763238366,0.0,5.0003135400917635,0.0,0
2026-03-05T09:41:09+00:00,1772703669.381625,81921.01563759164,77824.96485571205,2.0000247958396398,11.000136377118018,34.8,482.00597579735313,0.0,6.000074387518919,0.0,0
2026-03-05T09:41:10+00:00,1772703670.3819013,0.0,0.0,0.0,0.0,34.8,0.0,0.0,0.0,0.0,0
2026-03-05T09:41:11+00:00,1772703671.3820632,212957.52511225909,163813.4808555839,7.998705119901558,5.999028839926169,34.8,0.0,0.0,0.0,0.0,0
2026-03-05T09:41:12+00:00,1772703672.3818612,0.0,69646.06436360264,0.0,2.000403962649432,34.8,2867.579080457961,1380.2787342281083,15.003029719870742,15.003029719870742,0
2026-03-05T09:41:13+00:00,1772703673.381702,409665.244766117,98319.65874386809,55.00876089388779,13.002070756737114,34.8,1838.292773144832,7353.171092579328,5.0007964448988895,11.001752178777558,0
2026-03-05T09:41:14+00:00,1772703674.3818424,126958.17144894994,0.0,1.999719182348632,0.0,34.8,0.999859591174316,0.0,0.999859591174316,0.0,0
2026-03-05T09:41:15+00:00,1772703675.382067,0.0,4095.08028468414,0.0,0.9997754601279639,34.8,2992.327952162996,1299.708098166353,16.996182822175385,15.996407362047423,0
2026-03-05T09:41:16+00:00,1772703676.3820627,0.0,77824.3339858083,0.0,5.0000214577642055,34.8,3117.013376770206,7657.032860420105,10.000042915528411,13.000055790186936,0
2026-03-05T09:41:17+00:00,1772703677.3818135,0.0,69649.3529562567,0.0,2.0004984190101305,34.8,1.0002492095050652,0.0,1.0002492095050652,0.0,0
2026-03-05T09:41:18+00:00,1772703678.3817625,0.0,0.0,0.0,0.0,34.8,1.0000510241792617,0.0,1.0000510241792617,0.0,0
2026-03-05T09:41:19+00:00,1772703679.3820157,249792.75234246548,20474.81576577586,9.997468635632744,3.9989874542530974,34.8,0.0,0.0,0.0,0.0,0
2026-03-05T09:41:20+00:00,1772703680.382186,69620.14850186578,16381.211412203715,2.9994893943244105,3.9993191924325475,34.8,0.0,0.0,0.0,0.0,0
2026-03-05T09:41:21+00:00,1772703681.381749,0.0,139324.88793744787,0.0,3.001311636979719,34.8,0.0,0.0,0.0,0.0,0
2026-03-05T09:41:22+00:00,1772703682.3818848,65527.09496018236,69622.53839519375,0.9998641198758295,1.999728239751659,34.8,0.9998641198758295,0.0,0.9998641198758295,0.0,0
2026-03-05T09:41:23+00:00,1772703683.3820832,0.0,4095.1876611389953,0.0,0.9998016750827625,34.8,55.9888938046347,65.98691055546233,1.999603350165525,0.9998016750827625,0
2026-03-05T09:41:24+00:00,1772703684.381994,0.0,4096.365266945323,0.0,1.000089176500323,34.8,1.000089176500323,0.0,1.000089176500323,0.0,0
2026-03-05T09:41:25+00:00,1772703685.3817227,0.0,65553.78607572417,0.0,1.0002713939777248,34.8,1.0002713939777248,0.0,1.0002713939777248,0.0,0
2026-03-05T09:41:26+00:00,1772703686.3819895,426894.1087542305,413585.6593206454,14.9959992115217,74.97999605760849,34.8,0.9997332807681133,0.0,0.9997332807681133,0.0,0
2026-03-05T09:41:27+00:00,1772703687.381928,0.0,12288.755905872276,0.0,2.0001230315547325,34.8,1.0000615157773662,0.0,1.0000615157773662,0.0,0
2026-03-05T09:41:28+00:00,1772703688.3818753,131078.906613913,4096.215831684781,2.0001053865648344,1.0000526932824172,34.8,0.0,0.0,0.0,0.0,0
2026-03-05T09:41:29+00:00,1772703689.3819592,4095.656278846227,65530.50046153963,0.9999160837026921,0.9999160837026921,34.8,0.0,0.0,0.0,0.0,0
2026-03-05T09:41:30+00:00,1772703690.381623,0.0,32779.01932937012,0.0,6.002017699469627,34.8,0.0,0.0,0.0,0.0,0
2026-03-05T09:41:31+00:00,1772703691.381679,0.0,229363.1491575117,0.0,7.999551798183305,34.8,0.0,0.0,0.0,0.0,0
2026-03-05T09:41:32+00:00,1772703692.3820214,0.0,520013.9632980118,0.0,52.981860649134596,34.8,0.0,0.0,0.0,0.0,0
2026-03-05T09:41:33+00:00,1772703693.382001,622604.7658867517,0.0,19.00038958394628,0.0,34.8,0.0,0.0,0.0,0.0,0
2026-03-05T09:41:34+00:00,1772703694.3821063,0.0,12286.705214570798,0.0,1.9997892601840492,34.8,0.0,0.0,0.0,0.0,0
2026-03-05T09:41:35+00:00,1772703695.38168,0.0,8195.493676827948,0.0,2.000852948444323,34.8,0.0,0.0,0.0,0.0,0
2026-03-05T09:41:36+00:00,1772703696.3817785,0.0,90103.12782674016,0.0,2.9997046284648046,34.8,0.0,0.0,0.0,0.0,0
2026-03-05T09:41:37+00:00,1772703697.3818007,0.0,32767.27345360966,0.0,2.999933482691314,34.8,0.0,0.0,0.0,0.0,0
2026-03-05T09:41:38+00:00,1772703698.381886,0.0,4095.65042046296,0.0,0.9999146534333399,34.8,0.0,0.0,0.0,0.0,0
2026-03-05T09:41:39+00:00,1772703699.382195,0.0,4094.734765945276,0.0,0.9996911049671084,34.8,65.97961292782915,0.0,0.9996911049671084,0.0,0
2026-03-05T09:41:40+00:00,1772703700.3820252,32773.5634444171,0.0,2.000339565699286,0.0,34.8,162.02750482164217,112.01901567916002,3.000509348548929,2.000339565699286,0
2026-03-05T09:41:41+00:00,1772703701.381775,4097.025647385062,352344.20567511534,1.0002504021936187,59.014773729423496,34.8,0.0,0.0,0.0,0.0,0
2026-03-05T09:41:42+00:00,1772703702.381871,0.0,81912.12966245318,0.0,19.99807853087236,34.8,0.0,0.0,0.0,0.0,0
2026-03-05T09:41:43+00:00,1772703703.381953,61434.961350749814,90104.60998109973,0.9999179907348602,6.999425935144021,34.8,0.0,0.0,0.0,0.0,0
2026-03-05T09:41:44+00:00,1772703704.38196,49151.66015859971,0.0,2.999979257727033,0.0,34.8,0.0,0.0,0.0,0.0,0
2026-03-05T09:41:45+00:00,1772703705.3817027,65552.86371325173,77844.02565948643,1.0002573198433187,4.001029279373275,34.8,1380.3551013837798,3794.976271485551,8.00205855874655,8.00205855874655,0
2026-03-05T09:41:46+00:00,1772703706.382105,118736.21454378369,266132.8946671014,3.9983908453590953,13.994367958756833,34.8,797.6789736491395,1277.4858750922308,3.9983908453590953,4.997988556698869,0
2026-03-05T09:41:47+00:00,1772703707.3818634,16387.961895313703,856271.009030141,1.000241814899518,73.01765248766482,34.8,342.0827006956352,878.2123134817768,5.001209074497591,6.001450889397108,0
2026-03-05T09:41:48+00:00,1772703708.381874,0.0,65535.29688254363,0.0,0.9999892712790471,34.8,6899.925971825425,886.9904836245148,11.999871255348566,7.999914170232377,0
2026-03-05T09:41:49+00:00,1772703709.3818314,1029675.9434036897,155654.64286162192,44.0018778648705,4.0001707149882275,34.8,143.00610306082913,570.0243268858225,2.0000853574941138,8.000341429976455,0
2026-03-05T09:41:50+00:00,1772703710.3818283,32768.10156281479,4096.012695351848,1.0000030994511349,1.0000030994511349,34.8,0.0,0.0,0.0,0.0,0
2026-03-05T09:41:51+00:00,1772703711.38185,0.0,12287.733404221586,0.0,1.9999566087600238,34.8,0.0,0.0,0.0,0.0,0
2026-03-05T09:41:52+00:00,1772703712.3816664,0.0,65548.03345913018,0.0,2.0003672320291193,34.8,0.0,0.0,0.0,0.0,0
2026-03-05T09:41:53+00:00,1772703713.381868,0.0,4095.1749709009146,0.0,0.9997985768801061,34.8,0.0,0.0,0.0,0.0,0
2026-03-05T09:41:54+00:00,1772703714.381557,0.0,495770.13385738136,0.0,54.01679370379203,34.8,55.0171046983067,0.0,1.0003109945146673,0.0,0
2026-03-05T09:41:55+00:00,1772703715.3815842,0.0,0.0,0.0,0.0,34.8,0.0,0.0,0.0,0.0,0
2026-03-05T09:41:56+00:00,1772703716.3816502,0.0,217073.6640327127,0.0,8.999405661733556,34.8,0.0,0.0,0.0,0.0,0
2026-03-05T09:41:57+00:00,1772703717.3815873,0.0,4096.257828728386,0.0,1.000062946466891,34.8,0.0,0.0,0.0,0.0,0
2026-03-05T09:41:58+00:00,1772703718.381618,0.0,139259.71692860514,0.0,31.99901583837434,34.8,96.99701676007221,107.9966784545134,1.9999384898983963,1.9999384898983963,0
2026-03-05T09:41:59+00:00,1772703719.3815475,8007221.084800983,188429.29781345197,620.0437576656983,18.001270383842854,34.8,0.0,0.0,0.0,0.0,0
2026-03-05T09:42:00+00:00,1772703720.3820667,81877.4830155354,1080782.7758050673,4.997404969209924,116.93927627951221,34.8,54.97145466130916,65.965745593571,0.9994809938419847,0.9994809938419847,0
2026-03-05T09:42:01+00:00,1772703721.3816857,49170.73369990646,208975.61822460245,3.0011434143009312,13.004954795304036,34.8,255.09719021557916,120.04573657203724,2.000762276200621,2.000762276200621,0
2026-03-05T09:42:02+00:00,1772703722.381691,188415.0117239337,167935.11914524526,4.999973774093859,8.999952793368946,34.8,53.99971676021368,287.9984893878063,0.9999947548187719,0.9999947548187719,0
2026-03-05T09:42:03+00:00,1772703723.3816605,0.0,81922.50007629627,0.0,1.000030518509476,34.8,0.0,142.0043336283456,0.0,1.000030518509476,0
2026-03-05T09:42:04+00:00,1772703724.3819919,196542.8653357466,32757.144222624433,2.9990061238975008,7.997349663726668,34.8,0.0,0.0,0.0,0.0,0
2026-03-05T09:42:05+00:00,1772703725.3817701,0.0,4096.908404544884,0.0,1.000221778453341,34.8,0.0,0.0,0.0,0.0,0
2026-03-05T09:42:06+00:00,1772703726.3816586,0.0,12289.371246753568,0.0,2.0002231846929637,34.8,0.0,0.0,0.0,0.0,0
2026-03-05T09:42:07+00:00,1772703727.3815851,0.0,4096.300803338868,0.0,1.0000734383151533,34.8,0.0,0.0,0.0,0.0,0
2026-03-05T09:42:08+00:00,1772703728.3820713,0.0,4094.0097565904407,0.0,0.9995141007300881,34.8,0.0,0.0,0.0,0.0,0
2026-03-05T09:42:09+00:00,1772703729.3822093,0.0,53240.65042862936,0.0,2.9995859240889438,34.8,0.0,0.0,0.0,0.0,0
2026-03-05T09:42:10+00:00,1772703730.3816774,0.0,0.0,0.0,0.0,34.8,0.0,0.0,0.0,0.0,0
2026-03-05T09:42:11+00:00,1772703731.3816395,0.0,155653.90061430875,0.0,7.00026536993833,34.8,0.0,0.0,0.0,0.0,0
2026-03-05T09:42:12+00:00,1772703732.3817317,114677.41894504268,4095.6221051800953,3.999630962089937,0.9999077405224842,34.8,0.0,0.0,0.0,0.0,0
2026-03-05T09:42:13+00:00,1772703733.3819537,0.0,4095.0910220762366,0.0,0.9997780815615812,34.8,0.0,0.0,0.0,0.0,0
2026-03-05T09:42:14+00:00,1772703734.381622,0.0,0.0,0.0,0.0,34.8,0.0,0.0,0.0,0.0,0
2026-03-05T09:42:15+00:00,1772703735.3819644,65513.57017927708,335757.047168795,0.9996577480968792,75.97398885536282,34.8,0.0,0.0,0.0,0.0,0
2026-03-05T09:42:16+00:00,1772703736.3820121,0.0,188407.01605338795,0.0,9.99952318557808,34.8,0.0,0.0,0.0,0.0,0
2026-03-05T09:42:17+00:00,1772703737.3821604,65526.28269104151,86003.24603199198,0.9998517256323473,1.9997034512646945,34.8,0.0,0.0,0.0,0.0,0
2026-03-05T09:42:18+00:00,1772703738.381686,127036.27273720432,69665.05279137011,18.008544207327983,11.005221460033766,34.8,0.0,0.0,0.0,0.0,0
2026-03-05T09:42:19+00:00,1772703739.3817024,122877.97854887965,880625.5129336375,2.999950648166007,109.9981904327536,34.8,0.0,0.0,0.0,0.0,0
2026-03-05T09:42:20+00:00,1772703740.3817887,1900379.9829059097,372703.8328543917,49.995684996135566,38.99663429698575,34.8,0.0,0.0,0.0,0.0,0
2026-03-05T09:42:21+00:00,1772703741.3820786,1133751.3062314088,556894.5468080238,52.98463885287163,32.990435512165355,34.8,1846.4646785142247,4662.648219052704,8.997391503317825,7.997681336282511,0
2026-03-05T09:42:22+00:00,1772703742.3819342,245795.512943469,225312.55353151323,4.000578010147607,10.001445025369017,34.8,162.0234094109781,674.0973947098718,3.0004335076107056,5.000722512684509,0
2026-03-05T09:42:23+00:00,1772703743.38172,0.0,4096.877140920769,0.0,1.0002141457326097,34.8,0.0,0.0,0.0,0.0,0
2026-03-05T09:42:24+00:00,1772703744.3817935,0.0,69626.88709420561,0.0,1.9998531449392698,34.8,0.0,0.0,0.0,0.0,0
2026-03-05T09:42:25+00:00,1772703745.3819776,0.0,0.0,0.0,0.0,34.8,0.0,0.0,0.0,0.0,0
2026-03-05T09:42:26+00:00,1772703746.381785,0.0,208936.24994133774,0.0,13.002504831291123,34.8,0.0,0.0,0.0,0.0,0
2026-03-05T09:42:27+00:00,1772703747.3819852,0.0,8190.359703504814,0.0,0.99979976849424,34.8,0.0,0.0,0.0,0.0,0
2026-03-05T09:42:28+00:00,1772703748.38195,0.0,12288.433609050307,0.0,2.0000705743896985,34.8,0.0,0.0,0.0,0.0,0
2026-03-05T09:42:29+00:00,1772703749.3818774,0.0,0.0,0.0,0.0,34.8,0.0,0.0,0.0,0.0,0
2026-03-05T09:42:30+00:00,1772703750.3820314,98288.86170657576,69621.27704215783,2.9995380159477465,1.9996920106318312,34.8,0.0,0.0,0.0,0.0,0
2026-03-05T09:42:31+00:00,1772703751.3816566,0.0,413851.1089151417,0.0,68.02549554801023,34.8,0.0,0.0,0.0,0.0,0
2026-03-05T09:42:32+00:00,1772703752.3818543,0.0,4095.190589666645,0.0,0.9998023900553332,34.8,0.0,0.0,0.0,0.0,0
2026-03-05T09:42:33+00:00,1772703753.3819652,0.0,0.0,0.0,0.0,34.8,0.0,0.0,0.0,0.0,0
2026-03-05T09:42:34+00:00,1772703754.3819244,0.0,69634.83898293163,0.0,2.000081542478505,34.8,55.00224241815889,66.00269090179067,1.0000407712392525,1.0000407712392525,0
2026-03-05T09:42:35+00:00,1772703755.3819723,0.0,8191.60744068728,0.0,1.999904160324043,34.8,0.0,0.0,0.0,0.0,0
2026-03-05T09:42:36+00:00,1772703756.3819315,16384.667995983913,86019.50697891555,1.0000407712392525,6.0002446274355155,34.8,0.0,0.0,0.0,0.0,0
2026-03-05T09:42:37+00:00,1772703757.3819501,0.0,65534.781272664244,0.0,0.999981403696659,34.8,0.0,0.0,0.0,0.0,0
2026-03-05T09:42:38+00:00,1772703758.3818374,0.0,12289.385898478027,0.0,3.000338354120612,34.8,0.0,0.0,0.0,0.0,0
2026-03-05T09:42:39+00:00,1772703759.3818958,0.0,16383.043024649372,0.0,1.999883181719894,34.8,54.996787497297085,0.0,0.999941590859947,0.0,0
2026-03-05T09:42:40+00:00,1772703760.3818922,0.0,147456.52734563593,0.0,2.0000071525829526,34.8,228.0008153944566,112.00040054464534,4.000014305165905,2.0000071525829526,0
2026-03-05T09:42:41+00:00,1772703761.3817303,0.0,94223.25344588513,0.0,4.0006476497064,34.8,0.0,0.0,0.0,0.0,0
2026-03-05T09:42:42+00:00,1772703762.3816874,0.0,45057.9336767344,0.0,2.000085834372088,34.8,0.0,0.0,0.0,0.0,0
2026-03-05T09:42:43+00:00,1772703763.3820004,32757.745397637584,4094.718174704698,0.9996870543712641,0.9996870543712641,34.8,54.982787990419524,65.97934558850343,0.9996870543712641,0.9996870543712641,0
2026-03-05T09:42:44+00:00,1772703764.3820543,0.0,0.0,0.0,0.0,34.8,0.0,0.0,0.0,0.0,0
2026-03-05T09:42:45+00:00,1772703765.3816879,0.0,528577.6969566876,0.0,41.01502993130789,34.8,55.020162102974005,66.02419452356881,1.0003665836904365,1.0003665836904365,0
2026-03-05T09:42:46+00:00,1772703766.3816948,0.0,8191.943359766618,0.0,1.999986171818022,34.8,54.999619724995604,65.99954366999472,0.999993085909011,0.999993085909011,0
2026-03-05T09:42:47+00:00,1772703767.3819578,16379.69253900754,24569.538808511308,0.9997370934452844,4.998685467226422,34.8,0.0,0.0,0.0,0.0,0
2026-03-05T09:42:48+00:00,1772703768.381549,0.0,0.0,0.0,0.0,34.8,0.0,0.0,0.0,0.0,0
2026-03-05T09:42:49+00:00,1772703769.38183,0.0,8189.6979127313825,0.0,1.9994379669754352,34.8,0.0,0.0,0.0,0.0,0
2026-03-05T09:42:50+00:00,1772703770.381755,0.0,12288.919990748667,0.0,3.000224607116374,34.8,0.0,0.0,0.0,0.0,0
2026-03-05T09:42:51+00:00,1772703771.3816264,192536.78834765143,213019.42540591222,3.0003862878311702,11.001416388714292,34.8,0.0,0.0,0.0,0.0,0
2026-03-05T09:42:52+00:00,1772703772.3819783,0.0,0.0,0.0,0.0,34.8,0.0,0.0,0.0,0.0,0
2026-03-05T09:42:53+00:00,1772703773.3818457,0.0,16386.172162943505,0.0,3.000397734913972,34.8,0.0,0.0,0.0,0.0,0
2026-03-05T09:42:54+00:00,1772703774.381559,0.0,4097.175141738775,0.0,1.000286899838568,34.8,0.0,0.0,0.0,0.0,0
2026-03-05T09:42:55+00:00,1772703775.3818822,0.0,65514.81934761158,0.0,0.9996768088929989,34.8,0.0,0.0,0.0,0.0,0
2026-03-05T09:42:56+00:00,1772703776.3820536,0.0,147430.72698862437,0.0,5.99897163853452,34.8,0.0,0.0,0.0,0.0,0
2026-03-05T09:42:57+00:00,1772703777.3815513,0.0,4098.058651346776,0.0,1.000502600426459,34.8,0.0,0.0,0.0,0.0,0
2026-03-05T09:42:58+00:00,1772703778.3816478,28669.231712617013,86007.69513785104,0.9999034497983055,1.999806899596611,34.8,0.0,0.0,0.0,0.0,0
2026-03-05T09:42:59+00:00,1772703779.3821096,0.0,131011.49669144361,0.0,1.9990767927771547,34.8,0.0,0.0,0.0,0.0,0
2026-03-05T09:43:00+00:00,1772703780.382011,32771.23469428144,61446.0650517777,2.0001974300708887,2.0001974300708887,34.8,0.0,0.0,0.0,0.0,0
2026-03-05T09:43:01+00:00,1772703781.381617,0.0,98342.73400606585,0.0,4.001576090741612,34.8,0.0,0.0,0.0,0.0,0
2026-03-05T09:43:02+00:00,1772703782.381788,0.0,69620.09871416615,0.0,1.9996581661927317,34.8,0.0,0.0,0.0,0.0,0
2026-03-05T09:43:03+00:00,1772703783.38172,12288.835017676363,0.0,1.0000679539124644,0.0,34.8,0.0,0.0,0.0,0.0,0
2026-03-05T09:43:04+00:00,1772703784.3818693,0.0,229341.77073371905,0.0,21.996716989318056,34.8,0.9998507722417299,0.0,0.9998507722417299,0.0,0
2026-03-05T09:43:05+00:00,1772703785.3819714,0.0,4095.5820738964967,0.0,0.9998979672598869,34.8,0.9998979672598869,0.0,0.9998979672598869,0.0,0
2026-03-05T09:43:06+00:00,1772703786.382131,0.0,225244.01941942907,0.0,4.999201425324686,34.8,427.93164200779313,0.0,5.999041710389624,0.0,0
2026-03-05T09:43:07+00:00,1772703787.3815792,0.0,0.0,0.0,0.0,34.8,428.2363603530448,0.0,6.003313462893152,0.0,0
2026-03-05T09:43:08+00:00,1772703788.3817117,0.0,4095.4571032167937,0.0,0.9998674568400375,34.8,426.94340407069603,0.0,4.9993372842001875,0.0,0
2026-03-05T09:43:09+00:00,1772703789.3816738,0.0,4096.155279323914,0.0,1.00003790999119,34.8,427.01618756623816,0.0,5.000189549955951,0.0,0
2026-03-05T09:43:10+00:00,1772703790.3818853,131044.28711064646,65522.14355532323,1.999577134867042,0.999788567433521,34.8,533.8870950095002,455.90358674968553,7.998308539468168,7.998308539468168,0
2026-03-05T09:43:11+00:00,1772703791.3819034,102398.14456487013,77822.5898693013,3.9999275220652395,3.9999275220652395,34.8,5303.9038942585075,71546.70358718093,34.99936581807085,63.99884035304383,0
2026-03-05T09:43:12+00:00,1772703792.3818119,65542.0005493667,73734.75061803753,1.0000915611170456,3.0002746833511367,34.8,0.0,0.0,0.0,0.0,0
2026-03-05T09:43:13+00:00,1772703793.3818073,32768.148438172415,4096.018554771552,1.0000045299735234,1.0000045299735234,34.8,1.0000045299735234,0.0,1.0000045299735234,0.0,0
2026-03-05T09:43:14+00:00,1772703794.3816862,0.0,0.0,0.0,0.0,34.8,1.0001211313092004,0.0,1.0001211313092004,0.0,0
2026-03-05T09:43:15+00:00,1772703795.3816833,0.0,585729.6757860444,0.0,45.00012874640106,34.8,1.0000028610311347,0.0,1.0000028610311347,0.0,0
2026-03-05T09:43:16+00:00,1772703796.3816535,0.0,135172.02844036938,0.0,9.000268228895333,34.8,1.0000298032105925,0.0,1.0000298032105925,0.0,0
2026-03-05T09:43:17+00:00,1772703797.3818445,0.0,4095.2179227933507,0.0,0.9998090631819704,34.8,0.9998090631819704,0.0,0.9998090631819704,0.0,0
2026-03-05T09:43:18+00:00,1772703798.3816848,2048.327200704687,79884.7608274828,4.000639063876342,5.000798829845428,34.8,1.0001597659690855,0.0,1.0001597659690855,0.0,0
2026-03-05T09:43:19+00:00,1772703799.3820405,0.0,221105.348290527,0.0,9.99644405972073,34.8,0.0,0.0,0.0,0.0,0
2026-03-05T09:43:20+00:00,1772703800.3817656,0.0,139302.293729942,0.0,18.004949499791447,34.8,55.01512347158497,66.01814816590196,1.0002749722106359,1.0002749722106359,0
2026-03-05T09:43:21+00:00,1772703801.3816407,0.0,20482.55891343847,0.0,5.000624734726189,34.8,0.0,0.0,0.0,0.0,0
2026-03-05T09:43:22+00:00,1772703802.381874,0.0,0.0,0.0,0.0,34.8,0.9997666426794092,0.0,0.9997666426794092,0.0,0
2026-03-05T09:43:23+00:00,1772703803.3815186,0.0,12292.369717418831,0.0,3.001066825541707,34.8,1.0003556085139023,0.0,1.0003556085139023,0.0,0
2026-03-05T09:43:24+00:00,1772703804.3816302,0.0,4095.5430197398096,0.0,0.9998884325536644,34.8,55.99375222300521,0.0,1.9997768651073289,0.0,0
2026-03-05T09:43:25+00:00,1772703805.381842,0.0,0.0,0.0,0.0,34.8,54.98835810136938,317.9326886588266,1.9995766582316137,2.9993649873474206,0
2026-03-05T09:43:26+00:00,1772703806.3819895,0.0,98289.494328263,0.0,3.999409762706014,34.8,0.9998524406765035,263.96104433859693,0.9998524406765035,1.999704881353007,0
2026-03-05T09:43:27+00:00,1772703807.3820038,0.0,4095.9414070881785,0.0,0.9999856950898873,34.8,0.9999856950898873,0.0,0.9999856950898873,0.0,0
2026-03-05T09:43:28+00:00,1772703808.3820708,0.0,135158.9449425867,0.0,1.99986601773477,34.8,0.0,0.0,0.0,0.0,0
2026-03-05T09:43:29+00:00,1772703809.3820837,0.0,0.0,0.0,0.0,34.8,0.0,263.9966011484952,0.0,1.9999742511249636,0
2026-03-05T09:43:30+00:00,1772703810.3818011,0.0,16388.630214406032,0.0,2.0005652117194863,34.8,55.01554332228587,66.01865198674304,1.0002826058597432,1.0002826058597432,0
2026-03-05T09:43:31+00:00,1772703811.381934,0.0,12286.368380740148,0.0,2.999601655454138,34.8,54.99269701665919,65.99123641999103,0.9998672184847126,0.9998672184847126,0
2026-03-05T09:43:32+00:00,1772703812.3820546,0.0,12286.517756942507,0.0,2.9996381242535417,34.8,4863.413278789742,5195.373231207134,11.998552497014167,13.99831124651653,0
