ts_iso_utc,ts_unix,disk_read_bytes_per_s,disk_write_bytes_per_s,disk_read_ops_per_s,disk_write_ops_per_s,disk_usage_percent_c,net_bytes_sent_per_s,net_bytes_recv_per_s,net_packets_sent_per_s,net_packets_recv_per_s,label
2026-03-05T09:50:22+00:00,1772704222.0100014,0.0,0.0,0.0,0.0,34.8,0.0,0.0,0.0,0.0,0
2026-03-05T09:50:23+00:00,1772704223.0098166,348224.3429436162,491610.83709686995,6.001108851280151,54.009979661521356,34.8,1.0001848085466918,0.0,1.0001848085466918,0.0,0
2026-03-05T09:50:24+00:00,1772704224.0098212,0.0,118783.46191649999,0.0,14.999932051012761,34.8,412.9981291378847,644.9970781935488,6.999968290472622,3.9999818802700697,0
2026-03-05T09:50:25+00:00,1772704225.0099955,65524.58011530297,36857.57631485792,0.9998257463882899,1.9996514927765798,34.8,4547.207494573943,5674.011110753546,11.99790895665948,11.99790895665948,0
2026-03-05T09:50:26+00:00,1772704226.0098648,0.0,49158.42271414932,0.0,5.000653352269421,34.8,1447.1890801467705,1100.1437374992727,10.001306704538843,7.00091469317719,0
2026-03-05T09:50:27+00:00,1772704227.0098312,32769.10159953249,135172.54409807152,5.000168090748977,3.000100854449386,34.8,11337.381128964229,7163.2408068069835,8.000268945198362,18.000605126696314,0
2026-03-05T09:50:28+00:00,1772704228.0101697,65513.82000913311,4094.6137505708193,0.9996615601979539,0.9996615601979539,34.8,1791.3935158747333,968.6720518318174,9.996615601979538,8.996954041781585,0
2026-03-05T09:50:29+00:00,1772704229.0097795,0.0,0.0,0.0,0.0,34.8,186.07262250972948,829.3236777449771,3.0011713308020886,4.001561774402784,0
2026-03-05T09:50:30+00:00,1772704230.0097651,65536.93751341123,4096.058594588202,1.0000143053193853,1.0000143053193853,34.8,0.0,0.0,0.0,0.0,0
2026-03-05T09:50:31+00:00,1772704231.0099423,0.0,765816.3394612742,0.0,61.98901895497237,34.8,0.0,0.0,0.0,0.0,0
2026-03-05T09:50:32+00:00,1772704232.0102382,0.0,249782.09510897868,0.0,25.992309461583655,34.8,0.0,0.0,0.0,0.0,0
2026-03-05T09:50:33+00:00,1772704233.010116,0.0,0.0,0.0,0.0,34.8,0.0,0.0,0.0,0.0,0
2026-03-05T09:50:34+00:00,1772704234.0099044,65549.87793817738,77840.48005158563,2.000423521062542,10.002117605312709,34.8,0.0,0.0,0.0,0.0,0
2026-03-05T09:50:35+00:00,1772704235.009924,0.0,135165.35747353724,0.0,31.999374401879084,34.8,0.0,0.0,0.0,0.0,0
2026-03-05T09:50:36+00:00,1772704236.009902,0.0,102402.24614301804,0.0,6.000131609942463,34.8,0.0,0.0,0.0,0.0,0
2026-03-05T09:50:37+00:00,1772704237.0103588,0.0,0.0,0.0,0.0,34.8,0.0,0.0,0.0,0.0,0
2026-03-05T09:50:38+00:00,1772704238.0098612,0.0,4098.039100552285,0.0,1.0004978272832727,34.8,0.0,0.0,0.0,0.0,0
2026-03-05T09:50:39+00:00,1772704239.0099173,0.0,98298.49249607645,0.0,2.9998319243187392,34.8,0.0,0.0,0.0,0.0,0
2026-03-05T09:50:40+00:00,1772704240.0100143,0.0,12286.807732880763,0.0,1.999805946106895,34.8,0.0,0.0,0.0,0.0,0
2026-03-05T09:50:41+00:00,1772704241.009905,0.0,0.0,0.0,0.0,34.8,0.0,0.0,0.0,0.0,0
2026-03-05T09:50:42+00:00,1772704242.0097737,0.0,16386.152626537616,0.0,3.0003941576912134,34.8,228.02995598453222,166.02181005891381,4.000525543588285,3.0003941576912134,0
2026-03-05T09:50:43+00:00,1772704243.0100517,0.0,200648.2205845829,0.0,2.999166243591302,34.8,0.0,0.0,0.0,0.0,0
2026-03-05T09:50:44+00:00,1772704244.0102296,0.0,65524.34582281498,0.0,0.9998221713686368,34.8,0.0,0.0,0.0,0.0,0
2026-03-05T09:50:45+00:00,1772704245.009935,0.0,4097.207387049292,0.0,1.0002947722288311,34.8,0.0,0.0,0.0,0.0,0
2026-03-05T09:50:46+00:00,1772704246.010179,2407860.1435196484,151515.00903099828,73.98193800341713,2.9992677568952892,34.8,0.0,0.0,0.0,0.0,0
2026-03-05T09:50:47+00:00,1772704247.009958,0.0,90131.92041831679,0.0,5.001105314404119,34.8,0.0,0.0,0.0,0.0,0
2026-03-05T09:50:48+00:00,1772704248.0097353,0.0,0.0,0.0,0.0,34.8,0.0,0.0,0.0,0.0,0
2026-03-05T09:50:49+00:00,1772704249.0100424,0.0,606021.9008978948,0.0,71.9778968021676,34.8,0.0,0.0,0.0,0.0,0
2026-03-05T09:50:50+00:00,1772704250.0099363,27837833.490234174,167953.8192733709,782.0829760847945,23.00244047308219,34.8,0.0,0.0,0.0,0.0,0
2026-03-05T09:50:51+00:00,1772704251.0100212,0.0,73721.74271859936,0.0,14.99872695284004,34.8,189.98387473597384,151.98709978877906,2.999745390568008,1.999830260378672,0
2026-03-05T09:50:52+00:00,1772704252.010176,249817.3448484405,28667.564162935796,9.998452902809639,2.9995358708428914,34.8,1636.7467401899378,4760.2634270276685,9.998452902809639,8.998607612528675,0
2026-03-05T09:50:53+00:00,1772704253.0101469,262151.62522179534,94210.7403140827,7.000203615389127,17.000494494516452,34.8,813.0236484730515,1009.029349703947,6.0001745274763945,8.00023270330186,0
2026-03-05T09:50:54+00:00,1772704254.0103219,139239.6331704266,315336.8162977308,2.999475094146942,29.994750941469423,34.8,0.0,0.0,0.0,0.0,0
2026-03-05T09:50:55+00:00,1772704255.0100954,0.0,114713.98244746329,0.0,14.003171685481359,34.8,5697.290422892987,581.1316249474764,7.001585842740679,8.001812391703634,0
2026-03-05T09:50:56+00:00,1772704256.009853,65551.89447896126,0.0,1.0002425305017282,0.0,34.8,0.0,0.0,0.0,0.0,0
2026-03-05T09:50:57+00:00,1772704257.0100174,0.0,524201.76418655185,0.0,48.991940393716895,34.8,0.0,0.0,0.0,0.0,0
2026-03-05T09:50:58+00:00,1772704258.009813,0.0,151582.9721486882,0.0,10.002043664794142,34.8,55.01124015636778,208.04250822771814,1.0002043664794142,2.0004087329588285,0
2026-03-05T09:50:59+00:00,1772704259.0099058,0.0,77816.78289591157,0.0,3.999629055094139,34.8,0.0,0.0,0.0,0.0,0
2026-03-05T09:51:00+00:00,1772704260.010046,0.0,0.0,0.0,0.0,34.8,0.0,0.0,0.0,0.0,0
2026-03-05T09:51:01+00:00,1772704261.01012,0.0,151540.79965593974,0.0,15.998817531243638,34.8,0.0,0.0,0.0,0.0,0
2026-03-05T09:51:02+00:00,1772704262.0102026,0.0,122869.83482535258,0.0,4.999586377984724,34.8,193.98395146580728,185.98461326103174,2.9997518267908343,2.9997518267908343,0
2026-03-05T09:51:03+00:00,1772704263.0099874,196650.33723986807,0.0,3.0006460150126353,0.0,34.8,234.05038917098557,334.0719230047401,3.0006460150126353,2.0004306766750903,0
2026-03-05T09:51:04+00:00,1772704264.0102432,0.0,4094.9524164336126,0.0,0.9997442422933625,34.8,351.9099732872636,456.8831187280666,3.99897696917345,3.99897696917345,0
2026-03-05T09:51:05+00:00,1772704265.0102565,0.0,90110.79689106323,0.0,17.99975967728092,34.8,0.0,0.0,0.0,0.0,0
2026-03-05T09:51:06+00:00,1772704266.0101247,0.0,4096.540110273595,0.0,1.0001318628597644,34.8,427.05630544111943,0.0,5.000659314298822,0.0,0
2026-03-05T09:51:07+00:00,1772704267.0101948,0.0,12287.138732245618,0.0,1.999859819701435,34.8,426.9700715062564,0.0,4.999649549253587,0.0,0
2026-03-05T09:51:08+00:00,1772704268.0098045,0.0,69659.18736880367,0.0,2.000780887201392,34.8,427.1667194174973,0.0,5.001952218003481,0.0,0
2026-03-05T09:51:09+00:00,1772704269.0101435,0.0,69608.40057906546,0.0,1.9993221673674593,34.8,426.85528273295256,0.0,4.9983054184186475,0.0,0
2026-03-05T09:51:10+00:00,1772704270.0098815,0.0,32776.5881877943,0.0,8.002096725535718,34.8,0.0,0.0,0.0,0.0,0
2026-03-05T09:51:11+00:00,1772704271.010139,0.0,65519.12934406004,0.0,0.9997425742196662,34.8,0.0,0.0,0.0,0.0,0
2026-03-05T09:51:12+00:00,1772704272.0098507,0.0,36874.629040362786,0.0,4.001153324692143,34.8,0.0,0.0,0.0,0.0,0
2026-03-05T09:51:13+00:00,1772704273.010275,0.0,69602.47834182499,0.0,1.9991520663437783,34.8,0.0,0.0,0.0,0.0,0
2026-03-05T09:51:14+00:00,1772704274.0097954,0.0,168016.55717861324,0.0,22.0105531745992,34.8,0.0,0.0,0.0,0.0,0
2026-03-05T09:51:15+00:00,1772704275.009898,0.0,335837.5699360198,0.0,34.996412168209,34.8,0.0,0.0,0.0,0.0,0
2026-03-05T09:51:16+00:00,1772704276.0100062,0.0,36860.01019748934,0.0,4.999458848400789,34.8,0.0,0.0,0.0,0.0,0
2026-03-05T09:51:17+00:00,1772704277.0102348,0.0,462742.19704271224,0.0,76.98239848133478,34.8,0.0,0.0,0.0,0.0,0
2026-03-05T09:51:18+00:00,1772704278.0102346,65536.01562500373,0.0,1.000000238418636,0.0,34.8,0.0,0.0,0.0,0.0,0
2026-03-05T09:51:19+00:00,1772704279.0102084,0.0,16384.429698769298,0.0,4.000104906926098,34.8,0.0,0.0,0.0,0.0,0
2026-03-05T09:51:20+00:00,1772704280.009881,0.0,69654.80140932441,0.0,2.000654911802746,34.8,0.0,0.0,0.0,0.0,0
2026-03-05T09:51:21+00:00,1772704281.0098288,0.0,81924.27756709747,0.0,5.000261081976164,34.8,0.0,0.0,0.0,0.0,0
2026-03-05T09:51:22+00:00,1772704282.0100648,0.0,24570.200587610783,0.0,2.999292063917332,34.8,0.0,0.0,0.0,0.0,0
2026-03-05T09:51:23+00:00,1772704283.0101657,1294205.4780070311,4095.5869557184533,23.99757981866281,0.9998991591109505,34.8,219.9778150044091,185.9812435946368,2.9996974773328513,0.9998991591109505,0
2026-03-05T09:51:24+00:00,1772704284.0103662,163807.15502324712,122855.36626743534,2.999398590513558,6.998596711198302,34.8,1318.7355802957943,1533.6924792825994,4.99899765085593,6.998596711198302,0
2026-03-05T09:51:25+00:00,1772704285.010212,0.0,16386.52773367016,0.0,3.0004628418585497,34.8,0.0,0.0,0.0,0.0,0
2026-03-05T09:51:26+00:00,1772704286.0104306,0.0,0.0,0.0,0.0,34.8,0.0,0.0,0.0,0.0,0
2026-03-05T09:51:27+00:00,1772704287.009859,0.0,16393.368635325165,0.0,3.001715448362762,34.8,0.0,0.0,0.0,0.0,0
2026-03-05T09:51:28+00:00,1772704288.0099318,0.0,4095.702170094996,0.0,0.9999272876208486,34.8,0.0,0.0,0.0,0.0,0
2026-03-05T09:51:29+00:00,1772704289.0101748,0.0,286650.3587161227,0.0,16.995870878118325,34.8,7538.168613000716,10301.497266360659,13.996599546685678,15.996113767640775,0
2026-03-05T09:51:30+00:00,1772704290.0099003,0.0,0.0,0.0,0.0,34.8,0.0,66.01811667735473,0.0,1.0002744951114353,0
2026-03-05T09:51:31+00:00,1772704291.0098107,0.0,4096.367220419616,0.0,1.000089653422758,34.8,0.0,0.0,0.0,0.0,0
2026-03-05T09:51:32+00:00,1772704292.010096,0.0,155603.5927513782,0.0,5.998288166300044,34.8,0.0,0.0,0.0,0.0,0
2026-03-05T09:51:33+00:00,1772704293.010264,421817.1993836484,0.0,7.99865745190474,0.0,34.8,0.0,0.0,0.0,0.0,0
2026-03-05T09:51:34+00:00,1772704294.0098982,0.0,110632.46206398157,0.0,12.004390414928556,34.8,0.0,0.0,0.0,0.0,0
2026-03-05T09:51:35+00:00,1772704295.010298,0.0,8188.72591844434,0.0,1.9992006636827002,34.8,0.0,0.0,0.0,0.0,0
2026-03-05T09:51:36+00:00,1772704296.0103395,0.0,4095.830085173888,0.0,0.9999585168881563,34.8,0.0,0.0,0.0,0.0,0
2026-03-05T09:51:37+00:00,1772704297.0102031,0.0,16386.234679755406,0.0,3.0004091820841197,34.8,0.0,0.0,0.0,0.0,0
2026-03-05T09:51:38+00:00,1772704298.0103076,0.0,12286.716930862494,0.0,1.9997911671325674,34.8,0.0,0.0,0.0,0.0,0
2026-03-05T09:51:39+00:00,1772704299.0099342,0.0,28682.70907650323,0.0,5.001867514736194,34.8,0.0,0.0,0.0,0.0,0
2026-03-05T09:51:40+00:00,1772704300.0100417,4095.559617665394,102388.99044163486,0.9998924847815903,3.9995699391263613,34.8,54.99408666298747,0.0,0.9998924847815903,0.0,0
2026-03-05T09:51:41+00:00,1772704301.0099227,65543.79780271139,0.0,1.000118985026724,0.0,34.8,0.0,66.00785301176379,0.0,1.000118985026724,0
2026-03-05T09:51:42+00:00,1772704302.0101092,0.0,12285.709411439957,0.0,2.9994407742773332,34.8,173.9675649080853,57.989188302695105,2.9994407742773332,0.9998135914257776,0
2026-03-05T09:51:43+00:00,1772704303.0099237,0.0,4096.759906579809,0.0,1.000185524067336,34.8,109.02022212333965,120.02226288808033,2.000371048134672,2.000371048134672,0
2026-03-05T09:51:44+00:00,1772704304.010102,0.0,569242.4829480064,0.0,62.98876676618073,34.8,0.0,0.0,0.0,0.0,0
2026-03-05T09:51:45+00:00,1772704305.0100405,0.0,0.0,0.0,0.0,34.8,0.0,0.0,0.0,0.0,0
2026-03-05T09:51:46+00:00,1772704306.010286,0.0,77804.89336391333,0.0,9.997544891539029,34.8,0.0,0.0,0.0,0.0,0
2026-03-05T09:51:47+00:00,1772704307.010299,0.0,114686.52345650991,0.0,7.9998970044998545,34.8,109.99858381187299,131.9983005742476,1.9999742511249636,1.9999742511249636,0
2026-03-05T09:51:48+00:00,1772704308.0100646,28678.72130180351,0.0,2.0004688408066067,0.0,34.8,0.0,0.0,0.0,0.0,0
2026-03-05T09:51:49+00:00,1772704309.0100698,0.0,4095.9785157376896,0.0,0.9999947548187719,34.8,0.0,0.0,0.0,0.0,0
2026-03-05T09:51:50+00:00,1772704310.0100074,0.0,151561.46738826172,0.0,22.001374330538415,34.8,0.0,0.0,0.0,0.0,0
2026-03-05T09:51:51+00:00,1772704311.00983,0.0,69644.35375385114,0.0,2.0003548297866254,34.8,0.0,0.0,0.0,0.0,0
2026-03-05T09:51:52+00:00,1772704312.0101275,0.0,16379.126450107162,0.0,2.9991076263623953,34.8,0.0,0.0,0.0,0.0,0
2026-03-05T09:51:53+00:00,1772704313.0098896,0.0,86036.47166793933,0.0,2.000475996743381,34.8,0.0,0.0,0.0,0.0,0
2026-03-05T09:51:54+00:00,1772704314.010224,0.0,32757.042727721455,0.0,2.9989968317616076,34.8,0.0,0.0,0.0,0.0,0
2026-03-05T09:51:55+00:00,1772704315.0101848,0.0,4096.1611391515635,0.0,1.0000393406131747,34.8,0.0,0.0,0.0,0.0,0
2026-03-05T09:51:56+00:00,1772704316.0099778,0.0,65549.56530730409,0.0,1.000206990162721,34.8,0.0,0.0,0.0,0.0,0
2026-03-05T09:51:57+00:00,1772704317.010536,0.0,20468.575712265392,0.0,3.9977686938018344,34.8,0.0,0.0,0.0,0.0,0
2026-03-05T09:51:58+00:00,1772704318.0101514,0.0,4097.575801317102,0.0,1.000384717118433,34.8,0.0,0.0,0.0,0.0,0
2026-03-05T09:51:59+00:00,1772704319.0101242,0.0,81922.22662301899,0.0,3.0000815413703243,34.8,0.0,0.0,0.0,0.0,0
2026-03-05T09:52:00+00:00,1772704320.0100613,0.0,0.0,0.0,0.0,34.8,0.0,0.0,0.0,0.0,0
2026-03-05T09:52:01+00:00,1772704321.0098188,0.0,4096.993404935079,0.0,1.0002425305017282,34.8,0.0,0.0,0.0,0.0,0
2026-03-05T09:52:02+00:00,1772704322.01007,0.0,90089.36115773671,0.0,4.998743849750128,34.8,0.0,0.0,0.0,0.0,0
2026-03-05T09:52:03+00:00,1772704323.010201,0.0,65527.422997659276,0.0,0.9998691253304943,34.8,0.0,0.0,0.0,0.0,0
2026-03-05T09:52:04+00:00,1772704324.0099342,0.0,65553.48904090804,0.0,2.0005337231722424,34.8,1.0002668615861212,0.0,1.0002668615861212,0.0,0
2026-03-05T09:52:05+00:00,1772704325.0101845,0.0,49139.69839207848,0.0,2.9992491694383836,34.8,0.9997497231461279,0.0,0.9997497231461279,0.0,0
2026-03-05T09:52:06+00:00,1772704326.0099194,0.0,12291.258676445057,0.0,3.000795575303969,34.8,1.0002651917679897,0.0,1.0002651917679897,0.0,0
2026-03-05T09:52:07+00:00,1772704327.0102675,0.0,16378.298859516408,0.0,2.9989560899993424,34.8,0.9996520299997808,0.0,0.9996520299997808,0.0,0
2026-03-05T09:52:08+00:00,1772704328.0099208,65558.72662842697,135214.87367113063,1.000346780829269,3.0010403424878067,34.8,838.2906023349274,1314.4556700096593,13.004508150780495,14.004854931609763,0
2026-03-05T09:52:09+00:00,1772704329.0101218,65522.830771841844,155616.72308312438,0.9997990535254188,14.996985802881282,34.8,3983.199429245268,7274.537913450947,6.998593374677932,10.997789588779607,0
2026-03-05T09:52:10+00:00,1772704330.0102892,0.0,4095.3145678456717,0.0,0.9998326581654472,34.8,0.0,0.0,0.0,0.0,0
2026-03-05T09:52:11+00:00,1772704331.0099106,0.0,0.0,0.0,0.0,34.8,2310.874917356673,1380.522677901389,16.006060033639294,17.00643878574175,0
2026-03-05T09:52:12+00:00,1772704332.0103762,0.0,376656.61682018044,0.0,38.98184882384468,34.8,89.9581126704108,206.90365914194484,1.9990691704535732,1.9990691704535732,0
2026-03-05T09:52:13+00:00,1772704333.010216,0.0,167962.9105615371,0.0,13.002083158465025,34.8,109.01746648251444,357.0572067363088,3.000480728876544,5.00080121479424,0
2026-03-05T09:52:14+00:00,1772704334.0100374,0.0,12290.19472786216,0.0,3.0005358222319725,34.8,1.0001786074106576,78.01393137803129,1.0001786074106576,1.0001786074106576,0
2026-03-05T09:52:15+00:00,1772704335.0103393,0.0,0.0,0.0,0.0,34.8,0.999698253157497,0.0,0.999698253157497,0.0,0
2026-03-05T09:52:16+00:00,1772704336.010173,0.0,12290.042331577566,0.0,3.000498616107804,34.8,1.000166205369268,0.0,1.000166205369268,0.0,0
2026-03-05T09:52:17+00:00,1772704337.0102904,0.0,106483.50927768597,0.0,5.999296270903281,34.8,0.9998827118172136,0.0,0.9998827118172136,0.0,0
2026-03-05T09:52:18+00:00,1772704338.0102935,0.0,65535.796875629574,0.0,0.9999969005680782,34.8,0.0,0.0,0.0,0.0,0
2026-03-05T09:52:19+00:00,1772704339.0099933,0.0,4097.229861353741,0.0,1.0003002591195658,34.8,0.0,0.0,0.0,0.0,0
2026-03-05T09:52:20+00:00,1772704340.009963,0.0,69634.10846227997,0.0,2.0000605601528023,34.8,0.0,0.0,0.0,0.0,0
2026-03-05T09:52:21+00:00,1772704341.0099113,0.0,4096.21192502683,0.0,1.0000517395085033,34.8,1.0000517395085033,142.00734701020747,1.0000517395085033,1.0000517395085033,0
2026-03-05T09:52:22+00:00,1772704342.010056,184293.3290551337,4095.4073123363046,8.9986977077702,0.9998553008633556,34.8,0.9998553008633556,0.0,0.9998553008633556,0.0,0
2026-03-05T09:52:23+00:00,1772704343.0098598,0.0,196646.58569622706,0.0,16.003140111997645,34.8,1.0001962569998528,0.0,1.0001962569998528,0.0,0
2026-03-05T09:52:24+00:00,1772704344.0099375,0.0,4095.6816653673864,0.0,0.9999222815838346,34.8,0.9999222815838346,0.0,0.9999222815838346,0.0,0
2026-03-05T09:52:25+00:00,1772704345.0100632,65527.76665949117,69623.25207570937,0.999874369193896,1.999748738387792,34.8,0.999874369193896,0.0,0.999874369193896,0.0,0
2026-03-05T09:52:26+00:00,1772704346.0098686,0.0,0.0,0.0,0.0,34.8,1.0001945874174434,0.0,1.0001945874174434,0.0,0
2026-03-05T09:52:27+00:00,1772704347.0104187,16374.99323525578,28656.238161697616,0.9994502707065296,4.997251353532648,34.8,0.0,0.0,0.0,0.0,0
2026-03-05T09:52:28+00:00,1772704348.009928,0.0,290958.763408445,0.0,8.003927250452383,34.8,0.0,0.0,0.0,0.0,0
2026-03-05T09:52:29+00:00,1772704349.0096962,0.0,4096.949438775656,0.0,1.0002317965760879,34.8,0.0,0.0,0.0,0.0,0
2026-03-05T09:52:30+00:00,1772704350.0098631,0.0,40953.165203179786,0.0,1.9996662696865128,34.8,0.0,0.0,0.0,0.0,0
2026-03-05T09:52:31+00:00,1772704351.0099223,16383.031307276677,4095.757826819169,0.9999408756882737,0.9999408756882737,34.8,0.0,0.0,0.0,0.0,0
2026-03-05T09:52:32+00:00,1772704352.0100605,0.0,16381.734688253597,0.0,3.9994469453744133,34.8,109.98479099779637,0.0,1.9997234726872066,0.0,0
2026-03-05T09:52:33+00:00,1772704353.0101726,0.0,0.0,0.0,0.0,34.8,0.0,131.9852101686527,0.0,1.9997759116462532,0
2026-03-05T09:52:34+00:00,1772704354.0102942,0.0,135151.5664513373,0.0,2.9996352639235018,34.8,0.0,0.0,0.0,0.0,0
2026-03-05T09:52:35+00:00,1772704355.009945,0.0,8194.862327888097,0.0,2.000698810519555,34.8,0.0,0.0,0.0,0.0,0
2026-03-05T09:52:36+00:00,1772704356.0099022,16384.69924859178,4096.174812147945,1.0000426787470569,1.0000426787470569,34.8,0.0,0.0,0.0,0.0,0
2026-03-05T09:52:37+00:00,1772704357.0099137,0.0,16383.812502145744,0.0,2.9999656681175066,34.8,0.0,0.0,0.0,0.0,0
2026-03-05T09:52:38+00:00,1772704358.0101395,65521.20646511973,69616.28186918971,0.9997742685717732,2.9993228057153196,34.8,107.9756210057515,185.9580139543498,1.9995485371435464,2.9993228057153196,0
2026-03-05T09:52:39+00:00,1772704359.0100515,0.0,610357.6971068936,0.0,54.00475114659621,34.8,0.0,156.0137255346113,0.0,2.0001759683924525,0
2026-03-05T09:52:40+00:00,1772704360.0098357,270394.342666653,1986988.7302019198,10.002158153803157,318.06862929094035,34.8,0.0,0.0,0.0,0.0,0
2026-03-05T09:52:41+00:00,1772704361.0099008,0.0,0.0,0.0,0.0,34.8,0.0,0.0,0.0,0.0,0
2026-03-05T09:52:42+00:00,1772704362.009907,0.0,172030.9336003605,0.0,5.999962806932215,34.8,65.99959087625437,0.0,0.9999938011553693,0.0,0
2026-03-05T09:52:43+00:00,1772704363.0099177,0.0,4095.956055158977,0.0,0.9999892712790471,34.8,203.9978113409256,153.99834777697325,3.9999570851161885,2.9999678138371415,0
2026-03-05T09:52:44+00:00,1772704364.0100253,0.0,4095.559617665394,0.0,0.9998924847815903,34.8,0.0,0.0,0.0,0.0,0
2026-03-05T09:52:45+00:00,1772704365.009881,0.0,65545.4544887461,0.0,1.0001442640494704,34.8,0.0,0.0,0.0,0.0,0
2026-03-05T09:52:46+00:00,1772704366.009831,0.0,4096.205088393345,0.0,1.0000500704085316,34.8,0.0,0.0,0.0,0.0,0
2026-03-05T09:52:47+00:00,1772704367.0103705,212877.14400079875,77782.03338490723,3.9978429988130775,3.9978429988130775,34.8,0.0,0.0,0.0,0.0,0
2026-03-05T09:52:48+00:00,1772704368.0100775,0.0,0.0,0.0,0.0,34.8,0.0,0.0,0.0,0.0,0
2026-03-05T09:52:49+00:00,1772704369.009899,0.0,4096.731575954053,0.0,1.0001786074106576,34.8,0.0,0.0,0.0,0.0,0
2026-03-05T09:52:50+00:00,1772704370.0099194,0.0,8191.83203469396,0.0,1.999958992845205,34.8,0.0,0.0,0.0,0.0,0
2026-03-05T09:52:51+00:00,1772704371.0101888,0.0,4094.896781596374,0.0,0.9997306595694272,34.8,0.0,0.0,0.0,0.0,0
2026-03-05T09:52:52+00:00,1772704372.0098598,0.0,151601.87969254868,0.0,5.001645629636979,34.8,0.0,0.0,0.0,0.0,0
2026-03-05T09:52:53+00:00,1772704373.0103247,0.0,4094.0965880521057,0.0,0.9995352998174086,34.8,0.0,0.0,0.0,0.0,0
2026-03-05T09:52:54+00:00,1772704374.009799,0.0,16392.617811745382,0.0,4.00210395794565,34.8,55.028929421752686,66.03471530610322,1.0005259894864125,1.0005259894864125,0
2026-03-05T09:52:55+00:00,1772704375.0100284,0.0,24570.364573783878,0.0,5.9986241635214546,34.8,0.0,0.0,0.0,0.0,0
2026-03-05T09:52:56+00:00,1772704376.0100687,0.0,0.0,0.0,0.0,34.8,0.0,0.0,0.0,0.0,0
2026-03-05T09:52:57+00:00,1772704377.009922,0.0,86028.61415426848,0.0,5.000733244644512,34.8,55.008065691089634,66.00967882930756,1.0001466489289024,1.0001466489289024,0
2026-03-05T09:52:58+00:00,1772704378.0103145,0.0,4094.3932086893315,0.0,0.9996077169651688,34.8,0.0,0.0,0.0,0.0,0
2026-03-05T09:52:59+00:00,1772704379.0100427,0.0,69650.93092662247,0.0,2.000543742147934,34.8,0.0,0.0,0.0,0.0,0
2026-03-05T09:53:00+00:00,1772704380.0097654,65554.1769151097,65554.1769151097,1.0002773577134658,1.0002773577134658,34.8,0.0,0.0,0.0,0.0,0
2026-03-05T09:53:01+00:00,1772704381.0101626,0.0,8188.7473857058085,0.0,0.9996029523566661,34.8,0.0,0.0,0.0,0.0,0
2026-03-05T09:53:02+00:00,1772704382.0101542,0.0,77824.64941948168,0.0,4.00003337887961,34.8,0.0,0.0,0.0,0.0,0
2026-03-05T09:53:03+00:00,1772704383.0099108,0.0,0.0,0.0,0.0,34.8,0.0,0.0,0.0,0.0,0
2026-03-05T09:53:04+00:00,1772704384.010061,0.0,4095.384858021604,0.0,0.9998498188529307,34.8,0.0,0.0,0.0,0.0,0
2026-03-05T09:53:05+00:00,1772704385.0098357,0.0,4096.923059532943,0.0,1.0002253563312848,34.8,0.0,0.0,0.0,0.0,0
2026-03-05T09:53:06+00:00,1772704386.0099154,0.0,4095.673854096587,0.0,0.9999203745352996,34.8,426.9659999265729,0.0,4.999601872676498,0.0,0
2026-03-05T09:53:07+00:00,1772704387.0099316,0.0,20479.667974132957,0.0,2.9999513633983823,34.8,426.99307739036976,0.0,4.999918938997304,0.0,0
2026-03-05T09:53:08+00:00,1772704388.0102227,0.0,4094.807964199951,0.0,0.9997089756347537,34.8,426.8757325960398,0.0,4.998544878173768,0.0,0
2026-03-05T09:53:09+00:00,1772704389.010314,0.0,528335.7553819867,0.0,42.996073842935125,34.8,426.961012347286,0.0,4.999543470108735,0.0,0
2026-03-05T09:53:10+00:00,1772704390.0098314,61469.662751533775,28685.842617382426,4.001931168719646,4.001931168719646,34.8,0.0,142.06855648954746,0.0,1.0004827921799115,0
2026-03-05T09:53:11+00:00,1772704391.0102875,0.0,0.0,0.0,0.0,34.8,0.0,0.0,0.0,0.0,0
2026-03-05T09:53:12+00:00,1772704392.0099154,0.0,163900.99926468186,0.0,16.005956959441587,34.8,534.198813521363,456.16977334408523,8.002978479720793,8.002978479720793,0
2026-03-05T09:53:13+00:00,1772704393.009903,0.0,69632.86329195289,0.0,2.0000247958396398,34.8,5270.06533703745,71493.88636448167,32.000396733434236,63.00078106894865,0
2026-03-05T09:53:14+00:00,1772704394.0103807,0.0,143291.53661742655,0.0,4.997612186712701,34.8,0.0,0.0,0.0,0.0,0
2026-03-05T09:53:15+00:00,1772704395.0098002,0.0,0.0,0.0,0.0,34.8,0.0,0.0,0.0,0.0,0
2026-03-05T09:53:16+00:00,1772704396.009878,0.0,4095.6816653673864,0.0,0.9999222815838346,34.8,0.0,0.0,0.0,0.0,0
2026-03-05T09:53:17+00:00,1772704397.0098593,16384.304693166272,81921.52346583136,1.0000185969950117,6.00011158197007,34.8,0.0,0.0,0.0,0.0,0
2026-03-05T09:53:18+00:00,1772704398.0099535,65529.82870618369,24573.68576481888,0.9999058335294142,1.9998116670588284,34.8,109.98964168823555,131.98757002588266,1.9998116670588284,1.9998116670588284,0
2026-03-05T09:53:19+00:00,1772704399.0099113,0.0,69634.93860057171,0.0,2.000084403738847,34.8,0.0,0.0,0.0,0.0,0
2026-03-05T09:53:20+00:00,1772704400.009962,0.0,151544.3041017595,0.0,3.9997968776857977,34.8,0.0,0.0,0.0,0.0,0
2026-03-05T09:53:21+00:00,1772704401.0100806,4095.5147059419505,4095.5147059419505,0.999881520005359,0.999881520005359,34.8,0.0,0.0,0.0,0.0,0
2026-03-05T09:53:22+00:00,1772704402.0103586,0.0,12284.584933749973,0.0,1.9994441623942014,34.8,0.0,0.0,0.0,0.0,0
2026-03-05T09:53:23+00:00,1772704403.0098083,0.0,4098.255147190026,0.0,1.00055057304444,34.8,0.0,0.0,0.0,0.0,0
2026-03-05T09:53:24+00:00,1772704404.0101469,0.0,221109.14253082423,0.0,12.9956002825734,34.8,0.0,0.0,0.0,0.0,0
2026-03-05T09:53:25+00:00,1772704405.0098026,0.0,12292.231925702265,0.0,2.000688789990603,34.8,0.0,0.0,0.0,0.0,0
2026-03-05T09:53:26+00:00,1772704406.0099263,0.0,131055.78325664754,0.0,1.9997525521339041,34.8,0.0,0.0,0.0,0.0,0
2026-03-05T09:53:27+00:00,1772704407.0098581,0.0,24577.675895525485,0.0,4.000272769454018,34.8,0.0,0.0,0.0,0.0,0
2026-03-05T09:53:28+00:00,1772704408.0101197,0.0,16379.715964218914,0.0,3.9989540928268834,34.8,0.0,0.0,0.0,0.0,0
2026-03-05T09:53:29+00:00,1772704409.0102522,196581.9409544061,69622.7707546855,2.9996023705201127,1.999734913680075,34.8,0.0,0.0,0.0,0.0,0
2026-03-05T09:53:30+00:00,1772704410.009842,0.0,65562.90166324674,0.0,1.0004104868049124,34.8,0.0,0.0,0.0,0.0,0
2026-03-05T09:53:31+00:00,1772704411.0099356,0.0,4095.616246894591,0.0,0.9999063102769997,34.8,0.0,0.0,0.0,0.0,0
2026-03-05T09:53:32+00:00,1772704412.0100508,0.0,20477.641873115368,0.0,3.9995394283428456,34.8,0.0,0.0,0.0,0.0,0
2026-03-05T09:53:33+00:00,1772704413.010247,0.0,0.0,0.0,0.0,34.8,0.0,0.0,0.0,0.0,0
2026-03-05T09:53:34+00:00,1772704414.0099363,0.0,8194.54571272461,0.0,1.0003107559478284,34.8,0.0,0.0,0.0,0.0,0
2026-03-05T09:53:35+00:00,1772704415.0097337,0.0,8193.660492758476,0.0,2.0004053937398623,34.8,0.0,0.0,0.0,0.0,0
2026-03-05T09:53:36+00:00,1772704416.0099149,0.0,69619.38509829648,0.0,1.9996376694133868,34.8,0.0,0.0,0.0,0.0,0
2026-03-05T09:53:37+00:00,1772704417.0098917,16384.378915013018,73729.70511755858,1.000023127137025,3.000069381411075,34.8,0.0,0.0,0.0,0.0,0
2026-03-05T09:53:38+00:00,1772704418.0098572,0.0,389133.4526135037,0.0,41.0014174474549,34.8,0.0,0.0,0.0,0.0,0
2026-03-05T09:53:39+00:00,1772704419.0101628,0.0,274348.14477119525,0.0,8.997249966989116,34.8,54.98319424271127,65.97983309125352,0.9996944407765685,0.9996944407765685,0
2026-03-05T09:53:40+00:00,1772704420.010123,0.0,12288.489277293516,0.0,2.0000796349761583,34.8,0.0,0.0,0.0,0.0,0
2026-03-05T09:53:41+00:00,1772704421.0098002,0.0,65557.16308183975,0.0,1.0003229230017052,34.8,0.0,0.0,0.0,0.0,0
2026-03-05T09:53:42+00:00,1772704422.0099149,0.0,28668.712291094776,0.0,4.999426669066472,34.8,54.99369335973119,65.99243203167742,0.9998853338132944,0.9998853338132944,0
2026-03-05T09:53:43+00:00,1772704423.0099444,0.0,4095.878909829898,0.0,0.99997043697019,34.8,227.99325962920332,111.99668894066127,3.99988174788076,1.99994087394038,0
2026-03-05T09:53:44+00:00,1772704424.0102396,0.0,12284.374117098578,0.0,2.99911477468227,34.8,0.0,0.0,0.0,0.0,1
2026-03-05T09:53:45+00:00,1772704425.010152,65541.73487679953,0.0,1.0000875072753834,0.0,34.8,0.0,0.0,0.0,0.0,1
2026-03-05T09:53:46+00:00,1772704426.01,0.0,61449.34712492602,0.0,2.000304268389519,34.8,0.0,0.0,0.0,0.0,1
2026-03-05T09:53:47+00:00,1772704427.009987,0.0,126977.63478667224,0.0,7.000090123383203,34.8,0.0,0.0,0.0,0.0,1
2026-03-05T09:53:48+00:00,1772704428.0099342,0.0,65539.46893360693,0.0,1.00005293172618,34.8,0.0,0.0,0.0,0.0,1
2026-03-05T09:53:49+00:00,1772704429.010284,0.0,36851.11095338616,0.0,6.997552535636478,34.8,0.0,0.0,0.0,0.0,1
2026-03-05T09:53:50+00:00,1772704430.0099971,0.0,139303.95481911834,0.0,4.001147599354272,34.8,0.0,0.0,0.0,0.0,1
2026-03-05T09:53:51+00:00,1772704431.0147994,0.0,28534.96860275348,0.0,6.9665450690316115,34.8,21643335.788069893,0.0,51.7514776556634,0.0,1
2026-03-05T09:53:52+00:00,1772704432.0099878,0.0,8231.606583706325,0.0,2.009669576100177,34.8,34963797.19636244,0.0,32.15471321760283,0.0,1
2026-03-05T09:53:53+00:00,1772704433.0099642,0.0,4096.096681969527,0.0,1.0000236039964665,34.8,30447601.66811875,152.0035878074629,74.00174669573852,2.000047207992933,1
2026-03-05T09:53:54+00:00,1772704434.0179555,32508.216635421264,69079.96035027018,1.9841440817517861,1.9841440817517861,34.8,32706456.43891725,4779.803092940053,73.41333102481609,9.92072040875893,1
2026-03-05T09:53:55+00:00,1772704435.0100887,49541.737888183234,912393.6727740412,3.0237877129018087,59.46782502040224,34.8,32531491.672229983,1018.0085300102756,64.50747120857191,8.06343390107149,1
2026-03-05T09:53:56+00:00,1772704436.0102592,65524.83002913694,0.0,0.9998295597707663,0.0,34.8,30442417.5028833,971.8343320971848,41.99284151037218,8.998466037936897,1
2026-03-05T09:53:57+00:00,1772704437.010094,0.0,184350.45913414477,0.0,11.00181776516706,34.8,34807756.07931208,1789.2956347167155,51.00842782032001,23.003800781712943,1
2026-03-05T09:53:58+00:00,1772704438.0102026,0.0,4095.55473590861,0.0,0.999891292946438,34.8,30442867.2858061,65.99282533446491,53.99412981910765,0.999891292946438,1
2026-03-05T09:53:59+00:00,1772704439.010256,0.0,528355.7827569634,0.0,49.997329854515215,34.8,30444496.08849625,0.0,32.998237703980045,0.0,1
2026-03-05T09:54:00+00:00,1772704440.0101504,0.0,0.0,0.0,0.0,34.8,34799243.47627926,0.0,33.00348580937709,0.0,1
2026-03-05T09:54:01+00:00,1772704441.0101547,65535.71875120699,253950.91016092707,0.9999957084839933,43.99981117329571,34.8,30445991.339980096,0.0,27.999879837551813,0.0,1
2026-03-05T09:54:02+00:00,1772704442.0100577,0.0,188434.2849774327,0.0,10.000970457786636,34.8,33166970.402136248,0.0,30.002911373359908,0.0,1
2026-03-05T09:54:03+00:00,1772704443.0099628,0.0,0.0,0.0,0.0,34.8,32081092.193909924,132.01252674714218,56.005314377575466,2.0001897991991235,1
2026-03-05T09:54:04+00:00,1772704444.010002,0.0,8191.679700023937,0.0,0.9999609008818282,34.8,30444932.583438948,0.0,28.998866125573016,0.0,1
2026-03-05T09:54:05+00:00,1772704445.0098252,0.0,20483.61880338986,0.0,3.000530098152812,34.8,34801717.35561764,0.0,54.009541766750615,0.0,1
2026-03-05T09:54:06+00:00,1772704446.0099368,0.0,69624.23133557675,0.0,1.9997768651073289,34.8,30442726.203806072,0.0,22.997433948734283,0.0,1
2026-03-05T09:54:07+00:00,1772704447.0099905,0.0,12287.340855671757,0.0,1.9998927173944918,34.8,33511689.292897485,0.0,23.9987126087339,0.0,1
2026-03-05T09:54:08+00:00,1772704448.0101156,0.0,4095.4873688534144,0.0,0.9998748459114781,34.8,31724233.085547946,0.0,21.99724661005252,0.0,1
2026-03-05T09:54:09+00:00,1772704449.010313,37741285.47081331,69618.25661933879,35.99289462167102,1.9996052567595013,34.8,30691387.19534546,0.0,53.989341932506534,0.0,1
2026-03-05T09:54:10+00:00,1772704450.0099456,33566764.531009264,4097.505435914217,29.01065860388484,1.0003675380649943,34.8,34808356.6957331,0.0,56.020582131639685,0.0,1
2026-03-05T09:54:11+00:00,1772704451.0099735,29359309.022845346,0.0,23.99933053930447,0.0,34.8,30445272.729916237,0.0,86.9975732049787,0.0,1
2026-03-05T09:54:12+00:00,1772704452.0104094,33539814.3707891,159674.40923593444,25.988673378244535,6.99695052491199,34.8,30432859.472340718,0.0,67.97037652771648,0.0,1
2026-03-05T09:54:13+00:00,1772704453.0100293,29371290.242089722,69658.47295138467,23.008744225095462,2.0007603673996055,34.8,34808797.70815916,0.0,83.03155524708363,0.0,1
2026-03-05T09:54:14+00:00,1772704454.0100195,29380895.20300277,4096.040039453892,27.000263931947043,1.0000097752572978,34.8,30446420.618686046,0.0,71.00069404326815,0.0,1
2026-03-05T09:54:15+00:00,1772704455.0102515,33546649.805323463,0.0,23.994433740608784,0.0,34.8,33879585.57045935,0.0,23.994433740608784,0.0,1
2026-03-05T09:54:16+00:00,1772704456.0100448,29378488.795339957,102421.17136849796,25.005168791137198,5.00103375822744,34.8,31360729.542160284,0.0,23.004755287846223,0.0,1
2026-03-05T09:54:17+00:00,1772704457.0104122,29676904.615311578,159685.3311254348,23.99118556572037,31.988247420960498,34.8,30434941.110406127,0.0,34.98714561667555,0.0,1
2026-03-05T09:54:18+00:00,1772704458.0103388,33307021.831948336,0.0,27.001982834509143,0.0,34.8,34798123.32788873,0.0,47.003451600812205,0.0,1
2026-03-05T09:54:19+00:00,1772704459.0099487,29371584.468627613,65561.57247461521,22.008584509911113,2.0007804099919193,34.8,30464323.694617365,6473.525016528854,61.02380250475353,16.006243279935354,1
2026-03-05T09:54:20+00:00,1772704460.0129464,33466399.888297185,57172.61725883595,26.91930569874042,4.985056610877855,34.8,30355224.06342567,95.71308692885482,22.931260410038135,1.9940226443511422,1
2026-03-05T09:54:21+00:00,1772704461.0100317,29445953.151748687,4107.9733749649395,22.064310119440595,1.0029231872472997,34.8,34897282.96356334,0.0,36.10523474090279,0.0,1
2026-03-05T09:54:22+00:00,1772704462.0098746,29377031.65586596,8193.287311634627,24.003771420804576,2.0003142850670477,34.8,30450907.3809042,0.0,32.00502856107276,0.0,1
2026-03-05T09:54:23+00:00,1772704463.0101764,47010962.30886578,335770.6516845148,628.8102012360656,23.99275807577993,34.8,32265647.004183937,564.8295130339858,36.988835366827395,4.998491265787486,1
2026-03-05T09:54:24+00:00,1772704464.0098898,37532676.08173615,1798659.4582664575,381.10921794890754,161.04615246659873,34.8,32976107.264199153,0.0,35.01003314491276,0.0,1
2026-03-05T09:54:25+00:00,1772704465.0146966,33393915.563500468,256813.5596314123,23.885189697862007,26.870838410094755,34.8,30300475.975809976,0.0,30.851703359738426,0.0,1
2026-03-05T09:54:26+00:00,1772704466.0098689,30029390.02156512,0.0,29.140683579876164,0.0,34.8,34970453.178983025,0.0,35.169790527436746,0.0,1
2026-03-05T09:54:27+00:00,1772704467.009943,29370238.250343356,622545.8393602273,23.998220575666657,75.99436515627775,34.8,30444198.618138734,364.9729379215971,51.996144580611094,1.9998517146388881,1
2026-03-05T09:54:28+00:00,1772704468.0102804,33543115.817653183,155595.50794321546,23.991906035652054,33.98853355050708,34.8,31979613.284447312,0.0,62.97875334358664,0.0,1
2026-03-05T09:54:29+00:00,1772704469.0102408,29955233.552780572,61442.43173686703,36.00142484582052,14.000554106707982,34.8,33252604.054409273,0.0,42.00166232012394,0.0,1
2026-03-05T09:54:30+00:00,1772704470.0101578,29362564.202130876,0.0,21.00174250755134,0.0,34.8,30448648.314166386,0.0,68.00564240540434,0.0,1
2026-03-05T09:54:31+00:00,1772704471.009867,33576486.414982386,49166.30103475151,27.007855793015356,11.003200508265515,34.8,34032088.93639145,0.0,23.006691971827895,0.0,1
2026-03-05T09:54:32+00:00,1772704472.010102,29353227.622145787,53235.48536382467,20.995064465150204,12.996944668902508,34.8,31212162.62236937,0.0,33.99200913405271,0.0,1
2026-03-05T09:54:33+00:00,1772704473.010161,33564743.39276838,110585.48768819356,26.99841008012538,13.99917559710205,34.8,30444329.15205656,0.0,30.998174536440253,0.0,1
2026-03-05T09:54:34+00:00,1772704474.0104103,29352807.82554781,110564.42679824091,20.994764203225,11.99700811612857,34.8,35121403.21957596,0.0,78.98030343117976,0.0,1
2026-03-05T09:54:35+00:00,1772704475.0102696,29364258.581036285,28676.033770543247,22.003095108536254,4.000562747006591,34.8,30450405.366004452,0.0,37.00520540981097,0.0,1
2026-03-05T09:54:36+00:00,1772704476.0100126,33563058.21706915,4097.053005013324,24.006169951249944,1.000257081302081,34.8,34804513.289928086,0.0,79.0203094228644,0.0,1
2026-03-05T09:54:37+00:00,1772704477.0103667,29349736.6790637,0.0,20.992567548082135,0.0,34.8,30435388.302380316,0.0,52.98124190706444,0.0,1
2026-03-05T09:54:38+00:00,1772704478.010201,33580476.31556685,921752.735269311,26.004308937719276,153.02535644119422,34.8,31942704.93535473,0.0,23.003811752597823,0.0,1
2026-03-05T09:54:39+00:00,1772704479.0098996,29627104.456314273,57361.286459466166,26.00783775017648,8.002411615438918,34.8,33314317.638875853,0.0,23.006933394386888,0.0,1
2026-03-05T09:54:40+00:00,1772704480.0099072,29359904.001708973,12287.90625071525,21.99983215460087,1.999984741327352,34.8,30445889.7162955,0.0,20.999839783937194,0.0,1
2026-03-05T09:54:41+00:00,1772704481.009856,33556152.08817171,0.0,24.001230302933486,0.0,34.8,34797351.71205761,0.0,24.001230302933486,0.0,1
2026-03-05T09:54:42+00:00,1772704482.0099423,29386263.74428858,4095.646514883426,24.997842498067783,0.9999136999227114,34.8,30454555.542666804,797.9311325383237,36.996806897140324,11.998964399072536,1
2026-03-05T09:54:43+00:00,1772704483.010186,33546257.99170982,4095.0021962536402,23.994153493673675,0.9997563955697364,34.8,30439149.081636086,498.8784413892985,28.992935471522355,7.998051164557891,1
2026-03-05T09:54:44+00:00,1772704484.0100822,29375462.590382293,4096.424848749449,24.0024893481413,1.0001037228392209,34.8,34846169.96883403,0.0,50.00518614196104,0.0,1
2026-03-05T09:54:45+00:00,1772704485.0102248,29355942.596730985,0.0,20.9970063662989,0.0,34.8,30441781.783957765,0.0,27.996008488398537,0.0,1
2026-03-05T09:54:46+00:00,1772704486.0099807,33574917.001221,4097.000244200244,28.006837606837607,1.0002442002442002,34.8,32773571.36019536,0.0,35.00854700854701,0.0,1
2026-03-05T09:54:47+00:00,1772704487.0101438,29355340.780691624,4095.332140163452,20.996575913923948,0.9998369482820928,34.8,32470824.712843042,0.0,31.99478234502697,0.0,1
2026-03-05T09:54:48+00:00,1772704488.0099444,29378271.61634809,0.0,24.00478458402449,0.0,34.8,30452301.689801376,132.02631521213468,60.01196146006122,2.000398715335374,1
2026-03-05T09:54:49+00:00,1772704489.0102232,33667928.36727778,12284.576149578366,25.99275552482402,2.999164099018156,34.8,34785872.78351499,0.0,60.9830033467025,0.0,1
2026-03-05T09:54:50+00:00,1772704490.0098689,29370533.686630804,61461.775292893704,21.007442727063278,10.003544155744418,34.8,30456912.579818156,0.0,28.00992363608437,0.0,1
2026-03-05T09:54:51+00:00,1772704491.0099242,33564863.42300555,8191.546900062367,26.998506628623524,1.9998893798980388,34.8,30444438.02344002,0.0,27.998451318572542,0.0,1
2026-03-05T09:54:52+00:00,1772704492.0098102,29363474.381367277,0.0,22.002507495542257,0.0,34.8,34799533.896893196,0.0,59.00672464713605,0.0,1
2026-03-05T09:54:53+00:00,1772704493.0097933,29794808.358147006,8192.138674222439,31.00052476817573,1.0000169280056688,34.8,30446637.392125808,0.0,55.000931040311784,0.0,1
2026-03-05T09:54:54+00:00,1772704494.01,33547497.43343668,544655.414873911,23.995040011479865,34.992766683408135,34.8,33155384.48667575,0.0,80.98326003874455,0.0,1
2026-03-05T09:54:55+00:00,1772704495.0102437,29365260.749334857,57330.03074755096,23.994153493673675,8.997807560127628,34.8,32076727.063182216,6598.39221076026,61.984896525323656,10.997320351267101,1
2026-03-05T09:54:56+00:00,1772704496.0168633,33333772.696592122,0.0,23.84217216724786,0.0,34.8,30246088.216377325,875.2064033060568,76.49363570325355,4.967119201509971,1
2026-03-05T09:54:57+00:00,1772704497.0102692,29567388.714679386,4123.189055177713,24.159310870181915,1.0066379529242464,34.8,35026539.34235642,0.0,34.22569039942438,0.0,1
2026-03-05T09:54:58+00:00,1772704498.010087,29644055.717943314,69644.68590451028,34.00619428931166,2.000364369959509,34.8,30451668.826120175,0.0,79.01439261340062,0.0,1
2026-03-05T09:54:59+00:00,1772704499.0102217,33562198.953740865,86004.41464655988,26.996363414447508,1.999730623292408,34.8,31917972.44173489,0.0,67.99084119194187,0.0,1
2026-03-05T09:55:00+00:00,1772704500.0099163,29369097.739485808,692435.4796279438,21.006415657629354,5.001527537530798,34.8,33329597.33229987,0.0,46.014053345283344,0.0,1
2026-03-05T09:55:01+00:00,1772704501.0099432,29359337.021309994,5181300.409034199,20.999434247953886,14.999595891395634,34.8,30445301.764008682,0.0,20.999434247953886,0.0,1
2026-03-05T09:55:02+00:00,1772704502.0101714,33886668.19480361,49140.78771451883,31.9927003349732,1.999543770935825,34.8,32126901.71470333,0.0,36.99155976231276,0.0,1
2026-03-05T09:55:03+00:00,1772704503.0100598,29428947.678892545,8192.91416450238,22.0024550316226,2.0002231846929637,34.8,33256512.758202277,0.0,47.00524484028465,0.0,1
2026-03-05T09:55:04+00:00,1772704504.0101807,33562663.00505076,0.0,27.99661581892486,0.0,34.8,30442442.171789862,0.0,27.99661581892486,0.0,1
2026-03-05T09:55:05+00:00,1772704505.0100043,29365308.914067365,53257.396189017265,21.003705678511167,3.0005293826444523,34.8,34801763.06630637,66.01164641817795,33.00582320908897,1.000176460881484,1
2026-03-05T09:55:06+00:00,1772704506.0101573,29367920.807196088,475063.28456766787,23.99632700873861,104.98393066323142,34.8,30441889.420482647,0.0,30.995255719620705,0.0,1
2026-03-05T09:55:07+00:00,1772704507.009924,36368680.87886534,0.0,116.02708208879588,0.0,34.8,31953484.319937997,5654.319784896234,43.0100390501571,14.003268527958124,1
2026-03-05T09:55:08+00:00,1772704508.0102072,29364098.875284232,110560.68465104928,23.99320413434229,5.998301033585572,34.8,33292247.261538815,0.0,32.99065568472065,0.0,1
2026-03-05T09:55:09+00:00,1772704509.0099258,29368390.32447216,4097.152668034621,21.005909674982185,1.0002814130943898,34.8,30455117.05756758,0.0,31.00872380592608,0.0,1
2026-03-05T09:55:10+00:00,1772704510.0098386,33569649.32788229,4096.357453066784,28.002443526823715,1.0000872688151328,34.8,34798604.56799123,0.0,25.002181720378317,0.0,1
2026-03-05T09:55:11+00:00,1772704511.0101857,29603803.411138862,81891.57236829562,24.991324575285525,2.998958949034263,34.8,30435556.678429652,0.0,20.99271264323984,0.0,1
2026-03-05T09:55:12+00:00,1772704512.0099113,33768498.74414981,53262.616315693704,30.00823485334306,11.003019446225787,34.8,30454479.31165116,0.0,37.010156319123105,0.0,1
2026-03-05T09:55:13+00:00,1772704513.010173,29352444.01154216,61423.92022504637,20.994503983170148,7.997906279302913,34.8,34786461.474888936,141.9628364576267,55.98534395512039,0.9997382849128641,1
2026-03-05T09:55:14+00:00,1772704514.0099802,29373985.672876682,4096.79019147513,22.004244192493374,1.000192917840608,34.8,30451995.600111123,0.0,23.00443711033398,0.0,1
2026-03-05T09:55:15+00:00,1772704515.0099516,33854408.58239886,0.0,31.000886942489885,0.0,34.8,33838450.12582376,0.0,24.00068666515346,0.0,1
2026-03-05T09:55:16+00:00,1772704516.0098898,29361941.11196041,225293.91199188374,21.00129683873206,15.000926313380042,34.8,31406147.342537336,0.0,22.001358592957395,0.0,1
2026-03-05T09:55:17+00:00,1772704517.010043,29367920.807196088,40953.73142824723,24.996173967436054,4.999234793487211,34.8,30441462.485831283,0.0,20.996786132646285,0.0,1
2026-03-05T09:55:18+00:00,1772704518.010301,33545770.236530744,69614.0251490506,23.993804623983436,3.998967437330573,34.8,34786585.84885542,0.0,23.993804623983436,0.0,1
2026-03-05T09:55:19+00:00,1772704519.0099325,29538951.913622487,0.0,27.00995573796532,0.0,34.8,30719367.008870058,0.0,40.0147492414301,0.0,1
2026-03-05T09:55:20+00:00,1772704520.0099921,33552432.119202185,4095.755873926048,23.99856957378544,0.9999403989077266,34.8,30444307.37787331,0.0,27.998331169416343,0.0,1
2026-03-05T09:55:21+00:00,1772704521.009978,29372829.178663623,503815.08701375336,24.000337605457002,47.00066114401996,34.8,34796057.46556818,0.0,35.00049234129146,0.0,1
2026-03-05T09:55:22+00:00,1772704522.0101645,29354655.020400535,81904.7294095997,20.99608541994133,0.9998135914257776,34.8,30440488.573978223,0.0,31.994034925624884,0.0,1
2026-03-05T09:55:23+00:00,1772704523.010262,33563447.120906726,286692.04374172917,26.997367400344196,30.996977385580372,34.8,31963061.17965925,0.0,47.99531982283413,0.0,1
2026-03-05T09:55:24+00:00,1772704524.0099072,29925752.664878212,51218.170508794086,76.02697184899122,7.002484249249192,34.8,33287321.237957496,0.0,80.02839141999077,0.0,1
2026-03-05T09:55:25+00:00,1772704525.0100017,29369643.101643503,94199.10630843684,23.997734283739003,3.999622380623167,34.8,30443247.738595847,0.0,36.9965070207643,0.0,1
2026-03-05T09:55:26+00:00,1772704526.009888,33558248.43402649,0.0,24.002729726333488,0.0,34.8,33935209.30415108,0.0,23.00261598773626,0.0,1
2026-03-05T09:55:27+00:00,1772704527.0101032,29353808.360567667,4095.1183538738373,20.99547984163833,0.9997847543637298,34.8,31303655.574106354,0.0,27.993973122184435,0.0,1
2026-03-05T09:55:28+00:00,1772704528.010122,33566087.780462585,106493.99417840478,26.99949146274911,7.999849322296033,34.8,30445548.556030292,65.99875690894227,20.999604471027087,0.9999811652870041,1
2026-03-05T09:55:29+00:00,1772704529.0099537,29365070.831994865,16386.75827678285,21.00353538894286,2.000336703708844,34.8,34801425.89839847,0.0,25.004208796360547,0.0,1
2026-03-05T09:55:30+00:00,1772704530.009849,29375490.60793898,0.0,24.00251224109503,0.0,34.8,30449308.999953028,0.0,21.00219821095815,0.0,1
2026-03-05T09:55:31+00:00,1772704531.0098255,33555224.01869436,4096.096681969527,25.000590099911665,1.0000236039964665,34.8,32219776.49753982,0.0,27.000637307904597,0.0,1
2026-03-05T09:55:32+00:00,1772704532.0100663,29365344.74379367,69615.23645858212,23.99422212497086,1.9995185104142383,34.8,33014723.9631875,0.0,23.99422212497086,0.0,1
2026-03-05T09:55:33+00:00,1772704533.0101738,35692802.06795391,192491.3020302735,277.97011076928214,23.997419634758167,34.8,30442958.566716768,131.98580799116993,22.997527149976577,1.9997849695631806,1
2026-03-05T09:55:34+00:00,1772704534.009747,33667616.303581096,0.0,27.011527689591496,0.0,34.8,34059435.519976795,0.0,26.011100738125144,0.0,1
2026-03-05T09:55:35+00:00,1772704535.010291,29409663.04940635,73687.90853136335,21.988036942409853,14.9918433698249,34.8,31179825.95475465,0.0,21.988036942409853,0.0,1
2026-03-05T09:55:36+00:00,1772704536.0097868,33628733.4669081,8196.13294343361,29.01463078119808,2.001009019392971,34.8,30461482.363769382,0.0,22.01109921332268,0.0,1
2026-03-05T09:55:37+00:00,1772704537.0099816,29415838.14833279,0.0,29.994157498675246,0.0,34.8,34788791.561595485,0.0,25.99493649885188,0.0,1
2026-03-05T09:55:38+00:00,1772704538.0098786,29363152.311494485,73735.59453221271,21.002163156147827,6.000618044613665,34.8,30449258.176951513,0.0,22.00226616358344,0.0,1
2026-03-05T09:55:39+00:00,1772704539.010126,33750879.38349913,266174.1276301193,30.992330065105538,58.98540238197506,34.8,32385111.381695222,0.0,21.994556820397477,0.0,1
2026-03-05T09:55:40+00:00,1772704540.0101771,29358630.07642642,4095.7910262871683,20.998928601569954,0.9999489810271407,34.8,32939237.388198595,0.0,27.998571468759938,0.0,1
2026-03-05T09:55:41+00:00,1772704541.0171385,33343309.695341922,0.0,30.78569016896405,0.0,34.8,30235641.249628387,0.0,28.799516609676047,0.0,1
2026-03-05T09:55:42+00:00,1772704542.0098698,29575099.556707703,16503.961806198495,21.153759639292506,2.0146437751707147,34.8,35050337.23736466,0.0,30.21965662756072,0.0,1
2026-03-05T09:55:43+00:00,1772704543.0102189,29382640.142253812,106458.84109512251,24.991276924748938,10.996161846889532,34.8,30435726.567913193,111.96092062287524,29.989532309698724,1.999302153979915,1
2026-03-05T09:55:44+00:00,1772704544.0098152,33567981.46914369,36878.88589139321,24.009691335542456,3.001211416942807,34.8,32007863.739081923,0.0,34.01372939201848,0.0,1
2026-03-05T09:55:45+00:00,1772704545.010274,29633766.477283884,0.0,30.985786282346908,0.0,34.8,33231502.13353135,219.89912845536514,22.989454338515447,1.999082985957865,1
2026-03-05T09:55:46+00:00,1772704546.0098727,29371913.72912362,4097.644214442469,21.00842981037399,1.0004014195416184,34.8,30458343.6683373,0.0,21.00842981037399,0.0,1
2026-03-05T09:55:47+00:00,1772704547.010006,33742446.94212326,421831.7799537196,47.99360360517137,45.993870121622564,34.8,33801183.11400206,0.0,26.996402027908896,0.0,1
2026-03-05T09:55:48+00:00,1772704548.0099847,29360751.013219874,204804.34579533953,21.00044561377993,15.000318295557095,34.8,31436669.062651295,0.0,23.000488053187546,0.0,1
2026-03-05T09:55:49+00:00,1772704549.0099711,33567176.17319152,0.0,27.00036693117978,0.0,34.8,30446535.764128342,0.0,21.000285390917607,0.0,1
2026-03-05T09:55:50+00:00,1772704550.0102599,29351653.446814515,8189.635448329943,20.99393852721299,1.9994227168774275,34.8,34791633.789038055,65.9809496569551,35.989608903793695,0.9997113584387137,1
2026-03-05T09:55:51+00:00,1772704551.0100424,29436160.532342315,4096.890818697608,23.0050021557727,1.0002174850335956,34.8,30452743.57586603,0.0,59.01283161698215,0.0,1
2026-03-05T09:55:52+00:00,1772704552.010296,33562302.00355821,28664.72840713854,28.992645222063953,2.9992391609031674,34.8,31821845.517978877,0.0,28.992645222063953,0.0,1
2026-03-05T09:55:53+00:00,1772704553.009939,29888434.685277592,143411.21946495975,77.02751045481236,16.005716458142828,34.8,33423709.312257234,0.0,31.01107563765173,0.0,1
2026-03-05T09:55:54+00:00,1772704554.0102875,29374465.00258022,229296.074734387,26.990591944355334,39.98606213978568,34.8,30435513.155187394,0.0,30.989198158333902,0.0,1
2026-03-05T09:55:55+00:00,1772704555.0099888,33564458.99544938,213055.64792033294,24.007171866023093,37.0110566267856,34.8,34805965.881328896,0.0,36.01075779903464,0.0,1
2026-03-05T09:55:56+00:00,1772704556.01003,29383492.03631728,0.0,26.998886392749323,0.0,34.8,30444866.258436512,0.0,23.999010126888287,0.0,1
2026-03-05T09:55:57+00:00,1772704557.0098128,33561721.58329257,237619.61081921012,24.005213916272574,40.00868986045429,34.8,30452736.313788857,0.0,27.005865655806645,0.0,1
2026-03-05T09:55:58+00:00,1772704558.0100892,30973585.158009022,446340.66396390577,51.98563495852544,68.98093869496644,34.8,34785955.69658748,0.0,23.993369980857892,0.0,1
2026-03-05T09:55:59+00:00,1772704559.0099955,29430981.638879795,282650.4839268168,23.002155267481832,49.00459165680912,34.8,30448975.023334544,0.0,21.001967852918195,0.0,1
2026-03-05T09:56:00+00:00,1772704560.0100899,33575837.97898109,0.0,29.997167854673755,0.0,34.8,33495183.59386464,0.0,26.99745106920638,0.0,1
2026-03-05T09:56:01+00:00,1772704561.0102127,29356523.44258763,151533.39388612477,20.997421819630357,33.995825803211055,34.8,31739446.853982497,0.0,25.996807967161395,0.0,1
2026-03-05T09:56:02+00:00,1772704562.009872,29370134.409185104,180285.4232706675,25.00852040664222,22.007497957845153,34.8,30456582.562233314,0.0,26.00886122290791,0.0,1
2026-03-05T09:56:03+00:00,1772704563.01014,33701048.70929021,135131.78704818673,31.991426857998754,24.993302232811526,34.8,30438241.084578738,429.88479840435826,32.99115894731121,3.998928357249844,1
2026-03-05T09:56:04+00:00,1772704564.0098417,8391110.746473273,0.0,6.001790103774028,0.0,34.8,353.10531777203863,457.13634623745514,5.001491753145023,4.0011934025160185,1
2026-03-05T09:56:05+00:00,1772704565.010081,24570.118595345084,405406.95682319393,5.998564110191671,28.993059865926412,34.8,0.9997606850319453,0.0,0.9997606850319453,0.0,1
2026-03-05T09:56:06+00:00,1772704566.0099144,0.0,81933.65461935494,0.0,17.002833600207936,34.8,1.0001666823651727,0.0,1.0001666823651727,0.0,1
2026-03-05T09:56:07+00:00,1772704567.0101194,0.0,0.0,0.0,0.0,34.8,17394260.48121313,0.0,18.99610503904019,0.0,1
2026-03-05T09:56:08+00:00,1772704568.0098426,0.0,77845.54795674748,0.0,18.004983851015812,34.8,32907911.040431485,0.0,30.008306418359687,0.0,1
2026-03-05T09:56:09+00:00,1772704569.0101242,65517.552069427016,73707.2460781054,0.9997185069187472,16.995214617618704,34.8,32333783.700800266,0.0,57.983673401287334,0.0,1
2026-03-05T09:56:10+00:00,1772704570.0100453,0.0,69637.49555087741,0.0,17.00134168722593,34.8,30448524.892527442,0.0,67.00528782612572,0.0,1
2026-03-05T09:56:11+00:00,1772704571.0102663,49141.139119156964,81901.89853192828,2.9993371044407326,0.9997790348135777,34.8,33124636.99072399,0.0,33.99248718366164,0.0,1
2026-03-05T09:56:12+00:00,1772704572.0101397,8193.037240689946,53254.74206448466,1.0001266162951594,12.001519395541914,34.8,32113798.615431022,0.0,35.00443157033058,0.0,1
2026-03-05T09:56:13+00:00,1772704573.0099552,8193.51199776799,86031.8759765639,2.0003691400800756,17.003137690680642,34.8,30451905.472226024,66.0121816226425,32.00590624128121,1.0001845700400378,0
2026-03-05T09:56:14+00:00,1772704574.009942,0.0,581639.6270531387,0.0,68.00089169717869,34.8,1.0000131131938041,0.0,1.0000131131938041,0.0,0
2026-03-05T09:56:15+00:00,1772704575.010206,131037.41537789743,0.0,1.9994722805465306,0.0,34.8,0.9997361402732653,0.0,0.9997361402732653,0.0,0
2026-03-05T09:56:16+00:00,1772704576.0103528,0.0,4095.3985258360112,0.0,0.9998531557216824,34.8,0.9998531557216824,0.0,0.9998531557216824,0.0,0
2026-03-05T09:56:17+00:00,1772704577.0103788,0.0,16383.574229814756,0.0,2.999922039150651,34.8,0.999974013050217,0.0,0.999974013050217,0.0,0
2026-03-05T09:56:18+00:00,1772704578.0100183,0.0,8194.954189952661,0.0,2.0007212377814114,34.8,110.03966807797764,132.04760169357317,2.0007212377814114,2.0007212377814114,0
2026-03-05T09:56:19+00:00,1772704579.010054,0.0,49150.242250362026,0.0,3.999856953968264,34.8,0.0,0.0,0.0,0.0,0
2026-03-05T09:56:20+00:00,1772704580.0098205,0.0,4096.957254912809,0.0,1.0002337048126975,34.8,0.0,54.01262005988566,0.0,1.0002337048126975,0
2026-03-05T09:56:21+00:00,1772704581.0099666,65526.423274644054,8190.802909330507,0.9998538707678841,1.9997077415357682,34.8,0.9998538707678841,0.0,0.9998538707678841,0.0,0
2026-03-05T09:56:22+00:00,1772704582.0101683,20475.86997366006,0.0,0.9997983385576201,0.0,34.8,0.9997983385576201,0.0,0.9997983385576201,0.0,0
2026-03-05T09:56:23+00:00,1772704583.0102456,0.0,4095.6836181897415,0.0,0.9999227583471049,34.8,0.9999227583471049,0.0,0.9999227583471049,0.0,0
2026-03-05T09:56:24+00:00,1772704584.0104194,0.0,69619.89956407971,0.0,1.9996524461190175,34.8,0.9998262230595087,0.0,0.9998262230595087,0.0,0
2026-03-05T09:56:25+00:00,1772704585.0097723,0.0,40986.52106718453,0.0,10.006474869918097,34.8,1.0006474869918098,0.0,1.0006474869918098,0.0,0
2026-03-05T09:56:26+00:00,1772704586.0100837,65515.60010201139,0.0,1.9993774445193906,0.0,34.8,0.9996887222596953,0.0,0.9996887222596953,0.0,0
2026-03-05T09:56:27+00:00,1772704587.0101347,0.0,86011.61155203053,0.0,1.9998979620542814,34.8,0.0,141.99275530585396,0.0,0.9999489810271407,0
2026-03-05T09:56:28+00:00,1772704588.0102413,86006.83398466322,167918.10444624722,2.999680314755274,7.999147506014063,34.8,0.0,0.0,0.0,0.0,0
2026-03-05T09:56:29+00:00,1772704589.0098581,0.0,4097.5699374412225,0.0,1.000383285508111,34.8,0.0,0.0,0.0,0.0,0
2026-03-05T09:56:30+00:00,1772704590.0098138,0.0,0.0,0.0,0.0,34.8,0.0,0.0,0.0,0.0,0
2026-03-05T09:56:31+00:00,1772704591.010173,0.0,4094.5288488923834,0.0,0.999640832249117,34.8,0.0,0.0,0.0,0.0,0
2026-03-05T09:56:32+00:00,1772704592.0102143,65533.296986489615,4095.831061655601,0.999958755287012,0.999958755287012,34.8,0.0,0.0,0.0,0.0,0
2026-03-05T09:56:33+00:00,1772704593.0102506,0.0,4095.851567879124,0.0,0.9999637616892393,34.8,0.0,0.0,0.0,0.0,0
2026-03-05T09:56:34+00:00,1772704594.0099573,163888.0609691124,0.0,5.001466704379651,0.0,34.8,0.0,108.03168081460046,0.0,2.0005866817518605,0
2026-03-05T09:56:35+00:00,1772704595.009922,0.0,69634.45711795174,0.0,3.0001058615845477,34.8,0.0,0.0,0.0,0.0,0
2026-03-05T09:56:36+00:00,1772704596.0103753,0.0,4094.144395709933,0.0,0.9995469716088704,34.8,0.0,0.0,0.0,0.0,0
2026-03-05T09:56:37+00:00,1772704597.010302,0.0,0.0,0.0,0.0,34.8,0.0,0.0,0.0,0.0,0
2026-03-05T09:56:38+00:00,1772704598.0099156,4097.583619844381,45073.419818288196,1.0003866259385696,3.001159877815709,34.8,0.0,0.0,0.0,0.0,0
2026-03-05T09:56:39+00:00,1772704599.0101833,0.0,81898.07227726761,0.0,2.999196982810093,34.8,0.0,0.0,0.0,0.0,0
2026-03-05T09:56:40+00:00,1772704600.009874,0.0,4097.266993353457,0.0,1.0003093245491839,34.8,0.0,0.0,0.0,0.0,0
2026-03-05T09:56:41+00:00,1772704601.0099142,65533.37510513838,0.0,1.9999198945659906,0.0,34.8,0.0,0.0,0.0,0.0,0
2026-03-05T09:56:42+00:00,1772704602.0099638,0.0,851925.7520951186,0.0,119.99404936736383,34.8,0.0,0.0,0.0,0.0,0
2026-03-05T09:56:43+00:00,1772704603.0100534,36860.69560872343,49147.594144964576,2.999731087949498,4.999551813249163,34.8,119.98924351797992,57.994801033690294,1.9998207252996654,0.9999103626498327,0
2026-03-05T09:56:44+00:00,1772704604.0102508,16380.766263373835,28666.34096090421,0.9998026283797506,6.998618398658254,34.8,107.97868386501307,53.989341932506534,1.9996052567595013,0.9998026283797506,0
2026-03-05T09:56:45+00:00,1772704605.010134,0.0,0.0,0.0,0.0,34.8,0.0,0.0,0.0,0.0,0
2026-03-05T09:56:46+00:00,1772704606.0099154,0.0,28678.269925480286,0.0,7.001530743525461,34.8,0.0,0.0,0.0,0.0,0
2026-03-05T09:56:47+00:00,1772704607.0099177,0.0,94207.77539116051,0.0,3.9999904632795733,34.8,0.0,0.0,0.0,0.0,0
2026-03-05T09:56:48+00:00,1772704608.0100951,0.0,12285.820699071857,0.0,2.99946794410934,34.8,0.0,0.0,0.0,0.0,0
2026-03-05T09:56:49+00:00,1772704609.0099065,0.0,24580.63563985613,0.0,2.0003772493372503,34.8,0.0,0.0,0.0,0.0,0
2026-03-05T09:56:50+00:00,1772704610.0101578,0.0,8189.941923430611,0.0,1.9994975399000514,34.8,0.0,0.0,0.0,0.0,0
2026-03-05T09:56:51+00:00,1772704611.0098705,0.0,4097.17709598557,0.0,1.0002873769496021,34.8,0.0,0.0,0.0,0.0,0
2026-03-05T09:56:52+00:00,1772704612.0104265,0.0,0.0,0.0,0.0,34.8,0.0,53.96999310876616,0.0,0.999444316829003,0
2026-03-05T09:56:53+00:00,1772704613.010005,0.0,24586.36374356714,0.0,4.001686807221214,34.8,0.0,0.0,0.0,0.0,0
2026-03-05T09:56:54+00:00,1772704614.010109,0.0,4095.574263005574,0.0,0.9998960603040952,34.8,0.0,0.0,0.0,0.0,0
2026-03-05T09:56:55+00:00,1772704615.0099335,815247.0563529672,24580.31325687338,7.001228548100329,4.000702027485902,34.8,761.1335607291929,152.0266770444643,4.000702027485902,2.000351013742951,0
2026-03-05T09:56:56+00:00,1772704616.009832,94217.56933129672,0.0,16.001625226103382,0.0,34.8,1000.1015766314614,4763.48380949565,8.000812613051691,9.000914189683153,0
2026-03-05T09:56:57+00:00,1772704617.0099401,0.0,323548.97840018425,0.0,26.997077781364265,34.8,812.9120087499684,1033.8880898492832,5.999350618080948,7.999134157441263,0
2026-03-05T09:56:58+00:00,1772704618.0098612,0.0,626737.4599578967,0.0,78.00615597668369,34.8,0.0,0.0,0.0,0.0,0
2026-03-05T09:56:59+00:00,1772704619.010108,15766221.47627355,262079.32845855842,537.867274134462,41.98963850120336,34.8,3905.0363806119126,8076.007138398113,18.995312655306282,21.99457254824938,0
2026-03-05T09:57:00+00:00,1772704620.0101314,262137.8751431074,0.0,3.999906542100638,0.0,34.8,5942.8611449260225,909.9787383278951,4.999883177625797,7.999813084201276,0
2026-03-05T09:57:01+00:00,1772704621.0099146,194090.06368157544,4096.88788773774,3.000650308401665,1.0002167694672217,34.8,0.0,0.0,0.0,0.0,0
2026-03-05T09:57:02+00:00,1772704622.0099378,131068.9688201009,4095.905275628153,0.9999768739326546,0.9999768739326546,34.8,0.0,0.0,0.0,0.0,0
2026-03-05T09:57:03+00:00,1772704623.0100086,0.0,2494287.378717547,0.0,13.999008725740541,34.8,4906.6525583720595,5112.637972479385,12.999079531044789,13.999008725740541,0
2026-03-05T09:57:04+00:00,1772704624.0100248,0.0,4095.9335948265916,0.0,0.9999837877994608,34.8,0.0,0.0,0.0,0.0,0
2026-03-05T09:57:05+00:00,1772704625.0099392,0.0,679994.2022472875,0.0,63.005392774583356,34.8,0.0,0.0,0.0,0.0,0
2026-03-05T09:57:06+00:00,1772704626.0099738,0.0,73725.45125998672,0.0,4.999827152505609,34.8,426.98523882397905,0.0,4.999827152505609,0.0,0
2026-03-05T09:57:07+00:00,1772704627.009831,0.0,0.0,0.0,0.0,34.8,427.0609897453445,0.0,5.000714165636353,0.0,0
2026-03-05T09:57:08+00:00,1772704628.0097704,0.0,16384.992247588845,0.0,3.0001816859598716,34.8,427.0258599682884,0.0,5.000302809933119,0.0,0
2026-03-05T09:57:09+00:00,1772704629.009929,0.0,90097.71515546361,0.0,4.999207383892467,34.8,5066.1967628366265,7926.743227899896,23.99619544268384,21.996512489126857,0
2026-03-05T09:57:10+00:00,1772704630.009936,65535.53125335274,94207.32617669457,0.9999928474937857,13.999899864912999,34.8,107.99922752932885,661.9952650408861,1.9999856949875714,2.999978542481357,0
2026-03-05T09:57:11+00:00,1772704631.0098145,0.0,0.0,0.0,0.0,34.8,0.0,0.0,0.0,0.0,0
2026-03-05T09:57:12+00:00,1772704632.0099866,131049.44138320001,86001.195907725,1.9996557828247072,1.9996557828247072,34.8,1623.7204956536623,353.93907355997317,4.9991394570617675,3.9993115656494145,0
2026-03-05T09:57:13+00:00,1772704633.0103877,0.0,167868.68129302625,0.0,8.9963922663231,34.8,0.0,53.9783535979386,0.0,0.9995991407025667,0
2026-03-05T09:57:14+00:00,1772704634.0099316,65565.90426417765,422080.5087006436,2.000912605718312,96.04380507447898,34.8,0.0,0.0,0.0,0.0,0
2026-03-05T09:57:15+00:00,1772704635.0099142,0.0,0.0,0.0,0.0,34.8,0.0,0.0,0.0,0.0,0
2026-03-05T09:57:16+00:00,1772704636.0103002,0.0,12283.25866609087,0.0,2.998842447776091,34.8,0.0,0.0,0.0,0.0,0
2026-03-05T09:57:17+00:00,1772704637.0099342,0.0,16389.99828895892,0.0,4.001464426015361,34.8,0.0,0.0,0.0,0.0,0
2026-03-05T09:57:18+00:00,1772704638.0099785,0.0,28670.728572007563,0.0,3.9998226244430195,34.8,0.0,0.0,0.0,0.0,0
2026-03-05T09:57:19+00:00,1772704639.0101085,65527.48548136059,0.0,0.9998700787561126,0.0,34.8,0.0,0.0,0.0,0.0,0
2026-03-05T09:57:20+00:00,1772704640.0099258,0.0,4096.748183514732,0.0,1.0001826619909013,34.8,0.0,0.0,0.0,0.0,0
2026-03-05T09:57:21+00:00,1772704641.0102935,0.0,4094.494694037865,0.0,0.9996324936615881,34.8,0.0,0.0,0.0,0.0,0
2026-03-05T09:57:22+00:00,1772704642.0101647,65544.43858643452,28675.691881565104,1.00012876261039,2.00025752522078,34.8,0.0,0.0,0.0,0.0,0
2026-03-05T09:57:23+00:00,1772704643.0099425,0.0,12290.731075611704,0.0,3.0006667665067637,34.8,0.0,0.0,0.0,0.0,0
2026-03-05T09:57:24+00:00,1772704644.0099308,0.0,4096.047852121533,0.0,1.0000116826468586,34.8,0.0,0.0,0.0,0.0,0
2026-03-05T09:57:25+00:00,1772704645.010056,0.0,90100.72211477513,0.0,3.9994993836459125,34.8,0.0,0.0,0.0,0.0,0
2026-03-05T09:57:26+00:00,1772704646.0100427,0.0,0.0,0.0,0.0,34.8,0.0,0.0,0.0,0.0,0
2026-03-05T09:57:27+00:00,1772704647.0101705,16381.906517531062,12286.429888148297,0.9998722239704018,2.9996166719112054,34.8,0.0,0.0,0.0,0.0,0
2026-03-05T09:57:28+00:00,1772704648.0100641,61446.533897904985,24578.613559161993,1.0001063459945472,4.000425383978189,34.8,0.0,0.0,0.0,0.0,0
2026-03-05T09:57:29+00:00,1772704649.0100288,0.0,20480.72268175051,0.0,5.000176435974246,34.8,0.0,0.0,0.0,0.0,0
2026-03-05T09:57:30+00:00,1772704650.0098984,16386.136997446443,0.0,1.0001304319730495,0.0,34.8,0.0,0.0,0.0,0.0,0
2026-03-05T09:57:31+00:00,1772704651.0103219,0.0,528160.3603210616,0.0,57.975451373663034,34.8,0.0,0.0,0.0,0.0,0
2026-03-05T09:57:32+00:00,1772704652.0099368,135220.0659462221,86049.1328748686,3.001155582968353,5.001925971613922,34.8,0.0,0.0,0.0,0.0,0
2026-03-05T09:57:33+00:00,1772704653.0103412,0.0,24566.066516682557,0.0,3.9983832221163014,34.8,0.0,0.0,0.0,0.0,0
2026-03-05T09:57:34+00:00,1772704654.0099473,0.0,0.0,0.0,0.0,34.8,0.0,0.0,0.0,0.0,0
2026-03-05T09:57:35+00:00,1772704655.0099142,0.0,12288.40724005851,0.0,2.0000662825616065,34.8,0.0,0.0,0.0,0.0,0
2026-03-05T09:57:36+00:00,1772704656.0102649,0.0,4094.563980194362,0.0,0.9996494092271392,34.8,0.0,0.0,0.0,0.0,0
2026-03-05T09:57:37+00:00,1772704657.0102894,0.0,0.0,0.0,0.0,34.8,0.0,0.0,0.0,0.0,0
2026-03-05T09:57:38+00:00,1772704658.0101922,16385.593905046764,12289.195428785073,1.000097284243577,3.0002918527307307,34.8,0.0,0.0,0.0,0.0,0
2026-03-05T09:57:39+00:00,1772704659.0099156,0.0,8194.26625176717,0.0,1.0002766420614222,34.8,0.0,0.0,0.0,0.0,0
2026-03-05T09:57:40+00:00,1772704660.0099466,0.0,4095.873050809716,0.0,0.9999690065453408,34.8,0.0,0.0,0.0,0.0,0
2026-03-05T09:57:41+00:00,1772704661.0098739,0.0,81925.95746446292,0.0,1.0000727229548696,34.8,0.0,0.0,0.0,0.0,0
2026-03-05T09:57:42+00:00,1772704662.0099597,65530.375482756186,4095.6484676722616,1.9998283533555965,0.9999141766777982,34.8,0.0,0.0,0.0,0.0,0
2026-03-05T09:57:43+00:00,1772704663.0099213,0.0,32769.25786078348,0.0,5.0001919343236505,34.8,0.0,0.0,0.0,0.0,0
2026-03-05T09:57:44+00:00,1772704664.0101252,0.0,61427.478138492486,0.0,1.9995923873207189,34.8,269.94497228829704,153.96861382369536,4.998980968301797,2.9993885809810785,0
2026-03-05T09:57:45+00:00,1772704665.010113,0.0,0.0,0.0,0.0,34.8,0.0,0.0,0.0,0.0,0
2026-03-05T09:57:46+00:00,1772704666.0100086,0.0,4096.427779046827,0.0,1.0001044382438542,34.8,0.0,0.0,0.0,0.0,0
2026-03-05T09:57:47+00:00,1772704667.010169,0.0,24572.057273257993,0.0,5.999037420229002,34.8,0.0,0.0,0.0,0.0,0
2026-03-05T09:57:48+00:00,1772704668.0102515,0.0,90104.56701941759,0.0,4.999587569880681,34.8,109.99092653737499,0.0,1.9998350279522725,0.0,0
2026-03-05T09:57:49+00:00,1772704669.0098138,0.0,0.0,0.0,0.0,34.8,0.0,0.0,0.0,0.0,0
2026-03-05T09:57:50+00:00,1772704670.0101001,0.0,20474.137420882587,0.0,2.9991412237620976,34.8,0.0,0.0,0.0,0.0,0
2026-03-05T09:57:51+00:00,1772704671.0099378,65546.6423529249,4096.665147057806,4.000649557673639,1.0001623894184097,34.8,0.0,0.0,0.0,0.0,0
2026-03-05T09:57:52+00:00,1772704672.0099773,0.0,0.0,0.0,0.0,34.8,0.0,0.0,0.0,0.0,0
2026-03-05T09:57:53+00:00,1772704673.009876,0.0,12289.24524336539,0.0,3.0003040144935036,34.8,0.0,0.0,0.0,0.0,0
2026-03-05T09:57:54+00:00,1772704674.0098283,0.0,4096.19532181367,0.0,1.0000476859896654,34.8,0.0,0.0,0.0,0.0,0
2026-03-05T09:57:55+00:00,1772704675.010202,0.0,32755.762384496567,0.0,2.9988796128384307,34.8,54.97945956870457,65.97535148244548,0.9996265376128103,0.9996265376128103,0
2026-03-05T09:57:56+00:00,1772704676.0101573,0.0,0.0,0.0,0.0,34.8,0.0,0.0,0.0,0.0,0
2026-03-05T09:57:57+00:00,1772704677.0101247,0.0,4096.133793432641,0.0,1.000032664412266,34.8,0.0,0.0,0.0,0.0,0
2026-03-05T09:57:58+00:00,1772704678.010193,0.0,24574.31847443529,0.0,3.999726314198452,34.8,54.99623682022872,65.99548418427446,0.999931578549613,0.999931578549613,0
2026-03-05T09:57:59+00:00,1772704679.009921,0.0,462973.9453944433,0.0,50.01360548111295,34.8,0.0,0.0,0.0,0.0,0
2026-03-05T09:58:00+00:00,1772704680.0099351,0.0,0.0,0.0,0.0,34.8,0.0,0.0,0.0,0.0,0
2026-03-05T09:58:01+00:00,1772704681.0099924,0.0,69628.01585297473,0.0,6.999599479705065,34.8,0.0,0.0,0.0,0.0,0
2026-03-05T09:58:02+00:00,1772704682.0100963,0.0,4095.574263005574,0.0,0.9998960603040952,34.8,0.0,0.0,0.0,0.0,0
2026-03-05T09:58:03+00:00,1772704683.010039,0.0,229389.1257510615,0.0,12.000686684800232,34.8,0.0,0.0,0.0,0.0,0
2026-03-05T09:58:04+00:00,1772704684.010079,0.0,77820.90149055744,0.0,2.9998805570475993,34.8,0.999960185682533,0.0,0.999960185682533,0.0,0
2026-03-05T09:58:05+00:00,1772704685.0098157,0.0,4097.078408852428,0.0,1.0002632834112373,34.8,1.0002632834112373,0.0,1.0002632834112373,0.0,0
2026-03-05T09:58:06+00:00,1772704686.0099568,0.0,4095.421956587243,0.0,0.9998588761199324,34.8,0.9998588761199324,0.0,0.9998588761199324,0.0,0
2026-03-05T09:58:07+00:00,1772704687.0099595,0.0,81919.78515681345,0.0,0.9999973774025079,34.8,0.9999973774025079,0.0,0.9999973774025079,0.0,0
2026-03-05T09:58:08+00:00,1772704688.009849,0.0,24578.713190128095,0.0,4.000441599955745,34.8,0.0,0.0,0.0,0.0,0
2026-03-05T09:58:09+00:00,1772704689.009938,0.0,4095.6357745781143,0.0,0.9999110777778599,34.8,0.0,0.0,0.0,0.0,0
2026-03-05T09:58:10+00:00,1772704690.010136,8190.379226980593,4095.1896134902963,0.9998021517310294,0.9998021517310294,34.8,0.0,0.0,0.0,0.0,0
2026-03-05T09:58:11+00:00,1772704691.0103126,0.0,0.0,0.0,0.0,34.8,0.0,0.0,0.0,0.0,0
2026-03-05T09:58:12+00:00,1772704692.0098095,0.0,4098.061583982039,0.0,1.000503316401865,34.8,1.000503316401865,0.0,1.000503316401865,0.0,0
2026-03-05T09:58:13+00:00,1772704693.0099277,0.0,12286.547046819873,0.0,2.999645275102508,34.8,642.9239706303042,825.9023324115572,10.99869934204253,10.99869934204253,0
2026-03-05T09:58:14+00:00,1772704694.0102239,0.0,8189.574936849697,0.0,1.9994079435668206,34.8,5087.493512405775,71156.92930359958,31.99052709706913,60.981942278788026,0
2026-03-05T09:58:15+00:00,1772704695.0101933,0.0,0.0,0.0,0.0,34.8,1.000030518509476,0.0,1.000030518509476,0.0,0
2026-03-05T09:58:16+00:00,1772704696.0099053,0.0,4097.180027359259,0.0,1.0002880926170066,34.8,1.0002880926170066,0.0,1.0002880926170066,0.0,0
2026-03-05T09:58:17+00:00,1772704697.0101092,0.0,4095.1652092328322,0.0,0.9997961936603594,34.8,0.9997961936603594,0.0,0.9997961936603594,0.0,0
2026-03-05T09:58:18+00:00,1772704698.0097208,0.0,94244.60308323445,0.0,7.002719743361935,34.8,0.0,0.0,0.0,0.0,0
2026-03-05T09:58:19+00:00,1772704699.009734,4095.9462897668036,0.0,0.9999868871500985,0.0,34.8,0.0,0.0,0.0,0.0,0
2026-03-05T09:58:20+00:00,1772704700.0102944,0.0,12281.11616323,0.0,2.9983193757885744,34.8,0.0,0.0,0.0,0.0,0
2026-03-05T09:58:21+00:00,1772704701.0099566,0.0,73752.91662093445,0.0,3.0010138599013043,34.8,1.0003379533004348,0.0,1.0003379533004348,0.0,0
2026-03-05T09:58:22+00:00,1772704702.0099149,28673.19633897765,0.0,2.00008344998449,0.0,34.8,1.000041724992245,0.0,1.000041724992245,0.0,0
2026-03-05T09:58:23+00:00,1772704703.0098827,0.0,45057.45024199072,0.0,6.0001931252651,34.8,1.0000321875441833,0.0,1.0000321875441833,0.0,0
2026-03-05T09:58:24+00:00,1772704704.009943,221170.65900785231,4095.7529445898576,14.999095256066374,0.9999396837377582,34.8,0.9999396837377582,0.0,0.9999396837377582,0.0,0
2026-03-05T09:58:25+00:00,1772704705.0101001,0.0,4095.3565464105404,0.0,0.9998429068385108,34.8,0.9998429068385108,0.0,0.9998429068385108,0.0,0
2026-03-05T09:58:26+00:00,1772704706.0099013,0.0,0.0,0.0,0.0,34.8,1.000198880640615,0.0,1.000198880640615,0.0,0
2026-03-05T09:58:27+00:00,1772704707.0099537,0.0,4095.785167518412,0.0,0.9999475506636748,34.8,0.0,0.0,0.0,0.0,0
2026-03-05T09:58:28+00:00,1772704708.0101166,0.0,49143.997396893006,0.0,3.9993487464919437,34.8,54.99104526426423,0.0,0.9998371866229859,0.0,0
2026-03-05T09:58:29+00:00,1772704709.0099893,0.0,315432.1594097912,0.0,39.0049659375693,34.8,0.0,66.00840389434805,0.0,1.000127331732546,0
2026-03-05T09:58:30+00:00,1772704710.0100975,0.0,0.0,0.0,0.0,34.8,0.0,0.0,0.0,0.0,0
2026-03-05T09:58:31+00:00,1772704711.0100036,0.0,217108.39449392096,0.0,14.00131524043196,34.8,0.0,0.0,0.0,0.0,0
2026-03-05T09:58:32+00:00,1772704712.0099072,0.0,4096.394569255347,0.0,1.0000963303846062,34.8,0.0,0.0,0.0,0.0,0
2026-03-05T09:58:33+00:00,1772704713.0101097,16380.684264912388,12285.513198684292,0.999797623590844,2.999392870772532,34.8,109.97773859499284,0.0,1.999595247181688,0.0,0
2026-03-05T09:58:34+00:00,1772704714.0098355,61456.85032316962,0.0,2.000548513124011,0.0,34.8,0.0,0.0,0.0,0.0,0
2026-03-05T09:58:35+00:00,1772704715.0100045,0.0,8190.6154684145195,0.0,1.9996619795933885,34.8,0.0,0.0,0.0,0.0,0
2026-03-05T09:58:36+00:00,1772704716.0101922,0.0,65523.70543189647,0.0,14.997185996680406,34.8,0.0,141.9733607685745,0.0,0.9998123997786937,0
2026-03-05T09:58:37+00:00,1772704717.0098727,0.0,0.0,0.0,0.0,34.8,0.0,0.0,0.0,0.0,0
2026-03-05T09:58:38+00:00,1772704718.0101364,0.0,24569.521239640464,0.0,3.9989455142643986,34.8,0.0,0.0,0.0,0.0,0
2026-03-05T09:58:39+00:00,1772704719.009914,0.0,4096.911335534109,0.0,1.000222494026882,34.8,0.0,0.0,0.0,0.0,0
2026-03-05T09:58:40+00:00,1772704720.0099287,0.0,94206.60744245972,0.0,3.9999408730663943,34.8,54.99918700466292,65.9990244055955,0.9999852182665986,0.9999852182665986,0
2026-03-05T09:58:41+00:00,1772704721.0098429,0.0,0.0,0.0,0.0,34.8,0.0,0.0,0.0,0.0,0
2026-03-05T09:58:42+00:00,1772704722.0103626,0.0,20469.360998397708,0.0,3.997922069999552,34.8,0.0,0.0,0.0,0.0,0
2026-03-05T09:58:43+00:00,1772704723.0103283,65538.25007725027,28672.984408796994,1.0000343334541362,3.0001030003624085,34.8,55.00188833997749,66.00226600797299,1.0000343334541362,1.0000343334541362,0
2026-03-05T09:58:44+00:00,1772704724.0100732,65552.7230161732,12291.135565532475,3.000765518928827,2.0005103459525513,34.8,400.10206919051024,562.1434072126668,6.001531037857654,4.001020691905103,0
2026-03-05T09:58:45+00:00,1772704725.0104105,0.0,0.0,0.0,0.0,34.8,0.0,0.0,0.0,0.0,0
2026-03-05T09:58:46+00:00,1772704726.010084,0.0,8194.67665553524,0.0,1.0003267401776417,34.8,0.0,0.0,0.0,0.0,0
2026-03-05T09:58:47+00:00,1772704727.0102544,0.0,4095.3018768210586,0.0,0.9998295597707663,34.8,0.0,0.0,0.0,0.0,0
2026-03-05T09:58:48+00:00,1772704728.0104825,0.0,45045.72207164227,0.0,3.99908754187165,34.8,0.0,0.0,0.0,0.0,0
2026-03-05T09:58:49+00:00,1772704729.0099103,0.0,4098.345091872333,0.0,1.0005725321953938,34.8,0.0,0.0,0.0,0.0,0
2026-03-05T09:58:50+00:00,1772704730.0098245,0.0,8192.703185354883,0.0,2.000171676112032,34.8,0.0,0.0,0.0,0.0,0
2026-03-05T09:58:51+00:00,1772704731.0098467,0.0,65534.54690721932,0.0,2.999933482691314,34.8,0.0,0.0,0.0,0.0,0
2026-03-05T09:58:52+00:00,1772704732.0104017,0.0,0.0,0.0,0.0,34.8,0.0,0.0,0.0,0.0,0
2026-03-05T09:58:53+00:00,1772704733.0097938,0.0,102462.29373193179,0.0,22.01338341896972,34.8,0.0,0.0,0.0,0.0,0
2026-03-05T09:58:54+00:00,1772704734.0102625,0.0,4094.0809776301335,0.0,0.9995314886792318,34.8,0.0,0.0,0.0,0.0,0
2026-03-05T09:58:55+00:00,1772704735.0099728,0.0,69652.17674320769,0.0,2.000579525023199,34.8,0.0,0.0,0.0,0.0,0
2026-03-05T09:58:56+00:00,1772704736.0103593,0.0,0.0,0.0,0.0,34.8,0.0,0.0,0.0,0.0,0
2026-03-05T09:58:57+00:00,1772704737.0100293,0.0,4097.352008624061,0.0,1.0003300802304838,34.8,0.0,0.0,0.0,0.0,0
2026-03-05T09:58:58+00:00,1772704738.0101275,0.0,421846.56266407546,0.0,44.99558015369813,34.8,0.0,0.0,0.0,0.0,0
2026-03-05T09:58:59+00:00,1772704739.0100906,0.0,352269.0180592058,0.0,20.000739124909487,34.8,55.00203259350109,66.0024391122013,1.0000369562454743,1.0000369562454743,0
2026-03-05T09:59:00+00:00,1772704740.0099883,0.0,24578.513929003606,0.0,2.0002045840660485,34.8,0.0,0.0,0.0,0.0,0
2026-03-05T09:59:01+00:00,1772704741.0102487,0.0,4094.9338713198945,0.0,0.9997397146777086,34.8,0.0,0.0,0.0,0.0,0
2026-03-05T09:59:02+00:00,1772704742.0100813,0.0,4096.68566163408,0.0,1.0001673978598828,34.8,0.0,0.0,0.0,0.0,0
2026-03-05T09:59:03+00:00,1772704743.0100546,0.0,24576.656267524235,0.0,4.000106814375689,34.8,0.0,0.0,0.0,0.0,0
2026-03-05T09:59:04+00:00,1772704744.0101328,0.0,0.0,0.0,0.0,34.8,0.0,0.0,0.0,0.0,0
2026-03-05T09:59:05+00:00,1772704745.010101,0.0,20480.649434655857,0.0,3.0000951320296667,34.8,0.0,0.0,0.0,0.0,0
2026-03-05T09:59:06+00:00,1772704746.009909,0.0,4096.78726065924,0.0,1.0001922023093848,34.8,427.08207038610726,0.0,5.000961011546924,0.0,0
2026-03-05T09:59:07+00:00,1772704747.00999,0.0,0.0,0.0,0.0,34.8,426.965389196318,0.0,4.999594721268361,0.0,0
2026-03-05T09:59:08+00:00,1772704748.0102162,0.0,12285.220355482732,0.0,2.9993213758502764,34.8,426.90340916268934,0.0,4.998868959750461,0.0,0
2026-03-05T09:59:09+00:00,1772704749.01021,0.0,86016.53320643028,0.0,2.000012397842966,34.8,427.00264693947327,0.0,5.000030994607415,0.0,0
2026-03-05T09:59:10+00:00,1772704750.0098457,0.0,8194.985462614744,0.0,2.000728872708678,34.8,0.0,0.0,0.0,0.0,0
2026-03-05T09:59:11+00:00,1772704751.0101578,0.0,0.0,0.0,0.0,34.8,0.0,0.0,0.0,0.0,0
2026-03-05T09:59:12+00:00,1772704752.0102675,0.0,4095.5508305115613,0.0,0.9998903394803617,34.8,0.0,0.0,0.0,0.0,0
2026-03-05T09:59:13+00:00,1772704753.0102618,0.0,24576.140625804666,0.0,4.000022888314562,34.8,0.0,0.0,0.0,0.0,0
2026-03-05T09:59:14+00:00,1772704754.0100996,49159.970042140165,4096.664170178347,3.000486452767344,1.000162150922448,34.8,0.0,0.0,0.0,0.0,0
2026-03-05T09:59:15+00:00,1772704755.0099869,0.0,0.0,0.0,0.0,34.8,0.0,0.0,0.0,0.0,0
2026-03-05T09:59:16+00:00,1772704756.0101945,0.0,4095.1495906606997,0.0,0.9997923805323974,34.8,0.0,0.0,0.0,0.0,0
2026-03-05T09:59:17+00:00,1772704757.0101266,0.0,4096.278339225454,0.0,1.0000679539124644,34.8,0.0,0.0,0.0,0.0,0
2026-03-05T09:59:18+00:00,1772704758.0100498,131082.0632725653,20481.57238633833,2.0001535533533525,5.000383883383381,34.8,110.00844543443439,0.0,2.0001535533533525,0.0,0
2026-03-05T09:59:19+00:00,1772704759.0102935,0.0,0.0,0.0,0.0,34.8,0.0,53.98684536076577,0.0,0.9997563955697364,0
2026-03-05T09:59:20+00:00,1772704760.010182,0.0,4096.45708225119,0.0,1.0001115923464818,34.8,0.0,0.0,0.0,0.0,0
2026-03-05T09:59:21+00:00,1772704761.0101306,0.0,135174.9290661214,0.0,4.000205050488915,34.8,0.0,0.0,0.0,0.0,0
2026-03-05T09:59:22+00:00,1772704762.0100014,0.0,4096.529365281101,0.0,1.0001292395705812,34.8,96.0124069987758,96.0124069987758,2.0002584791411624,2.0002584791411624,0
2026-03-05T09:59:23+00:00,1772704763.0099022,0.0,20482.031451483683,0.0,3.0002975759009303,34.8,0.0,0.0,0.0,0.0,0
2026-03-05T09:59:24+00:00,1772704764.0099244,0.0,4095.9091817012077,0.0,0.9999778275637714,34.8,0.0,0.0,0.0,0.0,0
2026-03-05T09:59:25+00:00,1772704765.0099046,20992.41541349395,438280.6730231907,6.000118734802005,43.0008509327477,34.8,0.0,0.0,0.0,0.0,0
2026-03-05T09:59:26+00:00,1772704766.010234,0.0,0.0,0.0,0.0,34.8,0.0,0.0,0.0,0.0,0
2026-03-05T09:59:27+00:00,1772704767.009814,16390.885705140223,155713.41419883212,1.000420270089125,13.005463511158624,34.8,0.0,0.0,0.0,0.0,0
2026-03-05T09:59:28+00:00,1772704768.0099225,0.0,24573.334273554214,0.0,4.999457656566205,34.8,0.0,0.0,0.0,0.0,0
2026-03-05T09:59:29+00:00,1772704769.0099404,0.0,4095.926759122149,0.0,0.999982118926306,34.8,0.0,0.0,0.0,0.0,0
2026-03-05T09:59:30+00:00,1772704770.0098026,0.0,0.0,0.0,0.0,34.8,0.0,0.0,0.0,0.0,0
2026-03-05T09:59:31+00:00,1772704771.0097668,0.0,69634.49032343591,0.0,2.000071528131776,34.8,0.0,0.0,0.0,0.0,0
2026-03-05T09:59:32+00:00,1772704772.0098214,0.0,8191.55275879341,0.0,1.9998908102522974,34.8,0.0,0.0,0.0,0.0,0
2026-03-05T09:59:33+00:00,1772704773.010072,0.0,24569.8433395982,0.0,3.9989979393877277,34.8,0.0,0.0,0.0,0.0,0
2026-03-05T09:59:34+00:00,1772704774.009987,0.0,0.0,0.0,0.0,34.8,0.0,0.0,0.0,0.0,0
2026-03-05T09:59:35+00:00,1772704775.0098338,0.0,8193.256051931714,0.0,2.000306653303641,34.8,0.0,0.0,0.0,0.0,0
2026-03-05T09:59:36+00:00,1772704776.0102355,0.0,4094.3551529806205,0.0,0.9995984260206593,34.8,0.0,0.0,0.0,0.0,0
2026-03-05T09:59:37+00:00,1772704777.0101092,65544.28229656629,4096.517643535393,1.0001263778162581,1.0001263778162581,34.8,0.0,0.0,0.0,0.0,0
2026-03-05T09:59:38+00:00,1772704778.009963,0.0,8193.197440631653,0.0,2.000292343904212,34.8,0.0,0.0,0.0,0.0,0
2026-03-05T09:59:39+00:00,1772704779.0099392,0.0,4096.097658578362,0.0,1.000023842426358,34.8,0.0,0.0,0.0,0.0,0
2026-03-05T09:59:40+00:00,1772704780.0098417,0.0,4096.399453014441,0.0,1.0000975227086037,34.8,0.0,0.0,0.0,0.0,0
2026-03-05T09:59:41+00:00,1772704781.0103626,0.0,81877.34643889213,0.0,1.9989586532932648,34.8,0.0,0.0,0.0,0.0,0
2026-03-05T09:59:42+00:00,1772704782.0099347,65564.05888311748,4097.753680194843,1.000428144578819,1.000428144578819,34.8,0.0,0.0,0.0,0.0,0
2026-03-05T09:59:43+00:00,1772704783.0099263,0.0,36864.30761975448,0.0,6.000050068319414,34.8,0.0,0.0,0.0,0.0,0
2026-03-05T09:59:44+00:00,1772704784.009723,0.0,4096.833177256632,0.0,1.0002034124161698,34.8,240.04881897988076,396.0805513168033,4.000813649664679,5.00101706208085,0
2026-03-05T09:59:45+00:00,1772704785.0099292,0.0,0.0,0.0,0.0,34.8,161.9665972932199,165.96577253502778,2.999381431355924,2.999381431355924,0
2026-03-05T09:59:46+00:00,1772704786.010035,0.0,12286.69935643333,0.0,1.9997883067111542,34.8,0.0,0.0,0.0,0.0,0
2026-03-05T09:59:47+00:00,1772704787.01013,0.0,4095.611365002806,0.0,0.9999051184088882,34.8,0.0,0.0,0.0,0.0,0
2026-03-05T09:59:48+00:00,1772704788.0102026,0.0,24574.213020569976,0.0,5.999563725725092,34.8,5025.634547582385,5200.621822916033,13.99898202669188,13.99898202669188,0
2026-03-05T09:59:49+00:00,1772704789.009946,0.0,0.0,0.0,0.0,34.8,0.0,0.0,0.0,0.0,0
2026-03-05T09:59:50+00:00,1772704790.0100646,0.0,8191.029411883901,0.0,1.999763040010718,34.8,0.0,0.0,0.0,0.0,0
2026-03-05T09:59:51+00:00,1772704791.010262,0.0,4095.1915658434586,0.0,0.9998026283797506,34.8,0.0,0.0,0.0,0.0,0
2026-03-05T09:59:52+00:00,1772704792.00992,0.0,4097.401846802273,0.0,1.0003422477544612,34.8,0.0,0.0,0.0,0.0,0
2026-03-05T09:59:53+00:00,1772704793.0102708,0.0,20472.81502158361,0.0,2.9989475129272867,34.8,0.0,0.0,0.0,0.0,0
2026-03-05T09:59:54+00:00,1772704794.0098698,0.0,4097.643237096023,0.0,1.0004011809316462,34.8,0.0,0.0,0.0,0.0,0
2026-03-05T09:59:55+00:00,1772704795.0102372,0.0,528189.9414148998,0.0,44.9834729357257,34.8,0.0,0.0,0.0,0.0,0
2026-03-05T09:59:56+00:00,1772704796.0099287,0.0,0.0,0.0,0.0,34.8,0.0,0.0,0.0,0.0,0
2026-03-05T09:59:57+00:00,1772704797.0101082,0.0,8190.529560861747,0.0,0.9998205030348812,34.8,830.8508380219863,3408.3880948459105,4.999102515174407,4.999102515174407,0
2026-03-05T09:59:58+00:00,1772704798.0098486,221241.4426486598,286794.46269270714,6.0015582315717175,13.003376168405389,34.8,1417.3680023561874,1506.3911161245012,8.002077642095623,6.0015582315717175,0
2026-03-05T09:59:59+00:00,1772704799.010234,560935.7464566182,221098.7613770612,9.996146257281774,36.98574115194256,34.8,341.86820199903667,1009.6107719854592,4.998073128640887,7.996917005825419,0
2026-03-05T10:00:00+00:00,1772704800.0101666,1200208.9810499279,0.0,46.003103942493375,0.0,34.8,1953.131782601947,3128.2110680895494,16.001079632171606,14.000944678150157,0
2026-03-05T10:00:01+00:00,1772704801.0098398,1885288.2476986872,1081697.5765117162,24.00784749005052,11.003596766273155,34.8,9363.060521119703,8110.651143722068,16.00523166003368,18.005885617537892,0
2026-03-05T10:00:02+00:00,1772704802.0103602,7775281.216815875,483076.5742183879,318.8340571530425,78.95890443601994,34.8,192.89960197660568,854.555231554393,2.9984394089627826,6.996358620913159,0
2026-03-05T10:00:03+00:00,1772704803.0104065,245748.63333824452,479209.8350095768,3.999814995739657,22.998936225503027,34.8,109.99491238284057,0.0,1.9999074978698286,0.0,0
2026-03-05T10:00:04+00:00,1772704804.009926,360621.2472928274,0.0,11.005287087793805,0.0,34.8,1.0004806443448913,0.0,1.0004806443448913,0.0,0
2026-03-05T10:00:05+00:00,1772704805.0099144,0.0,24576.2871127292,0.0,3.000035047940576,34.8,1.0000116826468586,0.0,1.0000116826468586,0.0,0
2026-03-05T10:00:06+00:00,1772704806.0103219,0.0,4094.331734434569,0.0,0.9995927086021897,34.8,0.9995927086021897,0.0,0.9995927086021897,0.0,0
2026-03-05T10:00:07+00:00,1772704807.0102313,0.0,4096.371127373791,0.0,1.000090607268992,34.8,1.000090607268992,0.0,1.000090607268992,0.0,0
2026-03-05T10:00:08+00:00,1772704808.009731,0.0,12294.149560398511,0.0,2.0010009050127784,34.8,0.0,0.0,0.0,0.0,0
2026-03-05T10:00:09+00:00,1772704809.0100286,0.0,4094.7816125267905,0.0,0.9997025421207985,34.8,0.0,0.0,0.0,0.0,0
2026-03-05T10:00:10+00:00,1772704810.0102315,0.0,16380.676455577923,0.0,1.9995942938937894,34.8,0.0,0.0,0.0,0.0,0
2026-03-05T10:00:11+00:00,1772704811.010152,0.0,0.0,0.0,0.0,34.8,0.0,0.0,0.0,0.0,0
2026-03-05T10:00:12+00:00,1772704812.0102987,0.0,4095.39950211196,0.0,0.9998533940703027,34.8,0.9998533940703027,0.0,0.9998533940703027,0.0,0
2026-03-05T10:00:13+00:00,1772704813.010192,0.0,106507.37621511087,0.0,7.000747760533504,34.8,1.0001068229333578,0.0,1.0001068229333578,0.0,0
2026-03-05T10:00:14+00:00,1772704814.0099418,0.0,512128.08379170834,0.0,54.01350883740674,34.8,1.0002501636556804,0.0,1.0002501636556804,0.0,0
2026-03-05T10:00:15+00:00,1772704815.0101867,0.0,0.0,0.0,0.0,34.8,0.9997552040589884,0.0,0.9997552040589884,0.0,0
2026-03-05T10:00:16+00:00,1772704816.0098517,0.0,192576.5089137611,0.0,39.01306852371116,34.8,1.0003350903515682,0.0,1.0003350903515682,0.0,0
2026-03-05T10:00:17+00:00,1772704817.0099633,0.0,4095.5430197398096,0.0,0.9998884325536644,34.8,0.9998884325536644,0.0,0.9998884325536644,0.0,0
2026-03-05T10:00:18+00:00,1772704818.0100338,0.0,24574.2657473895,0.0,3.9997177323225097,34.8,0.0,0.0,0.0,0.0,0
2026-03-05T10:00:19+00:00,1772704819.010026,0.0,0.0,0.0,0.0,34.8,0.0,0.0,0.0,0.0,0
2026-03-05T10:00:20+00:00,1772704820.010335,0.0,12284.204297835828,0.0,2.999073314901325,34.8,0.0,0.0,0.0,0.0,0
2026-03-05T10:00:21+00:00,1772704821.0101173,2159061.9763260805,630921.336535515,43.00936211290576,115.025038208934,34.8,1.000217723555948,0.0,1.000217723555948,0.0,0
2026-03-05T10:00:22+00:00,1772704822.010188,25002773.54565452,794567.736405918,455.96771278126334,169.987963098278,34.8,0.9999291946957529,0.0,0.9999291946957529,0.0,0
2026-03-05T10:00:23+00:00,1772704823.0098746,65556.5533188854,20486.42291215169,1.0003136187574067,2.0006272375148133,34.8,1.0003136187574067,0.0,1.0003136187574067,0.0,0
2026-03-05T10:00:24+00:00,1772704824.0098739,16384.011718758382,12288.008789068786,4.000002861024996,2.000001430512498,34.8,1.000000715256249,0.0,1.000000715256249,0.0,0
2026-03-05T10:00:25+00:00,1772704825.009959,0.0,8191.302793718014,0.0,0.999914891811281,34.8,0.999914891811281,0.0,0.999914891811281,0.0,0
2026-03-05T10:00:26+00:00,1772704826.0100994,0.0,0.0,0.0,0.0,34.8,0.999859591174316,0.0,0.999859591174316,0.0,0
2026-03-05T10:00:27+00:00,1772704827.0101035,18913715.340520673,4095.9833985047876,356.99855304350814,0.9999959469005829,34.8,0.0,0.0,0.0,0.0,0
2026-03-05T10:00:28+00:00,1772704828.0098345,11776607.15547356,499846.4267772209,558.1501067448636,53.01425745067701,34.8,1193.3209271444844,818.2200489557318,10.002690085033397,8.002152068026717,0
2026-03-05T10:00:29+00:00,1772704829.0100453,1183494.564290325,139234.6546223912,45.99030698981786,27.99409990684565,34.8,2211.5338926408067,5328.876875124547,8.998103541486103,10.997682106260791,0
2026-03-05T10:00:30+00:00,1772704830.0103848,338828.9648366148,57324.53785755416,9.996606071699595,11.995927286039514,34.8,2802.0486818973964,1895.3565111942432,8.996945464529636,8.996945464529636,0
2026-03-05T10:00:31+00:00,1772704831.0101323,1992695.1261774593,159784.3431938749,73.01843607993332,25.006313726004564,34.8,1299.328061203197,1465.3699843438674,5.001262745200912,6.001515294241095,0
2026-03-05T10:00:32+00:00,1772704832.0099914,32772.617838178245,61448.65844658421,2.0002818504747464,13.001832028085852,34.8,0.0,0.0,0.0,0.0,0
2026-03-05T10:00:33+00:00,1772704833.0102773,40948.2943618441,110560.39477697907,0.9997142178184595,12.996284831639972,34.8,0.0,0.0,0.0,0.0,0
2026-03-05T10:00:34+00:00,1772704834.0099397,0.0,0.0,0.0,0.0,34.8,0.0,0.0,0.0,0.0,0
2026-03-05T10:00:35+00:00,1772704835.0102003,24569.597371595584,28664.530266861515,1.9994789527665677,6.998176334682987,34.8,0.0,0.0,0.0,0.0,0
2026-03-05T10:00:36+00:00,1772704836.009948,0.0,53261.43502956898,0.0,12.003027726014643,34.8,0.0,0.0,0.0,0.0,0
2026-03-05T10:00:37+00:00,1772704837.0098763,20481.469832043516,155659.17072353073,2.0001435382854997,13.000932998855747,34.8,0.0,0.0,0.0,0.0,0
2026-03-05T10:00:38+00:00,1772704838.0099893,0.0,81910.74323361093,0.0,2.999661007090244,34.8,0.0,141.9839543356049,0.0,0.9998870023634147,0
2026-03-05T10:00:39+00:00,1772704839.0100152,0.0,40958.93557453689,0.0,2.999922039150651,34.8,0.0,0.0,0.0,0.0,0
2026-03-05T10:00:40+00:00,1772704840.0099342,0.0,520234.1713872604,0.0,50.004053444426326,34.8,0.0,0.0,0.0,0.0,0
2026-03-05T10:00:41+00:00,1772704841.0101242,65523.54924088836,0.0,0.9998100164930475,0.0,34.8,6474.769666808976,0.0,35.99316059374971,0.0,0
2026-03-05T10:00:42+00:00,1772704842.009864,0.0,12291.19712068049,0.0,2.0005203646940903,34.8,1508.392354979344,0.0,9.002341641123406,0.0,0
2026-03-05T10:00:43+00:00,1772704843.010028,65525.2673829336,8190.6584228667,0.9998362332600952,1.9996724665201904,34.8,1648.729948645897,0.0,8.998526099340857,0.0,0
2026-03-05T10:00:44+00:00,1772704844.0099359,307228.27408642706,16385.50795127611,10.000920380417547,4.000368152167019,34.8,6476.596038358403,0.0,36.00331336950317,0.0,0
2026-03-05T10:00:45+00:00,1772704845.010077,0.0,0.0,0.0,0.0,34.8,1735.7550089442027,119.9830651343919,12.998165389559121,1.9997177522398648,0
2026-03-05T10:00:46+00:00,1772704846.0100758,0.0,4096.004882818321,0.0,1.0000011920943166,34.8,1649.001965763528,0.0,9.00001072884885,0.0,0
2026-03-05T10:00:47+00:00,1772704847.0101619,0.0,12286.942473832833,0.0,2.999741814900594,34.8,6530.437931038593,65.99431992781307,36.996815717107324,0.999913938300198,0
2026-03-05T10:00:48+00:00,1772704848.0103645,0.0,28666.190630427394,0.0,3.9991895410752503,34.8,1617.6721693649388,0.0,10.997771237956938,0.0,0
2026-03-05T10:00:49+00:00,1772704849.0099237,0.0,0.0,0.0,0.0,34.8,1649.7272590880523,0.0,9.003969273373238,0.0,0
2026-03-05T10:00:50+00:00,1772704850.0104363,16375.60586533297,8187.802932666485,0.9994876626790142,1.9989753253580285,34.8,0.0,0.0,0.0,0.0,0
2026-03-05T10:00:51+00:00,1772704851.0101743,0.0,221241.97026761153,0.0,9.002358816227682,34.8,0.0,0.0,0.0,0.0,0
2026-03-05T10:00:52+00:00,1772704852.0100732,0.0,4096.414104361594,0.0,1.0001010996976547,34.8,0.0,0.0,0.0,0.0,0
2026-03-05T10:00:53+00:00,1772704853.0098875,0.0,4096.760883504927,0.0,1.000185762574445,34.8,0.0,0.0,0.0,0.0,0
2026-03-05T10:00:54+00:00,1772704854.0101085,32760.759412771313,618359.3339160585,1.9995580696271553,113.97480996874785,34.8,0.0,0.0,0.0,0.0,0
2026-03-05T10:00:55+00:00,1772704855.010407,0.0,4094.7777086040564,0.0,0.9997015890146622,34.8,0.0,0.0,0.0,0.0,0
2026-03-05T10:00:56+00:00,1772704856.0099585,0.0,0.0,0.0,0.0,34.8,0.0,0.0,0.0,0.0,0
2026-03-05T10:00:57+00:00,1772704857.009886,0.0,4096.296896518837,0.0,1.000072484501669,34.8,0.0,0.0,0.0,0.0,0
2026-03-05T10:00:58+00:00,1772704858.0098805,0.0,28672.157227424676,0.0,3.000016450972169,34.8,0.0,0.0,0.0,0.0,0
2026-03-05T10:00:59+00:00,1772704859.0097756,0.0,8192.859465161484,0.0,2.0002098303616904,34.8,0.0,0.0,0.0,0.0,0
2026-03-05T10:01:00+00:00,1772704860.0100875,0.0,0.0,0.0,0.0,34.8,119.96258948634907,0.0,1.9993764914391512,0.0,1
2026-03-05T10:01:01+00:00,1772704861.0101767,418778.65811487794,16382.539192758062,9.999108394017371,3.999643357606949,34.8,34047259.055326775,383.96576233026707,151.98644758906406,1.9998216788034744,1
2026-03-05T10:01:02+00:00,1772704862.010111,222222.5700470836,4096.268572296472,8.000524555266546,1.0000655694083183,34.8,31236772.042371668,0.0,35.00229492929114,0.0,1
2026-03-05T10:01:03+00:00,1772704863.0098612,344149.99023575,110619.63971863392,6.001499550707136,5.0012496255892795,34.8,17402799.309916686,796.1989403938134,35.008747379124955,5.0012496255892795,1
2026-03-05T10:01:04+00:00,1772704864.0103767,0.0,81877.79519243096,0.0,0.9994848045951046,34.8,351.8186512174768,456.7645556999628,3.9979392183804183,3.9979392183804183,1
2026-03-05T10:01:05+00:00,1772704865.0101404,0.0,131102.97606880288,0.0,5.0011816432496214,34.8,1.0002363286499243,0.0,1.0002363286499243,0.0,1
2026-03-05T10:01:06+00:00,1772704866.0155332,0.0,4074.029614484305,0.0,0.9946361363487073,34.8,12978815.973076103,0.0,18.89808659062544,0.0,1
2026-03-05T10:01:07+00:00,1772704867.0103688,0.0,61758.94696958259,0.0,2.0103823883327667,34.8,34976628.771448694,0.0,31.16092701915788,0.0,1
2026-03-05T10:01:08+00:00,1772704868.010275,0.0,40963.848017720935,0.0,3.00028183723542,34.8,30453952.750528265,0.0,52.00488517874728,0.0,1
2026-03-05T10:01:09+00:00,1772704869.0099325,0.0,8194.805648067146,0.0,2.000684972672643,34.8,33199770.57489432,0.0,63.02157663918826,0.0,1
2026-03-05T10:01:10+00:00,1772704870.009904,21955188.142971314,507918.5316657543,19.000543609913155,56.00160221869141,34.8,32056146.13369752,0.0,31.000886942489885,0.0,1
2026-03-05T10:01:11+00:00,1772704871.0099037,4194305.000000238,139264.03320313292,7.000001668930452,2.000000476837272,34.8,30446129.25892288,0.0,27.00000643730317,0.0,1
2026-03-05T10:01:12+00:00,1772704872.0103116,0.0,159678.86153314513,0.0,6.99714562507522,34.8,33446851.885606702,0.0,22.990621339532865,0.0,1
2026-03-05T10:01:13+00:00,1772704873.0099251,4715806.548488403,20487.918099221908,81.03131670102414,3.001159877815709,34.8,31793481.433959115,0.0,65.02513068600703,0.0,1
2026-03-05T10:01:14+00:00,1772704874.0102172,8201892.5326346215,4094.8040602269703,21.993576495359704,0.9997080225163502,34.8,30437233.417619567,0.0,26.992116607941455,0.0,1
2026-03-05T10:01:15+00:00,1772704875.0098052,9025670.461646492,81953.7639103024,56.02308079805828,1.0004121571081837,34.8,32035395.176113207,0.0,23.009479613488224,0.0,1
2026-03-05T10:01:16+00:00,1772704876.0102978,37930756.34173345,4093.983415189795,37.9812914495147,0.999507669724071,34.8,33203140.03686043,0.0,23.988184073377706,0.0,1
2026-03-05T10:01:17+00:00,1772704877.0099573,27001833.090833116,49168.74007435469,22.00749270906175,4.0013623107385,34.8,30456736.353178106,226.07697055672526,25.008514442115626,1.000340577684625,1
2026-03-05T10:01:18+00:00,1772704878.0098996,7438765.196638485,65539.78146818049,14.000807808754377,7.000403904377189,34.8,34801056.92688759,5284.304890104152,38.00219262376188,11.000634706878438,1
2026-03-05T10:01:19+00:00,1772704879.0100856,12408572.42131981,4095.2384228778255,12.997582885110287,0.9998140680854066,34.8,30440516.084018342,149.972110212811,26.99497983830598,1.9996281361708133,1
2026-03-05T10:01:20+00:00,1772704880.0102189,12138926.172648786,40954.54174307957,39.994669670976144,3.9994669670976144,34.8,30442064.80380599,0.0,37.994936187427335,0.0,1
2026-03-05T10:01:21+00:00,1772704881.0098135,304251.3165832022,8195.321658806793,12.004865711142765,2.0008109518571273,34.8,33757296.223219745,0.0,23.009325946356967,0.0,1
2026-03-05T10:01:22+00:00,1772704882.0097828,7069913.442234527,24576.755882622925,14.000430597197303,5.000153784713323,34.8,31499044.784517575,0.0,57.001753145731875,0.0,1
2026-03-05T10:01:23+00:00,1772704883.0155244,4255884.430035563,4072.6166794598694,6.9600382705613,0.9942911815087572,34.8,30272311.610030945,0.0,22.868697174701413,0.0,1
2026-03-05T10:01:24+00:00,1772704884.0103333,4216190.615340185,16469.4945911726,4.020872702922998,3.0156545271922486,34.8,34009487.23162608,0.0,24.12523621753799,0.0,1
2026-03-05T10:01:25+00:00,1772704885.0102074,16386.06275967052,4096.51568991763,4.0005036034351855,1.0001259008587964,34.8,31412705.388724625,0.0,23.002895719752317,0.0,1
2026-03-05T10:01:26+00:00,1772704886.0098915,0.0,45070.237896254665,0.0,2.0006320088891454,34.8,30455744.110188007,0.0,22.006952097780598,0.0,1
2026-03-05T10:01:27+00:00,1772704887.0102336,0.0,241581.347613853,0.0,52.981873276674264,34.8,34783668.440524064,0.0,28.990081604217995,0.0,1
2026-03-05T10:01:28+00:00,1772704888.0099492,20485.82685266381,53263.14981692591,1.000284514290225,4.0011380571609,34.8,30454785.35707545,0.0,23.006543828675177,0.0,1
2026-03-05T10:01:29+00:00,1772704889.0098422,0.0,12289.315570519248,0.0,3.0003211842088007,34.8,30695913.9958134,0.0,38.00406833331147,0.0,1
2026-03-05T10:01:30+00:00,1772704890.0101933,0.0,0.0,0.0,0.0,34.8,34783352.41474273,0.0,65.97682955981693,0.0,1
2026-03-05T10:01:31+00:00,1772704891.0097861,32781.3491860413,12293.005944765486,2.000814769655841,3.001222154483761,34.8,30458525.288171817,0.0,21.00855508138633,0.0,1
2026-03-05T10:01:32+00:00,1772704892.0100858,0.0,20473.864143555533,0.0,2.999101192903643,34.8,34066539.525392674,0.0,37.98861511011281,0.0,1
2026-03-05T10:01:33+00:00,1772704893.0097995,16388.692749975377,98332.15649985225,1.0002864227279893,4.001145690911957,34.8,31174032.394678596,66.01890390004729,24.00687414547174,1.0002864227279893,1
2026-03-05T10:01:34+00:00,1772704894.0101209,0.0,0.0,0.0,0.0,34.8,30436340.118076522,0.0,27.9910040203525,0.0,1
2026-03-05T10:01:35+00:00,1772704895.0100417,0.0,188430.9152431156,0.0,28.002216514559468,34.8,34867971.97321489,0.0,59.00467051282173,0.0,1
2026-03-05T10:01:36+00:00,1772704896.0099466,4096.389685507897,40963.89685507898,1.0000951380634515,6.0005708283807095,34.8,30449018.585086692,0.0,31.002949279966998,0.0,1
2026-03-05T10:01:37+00:00,1772704897.0102053,0.0,4094.940703710669,0.0,0.9997413827418625,34.8,31912502.74108837,0.0,25.993275951288428,0.0,1
2026-03-05T10:01:38+00:00,1772704898.0097952,0.0,28683.762636121304,0.0,3.001230744571844,34.8,33334601.852062594,0.0,71.02912762153365,0.0,1
2026-03-05T10:01:39+00:00,1772704899.0098343,0.0,4095.8398500119683,0.0,0.9999609008818282,34.8,30444931.58347805,0.0,20.999178918518393,0.0,1
2026-03-05T10:01:40+00:00,1772704900.010171,0.0,16378.486231193912,0.0,1.9993269325187881,34.8,33635394.74413235,0.0,41.985865582894554,0.0,1
2026-03-05T10:01:41+00:00,1772704901.0101345,0.0,0.0,0.0,0.0,34.8,31596124.564777948,0.0,22.000802546212572,0.0,1
2026-03-05T10:01:42+00:00,1772704902.0103195,45047.66560447,73714.36189822364,2.999445064218084,4.99907510703014,34.8,30440490.11916054,0.0,39.99260085624112,0.0,1
2026-03-05T10:01:43+00:00,1772704903.010126,0.0,114710.18006993216,0.0,27.005221661273787,34.8,33804654.3823662,0.0,23.00444808182582,0.0,1
2026-03-05T10:01:44+00:00,1772704904.0102491,0.0,32763.96924587944,0.0,7.9990159291697855,34.8,31439704.162249632,0.0,21.99729380521691,0.0,1
2026-03-05T10:01:45+00:00,1772704905.0101483,114699.56757285197,0.0,2.000201722461844,0.0,34.8,30569038.919946466,112.01129645786325,77.00776631478098,2.000201722461844,1
2026-03-05T10:01:46+00:00,1772704906.0102262,0.0,290793.3289159404,0.0,12.998986561630808,34.8,34792855.448947,0.0,63.99501076495167,0.0,1
2026-03-05T10:01:47+00:00,1772704907.009857,0.0,561359.3158216972,0.0,65.02401404327226,34.8,30457370.222941242,0.0,59.021797362354825,0.0,1
2026-03-05T10:01:48+00:00,1772704908.0102065,0.0,53229.39517466401,0.0,5.997903602914364,34.8,31687124.66431668,0.0,31.988819215543273,0.0,1
2026-03-05T10:01:49+00:00,1772704909.0100486,0.0,0.0,0.0,0.0,34.8,33550299.347730685,142.02241583807105,32.00505145646672,1.000157858014585,1
2026-03-05T10:01:50+00:00,1772704910.0103023,0.0,12284.883603059374,0.0,1.999492773935445,34.8,30438400.46667849,0.0,28.992645222063953,0.0,1
2026-03-05T10:01:51+00:00,1772704911.0102837,0.0,4096.076173291568,0.0,1.0000185969950117,34.8,33065998.91678131,0.0,32.000595103840375,0.0,1
2026-03-05T10:01:52+00:00,1772704912.009959,0.0,4097.330510176387,0.0,1.000324831586032,34.8,32187101.992252696,0.0,37.012018768683184,0.0,1
2026-03-05T10:01:53+00:00,1772704913.0149417,0.0,81513.84018278598,0.0,0.9950419944187742,34.8,30299449.632815313,7691.674616857124,68.65789761489542,22.885965871631804,1
2026-03-05T10:01:54+00:00,1772704914.0101364,0.0,28810.443586944308,0.0,4.019314116482186,34.8,34963579.41335396,108.52148114501902,32.15451293185749,2.009657058241093,1
2026-03-05T10:01:55+00:00,1772704915.0099437,0.0,4096.789214536034,0.0,1.0001926793300864,34.8,30451988.33839069,0.0,28.005395021242418,0.0,1
2026-03-05T10:01:56+00:00,1772704916.010238,0.0,0.0,0.0,0.0,34.8,31876436.6805306,466.86264502907613,34.98970573023055,2.999117634019761,1
2026-03-05T10:01:57+00:00,1772704917.0101068,0.0,4096.5371798155065,0.0,1.0001311474158951,34.8,33362853.878319044,5391.707015719091,37.00485245438812,9.001180326743057,1
2026-03-05T10:01:58+00:00,1772704918.0098205,40971.73187493844,4097.173187493844,3.0008592681839676,1.0002864227279893,34.8,30454842.461319935,0.0,35.01002479547962,0.0,1
2026-03-05T10:01:59+00:00,1772704919.0098886,0.0,16382.882888673268,0.0,3.999727267742497,34.8,33356783.47720087,0.0,25.99822724032623,0.0,1
2026-03-05T10:02:00+00:00,1772704920.009995,661433.6666585613,0.0,11.998724119435009,0.0,34.8,31879242.1307892,0.0,25.997235592109185,0.0,1
2026-03-05T10:02:01+00:00,1772704921.0098977,0.0,4096.398476261691,0.0,1.000097284243577,34.8,30449083.92794862,0.0,23.00223753760227,0.0,1
2026-03-05T10:02:02+00:00,1772704922.0098138,0.0,4096.343778851069,0.0,1.0000839303835618,34.8,34798488.40536849,0.0,25.002098259589047,0.0,1
2026-03-05T10:02:03+00:00,1772704923.0101695,57323.60881606255,4094.543486861611,0.999644405972073,0.999644405972073,34.8,30435295.540843263,0.0,20.992532525413534,0.0,1
2026-03-05T10:02:04+00:00,1772704924.0101776,16383.8671885766,20479.83398572075,0.999991893834021,2.999975681502063,34.8,30445875.198681653,0.0,27.99977302735259,0.0,1
2026-03-05T10:02:05+00:00,1772704925.009905,0.0,4097.1165152017775,0.0,1.000272586719184,34.8,34805052.80972326,0.0,24.006542081260413,0.0,1
2026-03-05T10:02:06+00:00,1772704926.0098703,0.0,4096.142583088191,0.0,1.0000348103242653,34.8,30568306.05560592,0.0,29.001009499403693,0.0,1
2026-03-05T10:02:07+00:00,1772704927.0103598,0.0,4093.996098044089,0.0,0.9995107661240452,34.8,31947512.544237778,0.0,21.989236854728993,0.0,1
2026-03-05T10:02:08+00:00,1772704928.0099647,70171.72201141666,0.0,3.0011856471579885,0.0,34.8,33291692.20212434,0.0,23.009089961544582,0.0,1
2026-03-05T10:02:09+00:00,1772704929.0102153,0.0,12284.9216697991,0.0,2.999248454540796,34.8,30438494.78508684,0.0,24.993737121173297,0.0,1
2026-03-05T10:02:10+00:00,1772704930.0099032,0.0,8194.557438775862,0.0,2.0006243747011383,34.8,33701876.015791096,1587.4954413253533,44.01373624342504,17.005307184959676,1
2026-03-05T10:02:11+00:00,1772704931.0100613,24572.11584834875,253911.8637662704,5.999051720788269,12.997945395041247,34.8,31550230.807124823,7055.884665600468,26.995732743547208,8.998577581182403,1
2026-03-05T10:02:12+00:00,1772704932.0098975,0.0,139286.81428370785,0.0,34.00556989348336,34.8,30451109.69578004,0.0,26.004259330310802,0.0,1
2026-03-05T10:02:13+00:00,1772704933.0098212,0.0,253971.37647830797,0.0,29.002212693229158,34.8,34801801.16671499,1441.1099479635593,40.00305199066091,17.001297096030886,1
2026-03-05T10:02:14+00:00,1772704934.0101533,495451.45211010234,335760.48820684623,26.991035815980037,37.98738374100894,34.8,30439873.398110494,7944.361541836792,32.989043775086714,12.995683911397796,1
2026-03-05T10:02:15+00:00,1772704935.0202208,28386.222754943316,0.0,0.9900328806830118,0.0,34.8,31928581.192717627,3025.540483367284,26.730887778441318,5.940197284098071,1
2026-03-05T10:02:16+00:00,1772704936.0101364,4137.726449883153,1224767.0291654132,1.010187121553504,69.70291138719179,34.8,33329892.657556694,54.55010456388922,30.305613646605124,1.010187121553504,1
2026-03-05T10:02:17+00:00,1772704937.009996,0.0,147476.70993951664,0.0,15.002106723990543,34.8,30450452.112626635,153.02148858470355,22.003089861852796,1.000140448266036,1
2026-03-05T10:02:18+00:00,1772704938.009735,2983690.235702004,1048849.5713555964,110.02869877730903,157.04096098215925,34.8,32393614.22398592,1545.403087372204,33.00860963319271,8.002087183804294,1
2026-03-05T10:02:19+00:00,1772704939.0102391,73179.11649030197,4093.93658687004,3.9979849481152736,0.9994962370288184,34.8,32842590.779988077,2961.507350316389,29.984887110864552,6.996473659201729,1
2026-03-05T10:02:20+00:00,1772704940.0102124,65537.7500467313,114691.06258177976,1.0000267035939223,13.000347146720989,34.8,30516580.88062349,0.0,25.000667589848057,0.0,1
2026-03-05T10:02:21+00:00,1772704941.010176,0.0,77826.8389707476,0.0,11.000401273106286,34.8,34796837.32051421,0.0,34.00124029869215,0.0,1
2026-03-05T10:02:22+00:00,1772704942.0099468,0.0,98326.5285992584,0.0,11.00252090038902,34.8,30453099.421890363,0.0,30.00687518287915,0.0,1
2026-03-05T10:02:23+00:00,1772704943.010084,0.0,0.0,0.0,0.0,34.8,30441948.692462403,0.0,27.996161987032284,0.0,1
2026-03-05T10:02:24+00:00,1772704944.0102074,0.0,122864.82609274006,0.0,11.998518173119145,34.8,34791271.24933358,0.0,31.996048461651053,0.0,1
2026-03-05T10:02:25+00:00,1772704945.0099473,0.0,61455.98560340245,0.0,11.002862005817496,34.8,30454043.54348038,0.0,30.007805470411352,0.0,1
2026-03-05T10:02:26+00:00,1772704946.010218,114656.97323974916,0.0,6.998106276840159,0.0,34.8,31930285.502304766,0.0,21.9940482986405,0.0,1
2026-03-05T10:02:27+00:00,1772704947.0100362,0.0,49160.93131009538,0.0,11.001998787659693,34.8,33308815.37761062,0.0,86.01562688533942,0.0,1
2026-03-05T10:02:28+00:00,1772704948.0100834,0.0,57341.293096534464,0.0,11.999433544196664,34.8,30444684.80145867,0.0,39.998111813988885,0.0,1
2026-03-05T10:02:29+00:00,1772704949.0097966,0.0,20485.875708693875,0.0,3.0008606995157043,34.8,32116191.48737891,0.0,22.0063117964485,0.0,1
2026-03-05T10:02:30+00:00,1772704950.0100777,32758.79165092553,81896.97912731383,0.9997189834877176,0.9997189834877176,34.8,33125398.599360313,0.0,22.993536620217505,0.0,1
2026-03-05T10:02:31+00:00,1772704951.010203,131055.59580330926,16381.949475413658,2.9996245377344346,2.9996245377344346,34.8,30442632.5031776,0.0,21.99724661005252,0.0,1
2026-03-05T10:02:32+00:00,1772704952.0098395,0.0,4097.488822213424,0.0,1.0003634819856992,34.8,34808590.698455915,532.193372416392,26.00945053162818,5.001817409928496,1
2026-03-05T10:02:33+00:00,1772704953.010251,0.0,4094.315146459868,0.0,0.9995886588036788,34.8,30433598.255753174,0.0,21.99095049368093,0.0,1
2026-03-05T10:02:34+00:00,1772704954.015001,1064001.9764061118,32613.087399421056,18.91017640957642,2.9858173278278555,34.8,30302240.950904638,65.68798121221282,21.895993737404275,0.9952724426092852,1
2026-03-05T10:02:35+00:00,1772704955.0101376,0.0,8232.036514487034,0.0,2.009774539669686,34.8,35116241.86319909,0.0,51.24925076157699,0.0,1
2026-03-05T10:02:36+00:00,1772704956.0101376,0.0,4096.0,0.0,1.0,34.8,30446164.0,0.0,29.0,0.0,1
2026-03-05T10:02:37+00:00,1772704957.009841,16388.860816682805,4097.215204170701,1.0002966807057376,1.0002966807057376,34.8,31721234.286917906,0.0,77.02284441434179,0.0,1
2026-03-05T10:02:38+00:00,1772704958.0097966,0.0,0.0,0.0,0.0,34.8,33531350.97645226,0.0,35.00155217378243,0.0,1
2026-03-05T10:02:39+00:00,1772704959.0100582,0.0,8189.857982109457,0.0,1.9994770464134417,34.8,30438161.045651656,0.0,27.992678649788186,0.0,1
2026-03-05T10:02:40+00:00,1772704960.0098379,0.0,4096.902542579018,0.0,1.0002203473093305,34.8,33233147.22135938,0.0,30.006610419279912,0.0,1
2026-03-05T10:02:41+00:00,1772704961.0099275,0.0,0.0,0.0,0.0,34.8,32013315.154014133,0.0,30.99722124214481,0.0,1
2026-03-05T10:02:42+00:00,1772704962.0099108,0.0,8192.136721031779,0.0,1.0000166895790745,34.8,30446810.135964755,521.0086952706978,36.000600824846686,6.000100137474447,1
2026-03-05T10:02:43+00:00,1772704963.0098708,0.0,4096.164069071675,0.0,1.0000400559257019,34.8,33278634.953136474,0.0,32.00128178962246,0.0,1
2026-03-05T10:02:44+00:00,1772704964.0100684,0.0,1384174.419307326,0.0,187.96284933040263,34.8,31958071.51905601,0.0,50.98992189282199,0.0,1
2026-03-05T10:02:45+00:00,1772704965.0099723,0.0,0.0,0.0,0.0,34.8,30449221.64304403,58.00557333136857,31.002978849524585,1.0000960919201478,1
2026-03-05T10:02:46+00:00,1772704966.0099728,212991.89843754843,12287.994140627794,5.999997138978415,1.9999990463261383,34.8,34802024.40510158,6093.997094155743,59.99997138978415,20.999989986424453,1
2026-03-05T10:02:47+00:00,1772704967.0097642,0.0,8193.709340971314,0.0,2.000417319573075,34.8,30452474.881317414,54.01126762847302,28.005842474023048,1.0002086597865374,1
2026-03-05T10:02:48+00:00,1772704968.0102046,0.0,94166.53290884908,0.0,2.998679504145585,34.8,31884007.586617354,0.0,28.987235206740653,0.0,1
2026-03-05T10:02:49+00:00,1772704969.0100234,0.0,28677.196254051465,0.0,3.000543692876479,34.8,33349684.900210418,0.0,27.004893235888307,0.0,1
2026-03-05T10:02:50+00:00,1772704970.0101163,131059.81363312795,65529.90681656398,1.9998140507984612,2.999721076197692,34.8,30443291.28396207,0.0,22.997861584182303,0.0,1
2026-03-05T10:02:51+00:00,1772704971.0099273,0.0,4096.774560505505,0.0,1.0001891016859144,34.8,33460766.291005317,0.0,27.005105745519685,0.0,1
2026-03-05T10:02:52+00:00,1772704972.0098746,0.0,4096.215831684781,0.0,1.0000526932824172,34.8,31788924.974541515,0.0,34.00179157160218,0.0,1
2026-03-05T10:02:53+00:00,1772704973.0162084,0.0,81404.39854342825,0.0,0.9937060369070831,34.8,30254495.231809556,0.0,20.867826775048744,0.0,1
2026-03-05T10:02:54+00:00,1772704974.0099347,0.0,78315.33053006366,0.0,4.025253419513962,34.8,34102911.01831626,0.0,23.145207162205285,0.0,1
2026-03-05T10:02:55+00:00,1772704975.0101502,0.0,4095.1173777319264,0.0,0.9997845160478336,34.8,31583838.722748432,0.0,125.97284902202703,0.0,1
2026-03-05T10:02:56+00:00,1772704976.0101047,16384.746127727125,0.0,1.0000455400224075,0.0,34.8,30447508.517078105,0.0,55.00250470123242,0.0,1
2026-03-05T10:02:57+00:00,1772704977.010182,0.0,4095.6836181897415,0.0,0.9999227583471049,34.8,34794394.215870395,0.0,29.997682750413148,0.0,1
2026-03-05T10:02:58+00:00,1772704978.0098248,0.0,4097.463413284564,0.0,1.0003572786339268,34.8,30456999.748876527,0.0,21.007502851312463,0.0,1
2026-03-05T10:02:59+00:00,1772704979.0100965,18820100.74968561,28664.209148781392,18.994837256795705,3.998913106693833,34.8,30438570.88226562,153.95815460771254,76.97907730385627,3.998913106693833,1
2026-03-05T10:03:00+00:00,1772704980.0101817,16816744.635503083,0.0,18.99838294441434,0.0,34.8,34794232.47384616,4159.645949934929,34.99702121339484,8.99923402630153,1
2026-03-05T10:03:01+00:00,1772704981.0098662,6182814.231368089,356464.43878662935,15.004732909593438,60.01893163837375,34.8,30456596.856737487,1819.573944170031,34.01072792841179,10.003155273062292,1
2026-03-05T10:03:02+00:00,1772704982.0100577,20144367.358471666,851804.9218463319,18.99636314401516,77.98506974911486,34.8,30443231.639679275,65.9873667107895,29.99425759581341,0.9998085865271136,1
2026-03-05T10:03:03+00:00,1772704983.0102632,29407332.298722863,135140.22641106453,25.994657660745727,17.996301457439348,34.8,34788945.286761,940.8066484139126,31.99342481322551,9.99794525413297,1
2026-03-05T10:03:04+00:00,1772704984.0098696,21356758.641129613,32780.903516699334,17.006694329342306,3.0011813522368773,34.8,30460899.295585874,2.0007875681579184,29.011419738289813,2.0007875681579184,1
2026-03-05T10:03:05+00:00,1772704985.009888,11755304.193414953,40959.248060679274,11.999779705277131,9.999816421064276,34.8,30445618.07232295,206.99619991603052,22.999577768447836,1.9999632842128552,1
2026-03-05T10:03:06+00:00,1772704986.0103939,0.0,564962.171951084,0.0,66.9661202175375,34.8,34778400.76455155,0.0,44.977244922226674,0.0,1
2026-03-05T10:03:07+00:00,1772704987.0100095,28683.023768023028,8195.14964800658,2.0007689570328564,1.0003844785164282,34.8,30458256.044374354,0.0,28.010765398459988,0.0,1
2026-03-05T10:03:08+00:00,1772704988.009962,0.0,0.0,0.0,0.0,34.8,32205832.015272867,0.0,29.001375978903724,0.0,1
2026-03-05T10:03:09+00:00,1772704989.0098836,0.0,12288.963942798897,0.0,3.000235337597387,34.8,33040833.713498052,0.0,30.00235337597387,0.0,1
2026-03-05T10:03:10+00:00,1772704990.0099003,0.0,86014.56447708288,0.0,1.999966621955982,34.8,30445614.883983165,0.0,21.9996328415158,0.0,1
2026-03-05T10:03:11+00:00,1772704991.010102,0.0,0.0,0.0,0.0,34.8,32251875.7283587,0.0,22.995361786825264,0.0,1
2026-03-05T10:03:12+00:00,1772704992.009912,0.0,4096.778468236729,0.0,1.0001900557218577,34.8,32989579.666981358,0.0,33.0062718388213,0.0,1
2026-03-05T10:03:13+00:00,1772704993.0115647,0.0,4089.2416384130765,0.0,0.9983500093781925,34.8,30492623.30508831,0.0,32.94555030948035,0.0,1
2026-03-05T10:03:14+00:00,1772704994.010039,131272.2742965755,32818.06857414387,2.003055943246086,4.006111886492172,34.8,34852108.78824806,1553.3698839873398,45.068758723036936,18.027503489214773,1
2026-03-05T10:03:15+00:00,1772704995.010179,0.0,0.0,0.0,0.0,34.8,30443844.332050584,78235.05087116685,71.98992488720208,62.991184276301816,1
2026-03-05T10:03:16+00:00,1772704996.00983,0.0,24584.58112019538,0.0,3.00104750002385,34.8,30456753.771522883,0.0,22.007681666841567,0.0,1
2026-03-05T10:03:17+00:00,1772704997.0099792,0.0,4095.3887631021257,0.0,0.9998507722417299,34.8,34790376.5352404,0.0,24.996269306043246,0.0,1
2026-03-05T10:03:18+00:00,1772704998.0097973,0.0,4096.745252758945,0.0,1.0001819464743518,34.8,30451716.574562643,0.0,23.004184768910093,0.0,1
2026-03-05T10:03:19+00:00,1772704999.0098145,155645.328170865,28671.507820948813,2.999948502470928,2.999948502470928,34.8,32218517.93248483,53.9990730444767,24.999570853924396,0.9999828341569759,1
2026-03-05T10:03:20+00:00,1772705000.0098467,0.0,4095.868168305702,0.0,0.9999678145277593,34.8,33021612.14961047,0.0,23.999227548666223,0.0,1
2026-03-05T10:03:21+00:00,1772705001.0179489,0.0,16252.320794685886,0.0,2.975888817386332,34.8,30201424.664193325,0.0,21.8231846608331,0.0,1
2026-03-05T10:03:22+00:00,1772705002.0103402,0.0,334319.722463363,0.0,71.54435611647249,34.8,35062345.18685823,0.0,34.26067757690232,0.0,1
2026-03-05T10:03:23+00:00,1772705003.0099812,0.0,69657.01093351028,0.0,2.0007183746987094,34.8,30457099.87694518,0.0,22.007902121685806,0.0,1
2026-03-05T10:03:24+00:00,1772705004.0098643,0.0,90122.52857375173,0.0,5.000584193767296,34.8,31832122.791047957,0.0,37.004323033877995,0.0,1
2026-03-05T10:03:25+00:00,1772705005.010014,0.0,4095.386810560934,0.0,0.999850295547103,34.8,33418880.29573209,0.0,33.994910048601504,0.0,1
2026-03-05T10:03:26+00:00,1772705006.009976,0.0,0.0,0.0,0.0,34.8,30447283.47169005,0.0,30.0011444528371,0.0,1
2026-03-05T10:03:27+00:00,1772705007.0101335,16381.418375600273,69621.02809630116,0.9998424301513839,1.9996848603027677,34.8,33318985.105178233,0.0,33.99464262514705,0.0,1
2026-03-05T10:03:28+00:00,1772705008.0103056,0.0,4095.2950432250004,0.0,0.9998278914123536,34.8,31911960.73207079,0.0,25.995525176721195,0.0,1
2026-03-05T10:03:29+00:00,1772705009.0101125,0.0,12290.373505244075,0.0,3.0005794690537293,34.8,30452002.861835025,0.0,43.008305723103454,0.0,1
2026-03-05T10:03:30+00:00,1772705010.009884,8050990.886563618,98326.4582545776,298.0680802395033,3.0006853715386232,34.8,34803517.29732581,0.0,24.005482972308986,0.0,1
2026-03-05T10:03:31+00:00,1772705011.0098968,12039015.872771917,90110.8613425133,269.99658827324424,13.999823095649703,34.8,30445919.27974085,0.0,26.999658827324428,0.0,1
2026-03-05T10:03:32+00:00,1772705012.010208,59535268.42009539,69610.34169961976,827.7424593187783,13.995645447418957,34.8,30439012.319983106,9665.992559363849,38.98786946066709,18.994090250068584,1
2026-03-05T10:03:33+00:00,1772705013.0148034,89599380.42441924,1687986.8259681377,1333.870175449422,104.51967792700695,34.8,31899659.536826055,2278.5289788087516,36.83074365046912,14.931382561000992,1
2026-03-05T10:03:34+00:00,1772705014.0100636,44812207.16765523,98772.15644984793,784.7193826022465,3.0142870010329568,34.8,33356399.372606136,0.0,23.109533674586004,0.0,1
2026-03-05T10:03:35+00:00,1772705015.0101013,34070268.56836657,6950650.168066369,395.9850831882611,1241.9532154540916,34.8,30444975.13366148,0.0,20.99920895695324,0.0,1
2026-03-05T10:03:36+00:00,1772705016.0099473,39498179.44648419,413759.72661194595,520.0801019062594,26.00400509531297,34.8,30450811.98540463,0.0,26.00400509531297,0.0,1
2026-03-05T10:03:37+00:00,1772705017.0097737,33560257.01103974,249899.37471599417,32.005555163421384,25.004339971422958,34.8,32097411.106740404,0.0,22.003819174852204,0.0,1
2026-03-05T10:03:38+00:00,1772705018.01005,29557784.38217856,0.0,34.99033122208443,0.0,34.8,33140692.327497587,0.0,29.991712476072365,0.0,1
2026-03-05T10:03:39+00:00,1772705019.010049,29098011.750026464,90112.08593758196,27.0000257492311,21.000020027179744,34.8,30446151.035712276,0.0,23.000021934530196,0.0,1
2026-03-05T10:03:40+00:00,1772705020.0100737,47840105.18510006,552946.4212318929,416.9897599350754,52.99869850493765,34.8,30445374.34948206,0.0,28.999287861192297,0.0,1
2026-03-05T10:03:41+00:00,1772705021.0097651,29731796.66485317,401531.8780618219,70.02160261959786,66.02036818419226,34.8,33873670.48942883,0.0,24.00740661243355,0.0,1
2026-03-05T10:03:42+00:00,1772705022.010192,29368074.60863174,0.0,29.987202383931344,0.0,34.8,31365084.346270602,0.0,21.990615081549652,0.0,1
2026-03-05T10:03:43+00:00,1772705023.0099695,29366660.45310849,938192.6958373109,30.00667482080646,60.01334964161292,34.8,30452896.08028672,0.0,28.006229832752695,0.0,1
2026-03-05T10:03:44+00:00,1772705024.0097437,33582494.33598141,294978.60097482754,33.00745250165917,42.009485002111674,34.8,30453052.763169937,0.0,22.004968334439447,0.0,1
2026-03-05T10:03:45+00:00,1772705025.0101578,30965224.2765483,0.0,51.97847399489185,0.0,34.8,34782743.315661594,0.0,24.98965095908262,0.0,1
2026-03-05T10:03:46+00:00,1772705026.0102148,29378933.928399827,872398.2889654487,28.998347614984517,106.9939032690808,34.8,30615345.475147113,111.99361837511262,71.99589752685812,1.9998860424127254,1
2026-03-05T10:03:47+00:00,1772705027.0101886,29426435.73898966,184324.8341111546,24.00062944155659,43.001127749455556,34.8,30446962.503369182,0.0,22.000576988093542,0.0,1
2026-03-05T10:03:48+00:00,1772705028.009831,33566436.29306974,143411.28787322278,28.010017162738826,24.008586139490422,34.8,30457124.316454574,0.0,36.012879209235635,0.0,1
2026-03-05T10:03:49+00:00,1772705029.0098653,30425067.43820593,4095.8593798278107,41.99855809393751,0.9999656689032741,34.8,34795887.378012076,0.0,30.998935736001496,0.0,1
2026-03-05T10:03:50+00:00,1772705030.0100157,29837943.116479278,135147.66809783704,33.99488573720451,20.996841190626316,34.8,30441597.301461883,65.990072313397,21.99669077113233,0.999849580506015,1
2026-03-05T10:03:51+00:00,1772705031.0097992,30902817.967802707,516207.7507547582,216.04677068419008,48.01039348537557,34.8,30452714.527578127,0.0,21.004547149851813,0.0,1
2026-03-05T10:03:52+00:00,1772705032.0099852,33548193.160215147,270285.7359099365,24.995351702135167,49.990703404270334,34.8,32017755.770287316,0.0,51.99033154044115,0.0,1
2026-03-05T10:03:53+00:00,1772705033.0101776,29391336.995270923,0.0,29.994228996562903,0.0,34.8,33337227.790913757,0.0,22.995575564031558,0.0,1
2026-03-05T10:03:54+00:00,1772705034.00986,29369454.961996406,315492.1919745708,22.006988837511912,45.014295349456184,34.8,30455793.954523902,0.0,43.013660000591464,0.0,1
2026-03-05T10:03:55+00:00,1772705035.0100212,29392254.82208926,172004.27790549656,28.995326795360167,33.994521070422266,34.8,30441215.760048438,0.0,42.99307076553404,0.0,1
2026-03-05T10:03:56+00:00,1772705036.0102193,33547785.31687967,176093.11140451976,24.99504783517098,28.994255488798334,34.8,31974982.929672584,0.0,25.994849748577817,0.0,1
2026-03-05T10:03:57+00:00,1772705037.0099447,29405068.34323392,0.0,29.00796727616838,0.0,34.8,33269509.74376507,0.0,27.007417808846423,0.0,1
2026-03-05T10:03:58+00:00,1772705038.0102248,29351905.303521242,278449.9945088511,20.994118669167452,22.993558542421496,34.8,30437595.156378567,0.0,20.994118669167452,0.0,1
2026-03-05T10:03:59+00:00,1772705039.0100808,33559264.69593152,126994.2877897799,25.00360063905382,24.003456613491664,34.8,30450507.019836422,0.0,22.00316856236736,0.0,1
2026-03-05T10:04:00+00:00,1772705040.0099063,29430800.33390532,0.0,30.005236585898608,0.0,34.8,34801696.675624505,66.01152048897694,25.004363821582174,1.000174552863287,1
2026-03-05T10:04:01+00:00,1772705041.0102756,30209131.454212528,245669.27178812033,45.9830179941957,23.991139823058624,34.8,30434882.082162555,0.0,54.979695427842685,0.0,1
2026-03-05T10:04:02+00:00,1772705042.0098486,29372670.355682142,102443.74426507443,21.008970991860966,14.005980661240645,34.8,30604534.37107148,0.0,45.019223553987786,0.0,1
2026-03-05T10:04:03+00:00,1772705043.0103369,33603560.01171303,90068.0214738897,24.987798926305516,18.990727183992192,34.8,32864586.838457786,0.0,34.98291849682772,0.0,1
2026-03-05T10:04:04+00:00,1772705044.0100973,29469589.228078417,127006.4320965426,32.007669379169,9.002157012891281,34.8,32369303.030451205,462.1107266617525,35.0083883834661,2.0004793361980626,1
2026-03-05T10:04:05+00:00,1772705045.0099769,29363663.42567014,708693.3276563803,21.00252873349438,71.00854952752861,34.8,30453215.60925929,6030.726107760529,71.00854952752861,15.001806238210271,1
2026-03-05T10:04:06+00:00,1772705046.009939,33735934.88051176,155653.90061430875,37.001402669674036,18.00068237984142,34.8,30452948.427242264,5636.2136607103475,47.00178176958593,15.000568649867851,1
2026-03-05T10:04:07+00:00,1772705047.0102534,29350897.90262662,57325.972466067615,20.993398119897808,13.995598746598539,34.8,34784629.134856015,0.0,31.98993999222523,0.0,1
2026-03-05T10:04:08+00:00,1772705048.0102527,29540373.128921364,0.0,34.00002431871246,0.0,34.8,30446143.776779015,0.0,29.000020742431218,0.0,1
2026-03-05T10:04:09+00:00,1772705049.0102754,29359463.01506175,61438.608429956235,20.999524365707696,11.999728208975828,34.8,30445432.41810996,0.0,27.999365820943595,0.0,1
2026-03-05T10:04:10+00:00,1772705050.0101058,33756762.298143856,45063.638990240586,39.00661222965605,7.0011868104510855,34.8,31823242.536362495,0.0,32.00542541920496,0.0,1
2026-03-05T10:04:11+00:00,1772705051.0100996,29360310.001128204,49152.30468938874,21.000130177351142,9.000055790293347,34.8,33424091.192032576,0.0,34.00021076333042,0.0,1
2026-03-05T10:04:12+00:00,1772705052.0098963,29366100.214575537,0.0,21.00427166073957,0.0,34.8,30452315.11923902,0.0,28.005695547652756,0.0,0
2026-03-05T10:04:13+00:00,1772705053.0101786,180173.13935732865,4094.8440763029234,12.996331296859864,0.9997177920661434,34.8,107.96952154314349,0.0,1.9994355841322868,0.0,0
2026-03-05T10:04:14+00:00,1772705054.009881,0.0,65555.50580388146,0.0,4.001190539787687,34.8,0.0,0.0,0.0,0.0,0
2026-03-05T10:04:15+00:00,1772705055.0099835,16382.320484683893,81911.60242341946,0.9998974905202571,0.9998974905202571,34.8,0.0,0.0,0.0,0.0,0
2026-03-05T10:04:16+00:00,1772705056.0099227,1024.0622596445583,4096.249038578233,1.000060800434139,1.000060800434139,34.8,0.0,0.0,0.0,0.0,0
2026-03-05T10:04:17+00:00,1772705057.0100844,0.0,4095.3379976362235,0.0,0.9998383783291561,34.8,0.0,0.0,0.0,0.0,0
2026-03-05T10:04:18+00:00,1772705058.009866,0.0,4096.894726650622,0.0,1.000218439123687,34.8,0.0,0.0,0.0,0.0,0
2026-03-05T10:04:19+00:00,1772705059.0101752,81894.67579972451,4094.733789986226,1.9993817333917119,0.9996908666958559,34.8,0.0,0.0,0.0,0.0,0
2026-03-05T10:04:20+00:00,1772705060.0099134,0.0,4097.072546400058,0.0,1.0002618521484516,34.8,0.0,0.0,0.0,0.0,0
2026-03-05T10:04:21+00:00,1772705061.0098684,933930.0839275985,335887.1354476451,304.0136991951818,11.0004956945625,34.8,0.0,0.0,0.0,0.0,0
2026-03-05T10:04:22+00:00,1772705062.0099359,4095.723651458415,4095.723651458415,0.9999325320943396,0.9999325320943396,34.8,0.0,0.0,0.0,0.0,0
2026-03-05T10:04:23+00:00,1772705063.0102086,0.0,0.0,0.0,0.0,34.8,0.0,0.0,0.0,0.0,0
2026-03-05T10:04:24+00:00,1772705064.0100548,0.0,69642.70965474303,0.0,4.000615214541764,34.8,0.0,0.0,0.0,0.0,0
2026-03-05T10:04:25+00:00,1772705065.0099015,0.0,20483.140129829284,0.0,4.000613306607282,34.8,0.0,0.0,0.0,0.0,0
2026-03-05T10:04:26+00:00,1772705066.0099,0.0,8192.011718766764,0.0,1.000001430513521,34.8,0.0,0.0,0.0,0.0,0
2026-03-05T10:04:27+00:00,1772705067.0102022,0.0,0.0,0.0,0.0,34.8,0.0,0.0,0.0,0.0,0
2026-03-05T10:04:28+00:00,1772705068.0101314,0.0,4096.2900596017125,0.0,1.0000708153324493,34.8,384.0271930876606,384.0271930876606,8.000566522659595,8.000566522659595,0
2026-03-05T10:04:29+00:00,1772705069.0101326,0.0,94207.88769544638,0.0,12.999984502810833,34.8,0.0,0.0,0.0,0.0,0
2026-03-05T10:04:30+00:00,1772705070.0099223,16387.446037150567,65549.78414860227,1.0002103294159281,1.0002103294159281,34.8,0.0,0.0,0.0,0.0,0
2026-03-05T10:04:31+00:00,1772705071.0100496,0.0,73718.61447617286,0.0,3.999490802743753,34.8,0.0,0.0,0.0,0.0,0
2026-03-05T10:04:32+00:00,1772705072.0099003,32772.89135503489,40966.11419379361,2.0002985446188286,8.001194178475314,34.8,0.0,0.0,0.0,0.0,0
2026-03-05T10:04:33+00:00,1772705073.0102437,32756.753861055393,827108.0349916486,0.9996567950761533,64.97769167994997,34.8,107.96293386822457,0.0,1.9993135901523067,0.0,0
2026-03-05T10:04:34+00:00,1772705074.010134,0.0,81928.98536044736,0.0,3.00032905372732,34.8,0.0,0.0,0.0,0.0,0
2026-03-05T10:04:35+00:00,1772705075.0101988,0.0,28670.14074557238,0.0,3.999740617406861,34.8,54.996433489344334,65.9957201872132,0.9999351543517152,0.9999351543517152,0
2026-03-05T10:04:36+00:00,1772705076.0104244,0.0,69616.29846326202,0.0,1.9995490137655683,34.8,0.0,0.0,0.0,0.0,0
2026-03-05T10:04:37+00:00,1772705077.0098681,0.0,4098.279588289137,0.0,1.0005565401096526,34.8,0.0,0.0,0.0,0.0,0
2026-03-05T10:04:38+00:00,1772705078.0098507,0.0,0.0,0.0,0.0,34.8,0.0,0.0,0.0,0.0,0
2026-03-05T10:04:39+00:00,1772705079.0103858,0.0,8187.619531100323,0.0,1.9989305495850398,34.8,0.0,0.0,0.0,0.0,0
2026-03-05T10:04:40+00:00,1772705080.0102959,0.0,4096.3681971574615,0.0,1.0000898918841459,34.8,0.0,0.0,0.0,0.0,0
2026-03-05T10:04:41+00:00,1772705081.0101829,16385.85177176948,4096.46294294237,1.0001130231792896,1.0001130231792896,34.8,0.0,0.0,0.0,0.0,0
2026-03-05T10:04:42+00:00,1772705082.010117,0.0,0.0,0.0,0.0,34.8,0.0,0.0,0.0,0.0,0
2026-03-05T10:04:43+00:00,1772705083.010306,0.0,143332.9347981548,0.0,3.9992448325378014,34.8,0.0,0.0,0.0,0.0,0
2026-03-05T10:04:44+00:00,1772705084.0102162,0.0,61445.50830629424,0.0,4.000358613691032,34.8,0.0,0.0,0.0,0.0,0
2026-03-05T10:04:45+00:00,1772705085.0099847,0.0,0.0,0.0,0.0,34.8,108.02500826907855,279.0646046951196,2.0004631160940476,4.000926232188095,0
2026-03-05T10:04:46+00:00,1772705086.009952,0.0,4096.133793432641,0.0,1.000032664412266,34.8,3238.105767366917,1402.0457955059967,19.00062062383305,17.00055529500852,0
2026-03-05T10:04:47+00:00,1772705087.0098662,65541.62548283907,4096.351592677442,1.000085838056016,1.000085838056016,34.8,1854.1591437558536,1548.1328773107127,7.000600866392112,8.000686704448128,0
2026-03-05T10:04:48+00:00,1772705088.0100887,65521.42511710304,1629845.449787938,0.9997776049362647,342.9237184931388,34.8,107.97598133311658,263.9412877031739,1.9995552098725293,3.9991104197450587,0
2026-03-05T10:04:49+00:00,1772705089.0103369,0.0,0.0,0.0,0.0,34.8,0.0,77.98064569183225,0.0,0.9997518678440033,0
2026-03-05T10:04:50+00:00,1772705090.010401,0.0,163829.4928613711,0.0,6.999551086606432,34.8,0.0,0.0,0.0,0.0,0
2026-03-05T10:04:51+00:00,1772705091.0099087,0.0,12294.052784681408,0.0,2.0009851537567394,34.8,0.0,0.0,0.0,0.0,0
2026-03-05T10:04:52+00:00,1772705092.0100741,0.0,4095.322377746068,0.0,0.9998345648794111,34.8,0.0,0.0,0.0,0.0,0
2026-03-05T10:04:53+00:00,1772705093.0101523,0.0,0.0,0.0,0.0,34.8,0.0,0.0,0.0,0.0,0
2026-03-05T10:04:54+00:00,1772705094.0101333,0.0,4096.078126490144,0.0,1.000019073850133,34.8,0.0,0.0,0.0,0.0,0
2026-03-05T10:04:55+00:00,1772705095.010166,0.0,12287.598645922068,0.0,2.9999020131645673,34.8,0.0,0.0,0.0,0.0,0
2026-03-05T10:04:56+00:00,1772705096.010054,0.0,4096.458059031888,0.0,1.000111830818332,34.8,0.0,0.0,0.0,0.0,0
2026-03-05T10:04:57+00:00,1772705097.009815,0.0,0.0,0.0,0.0,34.8,0.0,0.0,0.0,0.0,0
2026-03-05T10:04:58+00:00,1772705098.009842,0.0,176123.2550106487,0.0,21.999407307380263,34.8,0.0,0.0,0.0,0.0,0
2026-03-05T10:04:59+00:00,1772705099.009849,65535.53125335274,8191.941406669092,0.9999928474937857,0.9999928474937857,34.8,0.0,0.0,0.0,0.0,0
2026-03-05T10:05:00+00:00,1772705100.0099535,0.0,45051.29541316248,0.0,2.999686750698851,34.8,0.0,0.0,0.0,0.0,0
2026-03-05T10:05:01+00:00,1772705101.0099738,0.0,503797.7902459691,0.0,47.999027271910165,34.8,0.0,0.0,0.0,0.0,0
2026-03-05T10:05:02+00:00,1772705102.0099428,266248.2522088974,28672.88869941972,6.0001859722558,2.0000619907519335,34.8,0.0,0.0,0.0,0.0,0
2026-03-05T10:05:03+00:00,1772705103.0099056,0.0,4096.152349416378,0.0,1.0000371946817328,34.8,0.0,0.0,0.0,0.0,0
2026-03-05T10:05:04+00:00,1772705104.0099244,0.0,0.0,0.0,0.0,34.8,0.9999811652870041,0.0,0.9999811652870041,0.0,0
2026-03-05T10:05:05+00:00,1772705105.0102212,32758.276323789807,24568.707242842356,1.9994065139031865,5.99821954170956,34.8,0.9997032569515932,0.0,0.9997032569515932,0.0,0
2026-03-05T10:05:06+00:00,1772705106.0099452,0.0,61456.96757518102,0.0,2.0005523299212573,34.8,428.11819860314904,142.03921542440926,6.001656989763772,1.0002761649606287,0
2026-03-05T10:05:07+00:00,1772705107.0098927,0.0,122886.44565058783,0.0,3.0001573645163044,34.8,428.0224506709928,0.0,6.000314729032609,0.0,0
2026-03-05T10:05:08+00:00,1772705108.0100784,0.0,0.0,0.0,0.0,34.8,426.9207088393722,0.0,4.999071532076957,0.0,0
2026-03-05T10:05:09+00:00,1772705109.0103667,49137.8361139627,4094.8196761635586,2.9991355050026063,0.9997118350008688,34.8,426.87695354537095,0.0,4.998559175004344,0.0,0
2026-03-05T10:05:10+00:00,1772705110.010127,0.0,155685.30386027804,0.0,6.001438008594188,34.8,0.0,0.0,0.0,0.0,0
2026-03-05T10:05:11+00:00,1772705111.0103858,0.0,4094.940703710669,0.0,0.9997413827418625,34.8,0.0,0.0,0.0,0.0,0
2026-03-05T10:05:12+00:00,1772705112.0099623,0.0,0.0,0.0,0.0,34.8,1.000423610766583,54.022874981395475,1.000423610766583,1.000423610766583,0
2026-03-05T10:05:13+00:00,1772705113.0102024,0.0,4095.01683760751,0.0,0.999759970119021,34.8,55.986558326665175,65.98415802785539,1.999519940238042,0.999759970119021,0
2026-03-05T10:05:14+00:00,1772705114.0100236,0.0,4096.73255286566,0.0,1.0001788459144678,34.8,1.0001788459144678,0.0,1.0001788459144678,0.0,0
2026-03-05T10:05:15+00:00,1772705115.010171,188388.24237113347,8190.793146571021,6.99896875317348,1.9997053580495656,34.8,0.9998526790247828,0.0,0.9998526790247828,0.0,0
2026-03-05T10:05:16+00:00,1772705116.0100653,49157.19195462129,4096.432662885108,1.0001056305871845,1.0001056305871845,34.8,1.0001056305871845,0.0,1.0001056305871845,0.0,0
2026-03-05T10:05:17+00:00,1772705117.0101497,0.0,4095.6543260499425,0.0,0.9999156069457867,34.8,0.9999156069457867,0.0,0.9999156069457867,0.0,0
2026-03-05T10:05:18+00:00,1772705118.0103052,0.0,4095.3633802118543,0.0,0.9998445752470347,34.8,0.0,0.0,0.0,0.0,0
2026-03-05T10:05:19+00:00,1772705119.0100088,0.0,0.0,0.0,0.0,34.8,0.0,0.0,0.0,0.0,0
2026-03-05T10:05:20+00:00,1772705120.0099142,0.0,45060.26505213397,0.0,4.000378644543143,34.8,0.0,0.0,0.0,0.0,0
2026-03-05T10:05:21+00:00,1772705121.0101209,0.0,53236.99543880333,0.0,9.99793333811661,34.8,0.999793333811661,0.0,0.999793333811661,0.0,0
2026-03-05T10:05:22+00:00,1772705122.010447,0.0,4094.6644980827864,0.0,0.9996739497272428,34.8,0.9996739497272428,0.0,0.9996739497272428,0.0,0
2026-03-05T10:05:23+00:00,1772705123.0102806,0.0,81933.63508159803,0.0,1.0001664438671636,34.8,1.0001664438671636,0.0,1.0001664438671636,0.0,0
2026-03-05T10:05:24+00:00,1772705124.0099118,0.0,4097.511299605486,0.0,1.0003689696302456,34.8,1.0003689696302456,0.0,1.0003689696302456,0.0,0
2026-03-05T10:05:25+00:00,1772705125.010032,0.0,53241.60233126284,0.0,5.999279108841215,34.8,0.9998798514735359,0.0,0.9998798514735359,0.0,0
2026-03-05T10:05:26+00:00,1772705126.0099933,0.0,4096.158209235644,0.0,1.0000386253016709,34.8,1.0000386253016709,0.0,1.0000386253016709,0.0,0
2026-03-05T10:05:27+00:00,1772705127.0100908,0.0,0.0,0.0,0.0,34.8,0.0,0.0,0.0,0.0,0
2026-03-05T10:05:28+00:00,1772705128.0100293,440347.08662708994,4096.251968624092,32.00196850487572,1.0000615157773662,34.8,0.0,0.0,0.0,0.0,0
2026-03-05T10:05:29+00:00,1772705129.0100982,0.0,221168.76081565005,0.0,8.999379916001386,34.8,0.0,0.0,0.0,0.0,0
2026-03-05T10:05:30+00:00,1772705130.009812,65554.75536595324,57360.410945209085,1.0002861841728705,3.0008585525186113,34.8,0.0,0.0,0.0,0.0,0
2026-03-05T10:05:31+00:00,1772705131.010226,335733.0418890192,524071.08977798116,17.992552978522607,51.97848638239864,34.8,0.0,0.0,0.0,0.0,0
2026-03-05T10:05:32+00:00,1772705132.009866,0.0,12292.425421330025,0.0,2.0007202834196005,34.8,55.01980779403901,66.02376935284681,1.0003601417098003,1.0003601417098003,0
2026-03-05T10:05:33+00:00,1772705133.009923,36861.899533751355,110585.69860125406,0.9999430212063627,16.999031360508166,34.8,0.0,0.0,0.0,0.0,0
2026-03-05T10:05:34+00:00,1772705134.0101252,0.0,40951.72042395603,0.0,1.9995957238259783,34.8,0.0,0.0,0.0,0.0,0
2026-03-05T10:05:35+00:00,1772705135.010205,0.0,49148.074532277984,0.0,8.999281225392698,34.8,0.0,0.0,0.0,0.0,0
2026-03-05T10:05:36+00:00,1772705136.0101593,458260.9775227748,4096.187508583462,59.0027009293028,1.0000457784627592,34.8,0.0,0.0,0.0,0.0,0
2026-03-05T10:05:37+00:00,1772705137.010067,0.0,114698.58300772285,0.0,24.002214636102718,34.8,0.0,0.0,0.0,0.0,0
2026-03-05T10:05:38+00:00,1772705138.0101974,0.0,81909.3177993688,0.0,0.9998696020430762,34.8,0.0,0.0,0.0,0.0,0
2026-03-05T10:05:39+00:00,1772705139.0097914,0.0,4097.663761469312,0.0,1.0004061917649687,34.8,0.0,0.0,0.0,0.0,0
2026-03-05T10:05:40+00:00,1772705140.0101607,16377.951452541354,106456.68444151881,0.999630825960776,4.99815412980388,34.8,0.0,0.0,0.0,0.0,0
2026-03-05T10:05:41+00:00,1772705141.009941,0.0,4096.8996116023745,0.0,1.000219631738861,34.8,0.0,0.0,0.0,0.0,0
2026-03-05T10:05:42+00:00,1772705142.0099123,65537.89067954355,0.0,3.0000865484410193,0.0,34.8,0.0,0.0,0.0,0.0,0
2026-03-05T10:05:43+00:00,1772705143.0098722,65538.6251051468,94211.77358864853,1.0000400559257019,6.000240335554212,34.8,0.0,0.0,0.0,0.0,0
2026-03-05T10:05:44+00:00,1772705144.0099473,0.0,1294238.8002686298,0.0,5.999549422724686,34.8,5392.595006125705,5607.578860440007,17.99864826817406,18.998573171961507,0
2026-03-05T10:05:45+00:00,1772705145.010372,0.0,40942.61480403757,0.0,2.9987266702175956,34.8,0.0,0.0,0.0,0.0,0
2026-03-05T10:05:46+00:00,1772705146.0098274,16392.926736036563,4098.231684009141,1.0005448447287941,1.0005448447287941,34.8,228.12422459816509,112.06102260962496,4.0021793789151765,2.0010896894575882,0
2026-03-05T10:05:47+00:00,1772705147.009917,0.0,4095.6328454137147,0.0,0.9999103626498327,34.8,0.0,0.0,0.0,0.0,0
2026-03-05T10:05:48+00:00,1772705148.010079,0.0,12286.011064168793,0.0,2.9995144199630843,34.8,0.0,0.0,0.0,0.0,0
2026-03-05T10:05:49+00:00,1772705149.0100808,0.0,0.0,0.0,0.0,34.8,0.0,0.0,0.0,0.0,0
2026-03-05T10:05:50+00:00,1772705150.010055,2878026.1068886626,245766.3282879484,76.0019569900882,29.000746746217867,34.8,0.0,0.0,0.0,0.0,0
2026-03-05T10:05:51+00:00,1772705151.009894,0.0,98319.84630396402,0.0,18.002901544915286,34.8,0.0,0.0,0.0,0.0,0
2026-03-05T10:05:52+00:00,1772705152.0098038,196625.72034699706,40963.69173895772,3.0002703910369424,10.000901303456475,34.8,0.0,0.0,0.0,0.0,0
2026-03-05T10:05:53+00:00,1772705153.0104032,0.0,0.0,0.0,0.0,34.8,0.0,0.0,0.0,0.0,0
2026-03-05T10:05:54+00:00,1772705154.0098739,0.0,20490.84558420108,0.0,4.002118278164273,34.8,0.0,0.0,0.0,0.0,0
2026-03-05T10:05:55+00:00,1772705155.0098693,0.0,114688.51953360347,0.0,5.000022649867618,34.8,0.0,0.0,0.0,0.0,0
2026-03-05T10:05:56+00:00,1772705156.009926,0.0,528354.0192793397,0.0,53.99693601828281,34.8,0.0,0.0,0.0,0.0,0
2026-03-05T10:05:57+00:00,1772705157.0099087,65537.14064485242,0.0,4.000069619436793,0.0,34.8,0.0,0.0,0.0,0.0,0
2026-03-05T10:05:58+00:00,1772705158.0101717,0.0,4094.923134751885,0.0,0.9997370934452844,34.8,54.98554013949064,65.98264816738876,0.9997370934452844,0.9997370934452844,0
2026-03-05T10:05:59+00:00,1772705159.0099602,0.0,24581.19836496108,0.0,3.000634566035288,34.8,0.0,0.0,0.0,0.0,0
2026-03-05T10:06:00+00:00,1772705160.009791,0.0,69643.78910500158,0.0,3.000507917552343,34.8,0.0,0.0,0.0,0.0,0
2026-03-05T10:06:01+00:00,1772705161.010381,429826.3654864838,20467.92216602304,2.998230786038531,4.997051310064219,34.8,135.91979563374673,85.94928253310455,1.9988205240256873,0.9994102620128437,0
2026-03-05T10:06:02+00:00,1772705162.0097642,2476535.4995177393,479527.76738696813,344.2123063174351,27.016663577240543,34.8,1601.9880884134116,4940.04696595691,9.005554525746847,12.007406034329131,0
2026-03-05T10:06:03+00:00,1772705163.0098724,237542.28793937576,491466.8026331912,5.999350618080948,32.996428399445215,34.8,1266.8628721847601,1441.8439318787878,10.998809466481738,10.998809466481738,0
2026-03-05T10:06:04+00:00,1772705164.0099063,36862.75199537674,0.0,2.9998984371237585,0.0,34.8,461.9843593170588,795.9730519835039,4.999830728539598,5.999796874247517,0
2026-03-05T10:06:05+00:00,1772705165.0099666,0.0,126968.34128228559,0.0,14.999095256066374,34.8,9772.410529169112,8137.509146257877,21.99867304223068,22.99861272596844,0
2026-03-05T10:06:06+00:00,1772705166.0100691,0.0,544712.1561157394,0.0,50.99477201653311,34.8,192.98021567040962,962.9012833710076,2.9996924715607713,8.999077414682313,0
2026-03-05T10:06:07+00:00,1772705167.0098126,0.0,65552.81681415845,0.0,13.003335854859312,34.8,0.0,0.0,0.0,0.0,0
2026-03-05T10:06:08+00:00,1772705168.009946,0.0,0.0,0.0,0.0,34.8,0.0,0.0,0.0,0.0,0
2026-03-05T10:06:09+00:00,1772705169.0098908,0.0,4096.22657503257,0.0,1.000055316170061,34.8,0.0,0.0,0.0,0.0,0
2026-03-05T10:06:10+00:00,1772705170.0099251,32766.875038622486,4095.8593798278107,1.9999313378065482,0.9999656689032741,34.8,0.0,0.0,0.0,0.0,0
2026-03-05T10:06:11+00:00,1772705171.0102296,0.0,102368.83273139047,0.0,3.9987825285699405,34.8,0.0,0.0,0.0,0.0,0
2026-03-05T10:06:12+00:00,1772705172.0100546,0.0,0.0,0.0,0.0,34.8,0.0,0.0,0.0,0.0,0
2026-03-05T10:06:13+00:00,1772705173.0099864,0.0,61444.18973881371,0.0,2.000136384727009,34.8,0.0,0.0,0.0,0.0,0
2026-03-05T10:06:14+00:00,1772705174.0102158,0.0,4095.0607622973134,0.0,0.9997706939202425,34.8,0.0,0.0,0.0,0.0,0
2026-03-05T10:06:15+00:00,1772705175.0102746,0.0,0.0,0.0,0.0,34.8,0.0,0.0,0.0,0.0,0
2026-03-05T10:06:16+00:00,1772705176.0099862,0.0,4097.181981610715,0.0,1.0002885697291786,34.8,0.0,0.0,0.0,0.0,0
2026-03-05T10:06:17+00:00,1772705177.0099275,0.0,69636.08422391869,0.0,2.0001173088211943,34.8,283.016599198199,516.0302656758681,5.000293272052986,7.0004105808741794,0
2026-03-05T10:06:18+00:00,1772705178.0099232,7848481.682029313,12288.052734601313,233.000999931812,3.0000128746585237,34.8,0.0,0.0,0.0,0.0,0
2026-03-05T10:06:19+00:00,1772705179.0099118,10428535.345115796,24576.281253218687,342.00391392418584,2.0000228884455313,34.8,0.0,0.0,0.0,0.0,0
2026-03-05T10:06:20+00:00,1772705180.010072,24367807.855980106,569252.7958624793,1047.832119182565,67.9891069698611,34.8,209.96635975986513,0.0,0.9998398083803102,0.0,0
2026-03-05T10:06:21+00:00,1772705181.0102582,6746903.693403114,171999.97276050426,314.94135637299365,21.995904254621777,34.8,53.98994680679891,424.9208776461025,0.9998138297555353,2.999441489266606,0
2026-03-05T10:06:22+00:00,1772705182.0100968,323636.2379238783,73739.90231176974,17.002744402399163,14.00226009609343,34.8,0.0,0.0,0.0,0.0,0
2026-03-05T10:06:23+00:00,1772705183.0101242,106493.08015818162,0.0,9.99972582615137,0.0,34.8,0.0,0.0,0.0,0.0,0
2026-03-05T10:06:24+00:00,1772705184.0099504,0.0,57353.96852947664,0.0,13.002259885658418,34.8,297.0516296954269,0.0,1.0001738373583398,0.0,0
2026-03-05T10:06:25+00:00,1772705185.0100873,0.0,53240.71388774596,0.0,11.998357997538903,34.8,53.992610988925065,364.950055758475,0.9998631664615752,1.9997263329231505,0
2026-03-05T10:06:26+00:00,1772705186.0102046,0.0,266208.7731942149,0.0,13.99835796544099,34.8,0.0,0.0,0.0,0.0,0
2026-03-05T10:06:27+00:00,1772705187.0100598,0.0,81931.85718472268,0.0,1.0001447410244468,34.8,0.0,0.0,0.0,0.0,0
2026-03-05T10:06:28+00:00,1772705188.0099516,77832.424740036,40964.43407370316,5.000541268762593,10.001082537525186,34.8,0.0,0.0,0.0,0.0,0
2026-03-05T10:06:29+00:00,1772705189.0098982,4096.218761683134,94213.03151871209,1.0000534086140465,11.00058749475451,34.8,0.0,0.0,0.0,0.0,0
2026-03-05T10:06:30+00:00,1772705190.0101469,0.0,0.0,0.0,0.0,34.8,0.0,0.0,0.0,0.0,0
2026-03-05T10:06:31+00:00,1772705191.0104427,9725.122555472532,28663.519110866408,4.998521050304549,2.9991126301827293,34.8,0.0,0.0,0.0,0.0,0
2026-03-05T10:06:32+00:00,1772705192.0099626,0.0,16391.870966941697,0.0,3.001441217091375,34.8,0.0,0.0,0.0,0.0,0
2026-03-05T10:06:33+00:00,1772705193.0101857,65521.378262983766,4095.0861414364854,0.9997768899991419,0.9997768899991419,34.8,0.0,0.0,0.0,0.0,0
2026-03-05T10:06:34+00:00,1772705194.0102768,0.0,0.0,0.0,0.0,34.8,0.0,0.0,0.0,0.0,0
2026-03-05T10:06:35+00:00,1772705195.0098917,0.0,12292.733267838374,0.0,3.001155582968353,34.8,0.0,0.0,0.0,0.0,0
2026-03-05T10:06:36+00:00,1772705196.010231,0.0,4094.610822868123,0.0,0.9996608454267878,34.8,0.0,0.0,0.0,0.0,0
2026-03-05T10:06:37+00:00,1772705197.0098176,0.0,16390.776238917897,0.0,3.001240766403423,34.8,0.0,0.0,0.0,0.0,0
2026-03-05T10:06:38+00:00,1772705198.0101426,0.0,0.0,0.0,0.0,34.8,0.0,0.0,0.0,0.0,0
2026-03-05T10:06:39+00:00,1772705199.0098248,0.0,4097.302171658234,0.0,1.0003179130024986,34.8,55.01748521513743,66.02098225816492,1.0003179130024986,1.0003179130024986,0
2026-03-05T10:06:40+00:00,1772705200.0100791,0.0,65519.33236512337,0.0,8.997711048677221,34.8,0.0,0.0,0.0,0.0,0
2026-03-05T10:06:41+00:00,1772705201.0098238,20485.230827860032,4097.046165572006,1.0002554115166031,1.0002554115166031,34.8,0.0,0.0,0.0,0.0,0
2026-03-05T10:06:42+00:00,1772705202.0099182,131059.62616825994,0.0,1.9998111903115836,0.0,34.8,0.0,0.0,0.0,0.0,0
2026-03-05T10:06:43+00:00,1772705203.009887,0.0,4096.127933683231,0.0,1.0000312338093826,34.8,0.0,0.0,0.0,0.0,0
2026-03-05T10:06:44+00:00,1772705204.009874,0.0,122881.58205161829,0.0,9.000115872921262,34.8,0.0,0.0,0.0,0.0,0
2026-03-05T10:06:45+00:00,1772705205.0103106,0.0,0.0,0.0,0.0,34.8,0.0,0.0,0.0,0.0,0
2026-03-05T10:06:46+00:00,1772705206.0100608,12291.071079848214,1110293.420879622,1.0002499251178558,152.0379886179141,34.8,66.01649505777849,0.0,1.0002499251178558,0.0,0
2026-03-05T10:06:47+00:00,1772705207.00996,0.0,36867.71814841671,0.0,8.000806889847375,34.8,162.01633951940934,112.01129645786325,3.0003025836927657,2.000201722461844,0
2026-03-05T10:06:48+00:00,1772705208.009946,0.0,65536.90626253205,0.0,3.0000414854064354,34.8,0.0,0.0,0.0,0.0,0
2026-03-05T10:06:49+00:00,1772705209.0102859,32756.870968549207,0.0,1.9993207378264897,0.0,34.8,0.0,0.0,0.0,0.0,0
2026-03-05T10:06:50+00:00,1772705210.0099082,57365.66443168158,86048.49664752238,1.0003777977065007,5.001888988532504,34.8,0.0,0.0,0.0,0.0,0
2026-03-05T10:06:51+00:00,1772705211.0099308,0.0,4095.907228663749,0.0,0.9999773507479855,34.8,54.99875429113921,65.99850514936705,0.9999773507479855,0.9999773507479855,0
2026-03-05T10:06:52+00:00,1772705212.0098107,0.0,90122.82942629595,0.0,6.000721064428442,34.8,0.0,0.0,0.0,0.0,0
2026-03-05T10:06:53+00:00,1772705213.0098598,0.0,0.0,0.0,0.0,34.8,0.0,0.0,0.0,0.0,0
2026-03-05T10:06:54+00:00,1772705214.0098763,20479.663091479943,61438.989274439824,0.9999835493886691,2.999950648166007,34.8,0.0,0.0,0.0,0.0,0
2026-03-05T10:06:55+00:00,1772705215.010203,0.0,8189.325092464286,0.0,1.9993469464024136,34.8,0.0,0.0,0.0,0.0,0
2026-03-05T10:06:56+00:00,1772705216.009876,0.0,4097.339304968622,0.0,1.000326978752105,34.8,0.0,0.0,0.0,0.0,0
2026-03-05T10:06:57+00:00,1772705217.0099554,0.0,0.0,0.0,0.0,34.8,0.0,0.0,0.0,0.0,0
2026-03-05T10:06:58+00:00,1772705218.0099506,0.0,4096.019531343132,0.0,1.0000047683943194,34.8,0.0,0.0,0.0,0.0,0
2026-03-05T10:06:59+00:00,1772705219.0102692,0.0,4094.6957279461535,0.0,0.9996815742056039,34.8,0.0,0.0,0.0,0.0,0
2026-03-05T10:07:00+00:00,1772705220.0098362,16391.09682269812,45075.516262419835,1.0004331556822583,3.001299467046775,34.8,0.0,0.0,0.0,0.0,0
2026-03-05T10:07:01+00:00,1772705221.0098693,0.0,86013.14950852831,0.0,1.9999337218314803,34.8,0.0,0.0,0.0,0.0,0
2026-03-05T10:07:02+00:00,1772705222.0097558,0.0,24578.78937905894,0.0,6.000681000746812,34.8,0.0,0.0,0.0,0.0,0
2026-03-05T10:07:03+00:00,1772705223.0098488,0.0,4095.6191760352485,0.0,0.9999070253992306,34.8,0.0,0.0,0.0,0.0,0
2026-03-05T10:07:04+00:00,1772705224.0103803,0.0,0.0,0.0,0.0,34.8,0.9994688472603456,0.0,0.9994688472603456,0.0,0
2026-03-05T10:07:05+00:00,1772705225.0101707,0.0,49162.302940436515,0.0,4.00083845543917,34.8,1.0002096138597925,0.0,1.0002096138597925,0.0,0
2026-03-05T10:07:06+00:00,1772705226.0104015,0.0,53235.71377302831,0.0,2.9993077922003626,34.8,427.90124502058507,0.0,5.998615584400725,0.0,0
2026-03-05T10:07:07+00:00,1772705227.010181,0.0,4096.9035195721635,0.0,1.0002205858330477,34.8,428.09441073654443,142.0313231882928,6.001323514998287,1.0002205858330477,0
2026-03-05T10:07:08+00:00,1772705228.0100217,0.0,0.0,0.0,0.0,34.8,427.0680163943652,0.0,5.0007964448988895,0.0,0
2026-03-05T10:07:09+00:00,1772705229.010149,0.0,4095.478582009603,0.0,0.9998727006859383,34.8,426.94564319289566,0.0,4.9993635034296915,0.0,0
2026-03-05T10:07:10+00:00,1772705230.0099528,0.0,24580.823212028383,0.0,4.000785027999411,34.8,0.0,0.0,0.0,0.0,0
2026-03-05T10:07:11+00:00,1772705231.0099256,0.0,4096.111331150949,0.0,1.0000271804567746,34.8,0.0,0.0,0.0,0.0,0
2026-03-05T10:07:12+00:00,1772705232.0097773,0.0,0.0,0.0,0.0,34.8,1.0001483183512723,0.0,1.0001483183512723,0.0,0
2026-03-05T10:07:13+00:00,1772705233.010026,0.0,4094.981698534114,0.0,0.9997513912436802,34.8,0.9997513912436802,0.0,0.9997513912436802,0.0,0
2026-03-05T10:07:14+00:00,1772705234.0098765,0.0,16386.449584934653,0.0,3.0004485323977024,34.8,2932.4383656633545,1380.2063249029432,16.002392172787747,15.002242661988513,0
2026-03-05T10:07:15+00:00,1772705235.0100956,122853.08206977317,135138.3902767505,10.997590354553262,16.996276002491406,34.8,1955.5715212278346,7208.420586939002,5.998685647938143,9.997809413230238,0
2026-03-05T10:07:16+00:00,1772705236.0099335,0.0,540759.6704635418,0.0,46.007458942432606,34.8,1.000162150922448,0.0,1.000162150922448,0.0,0
2026-03-05T10:07:17+00:00,1772705237.010152,0.0,90092.3031344475,0.0,2.9993442538545647,34.8,2310.4948568859663,1369.7005425935845,16.996284105175867,16.996284105175867,0
2026-03-05T10:07:18+00:00,1772705238.010385,0.0,73710.83017132821,0.0,15.99627390870838,34.8,220.9485333640345,398.90708059841523,2.999301357882821,2.999301357882821,0
2026-03-05T10:07:19+00:00,1772705239.0100193,65559.97751939649,0.0,1.000365867910713,0.0,34.8,0.0,0.0,0.0,0.0,0
2026-03-05T10:07:20+00:00,1772705240.0099497,32770.281408827635,49155.42211324145,2.000139246144265,4.00027849228853,34.8,0.0,0.0,0.0,0.0,0
2026-03-05T10:07:21+00:00,1772705241.0099003,0.0,28673.415108901867,0.0,7.000345485571745,34.8,1.0000493550816778,0.0,1.0000493550816778,0.0,0
2026-03-05T10:07:22+00:00,1772705242.0100634,0.0,315340.5747925858,0.0,12.997880327667207,34.8,0.9998369482820928,0.0,0.9998369482820928,0.0,0
2026-03-05T10:07:23+00:00,1772705243.0098684,65548.78374316738,114710.37155054291,1.0001950644404203,12.002340773285043,34.8,1.0001950644404203,0.0,1.0001950644404203,0.0,0
2026-03-05T10:07:24+00:00,1772705244.0101962,0.0,4094.6576666136757,0.0,0.9996722818881044,34.8,0.9996722818881044,0.0,0.9996722818881044,0.0,0
2026-03-05T10:07:25+00:00,1772705245.0100813,0.0,94218.82741613736,0.0,4.000459723850941,34.8,1.0001149309627353,0.0,1.0001149309627353,0.0,0
2026-03-05T10:07:26+00:00,1772705246.010277,0.0,4095.1983990941867,0.0,0.9998042966538542,34.8,0.9998042966538542,0.0,0.9998042966538542,0.0,0
2026-03-05T10:07:27+00:00,1772705247.0097802,0.0,0.0,0.0,0.0,34.8,0.0,0.0,0.0,0.0,0
2026-03-05T10:07:28+00:00,1772705248.0099912,8190.271849015622,4095.135924507811,0.9997890440692898,0.9997890440692898,34.8,0.0,0.0,0.0,0.0,0
2026-03-05T10:07:29+00:00,1772705249.0103781,0.0,4094.4156521312216,0.0,0.999613196321099,34.8,0.0,0.0,0.0,0.0,0
2026-03-05T10:07:30+00:00,1772705250.0101721,0.0,69646.34670533023,0.0,3.000618108283414,34.8,0.0,0.0,0.0,0.0,0
2026-03-05T10:07:31+00:00,1772705251.0102108,0.0,4095.8418029851714,0.0,0.9999613776819266,34.8,0.0,0.0,0.0,0.0,0
2026-03-05T10:07:32+00:00,1772705252.0102644,0.0,32766.242281791354,0.0,2.9998390760917375,34.8,0.0,0.0,0.0,0.0,0
2026-03-05T10:07:33+00:00,1772705253.0103605,0.0,86007.73614557584,0.0,1.9998078530872359,34.8,0.0,0.0,0.0,0.0,0
2026-03-05T10:07:34+00:00,1772705254.0098457,0.0,0.0,0.0,0.0,34.8,0.0,0.0,0.0,0.0,0
2026-03-05T10:07:35+00:00,1772705255.0102668,0.0,167865.32077491557,0.0,31.986532159854338,34.8,0.0,0.0,0.0,0.0,0
2026-03-05T10:07:36+00:00,1772705256.0101748,1429123.5216253633,4096.376987819028,54.004970054254755,1.0000920380417548,34.8,0.0,0.0,0.0,0.0,0
2026-03-05T10:07:37+00:00,1772705257.009814,0.0,8194.956144487049,0.0,1.0003608574813292,34.8,0.0,0.0,0.0,0.0,0
2026-03-05T10:07:38+00:00,1772705258.0099192,0.0,0.0,0.0,0.0,34.8,0.0,0.0,0.0,0.0,0
2026-03-05T10:07:39+00:00,1772705259.009929,0.0,4095.9599613288847,0.0,0.9999902249338097,34.8,0.0,0.0,0.0,0.0,0
2026-03-05T10:07:40+00:00,1772705260.0102372,0.0,16378.95077530087,0.0,2.9990754593446414,34.8,0.0,0.0,0.0,0.0,0
2026-03-05T10:07:41+00:00,1772705261.0099552,0.0,8194.31119874671,0.0,2.000564257506521,34.8,0.0,0.0,0.0,0.0,0
2026-03-05T10:07:42+00:00,1772705262.0102947,0.0,0.0,0.0,0.0,34.8,0.0,0.0,0.0,0.0,0
2026-03-05T10:07:43+00:00,1772705263.0098329,0.0,512236.5594424343,0.0,45.0207913572452,34.8,0.0,0.0,0.0,0.0,0
2026-03-05T10:07:44+00:00,1772705264.0099945,0.0,20476.68998818112,0.0,2.9995151349874685,34.8,0.0,0.0,0.0,0.0,0
2026-03-05T10:07:45+00:00,1772705265.0102408,0.0,65519.8633492375,0.0,4.998768871249199,34.8,0.0,0.0,0.0,0.0,0
2026-03-05T10:07:46+00:00,1772705266.0102098,0.0,4096.12695705996,0.0,1.0000309953759667,34.8,0.0,0.0,0.0,0.0,0
2026-03-05T10:07:47+00:00,1772705267.01039,0.0,4095.2618517971136,0.0,0.9998197880364047,34.8,269.9513427698293,153.97224735760634,4.999098940182024,2.999459364109214,0
2026-03-05T10:07:48+00:00,1772705268.0100677,0.0,4097.320738229295,0.0,1.0003224458567614,34.8,0.0,0.0,0.0,0.0,0
2026-03-05T10:07:49+00:00,1772705269.0102408,0.0,81905.82276646413,0.0,0.999826938067189,34.8,0.0,0.0,0.0,0.0,0
2026-03-05T10:07:50+00:00,1772705270.0101092,0.0,12289.6174003613,0.0,3.000394873135083,34.8,0.0,0.0,0.0,0.0,0
2026-03-05T10:07:51+00:00,1772705271.00991,53258.60269671721,69645.86506493788,1.0001991191540942,16.003185906465507,34.8,0.0,0.0,0.0,0.0,0
2026-03-05T10:07:52+00:00,1772705272.0099618,65532.60955041112,4095.788096900695,0.9999482658448963,0.9999482658448963,34.8,0.0,0.0,0.0,0.0,0
2026-03-05T10:07:53+00:00,1772705273.009918,0.0,0.0,0.0,0.0,34.8,0.0,0.0,0.0,0.0,0
2026-03-05T10:07:54+00:00,1772705274.0099728,0.0,12287.326208823197,0.0,1.9998903334673173,34.8,0.0,0.0,0.0,0.0,0
2026-03-05T10:07:55+00:00,1772705275.0102558,12284.523444812537,106465.869855042,0.999717077214562,4.99858538607281,34.8,0.0,0.0,0.0,0.0,0
2026-03-05T10:07:56+00:00,1772705276.010032,0.0,4096.917197525138,0.0,1.0002239251770357,34.8,0.0,0.0,0.0,0.0,0
2026-03-05T10:07:57+00:00,1772705277.0101106,16382.71103891305,0.0,0.9999213280586579,0.0,34.8,0.0,0.0,0.0,0.0,0
2026-03-05T10:07:58+00:00,1772705278.0101345,0.0,4095.902346078251,0.0,0.9999761587105105,34.8,0.0,0.0,0.0,0.0,0
2026-03-05T10:07:59+00:00,1772705279.009792,0.0,69655.84800857074,0.0,2.000684972672643,34.8,0.0,0.0,0.0,0.0,0
2026-03-05T10:08:00+00:00,1772705280.010264,0.0,12282.204882749806,0.0,2.9985851764525893,34.8,54.974061568297465,0.0,0.9995283921508631,0.0,0
2026-03-05T10:08:01+00:00,1772705281.0101452,0.0,0.0,0.0,0.0,34.8,0.0,66.00783727239649,0.0,1.0001187465514618,0
2026-03-05T10:08:02+00:00,1772705282.0099046,0.0,4096.985588659992,0.0,1.0002406222314433,34.8,0.0,0.0,0.0,0.0,0
2026-03-05T10:08:03+00:00,1772705283.0101535,0.0,4094.9807224573506,0.0,0.9997511529436891,34.8,54.9863134119029,65.98357609428348,0.9997511529436891,0.9997511529436891,0
2026-03-05T10:08:04+00:00,1772705284.0101812,0.0,0.0,0.0,0.0,34.8,0.0,0.0,0.0,0.0,0
2026-03-05T10:08:05+00:00,1772705285.010127,0.0,151560.20259237016,0.0,7.000378867626893,34.8,0.0,0.0,0.0,0.0,0
2026-03-05T10:08:06+00:00,1772705286.0101833,0.0,4095.769544217006,0.0,0.999943736381105,34.8,0.0,0.0,0.0,0.0,0
2026-03-05T10:08:07+00:00,1772705287.0099258,0.0,8194.109918287219,0.0,2.0005151167693405,34.8,0.0,0.0,0.0,0.0,0
2026-03-05T10:08:08+00:00,1772705288.0102253,0.0,0.0,0.0,0.0,34.8,0.0,0.0,0.0,0.0,0
2026-03-05T10:08:09+00:00,1772705289.010117,0.0,4096.443407370316,0.0,1.0001082537525186,34.8,0.0,0.0,0.0,0.0,0
2026-03-05T10:08:10+00:00,1772705290.0101979,0.0,520149.95945256844,0.0,55.99547422748491,34.8,0.0,0.0,0.0,0.0,0
2026-03-05T10:08:11+00:00,1772705291.00989,0.0,20486.305651806946,0.0,2.000615786309272,34.8,0.0,0.0,0.0,0.0,0
2026-03-05T10:08:12+00:00,1772705292.0101466,16379.79795298638,0.0,0.9997435274039539,0.0,34.8,0.0,0.0,0.0,0.0,0
2026-03-05T10:08:13+00:00,1772705293.009914,0.0,8193.906693681009,0.0,1.0002327506934825,34.8,0.0,142.03305059847452,0.0,1.0002327506934825,0
2026-03-05T10:08:14+00:00,1772705294.0098658,0.0,4096.197275125879,0.0,1.000048162872529,34.8,0.0,0.0,0.0,0.0,0
2026-03-05T10:08:15+00:00,1772705295.0098479,0.0,49152.87892196635,0.0,4.0000715268527305,34.8,5956.106503483716,71950.28657138177,44.00078679538003,71.00126960163597,0
2026-03-05T10:08:16+00:00,1772705296.0099938,0.0,0.0,0.0,0.0,34.8,0.0,0.0,0.0,0.0,0
2026-03-05T10:08:17+00:00,1772705297.0101259,40954.59055825012,4095.4590558250125,1.9997358671020569,0.9998679335510284,34.8,4188.446773645258,310.95892733436983,5.99920760130617,1.9997358671020569,0
2026-03-05T10:08:18+00:00,1772705298.0100298,1751720.3099949188,335904.2745854039,95.00912873241404,36.003459309125326,34.8,2130.2046757899147,6285.60393771813,9.000864827281331,14.00134528688207,0
2026-03-05T10:08:19+00:00,1772705299.0099113,0.0,8192.97081816116,0.0,2.000237016152627,34.8,1918.2272984903693,4585.543359529897,11.001303588839448,9.00106657268682,0
2026-03-05T10:08:20+00:00,1772705300.0100234,81910.82134103053,217063.6765537309,1.9997759116462532,17.99798320481628,34.8,107.98789922889767,527.9408406746109,1.9997759116462532,2.99966386746938,0
2026-03-05T10:08:21+00:00,1772705301.0098927,0.0,40965.3522617911,0.0,3.0003920113616527,34.8,0.0,0.0,0.0,0.0,0
2026-03-05T10:08:22+00:00,1772705302.010346,0.0,4094.144395709933,0.0,0.9995469716088704,34.8,0.0,0.0,0.0,0.0,0
2026-03-05T10:08:23+00:00,1772705303.0101607,28677.312507586095,36870.83036689641,1.000185285560341,9.001667570043068,34.8,0.0,0.0,0.0,0.0,0
2026-03-05T10:08:24+00:00,1772705304.0103173,0.0,135146.83046445486,0.0,29.99530150578277,34.8,0.0,0.0,0.0,0.0,0
2026-03-05T10:08:25+00:00,1772705305.0102286,65541.8130155663,122890.89940418681,1.0000886995783431,7.000620897048402,34.8,0.0,0.0,0.0,0.0,0
2026-03-05T10:08:26+00:00,1772705306.0099938,0.0,4096.962140013674,0.0,1.0002348974642759,34.8,0.0,0.0,0.0,0.0,0
2026-03-05T10:08:27+00:00,1772705307.0098934,0.0,143374.39109293226,0.0,7.000702690084583,34.8,0.0,0.0,0.0,0.0,0
2026-03-05T10:08:28+00:00,1772705308.0099022,499707.59183576156,155646.6269652372,10.999902964494304,2.9999735357711734,34.8,0.0,0.0,0.0,0.0,0
2026-03-05T10:08:29+00:00,1772705309.0103693,0.0,90069.93175785216,0.0,4.99766578024304,34.8,0.0,0.0,0.0,0.0,0
2026-03-05T10:08:30+00:00,1772705310.0099735,0.0,12292.86520677644,0.0,3.001187794623154,34.8,0.0,0.0,0.0,0.0,0
2026-03-05T10:08:31+00:00,1772705311.0099263,0.0,0.0,0.0,0.0,34.8,0.0,0.0,0.0,0.0,0
2026-03-05T10:08:32+00:00,1772705312.009924,0.0,4096.009765648283,0.0,1.0000023841914754,34.8,0.0,0.0,0.0,0.0,0
2026-03-05T10:08:33+00:00,1772705313.0099192,0.0,4096.019531343132,0.0,1.0000047683943194,34.8,0.0,0.0,0.0,0.0,0
2026-03-05T10:08:34+00:00,1772705314.0103064,0.0,0.0,0.0,0.0,34.8,0.0,0.0,0.0,0.0,0
2026-03-05T10:08:35+00:00,1772705315.0102403,0.0,151562.00945010607,0.0,6.000396277849427,34.8,0.0,0.0,0.0,0.0,0
2026-03-05T10:08:36+00:00,1772705316.009818,0.0,4097.730222755551,0.0,1.0004224176649295,34.8,0.0,0.0,0.0,0.0,0
2026-03-05T10:08:37+00:00,1772705317.0099223,0.0,520137.80740408046,0.0,47.99499945288636,34.8,0.0,0.0,0.0,0.0,0
2026-03-05T10:08:38+00:00,1772705318.009923,4095.9970703145955,0.0,0.9999992847447743,0.0,34.8,0.0,0.0,0.0,0.0,0
2026-03-05T10:08:39+00:00,1772705319.0100353,0.0,12286.62027212425,0.0,1.9997754349160564,34.8,0.0,0.0,0.0,0.0,0
2026-03-05T10:08:40+00:00,1772705320.009818,0.0,131100.47493473662,0.0,28.006082902318003,34.8,0.0,0.0,0.0,0.0,0
2026-03-05T10:08:41+00:00,1772705321.0099277,0.0,12286.652491534685,0.0,1.9997806789607233,34.8,0.0,0.0,0.0,0.0,0
2026-03-05T10:08:42+00:00,1772705322.0100918,0.0,0.0,0.0,0.0,34.8,0.0,0.0,0.0,0.0,0
2026-03-05T10:08:43+00:00,1772705323.0099926,0.0,4096.406290296736,0.0,1.0000991919669766,34.8,0.0,0.0,0.0,0.0,0
2026-03-05T10:08:44+00:00,1772705324.010242,0.0,4094.978770305219,0.0,0.9997506763440476,34.8,0.0,0.0,0.0,0.0,0
2026-03-05T10:08:45+00:00,1772705325.0101252,0.0,4096.4785715341695,0.0,1.0001168387534594,34.8,0.0,0.0,0.0,0.0,0
2026-03-05T10:08:46+00:00,1772705326.009833,0.0,45069.16302411664,0.0,3.0008764442549256,34.8,55.01606814467364,66.01928177360837,1.0002921480849754,1.0002921480849754,0
2026-03-05T10:08:47+00:00,1772705327.0103512,8187.758057055954,8187.758057055954,0.9994821846992131,0.9994821846992131,34.8,227.8819381114206,111.94200468631188,3.9979287387968525,1.9989643693984263,0
2026-03-05T10:08:48+00:00,1772705328.0102124,0.0,4096.568438251272,0.0,1.0001387788699394,34.8,55.007632837846664,66.009159405416,1.0001387788699394,1.0001387788699394,0
2026-03-05T10:08:49+00:00,1772705329.009915,192569.25237314924,61458.2720339838,3.000892189159365,7.002081774705185,34.8,0.0,0.0,0.0,0.0,0
2026-03-05T10:08:50+00:00,1772705330.0097682,0.0,122898.04952585886,0.0,5.000734437087356,34.8,0.0,0.0,0.0,0.0,0
2026-03-05T10:08:51+00:00,1772705331.009987,0.0,20475.51855897018,0.0,4.998905898186079,34.8,0.0,0.0,0.0,0.0,0
2026-03-05T10:08:52+00:00,1772705332.009994,0.0,8191.943359766618,0.0,1.999986171818022,34.8,0.0,0.0,0.0,0.0,0
2026-03-05T10:08:53+00:00,1772705333.0097387,0.0,0.0,0.0,0.0,34.8,0.0,0.0,0.0,0.0,0
2026-03-05T10:08:54+00:00,1772705334.0102172,0.0,16376.16390586875,0.0,2.9985651683109285,34.8,0.0,0.0,0.0,0.0,0
2026-03-05T10:08:55+00:00,1772705335.0102627,0.0,4095.8134850560077,0.0,0.9999544641250019,34.8,0.0,0.0,0.0,0.0,0
2026-03-05T10:08:56+00:00,1772705336.0099397,0.0,94238.44440559615,0.0,13.00420110046652,34.8,0.0,0.0,0.0,0.0,0
2026-03-05T10:08:57+00:00,1772705337.009949,0.0,0.0,0.0,0.0,34.8,0.0,0.0,0.0,0.0,0
2026-03-05T10:08:58+00:00,1772705338.009824,0.0,4096.511782687695,0.0,1.000124946945238,34.8,0.0,0.0,0.0,0.0,0
2026-03-05T10:08:59+00:00,1772705339.0102053,0.0,4094.4390716372613,0.0,0.9996189139739408,34.8,0.0,0.0,0.0,0.0,0
2026-03-05T10:09:00+00:00,1772705340.0098438,0.0,4097.481004047903,0.0,1.0003615732538826,34.8,55.019886528963546,0.0,1.0003615732538826,0.0,0
2026-03-05T10:09:01+00:00,1772705341.0101264,0.0,45043.27410320942,0.0,2.9991526613465083,34.8,0.0,65.98135854962318,0.0,0.9997175537821694,0
2026-03-05T10:09:02+00:00,1772705342.009943,0.0,4096.751114274711,0.0,1.0001833775084743,34.8,0.0,0.0,0.0,0.0,0
2026-03-05T10:09:03+00:00,1772705343.0102184,0.0,569187.2609352159,0.0,37.98953868933054,34.8,830.7712276535177,151.95815475732215,4.998623511754018,1.9994494047016071,0
2026-03-05T10:09:04+00:00,1772705344.0102282,73727.27930391992,0.0,5.999941349602858,0.0,34.8,1000.9902151587435,4761.953451134802,8.999912024404287,8.999912024404287,0
2026-03-05T10:09:05+00:00,1772705345.009899,0.0,290911.7844673036,0.0,13.004281738538962,34.8,814.2681027054397,1010.332658148027,7.00230555152098,8.002634916023977,0
2026-03-05T10:09:06+00:00,1772705346.0101638,32759.322610993193,85993.22185385713,1.9994703742061275,8.997616683927573,34.8,547.8548825324789,0.0,7.99788149682451,0.0,0
2026-03-05T10:09:07+00:00,1772705347.010229,57340.25415095392,8191.464878707703,1.9998693551532478,1.9998693551532478,34.8,8121.469451277339,2577.8315987925366,29.998040327298718,28.998105649722092,0
2026-03-05T10:09:08+00:00,1772705348.0100665,0.0,81933.32247875464,0.0,1.0001626279144853,34.8,427.06944211948525,0.0,5.0008131395724265,0.0,0
2026-03-05T10:09:09+00:00,1772705349.0101643,0.0,528332.3546577907,0.0,45.995503865102606,34.8,426.9582641391046,0.0,4.999511289685065,0.0,0
2026-03-05T10:09:10+00:00,1772705350.0100322,0.0,69641.19848059613,0.0,8.001056810730253,34.8,0.0,0.0,0.0,0.0,0
2026-03-05T10:09:11+00:00,1772705351.0098305,16387.305354196942,94227.00578663242,2.000403485619744,4.000806971239488,34.8,0.0,0.0,0.0,0.0,0
2026-03-05T10:09:12+00:00,1772705352.0099125,0.0,0.0,0.0,0.0,34.8,0.9999179907348602,0.0,0.9999179907348602,0.0,0
2026-03-05T10:09:13+00:00,1772705353.0099926,12287.015703850628,143348.516544924,0.9999198977743025,31.99743672877768,34.8,0.9999198977743025,0.0,0.9999198977743025,0.0,0
2026-03-05T10:09:14+00:00,1772705354.01003,0.0,4095.846685426328,0.0,0.9999625696841621,34.8,0.9999625696841621,0.0,0.9999625696841621,0.0,0
2026-03-05T10:09:15+00:00,1772705355.0102437,0.0,221136.7600915332,0.0,8.998077803203662,34.8,0.9997864225781846,0.0,0.9997864225781846,0.0,0
2026-03-05T10:09:16+00:00,1772705356.0102751,0.0,45054.58207587385,0.0,2.9999055892139013,34.8,0.9999685297379671,0.0,0.9999685297379671,0.0,0
2026-03-05T10:09:17+00:00,1772705357.0098884,0.0,8195.169194324779,0.0,1.000386864541599,34.8,1.000386864541599,0.0,1.000386864541599,0.0,0
2026-03-05T10:09:18+00:00,1772705358.010011,0.0,69623.46784246659,0.0,1.999754935732611,34.8,0.0,0.0,0.0,0.0,0
2026-03-05T10:09:19+00:00,1772705359.009921,0.0,0.0,0.0,0.0,34.8,87.00782059392068,0.0,1.0000898918841459,0.0,0
2026-03-05T10:09:20+00:00,1772705360.0104222,0.0,4093.9482938495466,0.0,0.999499095178112,34.8,0.0,141.9288715152919,0.0,0.999499095178112,0
2026-03-05T10:09:21+00:00,1772705361.0100293,0.0,24585.66004556539,0.0,5.001965341301552,34.8,1.0003930682603104,0.0,1.0003930682603104,0.0,0
2026-03-05T10:09:22+00:00,1772705362.0099044,0.0,24579.070696126168,0.0,4.000499787780952,34.8,1.000124946945238,0.0,1.000124946945238,0.0,0
2026-03-05T10:09:23+00:00,1772705363.009969,65531.76589857137,0.0,0.9999353927394313,0.0,34.8,0.9999353927394313,0.0,0.9999353927394313,0.0,0
2026-03-05T10:09:24+00:00,1772705364.0099072,0.0,4096.2529453069765,0.0,1.000061754225336,34.8,1.000061754225336,0.0,1.000061754225336,0.0,0
2026-03-05T10:09:25+00:00,1772705365.0101,0.0,16380.844357909873,0.0,2.99942218467588,34.8,0.99980739489196,0.0,0.99980739489196,0.0,0
2026-03-05T10:09:26+00:00,1772705366.0099459,0.0,565335.0720044409,0.0,56.008626359135626,34.8,97.01494208635992,96.0147880442325,3.0004621263822657,2.000308084254844,0
2026-03-05T10:09:27+00:00,1772705367.009921,0.0,0.0,0.0,0.0,34.8,0.0,0.0,0.0,0.0,0
2026-03-05T10:09:28+00:00,1772705368.0098224,0.0,225302.23852318493,0.0,12.001184580425333,34.8,0.0,0.0,0.0,0.0,0
2026-03-05T10:09:29+00:00,1772705369.0100682,0.0,32759.947291932585,0.0,4.9987712542621745,34.8,0.0,0.0,0.0,0.0,0
2026-03-05T10:09:30+00:00,1772705370.009947,0.0,4096.496153842485,0.0,1.0001211313092004,34.8,0.0,0.0,0.0,0.0,0
2026-03-05T10:09:31+00:00,1772705371.010237,0.0,45042.9412859431,0.0,2.9991305011059417,34.8,0.0,0.0,0.0,0.0,0
2026-03-05T10:09:32+00:00,1772705372.0101235,0.0,4096.464896509823,0.0,1.0001135001244685,34.8,0.0,0.0,0.0,0.0,0
2026-03-05T10:09:33+00:00,1772705373.009922,0.0,40968.253615928996,0.0,3.000604512885425,34.8,0.0,0.0,0.0,0.0,0
2026-03-05T10:09:34+00:00,1772705374.0103095,0.0,0.0,0.0,0.0,34.8,0.0,0.0,0.0,0.0,0
2026-03-05T10:09:35+00:00,1772705375.0101898,65543.84468890043,12289.47087916883,1.0001197004531925,3.0003591013595776,34.8,0.0,0.0,0.0,0.0,0
2026-03-05T10:09:36+00:00,1772705376.0100174,0.0,12290.118529247438,0.0,3.0005172190545504,34.8,0.0,0.0,0.0,0.0,0
2026-03-05T10:09:37+00:00,1772705377.0099978,0.0,12288.24023907175,0.0,2.000039101411418,34.8,0.0,0.0,0.0,0.0,0
2026-03-05T10:09:38+00:00,1772705378.0101295,0.0,0.0,0.0,0.0,34.8,0.0,0.0,0.0,0.0,0
2026-03-05T10:09:39+00:00,1772705379.0100353,0.0,65542.17245629316,0.0,2.0001883684171498,34.8,0.0,0.0,0.0,0.0,0
2026-03-05T10:09:40+00:00,1772705380.009804,0.0,4096.947484746028,0.0,1.0002313195180732,34.8,0.0,0.0,0.0,0.0,0
2026-03-05T10:09:41+00:00,1772705381.0098145,49151.48438040906,114686.79688762115,2.9999685290777016,4.999947548462837,34.8,0.0,0.0,0.0,0.0,0
2026-03-05T10:09:42+00:00,1772705382.0102494,0.0,0.0,0.0,0.0,34.8,0.0,0.0,0.0,0.0,0
2026-03-05T10:09:43+00:00,1772705383.0103602,0.0,86006.46492429022,0.0,1.999778295300647,34.8,0.0,0.0,0.0,0.0,0
2026-03-05T10:09:44+00:00,1772705384.0102615,0.0,4096.40433678518,0.0,1.0000987150354443,34.8,0.0,0.0,0.0,0.0,0
2026-03-05T10:09:45+00:00,1772705385.0100672,0.0,24580.776318716944,0.0,5.000971744530628,34.8,108.02098968186156,225.04372850387827,2.000388697812251,3.000583046718377,0
2026-03-05T10:09:46+00:00,1772705386.0100005,0.0,45059.00801330655,0.0,3.00020028497691,34.8,0.0,0.0,0.0,0.0,0
2026-03-05T10:09:47+00:00,1772705387.0099795,0.0,4096.085939303079,0.0,1.0000209812751657,34.8,174.00365074187883,58.0012169139596,3.0000629438254967,1.0000209812751657,0
2026-03-05T10:09:48+00:00,1772705388.0099761,16384.05468768254,16384.05468768254,1.0000033378712487,4.000013351484995,34.8,54.00018024504743,54.00018024504743,1.0000033378712487,1.0000033378712487,0
2026-03-05T10:09:49+00:00,1772705389.0099664,0.0,0.0,0.0,0.0,34.8,0.0,0.0,0.0,0.0,0
2026-03-05T10:09:50+00:00,1772705390.0098903,16385.246188529523,12288.934641397143,1.0000760613116164,2.000152122623233,34.8,0.0,0.0,0.0,0.0,0
2026-03-05T10:09:51+00:00,1772705391.0103064,0.0,12282.889821353374,0.0,2.998752397791351,34.8,0.0,0.0,0.0,0.0,0
2026-03-05T10:09:52+00:00,1772705392.0103624,0.0,4095.770520669852,0.0,0.9999439747729131,34.8,54.99691861251022,65.99630233501226,0.9999439747729131,0.9999439747729131,0
2026-03-05T10:09:53+00:00,1772705393.0099437,0.0,0.0,0.0,0.0,34.8,0.0,0.0,0.0,0.0,0
2026-03-05T10:09:54+00:00,1772705394.0100753,0.0,4095.461008435093,0.0,0.9998684102624739,34.8,0.0,0.0,0.0,0.0,0
2026-03-05T10:09:55+00:00,1772705395.0097518,0.0,12291.976872591044,0.0,2.0006472774399486,34.8,0.0,0.0,0.0,0.0,0
2026-03-05T10:09:56+00:00,1772705396.0098372,0.0,360417.2370007405,0.0,35.996927523600235,34.8,0.0,0.0,0.0,0.0,0
2026-03-05T10:09:57+00:00,1772705397.0100048,0.0,65525.01746576346,0.0,5.998994518960278,34.8,0.0,0.0,0.0,0.0,0
2026-03-05T10:09:58+00:00,1772705398.0102577,282552.52491642564,241602.88362419003,9.997471018612206,17.99544783350197,34.8,0.0,0.0,0.0,0.0,0
2026-03-05T10:09:59+00:00,1772705399.0098655,0.0,139318.64057057825,0.0,14.005492934197607,34.8,0.0,0.0,0.0,0.0,0
2026-03-05T10:10:00+00:00,1772705400.0101933,0.0,147407.6759980923,0.0,11.996067382657253,34.8,0.0,0.0,0.0,0.0,0
2026-03-05T10:10:01+00:00,1772705401.0101383,45058.481581984866,8192.45119672452,3.000165233175484,2.0001101554503222,34.8,0.0,0.0,0.0,0.0,0
2026-03-05T10:10:02+00:00,1772705402.0099306,16387.40305043624,274489.00109480706,4.000830822860411,47.009762168609825,34.8,0.0,0.0,0.0,0.0,0
2026-03-05T10:10:03+00:00,1772705403.0099561,65534.32816764976,4095.89551047811,0.9999744898628198,0.9999744898628198,34.8,0.0,0.0,0.0,0.0,0
2026-03-05T10:10:04+00:00,1772705404.0102732,0.0,0.0,0.0,0.0,34.8,0.0,0.0,0.0,0.0,0
2026-03-05T10:10:05+00:00,1772705405.0102687,393217.78125806904,61440.278321573285,6.000027179841141,4.000018119894094,34.8,0.0,0.0,0.0,0.0,0
2026-03-05T10:10:06+00:00,1772705406.0098236,0.0,61467.36081186193,0.0,5.002226628569493,34.8,0.0,0.0,0.0,0.0,0
2026-03-05T10:10:07+00:00,1772705407.0102901,0.0,8188.17951695569,0.0,1.9990672648817602,34.8,0.0,0.0,0.0,0.0,0
2026-03-05T10:10:08+00:00,1772705408.0098202,0.0,0.0,0.0,0.0,34.8,0.0,0.0,0.0,0.0,0
2026-03-05T10:10:09+00:00,1772705409.0099185,0.0,4095.597695767723,0.0,0.9999017811932918,34.8,0.0,0.0,0.0,0.0,0
2026-03-05T10:10:10+00:00,1772705410.009882,0.0,4096.149419513032,0.0,1.0000364793732988,34.8,0.0,0.0,0.0,0.0,0
2026-03-05T10:10:11+00:00,1772705411.0099444,0.0,98297.85975855429,0.0,4.999687691169957,34.8,54.99656460286952,0.0,0.9999375382339913,0.0,0
2026-03-05T10:10:12+00:00,1772705412.0102038,0.0,0.0,0.0,0.0,34.8,0.0,65.98288407853188,0.0,0.9997406678565436,0
2026-03-05T10:10:13+00:00,1772705413.0102592,0.0,4095.7734500311835,0.0,0.9999446899490194,34.8,0.0,0.0,0.0,0.0,0
2026-03-05T10:10:14+00:00,1772705414.0098667,0.0,229466.0509643286,0.0,6.002355546290683,34.8,0.0,0.0,0.0,0.0,0
2026-03-05T10:10:15+00:00,1772705415.0100927,0.0,69616.2652751253,0.0,1.9995480605217517,34.8,0.0,0.0,0.0,0.0,0
2026-03-05T10:10:16+00:00,1772705416.010219,0.0,126959.9571053348,0.0,3.9994946164735006,34.8,0.0,0.0,0.0,0.0,0
2026-03-05T10:10:17+00:00,1772705417.0099237,0.0,4097.210318466325,0.0,1.0002954879068175,34.8,0.0,0.0,0.0,0.0,0
2026-03-05T10:10:18+00:00,1772705418.0101953,0.0,24569.32798371948,0.0,4.9986425748127195,34.8,0.0,0.0,0.0,0.0,0
2026-03-05T10:10:19+00:00,1772705419.009945,0.0,0.0,0.0,0.0,34.8,0.0,0.0,0.0,0.0,0
2026-03-05T10:10:20+00:00,1772705420.009891,0.0,4096.220715017699,0.0,1.000053885502368,34.8,0.0,0.0,0.0,0.0,0
2026-03-05T10:10:21+00:00,1772705421.0099502,0.0,49149.093921830034,0.0,3.999763502753095,34.8,0.0,0.0,0.0,0.0,0
2026-03-05T10:10:22+00:00,1772705422.0099256,0.0,4096.100588407661,0.0,1.0000245577167142,34.8,0.0,0.0,0.0,0.0,0
2026-03-05T10:10:23+00:00,1772705423.0101738,0.0,0.0,0.0,0.0,34.8,0.0,0.0,0.0,0.0,0
2026-03-05T10:10:24+00:00,1772705424.0098045,0.0,422043.86517981614,0.0,43.01588621324165,34.8,0.0,0.0,0.0,0.0,0
2026-03-05T10:10:25+00:00,1772705425.0098205,32767.47657086128,122878.03714072981,1.9999680524207324,8.999856235893295,34.8,0.0,0.0,0.0,0.0,0
2026-03-05T10:10:26+00:00,1772705426.0101497,0.0,12283.9554332606,0.0,2.9990125569483888,34.8,0.0,0.0,0.0,0.0,0
2026-03-05T10:10:27+00:00,1772705427.0103672,0.0,0.0,0.0,0.0,34.8,0.0,0.0,0.0,0.0,0
2026-03-05T10:10:28+00:00,1772705428.0102448,0.0,4096.501037843803,0.0,1.0001223236923347,34.8,0.0,0.0,0.0,0.0,0
2026-03-05T10:10:29+00:00,1772705429.0102177,0.0,4096.111331150949,0.0,1.0000271804567746,34.8,0.0,0.0,0.0,0.0,0
2026-03-05T10:10:30+00:00,1772705430.0099182,0.0,4097.226929908744,0.0,1.000299543434752,34.8,0.0,0.0,0.0,0.0,0
2026-03-05T10:10:31+00:00,1772705431.0099227,0.0,45055.79589936206,0.0,2.999986410202552,34.8,0.0,0.0,0.0,0.0,0
2026-03-05T10:10:32+00:00,1772705432.0100849,0.0,4095.336045143438,0.0,0.9998379016463471,34.8,0.0,0.0,0.0,0.0,0
2026-03-05T10:10:33+00:00,1772705433.0101137,0.0,4095.8818393462752,0.0,0.9999711521841492,34.8,0.0,0.0,0.0,0.0,0
2026-03-05T10:10:34+00:00,1772705434.010026,0.0,0.0,0.0,0.0,34.8,0.0,0.0,0.0,0.0,0
2026-03-05T10:10:35+00:00,1772705435.0099485,0.0,12288.952222221427,0.0,3.000232476128278,34.8,0.0,0.0,0.0,0.0,0
2026-03-05T10:10:36+00:00,1772705436.010271,0.0,98272.2992885262,0.0,3.998710094747974,34.8,0.0,0.0,0.0,0.0,0
2026-03-05T10:10:37+00:00,1772705437.010102,0.0,73740.4649976929,0.0,14.002366942921288,34.8,55.00929870433363,0.0,1.0001690673515207,0.0,0
2026-03-05T10:10:38+00:00,1772705438.0101736,0.0,0.0,0.0,0.0,34.8,0.0,65.99527964975955,0.0,0.9999284795418113,0
2026-03-05T10:10:39+00:00,1772705439.0099247,0.0,106522.51441217573,0.0,13.003236622580046,34.8,0.0,0.0,0.0,0.0,0
2026-03-05T10:10:40+00:00,1772705440.0100133,0.0,36860.73075870461,0.0,1.9998226323081927,34.8,0.0,0.0,0.0,0.0,0
2026-03-05T10:10:41+00:00,1772705441.0103128,0.0,65516.38087502026,0.0,3.998802543641373,34.8,0.0,0.0,0.0,0.0,0
2026-03-05T10:10:42+00:00,1772705442.0099611,0.0,0.0,0.0,0.0,34.8,0.0,0.0,0.0,0.0,1
2026-03-05T10:10:43+00:00,1772705443.010238,65517.86439500747,4094.866524687967,0.9997232726288982,0.9997232726288982,34.8,0.0,0.0,0.0,0.0,1
2026-03-05T10:10:44+00:00,1772705444.0101123,0.0,4096.514713109447,0.0,1.0001256623802361,34.8,55.00691143091299,66.0082937170956,1.0001256623802361,1.0001256623802361,1
2026-03-05T10:10:45+00:00,1772705445.0101886,0.0,61435.312857600584,0.0,1.999847423750019,34.8,0.0,0.0,0.0,0.0,1
2026-03-05T10:10:46+00:00,1772705446.009709,0.0,4097.965786734321,0.0,1.000479928401934,34.8,0.0,0.0,0.0,0.0,1
2026-03-05T10:10:47+00:00,1772705447.0102954,0.0,4093.5990644220165,0.0,0.9994138340874064,34.8,65.96131304976882,0.0,0.9994138340874064,0.0,1
2026-03-05T10:10:48+00:00,1772705448.0097928,0.0,4098.059628891398,0.0,1.0005028390848139,34.8,26110002.531255696,112.05631797749915,40.02011356339255,2.0010056781696277,1
2026-03-05T10:10:49+00:00,1772705449.0098565,0.0,0.0,0.0,0.0,34.8,34793353.13305508,0.0,23.998472310994376,0.0,1
2026-03-05T10:10:50+00:00,1772705450.0100498,0.0,4095.2081609204993,0.0,0.9998066799122313,34.8,30440236.153022744,0.0,20.995940278156855,0.0,1
2026-03-05T10:10:51+00:00,1772705451.010144,0.0,765879.8730035218,0.0,107.98983002117673,34.8,30443254.996148232,0.0,20.998022504117696,0.0,1
2026-03-05T10:10:52+00:00,1772705452.0102632,0.0,126960.86508547241,0.0,7.9990464393568805,34.8,34791420.539475024,0.0,23.99713931807064,0.0,1
2026-03-05T10:10:53+00:00,1772705453.010334,0.0,0.0,0.0,0.0,34.8,30483327.46588865,0.0,36.99738020374286,0.0,1
2026-03-05T10:10:54+00:00,1772705454.0099592,0.0,4097.535731833086,0.0,1.000374934529562,34.8,34808614.059918925,0.0,76.02849502424672,0.0,1
2026-03-05T10:10:55+00:00,1772705455.010285,0.0,4094.6664499352905,0.0,0.999674426253733,34.8,30436209.542001158,0.0,27.990883935104524,0.0,1
2026-03-05T10:10:56+00:00,1772705456.010022,0.0,20485.387158879337,0.0,4.001052179468621,34.8,30454130.69611688,0.0,22.005786987077414,0.0,1
2026-03-05T10:10:57+00:00,1772705457.0101202,0.0,0.0,0.0,0.0,34.8,34792205.41543027,65.99351755875726,46.99538371608471,0.9999017811932918,1
2026-03-05T10:10:58+00:00,1772705458.0099385,0.0,4096.744275841282,0.0,1.000181707969063,34.8,30451654.30299446,0.0,21.003815867350323,0.0,1
2026-03-05T10:10:59+00:00,1772705459.0101392,0.0,8190.355798820828,0.0,0.9997992918482456,34.8,32044529.11065503,0.0,21.9955844206614,0.0,1
2026-03-05T10:11:00+00:00,1772705460.0098484,0.0,16388.767011583837,0.0,4.00116382118746,34.8,33200385.018118408,0.0,23.006691971827895,0.0,1
2026-03-05T10:11:01+00:00,1772705461.0101085,0.0,65518.957557989175,0.0,4.998699764861235,34.8,30438204.576467294,0.0,20.994539012417185,0.0,1
2026-03-05T10:11:02+00:00,1772705462.01021,0.0,8191.168053247766,0.0,1.9997968879999428,34.8,34792118.29276449,53.99451597599845,24.997461099999285,0.9998984439999714,1
2026-03-05T10:11:03+00:00,1772705463.0103025,65529.938060768225,8191.242257596028,0.9999075021479527,1.9998150042959053,34.8,26100802.508495975,6848.366482211328,34.996762575178344,18.998242540811102,1
2026-03-05T10:11:04+00:00,1772705464.0098214,0.0,32783.7732139458,0.0,1.0004813602888734,34.8,211.1015670209523,383.18436099063854,4.001925441155493,3.0014440808666203,1
2026-03-05T10:11:05+00:00,1772705465.0101545,0.0,4094.6361964305847,0.0,0.9996670401441857,34.8,0.9996670401441857,0.0,0.9996670401441857,0.0,1
2026-03-05T10:11:06+00:00,1772705466.009982,0.0,8193.412352831625,0.0,2.0003448127030334,34.8,428.07378991844917,0.0,6.001034438109101,0.0,1
2026-03-05T10:11:07+00:00,1772705467.010389,0.0,12283.001057909523,0.0,2.998779555153692,34.8,427.8258832019268,0.0,5.997559110307384,0.0,1
2026-03-05T10:11:08+00:00,1772705468.009881,28686.574787824833,81961.6422509281,2.0010166565167995,1.0005083282583997,34.8,427.21705616633665,0.0,5.002541641291998,0.0,1
2026-03-05T10:11:09+00:00,1772705469.0099418,0.0,4095.750991701392,0.0,0.9999392069583477,34.8,426.97404137121447,0.0,4.9996960347917385,0.0,1
2026-03-05T10:11:10+00:00,1772705470.0099633,0.0,4095.9121112608877,0.0,0.9999785427883027,34.8,0.0,0.0,0.0,0.0,1
2026-03-05T10:11:11+00:00,1772705471.0102515,0.0,290732.1970076127,0.0,14.995677525013031,34.8,0.0,0.0,0.0,0.0,1
2026-03-05T10:11:12+00:00,1772705472.0101013,0.0,0.0,0.0,0.0,34.8,1.0001502262693762,0.0,1.0001502262693762,0.0,1
2026-03-05T10:11:13+00:00,1772705473.0100706,32769.00784349723,135172.15735442608,2.000061513885329,2.000061513885329,34.8,1.0000307569426645,142.00436748585835,1.0000307569426645,1.0000307569426645,1
2026-03-05T10:11:14+00:00,1772705474.0097957,0.0,4097.126286174765,0.0,1.0002749722106359,34.8,1.0002749722106359,0.0,1.0002749722106359,0.0,1
2026-03-05T10:11:15+00:00,1772705475.0101638,0.0,4094.492742349103,0.0,0.999632017175074,34.8,0.999632017175074,0.0,0.999632017175074,0.0,1
2026-03-05T10:11:16+00:00,1772705476.0099242,0.0,8193.963361067264,0.0,2.0004793361980626,34.8,1.0002396680990313,54.012942077347695,1.0002396680990313,1.0002396680990313,1
2026-03-05T10:11:17+00:00,1772705477.0102584,0.0,4094.6313168749193,0.0,0.9996658488464158,34.8,0.9996658488464158,0.0,0.9996658488464158,0.0,1
2026-03-05T10:11:18+00:00,1772705478.0098753,0.0,8195.139874882445,0.0,2.000766571016222,34.8,0.0,0.0,0.0,0.0,1
2026-03-05T10:11:19+00:00,1772705479.00984,0.0,12288.433609050307,0.0,2.0000705743896985,34.8,0.0,0.0,0.0,0.0,1
2026-03-05T10:11:20+00:00,1772705480.009976,0.0,4095.4434350113975,0.0,0.9998641198758295,34.8,0.0,0.0,0.0,0.0,1
2026-03-05T10:11:21+00:00,1772705481.0100942,77814.79796319253,507843.94460188807,3.9995270334700104,49.99408791837513,34.8,0.9998817583675026,0.0,0.9998817583675026,0.0,1
2026-03-05T10:11:22+00:00,1772705482.0101016,0.0,208894.45606609868,0.0,11.999911308944087,34.8,0.9999926090786739,0.0,0.9999926090786739,0.0,1
2026-03-05T10:11:23+00:00,1772705483.0104806,0.0,0.0,0.0,0.0,34.8,0.9996210581106195,0.0,0.9996210581106195,0.0,1
2026-03-05T10:11:24+00:00,1772705484.0100503,0.0,114737.37671780006,0.0,9.003874777310621,34.8,17405317.30059041,0.0,14.006027431372077,0.0,1
2026-03-05T10:11:25+00:00,1772705485.0099564,0.0,12289.15440531628,0.0,3.00028183723542,34.8,32347717.64496997,0.0,35.003288101079896,0.0,1
2026-03-05T10:11:26+00:00,1772705486.010238,0.0,16379.388017356754,0.0,2.9991555207562417,34.8,32967972.13087879,0.0,35.9898662490749,0.0,1
2026-03-05T10:11:27+00:00,1772705487.0101895,0.0,0.0,0.0,0.0,34.8,30447595.632315006,54.0026136709631,25.001210032853287,1.0000484013141315,1
2026-03-05T10:11:28+00:00,1772705488.0099032,0.0,8194.346374987688,0.0,1.0002864227279893,34.8,34805534.2415085,0.0,24.00687414547174,0.0,1
2026-03-05T10:11:29+00:00,1772705489.0098114,0.0,45060.136121846896,0.0,3.00027539873803,34.8,30601844.978633113,0.0,44.00403918149111,0.0,1
2026-03-05T10:11:30+00:00,1772705490.0102572,0.0,4094.174641947641,0.0,0.9995543559442482,34.8,32872034.24208815,0.0,29.986630678327447,0.0,1
2026-03-05T10:11:31+00:00,1772705491.0102277,0.0,45057.33207063121,0.0,3.0000886943335767,34.8,32355956.568387624,0.0,30.000886943335765,0.0,1
2026-03-05T10:11:32+00:00,1772705492.00994,0.0,4097.17905023423,0.0,1.0002878540610913,34.8,30454886.039862182,0.0,28.008059913710557,0.0,1
2026-03-05T10:11:33+00:00,1772705493.009919,0.0,4096.085939303079,0.0,1.0000209812751657,34.8,34796298.05538675,0.0,36.00075532590596,0.0,1
2026-03-05T10:11:34+00:00,1772705494.0099642,0.0,0.0,0.0,0.0,34.8,30444742.867456242,0.0,27.998731670613903,0.0,1
2026-03-05T10:11:35+00:00,1772705495.0100162,33552688.090640124,8191.5742408789365,22.998804631373968,1.999896054902084,34.8,31757109.416291058,0.0,30.998388850982305,0.0,1
2026-03-05T10:11:36+00:00,1772705496.0103521,29518147.916088637,16378.497942066104,26.99093288792632,2.9989925431029243,34.8,33471685.797079068,0.0,32.98891797413217,0.0,1
2026-03-05T10:11:37+00:00,1772705497.009926,29372642.331781123,4097.745861018572,22.00937718320522,1.0004262356002374,34.8,30459099.221085567,0.0,36.015344481608544,0.0,1
2026-03-05T10:11:38+00:00,1772705498.010286,33542356.347380508,0.0,23.99136282018221,0.0,34.8,34783045.68426341,0.0,32.98812387775054,0.0,1
2026-03-05T10:11:39+00:00,1772705499.0099516,29369952.28623619,4097.37057564679,21.007026877095356,1.000334613195017,34.8,30456309.674158297,0.0,33.01104223543556,0.0,1
2026-03-05T10:11:40+00:00,1772705500.0100079,33552544.106225714,28670.38680951904,23.99864967314652,6.999606154667735,34.8,30444408.99099496,0.0,31.99819956419536,0.0,1
2026-03-05T10:11:41+00:00,1772705501.0099578,15098611.95581787,53250.666149113495,12.00060084490238,4.000200281634126,34.8,34797310.22830485,0.0,32.00160225307301,0.0,1
2026-03-05T10:11:42+00:00,1772705502.010247,0.0,0.0,0.0,0.0,34.8,30437319.474355128,0.0,27.991904692556364,0.0,1
2026-03-05T10:11:43+00:00,1772705503.0101645,0.0,4096.3379185008525,0.0,1.0000824996339972,34.8,33370894.85950217,0.0,29.002392489385922,0.0,1
2026-03-05T10:11:44+00:00,1772705504.009894,0.0,24582.652190741657,0.0,6.001624070005287,34.8,31882175.478878148,0.0,42.01136849003701,0.0,1
2026-03-05T10:11:45+00:00,1772705505.0102541,0.0,12283.574836354795,0.0,2.9989196377819325,34.8,30435157.720034845,0.0,41.98487492894706,0.0,1
2026-03-05T10:11:46+00:00,1772705506.0098653,0.0,8195.186786090879,0.0,2.0007780239479684,34.8,34809103.89259358,0.0,25.009725299349604,0.0,1
2026-03-05T10:11:47+00:00,1772705507.0099123,0.0,28670.653383561,0.0,6.999671236220947,34.8,30444692.059696253,0.0,20.999013708662844,0.0,0
2026-03-05T10:11:48+00:00,1772705508.010155,0.0,8190.0122012088705,0.0,1.9995146975607594,34.8,4348564.559402115,0.0,5.998544092682278,0.0,0
2026-03-05T10:11:49+00:00,1772705509.010173,0.0,81918.51565189612,0.0,0.9999818805163099,34.8,65.99880411407645,0.0,0.9999818805163099,0.0,0
2026-03-05T10:11:50+00:00,1772705510.0104582,0.0,16379.32945679895,0.0,1.9994298653319031,34.8,0.0,0.0,0.0,0.0,0
2026-03-05T10:11:51+00:00,1772705511.009904,0.0,520480.51442242437,0.0,51.028286162693085,34.8,66.0366056223087,0.0,1.0005546306410409,0.0,0
2026-03-05T10:11:52+00:00,1772705512.0100183,0.0,61432.96955457063,0.0,7.999084577418051,34.8,0.0,681.9219602248888,0.0,6.999199005240794,0
2026-03-05T10:11:53+00:00,1772705513.0103347,0.0,0.0,0.0,0.0,34.8,41.98671618166612,131.95825085666493,0.9996837186110981,1.9993674372221961,0
2026-03-05T10:11:54+00:00,1772705514.0099354,0.0,61464.54593525924,0.0,2.0007990213300535,34.8,0.0,0.0,0.0,0.0,0
2026-03-05T10:11:55+00:00,1772705515.0099192,0.0,4096.066407326626,0.0,1.000016212726227,34.8,66.001070039931,0.0,1.000016212726227,0.0,0
2026-03-05T10:11:56+00:00,1772705516.0100613,0.0,20477.090257217096,0.0,3.999431690862714,34.8,0.0,89.98721304441106,0.0,0.9998579227156785,0
2026-03-05T10:11:57+00:00,1772705517.0101833,0.0,0.0,0.0,0.0,34.8,0.0,0.0,0.0,0.0,0
2026-03-05T10:11:58+00:00,1772705518.0099404,0.0,77842.91182116169,0.0,3.0007290227113113,34.8,0.0,0.0,0.0,0.0,0
2026-03-05T10:11:59+00:00,1772705519.0099158,220677.41920046273,4096.100588407661,8.000196461733713,1.0000245577167142,34.8,1827.0448669484367,1335.0327845518134,15.000368365750711,11.000270134883856,0
2026-03-05T10:12:00+00:00,1772705520.0097477,0.0,4096.688592304605,0.0,1.0001681133556164,34.8,54.00907812120329,0.0,1.0001681133556164,0.0,0
2026-03-05T10:12:01+00:00,1772705521.0102594,0.0,45032.95905443887,0.0,2.9984658461318494,34.8,53.97238523037329,0.0,0.9994886153772832,0.0,0
2026-03-05T10:12:02+00:00,1772705522.0101924,0.0,4096.274432448272,0.0,1.0000670001094414,34.8,0.0,0.0,0.0,0.0,0
2026-03-05T10:12:03+00:00,1772705523.009793,0.0,4097.63639568395,0.0,1.0003995106650267,34.8,0.0,0.0,0.0,0.0,0
2026-03-05T10:12:04+00:00,1772705524.0102816,0.0,0.0,0.0,0.0,34.8,0.0,0.0,0.0,0.0,0
2026-03-05T10:12:05+00:00,1772705525.0101016,0.0,49160.84924916819,0.0,4.0007201537409,34.8,1295.2331497736166,3409.6137510256826,7.001260269046576,5.000900192176125,0
2026-03-05T10:12:06+00:00,1772705526.010257,32762.907041694834,241626.4394324994,1.9996891504940695,11.998134902964416,34.8,882.8627599431317,1661.7416840605717,4.999222876235174,7.998756601976278,0
2026-03-05T10:12:07+00:00,1772705527.0102825,0.0,561137.6849355011,0.0,49.99872449314099,34.8,341.9912755330844,877.9776020995558,4.9998724493141,5.999846939176919,0
2026-03-05T10:12:08+00:00,1772705528.0098438,0.0,0.0,0.0,0.0,34.8,833.3655893050006,1346.590736139893,10.004388827190883,16.007022123505415,0
2026-03-05T10:12:09+00:00,1772705529.0097961,0.0,81923.90643627339,0.0,10.000476859896654,34.8,9426.449488138587,8173.389737593536,15.000715289844983,20.00095371979331,0
2026-03-05T10:12:10+00:00,1772705530.0099726,0.0,86000.82689573697,0.0,1.9996472027468604,34.8,53.99047447416523,365.93543810267545,0.9998236013734302,0.9998236013734302,0
2026-03-05T10:12:11+00:00,1772705531.0099072,0.0,90117.88710333497,0.0,4.000261323834117,34.8,54.003527871760575,0.0,1.0000653309585292,0.0,0
2026-03-05T10:12:12+00:00,1772705532.0101125,0.0,0.0,0.0,0.0,34.8,0.0,0.0,0.0,0.0,0
2026-03-05T10:12:13+00:00,1772705533.00992,21545014.479245003,585840.8576786529,427.0822740739469,87.01676310171752,34.8,465.0895958884902,0.0,3.0005780379902594,0.0,0
2026-03-05T10:12:14+00:00,1772705534.0100853,32762.579021968544,77811.12517717529,0.9998345648794111,9.998345648794112,34.8,154.97435755630872,0.0,0.9998345648794111,0.0,0
2026-03-05T10:12:15+00:00,1772705535.0098166,65553.61410787095,598176.7287343225,1.000268769956527,65.01747004717426,34.8,4796.288751941547,7930.130808215346,20.00537539913054,22.005912939043593,0
2026-03-05T10:12:16+00:00,1772705536.0098865,0.0,126967.13050240584,0.0,13.999022075303062,34.8,53.99622800474038,661.9537581321877,0.9999301482359331,2.999790444707799,0
2026-03-05T10:12:17+00:00,1772705537.0098114,192526.45909371722,20481.53820145928,3.0002253224793867,4.000300429972516,34.8,155.01164166143496,0.0,1.000075107493129,0.0,0
2026-03-05T10:12:18+00:00,1772705538.0101662,20472.73695168874,4094.547390337748,4.998226794845884,0.9996453589691767,34.8,1476.476195197474,260.90743869095513,2.99893607690753,2.99893607690753,0
2026-03-05T10:12:19+00:00,1772705539.0102406,0.0,4095.6953351629804,0.0,0.9999256189362745,34.8,0.0,0.0,0.0,0.0,0
2026-03-05T10:12:20+00:00,1772705540.0099392,0.0,0.0,0.0,0.0,34.8,0.0,0.0,0.0,0.0,0
2026-03-05T10:12:21+00:00,1772705541.0098538,0.0,16385.398556872216,0.0,3.0002560834116605,34.8,0.0,0.0,0.0,0.0,0
2026-03-05T10:12:22+00:00,1772705542.0102816,0.0,8188.497591810296,0.0,1.9991449198755606,34.8,154.93373129035595,0.0,0.9995724599377803,0.0,0
2026-03-05T10:12:23+00:00,1772705543.0099125,0.0,0.0,0.0,0.0,34.8,0.0,0.0,0.0,0.0,0
2026-03-05T10:12:24+00:00,1772705544.0100126,360411.90986391477,36860.30896335492,8.999098868006572,4.999499371114762,34.8,53.99459320803943,141.98578213965925,0.9998998742229525,0.9998998742229525,0
2026-03-05T10:12:25+00:00,1772705545.010123,0.0,16382.191605874654,0.0,2.9996688731459935,34.8,0.0,0.0,0.0,0.0,0
2026-03-05T10:12:26+00:00,1772705546.0099058,0.0,45065.788258815715,0.0,4.000868986045429,34.8,0.0,0.0,0.0,0.0,0
2026-03-05T10:12:27+00:00,1772705547.0103667,0.0,0.0,0.0,0.0,34.8,0.0,0.0,0.0,0.0,0
2026-03-05T10:12:28+00:00,1772705548.0102062,0.0,61449.85998052762,0.0,2.0003209629078,34.8,0.0,0.0,0.0,0.0,0
2026-03-05T10:12:29+00:00,1772705549.0098584,0.0,114727.90841349967,0.0,27.009395291264045,34.8,0.0,0.0,0.0,0.0,0
2026-03-05T10:12:30+00:00,1772705550.0100024,0.0,4095.410241178114,0.0,0.9998560159126255,34.8,0.0,0.0,0.0,0.0,0
2026-03-05T10:12:31+00:00,1772705551.010377,0.0,45039.13034206215,0.0,2.998876753954777,34.8,0.0,0.0,0.0,0.0,0
2026-03-05T10:12:32+00:00,1772705552.009855,65570.2209848728,69668.35979642734,1.000522170789685,2.00104434157937,34.8,453.2365433677273,539.2814500556402,5.002610853948425,4.00208868315874,0
2026-03-05T10:12:33+00:00,1772705553.0099425,71673.72857609094,69625.90775963121,0.9999125080369831,1.9998250160739661,34.8,3646.6809168108775,8188.283528314855,12.998862604480781,17.998425144665696,0
2026-03-05T10:12:34+00:00,1772705554.0098839,2430094.527402339,20481.20124232903,74.00434042638419,3.0001759632317913,34.8,2961.173675709778,13168.772361278743,18.001055779390747,22.001290397033134,0
2026-03-05T10:12:35+00:00,1772705555.0099328,73724.39666049113,0.0,2.999853379740036,0.0,34.8,53.997360835320656,53.997360835320656,0.9999511265800121,0.9999511265800121,0
2026-03-05T10:12:36+00:00,1772705556.0099502,0.0,16383.714848712933,0.0,3.999930382986556,34.8,0.0,0.0,0.0,0.0,0
2026-03-05T10:12:37+00:00,1772705557.010188,65520.40995952139,4095.025622470087,0.9997621148608611,0.9997621148608611,34.8,0.0,0.0,0.0,0.0,0
2026-03-05T10:12:38+00:00,1772705558.0102043,0.0,0.0,0.0,0.0,34.8,0.0,0.0,0.0,0.0,0
2026-03-05T10:12:39+00:00,1772705559.0101256,0.0,16385.28916392901,0.0,2.000157368643678,34.8,0.0,0.0,0.0,0.0,0
2026-03-05T10:12:40+00:00,1772705560.0101707,0.0,4095.8154380040687,0.0,0.9999549409189621,34.8,0.0,0.0,0.0,0.0,0
2026-03-05T10:12:41+00:00,1772705561.0101511,0.0,569355.1310769912,0.0,55.00107528881399,34.8,0.0,0.0,0.0,0.0,0
2026-03-05T10:12:42+00:00,1772705562.0099158,0.0,16387.856376229127,0.0,3.000706123577111,34.8,0.0,0.0,0.0,0.0,0
2026-03-05T10:12:43+00:00,1772705563.0102155,65516.36525937771,12284.318486133321,0.9997003976345475,1.999400795269095,34.8,0.0,0.0,0.0,0.0,0
2026-03-05T10:12:44+00:00,1772705564.010255,0.0,4095.8378970406275,0.0,0.9999604240821844,34.8,107.99572580087592,278.98895831892946,1.9999208481643689,3.9998416963287378,0
2026-03-05T10:12:45+00:00,1772705565.010392,0.0,135149.5044842782,0.0,27.99616866092411,34.8,0.0,0.0,0.0,0.0,0
2026-03-05T10:12:46+00:00,1772705566.0099707,65563.62101133514,61465.89469812669,4.001685852742623,3.0012643895569675,34.8,0.0,0.0,0.0,0.0,0
2026-03-05T10:12:47+00:00,1772705567.0102732,0.0,4094.761117015483,0.0,0.9996975383338581,34.8,0.0,0.0,0.0,0.0,0
2026-03-05T10:12:48+00:00,1772705568.010405,0.0,86004.66067472621,0.0,1.9997363438133886,34.8,0.0,0.0,0.0,0.0,0
2026-03-05T10:12:49+00:00,1772705569.0098894,0.0,4098.11339456378,0.0,1.000515965469673,34.8,0.0,0.0,0.0,0.0,0
2026-03-05T10:12:50+00:00,1772705570.0102036,0.0,0.0,0.0,0.0,34.8,0.0,0.0,0.0,0.0,0
2026-03-05T10:12:51+00:00,1772705571.0098562,0.0,20487.11672999277,0.0,4.001389986326713,34.8,0.0,0.0,0.0,0.0,0
2026-03-05T10:12:52+00:00,1772705572.0103562,0.0,4093.953171777435,0.0,0.9995002860784753,34.8,0.0,0.0,0.0,0.0,0
2026-03-05T10:12:53+00:00,1772705573.0097935,24589.8359100217,0.0,2.001125969240047,0.0,34.8,0.0,0.0,0.0,0.0,0
2026-03-05T10:12:54+00:00,1772705574.0099597,0.0,4095.319449029929,0.0,0.9998338498608225,34.8,0.0,0.0,0.0,0.0,0
2026-03-05T10:12:55+00:00,1772705575.0101347,0.0,4095.2833285419583,0.0,0.999825031382314,34.8,0.0,0.0,0.0,0.0,0
2026-03-05T10:12:56+00:00,1772705576.009953,32773.954206730254,49160.93131009538,1.000181707969063,4.000726831876252,34.8,0.0,0.0,0.0,0.0,0
2026-03-05T10:12:57+00:00,1772705577.01019,0.0,0.0,0.0,0.0,34.8,0.0,0.0,0.0,0.0,0
2026-03-05T10:12:58+00:00,1772705578.0099957,0.0,16387.18421247796,0.0,2.000388697812251,34.8,0.0,0.0,0.0,0.0,0
2026-03-05T10:12:59+00:00,1772705579.010032,0.0,12287.554703637372,0.0,2.9998912850677177,34.8,0.0,0.0,0.0,0.0,0
2026-03-05T10:13:00+00:00,1772705580.0100222,0.0,73728.72071017006,0.0,3.0000293257718935,34.8,0.0,0.0,0.0,0.0,0
2026-03-05T10:13:01+00:00,1772705581.0098848,0.0,0.0,0.0,0.0,34.8,55.00755413798892,66.0090649655867,1.000137347963435,1.000137347963435,0
2026-03-05T10:13:02+00:00,1772705582.010211,0.0,61419.96747124179,0.0,5.998043698363457,34.8,0.0,0.0,0.0,0.0,0
2026-03-05T10:13:03+00:00,1772705583.0098763,0.0,4097.371552863174,0.0,1.0003348517732358,34.8,55.018416847527966,66.02210021703355,1.0003348517732358,1.0003348517732358,0
2026-03-05T10:13:04+00:00,1772705584.0102973,0.0,4094.2761164613553,0.0,0.9995791299954481,34.8,0.9995791299954481,0.0,0.9995791299954481,0.0,0
2026-03-05T10:13:05+00:00,1772705585.0100458,0.0,0.0,0.0,0.0,34.8,1.0002515948850164,0.0,1.0002515948850164,0.0,0
2026-03-05T10:13:06+00:00,1772705586.0100355,0.0,139265.42774901228,0.0,5.00005126052003,34.8,428.00438790051453,0.0,6.000061512624035,0.0,0
2026-03-05T10:13:07+00:00,1772705587.010376,0.0,16378.42377349173,0.0,3.9986386165751293,34.8,427.8543319735388,0.0,5.9979579248626935,0.0,0
2026-03-05T10:13:08+00:00,1772705588.0101724,0.0,0.0,0.0,0.0,34.8,427.08695894788303,0.0,5.001018254659051,0.0,0
2026-03-05T10:13:09+00:00,1772705589.0099504,100317435.23008136,864447.8795051144,1149.2550975074241,112.02486590150697,34.8,427.09480124949533,0.0,5.001110084888704,0.0,0
2026-03-05T10:13:10+00:00,1772705590.0097957,10166821.149425024,1163444.0239495141,366.0566412830812,131.02027324613016,34.8,3653.565329527584,6102.944330899895,21.00324990968499,19.002940394476894,0
2026-03-05T10:13:11+00:00,1772705591.0098937,12542258.983590541,2096946.5201349794,260.97442710648994,272.9732513412711,34.8,278.97266345866166,478.9530673716808,1.9998040391301912,3.9996080782603824,0
2026-03-05T10:13:12+00:00,1772705592.0099082,196605.1406665848,98302.5703332924,3.9999418267127442,2.999956370034558,34.8,0.9999854566781861,0.0,0.9999854566781861,0.0,0
2026-03-05T10:13:13+00:00,1772705593.0100741,2223247.075867461,290767.75019404053,95.98407246722289,52.991206674612634,34.8,0.9998340882002383,0.0,0.9998340882002383,0.0,0
2026-03-05T10:13:14+00:00,1772705594.010111,147450.55098261777,282613.5560500174,4.99981523242926,37.99859576646237,34.8,0.9999630464858519,0.0,0.9999630464858519,0.0,0
2026-03-05T10:13:15+00:00,1772705595.0099194,0.0,303162.1127020389,0.0,37.00709383569811,34.8,535.1025730296888,456.0874267318469,9.001725527602241,8.001533802313103,0
2026-03-05T10:13:16+00:00,1772705596.010147,0.0,0.0,0.0,0.0,34.8,5745.691764918447,71606.69588981276,42.99021156977436,64.98520353570542,0
2026-03-05T10:13:17+00:00,1772705597.0098975,0.0,163880.908649291,0.0,34.00848934372494,34.8,1.0002496865801451,0.0,1.0002496865801451,0.0,0
2026-03-05T10:13:18+00:00,1772705598.0099404,0.0,118778.90256250829,0.0,26.998841335430054,34.8,0.0,0.0,0.0,0.0,0
2026-03-05T10:13:19+00:00,1772705599.0100925,0.0,286676.3933518032,0.0,33.99482901074675,34.8,0.0,0.0,0.0,0.0,0
2026-03-05T10:13:20+00:00,1772705600.0103521,65518.98879175324,28664.557596392042,0.9997404295616644,1.9994808591233288,34.8,0.0,0.0,0.0,0.0,0
2026-03-05T10:13:21+00:00,1772705601.010468,0.0,102388.13614030738,0.0,19.997682839903785,34.8,0.9998841419951893,0.0,0.9998841419951893,0.0,0
2026-03-05T10:13:22+00:00,1772705602.009926,0.0,147535.9534850768,0.0,19.0103021661815,34.8,1.0005422192727105,0.0,1.0005422192727105,0.0,0
2026-03-05T10:13:23+00:00,1772705603.010503,0.0,0.0,0.0,0.0,34.8,0.9994233597444102,0.0,0.9994233597444102,0.0,0
2026-03-05T10:13:24+00:00,1772705604.0099564,61473.60724005734,73768.32868806881,1.0005469928394748,16.008751885431597,34.8,1.0005469928394748,0.0,1.0005469928394748,0.0,0
2026-03-05T10:13:25+00:00,1772705605.0102086,0.0,53234.57174660971,0.0,12.996721617824637,34.8,0.9997478167557412,0.0,0.9997478167557412,0.0,0
2026-03-05T10:13:26+00:00,1772705606.0099194,167984.5814326472,53263.403868888134,3.000867856194869,13.003760710177767,34.8,1.0002892853982897,0.0,1.0002892853982897,0.0,0
2026-03-05T10:13:27+00:00,1772705607.0105188,0.0,4093.546392528816,0.0,0.9994009747384804,34.8,0.0,0.0,0.0,0.0,0
2026-03-05T10:13:28+00:00,1772705608.0102189,0.0,8194.457768409886,0.0,1.0003000205578474,34.8,0.0,0.0,0.0,0.0,0
2026-03-05T10:13:29+00:00,1772705609.0102031,0.0,4096.064454139227,0.0,1.0000157358738346,34.8,0.0,0.0,0.0,0.0,0
2026-03-05T10:13:30+00:00,1772705610.0099254,0.0,4097.1380114038675,0.0,1.0002778348153973,34.8,0.0,0.0,0.0,0.0,0
2026-03-05T10:13:31+00:00,1772705611.0099332,0.0,81919.35547382101,0.0,0.9999921322487917,34.8,0.0,0.0,0.0,0.0,0
2026-03-05T10:13:32+00:00,1772705612.009952,24575.537118093413,61438.84279523353,0.9999811652870041,4.99990582643502,34.8,0.0,0.0,0.0,0.0,0
2026-03-05T10:13:33+00:00,1772705613.0099995,0.0,4095.805673282389,0.0,0.9999525569537082,34.8,0.0,0.0,0.0,0.0,0
2026-03-05T10:13:34+00:00,1772705614.0103507,0.0,4094.5620284395477,0.0,0.999648932724499,34.8,65.97682955981693,0.0,0.999648932724499,0.0,0
2026-03-05T10:13:35+00:00,1772705615.0101142,0.0,0.0,0.0,0.0,34.8,204.04825970497782,154.03643134591465,4.000946268725055,3.0007097015437916,0
2026-03-05T10:13:36+00:00,1772705616.009887,0.0,589958.0460819998,0.0,47.01068143353609,34.8,0.0,0.0,0.0,0.0,0
2026-03-05T10:13:37+00:00,1772705617.0099864,0.0,16382.371255680651,0.0,2.999701768007932,34.8,0.0,0.0,0.0,0.0,0
2026-03-05T10:13:38+00:00,1772705618.0105023,0.0,0.0,0.0,0.0,34.8,0.0,0.0,0.0,0.0,0
2026-03-05T10:13:39+00:00,1772705619.0099056,0.0,4098.445795494586,0.0,1.0005971180406703,34.8,0.0,142.0847907617752,0.0,1.0005971180406703,0
2026-03-05T10:13:40+00:00,1772705620.0100877,258001.0046540366,143333.89147446476,3.9992715255152,6.998725169651601,34.8,0.0,0.0,0.0,0.0,0
2026-03-05T10:13:41+00:00,1772705621.0100234,0.0,36866.37319964502,0.0,7.000450640123566,34.8,0.0,0.0,0.0,0.0,0
2026-03-05T10:13:42+00:00,1772705622.0099292,0.0,61445.78667777484,0.0,3.0002825526257246,34.8,0.0,0.0,0.0,0.0,0
2026-03-05T10:13:43+00:00,1772705623.009904,0.0,1056794.707706217,0.0,170.00429641137592,34.8,0.0,0.0,0.0,0.0,0
2026-03-05T10:13:44+00:00,1772705624.0099676,0.0,4095.7392744097074,0.0,0.9999363462914325,34.8,0.0,0.0,0.0,0.0,0
2026-03-05T10:13:45+00:00,1772705625.0103145,0.0,32756.636754398907,0.0,6.997572548852306,34.8,0.0,0.0,0.0,0.0,0
2026-03-05T10:13:46+00:00,1772705626.0102553,0.0,0.0,0.0,0.0,34.8,55.003252221715684,66.00390266605882,1.0000591313039215,1.0000591313039215,0
2026-03-05T10:13:47+00:00,1772705627.0102193,0.0,57346.06452745048,0.0,4.000144010006311,34.8,0.0,0.0,0.0,0.0,0
2026-03-05T10:13:48+00:00,1772705628.0098422,0.0,4097.545504805708,0.0,1.0003773205092061,34.8,55.02075262800634,0.0,1.0003773205092061,0.0,0
2026-03-05T10:13:49+00:00,1772705629.0098186,0.0,16384.386727878107,0.0,3.0000708119893997,34.8,0.0,66.00155786376679,0.0,1.0000236039964665,0
2026-03-05T10:13:50+00:00,1772705630.010122,0.0,81895.14426263658,0.0,0.9996965852372629,34.8,0.0,0.0,0.0,0.0,0
2026-03-05T10:13:51+00:00,1772705631.0102322,0.0,16382.195511263322,0.0,3.999559450992022,34.8,0.0,0.0,0.0,0.0,0
2026-03-05T10:13:52+00:00,1772705632.0099916,0.0,12290.956765979976,0.0,3.00072186669433,34.8,0.0,0.0,0.0,0.0,0
2026-03-05T10:13:53+00:00,1772705633.0103743,0.0,0.0,0.0,0.0,34.8,0.0,0.0,0.0,0.0,0
2026-03-05T10:13:54+00:00,1772705634.009897,0.0,4097.956011756786,0.0,1.0004775419328091,34.8,0.0,0.0,0.0,0.0,0
2026-03-05T10:13:55+00:00,1772705635.0103095,0.0,90074.84735538368,0.0,14.993815588720206,34.8,0.0,0.0,0.0,0.0,0
2026-03-05T10:13:56+00:00,1772705636.009802,0.0,135236.6129360981,0.0,3.0015228368274616,34.8,0.0,0.0,0.0,0.0,0
2026-03-05T10:13:57+00:00,1772705637.0100641,28664.489272663435,49139.12446742303,0.999738046619121,2.999214139857363,34.8,0.0,0.0,0.0,0.0,0
2026-03-05T10:13:58+00:00,1772705638.0101712,0.0,4095.5615703713665,0.0,0.9998929615164469,34.8,0.0,0.0,0.0,0.0,0
2026-03-05T10:13:59+00:00,1772705639.0098157,0.0,40974.56572472944,0.0,8.002844868111218,34.8,0.0,0.0,0.0,0.0,0
2026-03-05T10:14:00+00:00,1772705640.0098233,0.0,4095.9687502384168,0.0,0.999992370663676,34.8,0.0,0.0,0.0,0.0,0
2026-03-05T10:14:01+00:00,1772705641.0099285,0.0,0.0,0.0,0.0,34.8,244.97424277280263,0.0,2.999684605381257,0.0,0
2026-03-05T10:14:02+00:00,1772705642.010358,0.0,57319.37386138482,0.0,4.997852771116841,34.8,4793.940378055273,5494.639336565854,10.995276096457049,16.99269942179726,0
2026-03-05T10:14:03+00:00,1772705643.0100014,0.0,40974.614587646276,0.0,3.001070404368624,34.8,0.0,0.0,0.0,0.0,0
2026-03-05T10:14:04+00:00,1772705644.0099647,0.0,528403.4011029649,0.0,31.00113825208922,34.8,0.0,0.0,0.0,0.0,0
2026-03-05T10:14:05+00:00,1772705645.0103211,0.0,0.0,0.0,0.0,34.8,0.0,0.0,0.0,0.0,0
2026-03-05T10:14:06+00:00,1772705646.010064,0.0,4097.053982078233,0.0,1.0002573198433187,34.8,0.0,0.0,0.0,0.0,0
2026-03-05T10:14:07+00:00,1772705647.0102139,0.0,12286.15750287311,0.0,2.9995501715998802,34.8,0.0,0.0,0.0,0.0,0
2026-03-05T10:14:08+00:00,1772705648.0099163,0.0,0.0,0.0,0.0,34.8,0.0,0.0,0.0,0.0,0
2026-03-05T10:14:09+00:00,1772705649.0103688,0.0,135106.8616506069,0.0,2.9986430586516093,34.8,0.0,0.0,0.0,0.0,0
2026-03-05T10:14:10+00:00,1772705650.0099187,14342.456031080885,92201.50305694855,5.0022516849472956,7.003152358926213,34.8,0.0,0.0,0.0,0.0,0
2026-03-05T10:14:11+00:00,1772705651.009916,409601.07422156725,32768.08593772538,17.00004458439122,6.000015735667489,34.8,0.0,0.0,0.0,0.0,0
2026-03-05T10:14:12+00:00,1772705652.0099187,4095.9892578406725,212991.44140771497,0.9999973774025079,11.999968528830095,34.8,0.0,0.0,0.0,0.0,0
2026-03-05T10:14:13+00:00,1772705653.0100272,0.0,4095.5557122590358,0.0,0.9998915313132412,34.8,0.0,0.0,0.0,0.0,0
2026-03-05T10:14:14+00:00,1772705654.01029,0.0,77803.5581052227,0.0,3.998949326954292,34.8,0.0,0.0,0.0,0.0,0
2026-03-05T10:14:15+00:00,1772705655.0099623,0.0,143406.97828010484,0.0,32.01048622323769,34.8,0.0,0.0,0.0,0.0,0
2026-03-05T10:14:16+00:00,1772705656.0100696,0.0,0.0,0.0,0.0,34.8,0.0,0.0,0.0,0.0,0
2026-03-05T10:14:17+00:00,1772705657.0102003,0.0,53241.04387759091,0.0,3.9994774547469136,34.8,0.0,0.0,0.0,0.0,0
2026-03-05T10:14:18+00:00,1772705658.0102272,0.0,86013.68267961912,0.0,2.999919178279127,34.8,0.0,0.0,0.0,0.0,0
2026-03-05T10:14:19+00:00,1772705659.0099216,0.0,4097.252335904748,0.0,1.0003057460704952,34.8,0.0,0.0,0.0,0.0,0
2026-03-05T10:14:20+00:00,1772705660.0098836,0.0,0.0,0.0,0.0,34.8,0.0,0.0,0.0,0.0,0
2026-03-05T10:14:21+00:00,1772705661.0098717,65536.78125931334,4096.048828707084,1.0000119210710654,1.0000119210710654,34.8,0.0,0.0,0.0,0.0,0
2026-03-05T10:14:22+00:00,1772705662.0099332,4095.748062372186,626649.4535429444,0.9999384917900844,99.99384917900844,34.8,149.99077376851267,131.99188091629114,1.9998769835801689,1.9998769835801689,0
2026-03-05T10:14:23+00:00,1772705663.0103612,0.0,0.0,0.0,0.0,34.8,0.0,0.0,0.0,0.0,0
2026-03-05T10:14:24+00:00,1772705664.0102172,0.0,4096.589928702578,0.0,1.0001440255621528,34.8,0.0,0.0,0.0,0.0,0
2026-03-05T10:14:25+00:00,1772705665.0103855,61941.57377646299,4095.3106629066438,1.9996634096223846,0.9998317048111923,34.8,0.0,53.99091205980439,0.0,0.9998317048111923,0
2026-03-05T10:14:26+00:00,1772705666.0101564,0.0,12290.8160749073,0.0,3.000687518287915,34.8,0.0,0.0,0.0,0.0,0
2026-03-05T10:14:27+00:00,1772705667.0099628,81935.86244590428,45064.72434524735,5.000968166864275,3.000580900118565,34.8,1082.209511309429,342.06622261351635,7.001355433609985,4.00077453349142,0
2026-03-05T10:14:28+00:00,1772705668.0100713,0.0,69624.4471084036,0.0,14.998372969698616,34.8,4494.512433253019,21103.710659897268,18.99793909495158,34.996203595963436,0
2026-03-05T10:14:29+00:00,1772705669.0100234,0.0,16384.785193878168,0.0,2.000095848862081,34.8,1426.0683402386637,4424.212017682923,6.000287546586242,8.000383395448324,0
2026-03-05T10:14:30+00:00,1772705670.0101085,0.0,4095.651396859007,0.0,0.999914891811281,34.8,3317.7176110298306,10836.077682558853,12.998893593546654,20.9982127280369,0
2026-03-05T10:14:31+00:00,1772705671.0097623,0.0,0.0,0.0,0.0,34.8,0.0,0.0,0.0,0.0,0
2026-03-05T10:14:32+00:00,1772705672.0101645,0.0,589586.8610051833,0.0,48.98029952876448,34.8,0.0,0.0,0.0,0.0,0
2026-03-05T10:14:33+00:00,1772705673.009952,0.0,53259.313926865776,0.0,6.001274856542868,34.8,757.1608444004919,2210.4695721599564,4.000849904361912,4.000849904361912,0
2026-03-05T10:14:34+00:00,1772705674.010013,0.0,8191.5000305157155,0.0,0.9999389685688129,34.8,53.9967043027159,107.9934086054318,0.9999389685688129,1.9998779371376258,0
2026-03-05T10:14:35+00:00,1772705675.0101585,0.0,81908.08766997368,0.0,0.9998545858151084,34.8,227.96684556584472,111.98371361129215,3.9994183432604338,1.9997091716302169,0
2026-03-05T10:14:36+00:00,1772705676.0099087,0.0,8194.047386565475,0.0,2.0004998502357116,34.8,0.0,0.0,0.0,0.0,0
2026-03-05T10:14:37+00:00,1772705677.0099497,0.0,16383.328152551117,0.0,2.9998769810579438,34.8,107.99557131808598,107.99557131808598,1.9999179873719626,1.9999179873719626,0
2026-03-05T10:14:38+00:00,1772705678.0103383,0.0,0.0,0.0,0.0,34.8,0.0,0.0,0.0,0.0,0
2026-03-05T10:14:39+00:00,1772705679.0098236,16392.437937141964,4098.109484285491,1.0005150108118874,1.0005150108118874,34.8,0.0,0.0,0.0,0.0,0
2026-03-05T10:14:40+00:00,1772705680.0101922,0.0,4094.490790662202,0.0,0.9996315406890142,34.8,0.0,0.0,0.0,0.0,0
2026-03-05T10:14:41+00:00,1772705681.0101757,8704.143190832177,12800.210574753202,3.000049353457782,4.000065804610376,34.8,0.0,0.0,0.0,0.0,0
2026-03-05T10:14:42+00:00,1772705682.0098832,0.0,53263.58170670369,0.0,3.0008778756030474,34.8,0.0,0.0,0.0,0.0,0
2026-03-05T10:14:43+00:00,1772705683.0101917,0.0,4094.7367178647714,0.0,0.999691581509954,34.8,0.0,0.0,0.0,0.0,0
2026-03-05T10:14:44+00:00,1772705684.0098507,0.0,69655.748331097,0.0,4.001364219387465,34.8,0.0,0.0,0.0,0.0,0
2026-03-05T10:14:45+00:00,1772705685.0099676,0.0,4095.5215402711074,0.0,0.9998831885427508,34.8,0.0,0.0,0.0,0.0,0
2026-03-05T10:14:46+00:00,1772705686.010284,16378.81804572423,0.0,0.9996837186110981,0.0,34.8,215.93168321999718,332.89467829749566,3.9987348744443922,4.99841859305549,0
2026-03-05T10:14:47+00:00,1772705687.0102556,0.0,16384.464856938834,0.0,4.000113490463582,34.8,0.0,0.0,0.0,0.0,0
2026-03-05T10:14:48+00:00,1772705688.0100873,0.0,131094.0662142628,0.0,17.00286198152517,34.8,0.0,0.0,0.0,0.0,0
2026-03-05T10:14:49+00:00,1772705689.0098891,0.0,12290.435052759372,0.0,3.000594495302581,34.8,0.0,0.0,0.0,0.0,0
2026-03-05T10:14:50+00:00,1772705690.0102935,16377.37767778837,0.0,0.9995958055290753,0.0,34.8,0.0,0.0,0.0,0.0,0
2026-03-05T10:14:51+00:00,1772705691.0102808,0.0,8192.103516933059,0.0,2.000025272688735,34.8,0.0,0.0,0.0,0.0,0
2026-03-05T10:14:52+00:00,1772705692.0103672,0.0,49147.75817860111,0.0,3.9996547996908456,34.8,0.0,0.0,0.0,0.0,0
2026-03-05T10:14:53+00:00,1772705693.00999,0.0,0.0,0.0,0.0,34.8,0.0,0.0,0.0,0.0,0
2026-03-05T10:14:54+00:00,1772705694.009847,0.0,221215.64515187527,0.0,21.00300450389441,34.8,0.0,0.0,0.0,0.0,0
2026-03-05T10:14:55+00:00,1772705695.0102932,0.0,4094.1726905639803,0.0,0.9995538795322217,34.8,0.0,0.0,0.0,0.0,0
2026-03-05T10:14:56+00:00,1772705696.0103126,0.0,4095.9208999650723,0.0,0.9999806884680352,34.8,0.0,0.0,0.0,0.0,0
2026-03-05T10:14:57+00:00,1772705697.0099187,0.0,8195.22783383882,0.0,2.000788045370806,34.8,0.0,0.0,0.0,0.0,0
2026-03-05T10:14:58+00:00,1772705698.0102344,0.0,4094.707439267733,0.0,0.9996844334149739,34.8,0.0,0.0,0.0,0.0,0
2026-03-05T10:14:59+00:00,1772705699.0100749,0.0,4096.653424535039,0.0,1.0001595274743749,34.8,0.0,0.0,0.0,0.0,0
2026-03-05T10:15:00+00:00,1772705700.0098357,0.0,536704.3441679956,0.0,44.01052440547435,34.8,0.0,0.0,0.0,0.0,0
2026-03-05T10:15:01+00:00,1772705701.0098479,0.0,0.0,0.0,0.0,34.8,0.0,0.0,0.0,0.0,0
2026-03-05T10:15:02+00:00,1772705702.009912,65531.79714454844,49148.84785841133,0.9999358695152045,3.999743478060818,34.8,0.0,0.0,0.0,0.0,0
2026-03-05T10:15:03+00:00,1772705703.0100303,0.0,86005.8293277391,0.0,1.9997635167350052,34.8,0.0,0.0,0.0,0.0,0
2026-03-05T10:15:04+00:00,1772705704.009939,0.0,12289.12217278294,0.0,3.000273967964585,34.8,1.0000913226548616,0.0,1.0000913226548616,0.0,0
2026-03-05T10:15:05+00:00,1772705705.009825,65543.46960126625,0.0,1.0001139770701026,0.0,34.8,1.0001139770701026,0.0,1.0001139770701026,0.0,0
2026-03-05T10:15:06+00:00,1772705706.0100927,0.0,167891.04816839859,0.0,18.994914224463923,34.8,427.8854362142399,0.0,5.998393965620186,0.0,0
2026-03-05T10:15:07+00:00,1772705707.0097296,0.0,90144.73258870425,0.0,8.002905947150591,34.8,1862.6763591993,4247.542331450176,15.005448650907358,10.003632433938238,0
2026-03-05T10:15:08+00:00,1772705708.0099306,444838.59328695753,0.0,9.997990535254187,0.0,34.8,1278.7429894590107,878.8233680488431,9.997990535254187,3.999196214101675,0
2026-03-05T10:15:09+00:00,1772705709.0099185,761865.2637845166,81920.996105862,27.000328306375415,12.000145913944628,34.8,715.0086940392008,854.0103842090595,9.000109435458471,6.000072956972314,0
2026-03-05T10:15:10+00:00,1772705710.009944,1703892.532358894,937960.0718994872,57.99852041204355,83.99785714847687,34.8,2958.924515504084,1298.966862331803,15.999591837805117,15.999591837805117,0
2026-03-05T10:15:11+00:00,1772705711.0103364,0.0,200625.26722577724,0.0,27.989016075024725,34.8,7015.246957661555,7747.959414197024,7.9968617357213505,14.994115754477532,0
2026-03-05T10:15:12+00:00,1772705712.0103598,413686.33421021636,90109.89458044317,10.999742990776754,2.9999299065754785,34.8,0.9999766355251595,0.0,0.9999766355251595,0.0,0
2026-03-05T10:15:13+00:00,1772705713.0097754,0.0,4098.394954212374,0.0,1.0005847056182553,34.8,1.0005847056182553,0.0,1.0005847056182553,0.0,0
2026-03-05T10:15:14+00:00,1772705714.0103276,0.0,4093.7395294308276,0.0,0.9994481273024481,34.8,0.9994481273024481,0.0,0.9994481273024481,0.0,0
2026-03-05T10:15:15+00:00,1772705715.0099921,0.0,4097.374484515121,0.0,1.0003355675085746,34.8,1.0003355675085746,0.0,1.0003355675085746,0.0,0
2026-03-05T10:15:16+00:00,1772705716.0100403,16383.210975499856,0.0,0.9999518417663487,0.0,34.8,0.9999518417663487,0.0,0.9999518417663487,0.0,0
2026-03-05T10:15:17+00:00,1772705717.0100777,0.0,102396.1671356582,0.0,3.9998502787366483,34.8,0.9999625696841621,0.0,0.9999625696841621,0.0,0
2026-03-05T10:15:18+00:00,1772705718.0098712,0.0,65549.53404438077,0.0,2.0004130262567372,34.8,0.0,0.0,0.0,0.0,0
2026-03-05T10:15:19+00:00,1772705719.0101817,0.0,4094.7289101979545,0.0,0.9996896753412975,34.8,0.0,0.0,0.0,0.0,0
2026-03-05T10:15:20+00:00,1772705720.0101044,0.0,0.0,0.0,0.0,34.8,0.0,0.0,0.0,0.0,0
2026-03-05T10:15:21+00:00,1772705721.0100522,0.0,741414.7119822322,0.0,106.00553493789468,34.8,1.0000522163952328,0.0,1.0000522163952328,0.0,0
2026-03-05T10:15:22+00:00,1772705722.0098317,0.0,127004.00910673707,0.0,6.001323514998287,34.8,1.0002205858330477,0.0,1.0002205858330477,0.0,0
2026-03-05T10:15:23+00:00,1772705723.0100918,0.0,0.0,0.0,0.0,34.8,0.9997399529722469,0.0,0.9997399529722469,0.0,0
2026-03-05T10:15:24+00:00,1772705724.0100012,0.0,4096.371127373791,0.0,1.000090607268992,34.8,1.000090607268992,0.0,1.000090607268992,0.0,0
2026-03-05T10:15:25+00:00,1772705725.0102284,0.0,12285.208642045052,0.0,1.9995456774161868,34.8,0.9997728387080934,0.0,0.9997728387080934,0.0,0
2026-03-05T10:15:26+00:00,1772705726.009797,0.0,8195.534727650242,0.0,2.0008629706177348,34.8,1.0004314853088674,0.0,1.0004314853088674,0.0,0
2026-03-05T10:15:27+00:00,1772705727.0101616,0.0,8189.014760120338,0.0,1.9992711816700044,34.8,0.0,0.0,0.0,0.0,0
2026-03-05T10:15:28+00:00,1772705728.0099611,0.0,53258.678899038816,0.0,6.0012033014241455,34.8,0.0,0.0,0.0,0.0,0
2026-03-05T10:15:29+00:00,1772705729.01003,0.0,16382.871171529634,0.0,1.9998622035558635,34.8,0.0,0.0,0.0,0.0,0
2026-03-05T10:15:30+00:00,1772705730.0099466,0.0,4096.341825399134,0.0,1.0000834534665854,34.8,0.0,0.0,0.0,0.0,0
2026-03-05T10:15:31+00:00,1772705731.0100226,0.0,0.0,0.0,0.0,34.8,0.0,0.0,0.0,0.0,0
2026-03-05T10:15:32+00:00,1772705732.0103047,0.0,49138.140627774555,0.0,3.9988721214009244,34.8,0.0,0.0,0.0,0.0,0
2026-03-05T10:15:33+00:00,1772705733.00991,0.0,4097.61684891819,0.0,1.0003947385054175,34.8,0.0,0.0,0.0,0.0,0
2026-03-05T10:15:34+00:00,1772705734.0099149,0.0,12287.941406529395,0.0,2.9999856949534656,34.8,0.0,141.99932289446403,0.0,0.9999952316511552,0
2026-03-05T10:15:35+00:00,1772705735.0101824,0.0,0.0,0.0,0.0,34.8,6702.207121755931,111.9700473801707,39.989302635775246,1.9994651317887624,0
2026-03-05T10:15:36+00:00,1772705736.010311,0.0,8190.947400892,0.0,1.9997430177958984,34.8,1507.8062354181075,0.0,8.998843580081543,0.0,0
2026-03-05T10:15:37+00:00,1772705737.0099282,0.0,86048.92763921284,0.0,12.00459369966697,34.8,1649.6312508959027,0.0,9.003445274750227,0.0,0
2026-03-05T10:15:38+00:00,1772705738.0099812,0.0,81915.66429198436,0.0,0.9999470738767622,34.8,6475.657250425912,0.0,35.99809465956344,0.0,0
2026-03-05T10:15:39+00:00,1772705739.0098128,0.0,40966.89569195712,0.0,7.0011784629809535,34.8,1508.2538745964682,0.0,9.001515166689797,0.0,0
2026-03-05T10:15:40+00:00,1772705740.0102518,0.0,4094.2029372197576,0.0,0.9995612639696674,34.8,1648.2765242859816,0.0,8.996051375727006,0.0,0
2026-03-05T10:15:41+00:00,1772705741.010185,0.0,36866.46110179627,0.0,6.00040056995382,34.8,6476.43234850349,0.0,36.00240341972292,0.0,0
2026-03-05T10:15:42+00:00,1772705742.010327,0.0,4095.4180514434192,0.0,0.9998579227156785,34.8,1507.7857474552434,0.0,8.998721304441107,0.0,0
2026-03-05T10:15:43+00:00,1772705743.0102663,0.0,4096.249038578233,0.0,1.000060800434139,34.8,1649.100259915895,0.0,9.000547203907251,0.0,0
2026-03-05T10:15:44+00:00,1772705744.0099127,0.0,4097.448754430489,0.0,1.0003536998121312,34.8,0.0,0.0,0.0,0.0,0
2026-03-05T10:15:45+00:00,1772705745.0097961,0.0,4096.477594743688,0.0,1.0001166002792208,34.8,0.0,0.0,0.0,0.0,0
2026-03-05T10:15:46+00:00,1772705746.0098178,0.0,0.0,0.0,0.0,34.8,0.0,0.0,0.0,0.0,0
2026-03-05T10:15:47+00:00,1772705747.0097892,0.0,73730.10943535143,0.0,4.000114444192243,34.8,0.0,0.0,0.0,0.0,0
2026-03-05T10:15:48+00:00,1772705748.009871,0.0,528340.7935723793,0.0,35.997056248118135,34.8,0.0,0.0,0.0,0.0,0
2026-03-05T10:15:49+00:00,1772705749.0101485,0.0,4094.8635966237853,0.0,0.9997225577694788,34.8,0.0,0.0,0.0,0.0,0
2026-03-05T10:15:50+00:00,1772705750.009943,0.0,0.0,0.0,0.0,34.8,0.0,0.0,0.0,0.0,0
2026-03-05T10:15:51+00:00,1772705751.0099099,0.0,45057.49321354787,0.0,4.000132565123213,34.8,0.0,0.0,0.0,0.0,0
2026-03-05T10:15:52+00:00,1772705752.0100343,65527.844764955684,282588.83054887137,0.9998755609887037,16.997884536807963,34.8,0.0,0.0,0.0,0.0,0
2026-03-05T10:15:53+00:00,1772705753.0102086,0.0,0.0,0.0,0.0,34.8,0.0,0.0,0.0,0.0,0
2026-03-05T10:15:54+00:00,1772705754.0103965,0.0,73714.15103935741,0.0,17.99661890609312,34.8,0.0,0.0,0.0,0.0,0
2026-03-05T10:15:55+00:00,1772705755.0097344,0.0,86072.98792635715,0.0,2.0013250540912657,34.8,0.0,0.0,0.0,0.0,0
2026-03-05T10:15:56+00:00,1772705756.0100462,0.0,69610.2919259455,0.0,1.9993764914391512,34.8,54.98285351457666,65.979424217492,0.9996882457195756,0.9996882457195756,0
2026-03-05T10:15:57+00:00,1772705757.0100758,0.0,45054.66800812888,0.0,2.9999113109105697,34.8,0.0,0.0,0.0,0.0,0
2026-03-05T10:15:58+00:00,1772705758.0098395,16387.87200860036,135199.94407095297,1.0002363286499243,2.0004726572998486,34.8,0.0,0.0,0.0,0.0,0
2026-03-05T10:15:59+00:00,1772705759.0098557,0.0,12287.800784479774,0.0,2.9999513633983823,34.8,0.0,0.0,0.0,0.0,0
2026-03-05T10:16:00+00:00,1772705760.0099869,0.0,24572.77776628221,0.0,4.999344434871869,34.8,0.0,0.0,0.0,0.0,0
2026-03-05T10:16:01+00:00,1772705761.010022,0.0,0.0,0.0,0.0,34.8,0.0,0.0,0.0,0.0,0
2026-03-05T10:16:02+00:00,1772705762.0102148,0.0,16380.840453165385,0.0,3.9992286262610803,34.8,83.9838011514827,0.0,0.9998071565652701,0.0,0
2026-03-05T10:16:03+00:00,1772705763.0100443,262188.695119145,4096.69836123664,4.0006819933951565,1.0001704983487891,34.8,342.0583104352859,292.04978551784643,4.0006819933951565,1.0001704983487891,0
2026-03-05T10:16:04+00:00,1772705764.0100498,0.0,4095.977539185667,0.0,0.9999945164027507,34.8,435.9976091515993,456.9974939960571,4.999972582013753,3.999978065611003,0
2026-03-05T10:16:05+00:00,1772705765.0098448,0.0,86033.64033572405,0.0,3.0006152460841258,34.8,84.01722689035552,0.0,1.000205082028042,0.0,0
2026-03-05T10:16:06+00:00,1772705766.009885,0.0,4095.834967587108,0.0,0.9999597088835713,34.8,83.99661554621999,0.0,0.9999597088835713,0.0,0
2026-03-05T10:16:07+00:00,1772705767.010014,0.0,49145.6609738858,0.0,3.9994841287341965,34.8,83.98916670341812,0.0,0.9998710321835491,0.0,0
2026-03-05T10:16:08+00:00,1772705768.0101533,0.0,0.0,0.0,0.0,34.8,0.0,0.0,0.0,0.0,0
2026-03-05T10:16:09+00:00,1772705769.0100074,114704.73681710531,69642.1616389568,4.000583733855515,5.000729667319393,34.8,42.0061292054829,42.0061292054829,1.0001459334638787,1.0001459334638787,0
2026-03-05T10:16:10+00:00,1772705770.0101905,0.0,57333.50192225545,0.0,13.997436992738146,34.8,83.98462195642888,0.0,0.9998169280527247,0.0,0
2026-03-05T10:16:11+00:00,1772705771.0101395,0.0,86020.38889580338,0.0,2.0001020483585235,34.8,0.0,86.00438807941651,0.0,1.0000510241792617,0
2026-03-05T10:16:12+00:00,1772705772.0100424,0.0,49156.769994112874,0.0,3.000291137335991,34.8,0.0,86.00834593696507,0.0,1.0000970457786635,0
2026-03-05T10:16:13+00:00,1772705773.0100975,1205181.6249934738,4095.7744264858916,59.99669570047693,0.9999449283412821,34.8,0.0,85.99526383735027,0.0,0.9999449283412821,0
2026-03-05T10:16:14+00:00,1772705774.0099955,65542.68818248322,8192.836022810403,1.000102053565723,2.000204107131446,34.8,0.0,0.0,0.0,0.0,0
2026-03-05T10:16:15+00:00,1772705775.009852,152085.82857246415,4096.587975015869,24.00344516610861,1.0001435485878587,34.8,84.01205808138013,86.01234517855585,1.0001435485878587,1.0001435485878587,0
2026-03-05T10:16:16+00:00,1772705776.0098135,196615.54716470087,98307.77358235043,3.0001151605941905,6.000230321188381,34.8,0.0,86.00330127036679,0.0,1.0000383868647302,0
2026-03-05T10:16:17+00:00,1772705777.0099149,286179.0020838057,475087.8603466398,7.999189458961473,50.99483280087939,34.8,0.0,85.99128668383584,0.0,0.9998986823701841,0
2026-03-05T10:16:18+00:00,1772705778.0098948,641036.8381477366,73729.47659207195,18.000360496111316,9.000180248055658,34.8,3282.06573045763,4588.091886453262,18.000360496111316,16.000320440987835,0
2026-03-05T10:16:19+00:00,1772705779.0099099,709621.3412245519,4095.9384774865907,13.999789717971746,0.9999849798551247,34.8,2078.968773118804,2923.956081096385,14.99977469782687,19.999699597102495,0
2026-03-05T10:16:20+00:00,1772705780.0102222,3809626.1457951088,0.0,95.97002584127138,0.0,34.8,0.0,85.97314814947228,0.0,0.9996877691799103,0
2026-03-05T10:16:21+00:00,1772705781.0099282,205884.52389573178,102430.11139091133,12.003528678622423,5.0014702827593425,34.8,0.0,86.0252888634607,0.0,1.0002940565518685,0
2026-03-05T10:16:22+00:00,1772705782.0101776,118152934.33196276,102374.46925763047,298.9254522268702,4.998753381720238,34.8,2307.4245610020616,1267.6838576042524,8.997756087096429,7.998005410752381,0
2026-03-05T10:16:23+00:00,1772705783.0098782,0.0,12291.680789726233,0.0,3.000898630304256,34.8,54.01617534547661,394.1180201132923,1.000299543434752,2.000599086869504,0
2026-03-05T10:16:24+00:00,1772705784.0099978,23964363.798117958,32764.078594337854,814.9024674800218,7.999042625570765,34.8,353.95763618150636,647.922452671232,4.999401640981729,2.999640984589037,0
2026-03-05T10:16:25+00:00,1772705785.0098627,4990626.649550986,65544.86057280177,148.02000983848058,10.001352016113552,34.8,2965.400872777668,6262.846632490307,13.001757620947618,13.001757620947618,0
2026-03-05T10:16:26+00:00,1772705786.0099595,389082.3376300149,147441.72794400566,12.998741748535656,18.998161017090574,34.8,0.0,0.0,0.0,0.0,0
2026-03-05T10:16:27+00:00,1772705787.010351,0.0,4094.3971118789423,0.0,0.9996086698923199,34.8,0.0,0.0,0.0,0.0,0
2026-03-05T10:16:28+00:00,1772705788.0100062,102435.31490930529,127019.79048753857,3.0010346164835537,9.00310384945066,34.8,0.0,0.0,0.0,0.0,0
2026-03-05T10:16:29+00:00,1772705789.0102782,0.0,4094.8860452228546,0.0,0.999728038384486,34.8,0.0,0.0,0.0,0.0,0
2026-03-05T10:16:30+00:00,1772705790.0100174,32776.54910486239,69650.16684783257,2.0005217959510735,2.0005217959510735,34.8,0.0,86.02243722589616,0.0,1.0002608979755367,0
2026-03-05T10:16:31+00:00,1772705791.0100086,0.0,0.0,0.0,0.0,34.8,0.0,86.00075865461116,0.0,1.000008821565246,0
2026-03-05T10:16:32+00:00,1772705792.0100188,65535.32813188799,102398.95020607498,0.999989748106201,8.99990773295581,34.8,0.0,85.99911833713328,0.0,0.999989748106201,0
2026-03-05T10:16:33+00:00,1772705793.0101864,0.0,20476.567958051084,0.0,3.999329679306852,34.8,0.0,0.0,0.0,0.0,0
2026-03-05T10:16:34+00:00,1772705794.0099556,0.0,81938.91061436528,0.0,12.002770109526162,34.8,0.0,0.0,0.0,0.0,0
2026-03-05T10:16:35+00:00,1772705795.010059,651196.6183003563,0.0,22.997620351974305,0.0,34.8,173.98199744537084,57.99399914845695,2.9996896111270837,0.9998965370423611,0
2026-03-05T10:16:36+00:00,1772705796.0098007,0.0,12291.176602229312,0.0,2.000517025102427,34.8,54.013959677765534,54.013959677765534,1.0002585125512136,1.0002585125512136,0
2026-03-05T10:16:37+00:00,1772705797.0099032,0.0,4095.580121170973,0.0,0.9998974905202571,34.8,0.0,0.0,0.0,0.0,0
2026-03-05T10:16:38+00:00,1772705798.0102277,0.0,53230.727284470995,0.0,3.998702470287785,34.8,54.98215896645704,65.97859075974846,0.9996756175719462,0.9996756175719462,0
2026-03-05T10:16:39+00:00,1772705799.0103364,0.0,0.0,0.0,0.0,34.8,0.0,0.0,0.0,0.0,0
2026-03-05T10:16:40+00:00,1772705800.0101552,0.0,16386.96928802941,0.0,2.0003624619176525,34.8,0.0,0.0,0.0,0.0,0
2026-03-05T10:16:41+00:00,1772705801.0103633,12285.442915042679,929598.513904896,0.9997919038934472,160.966496526845,34.8,6316.685248798799,5733.80656882892,11.997502846721366,11.997502846721366,0
2026-03-05T10:16:42+00:00,1772705802.010264,0.0,32771.258136425706,0.0,1.0000994304329134,34.8,204.02028380831433,1393.1385065930483,3.00029829129874,7.000696013030394,0
2026-03-05T10:16:43+00:00,1772705803.0098915,32780.20767125666,143413.4085617479,2.000745097122599,13.004843131296894,34.8,0.0,0.0,0.0,0.0,0
2026-03-05T10:16:44+00:00,1772705804.010178,0.0,8189.653016346539,0.0,1.9994270059439792,34.8,0.0,0.0,0.0,0.0,0
2026-03-05T10:16:45+00:00,1772705805.0096936,0.0,106547.61875756153,0.0,7.003392909620368,34.8,0.0,0.0,0.0,0.0,0
2026-03-05T10:16:46+00:00,1772705806.0101645,4094.0721968200874,0.0,0.9995293449267791,0.0,34.8,0.0,0.0,0.0,0.0,0
2026-03-05T10:16:47+00:00,1772705807.0101757,20479.770510384085,249853.20022668585,0.9999887944523479,18.99978709459461,34.8,0.0,0.0,0.0,0.0,0
2026-03-05T10:16:48+00:00,1772705808.0098102,250459.54188101378,20487.488088426486,11.004021922494694,4.001462517270798,34.8,0.0,0.0,0.0,0.0,0
2026-03-05T10:16:49+00:00,1772705809.010143,0.0,4094.637172343113,0.0,0.9996672784040803,34.8,0.0,85.97138594275091,0.0,0.9996672784040803,0
2026-03-05T10:16:50+00:00,1772705810.0099328,49162.338111451696,0.0,3.000630988247784,0.0,34.8,0.0,86.01808832976981,0.0,1.0002103294159281,0
2026-03-05T10:16:51+00:00,1772705811.0099185,0.0,8192.117189176404,0.0,2.0000286106387706,34.8,0.0,86.00123025746714,0.0,1.0000143053193853,0
2026-03-05T10:16:52+00:00,1772705812.0101042,0.0,4095.239399077444,0.0,0.9998143064153916,34.8,0.0,0.0,0.0,0.0,0
2026-03-05T10:16:53+00:00,1772705813.009988,0.0,61447.13461746185,0.0,6.000696739986509,34.8,0.0,0.0,0.0,0.0,0
2026-03-05T10:16:54+00:00,1772705814.0100307,688098.6340657478,16383.300811089233,38.99833567092774,2.9998719746867493,34.8,0.0,0.0,0.0,0.0,0
2026-03-05T10:16:55+00:00,1772705815.0099492,57348.67616254034,4096.334011610024,4.000326183212914,1.0000815458032286,34.8,224.0182662599232,180.01467824458115,3.000244637409686,1.0000815458032286,0
2026-03-05T10:16:56+00:00,1772705816.0099664,0.0,69630.80470801855,0.0,1.9999656683139517,34.8,1900.9673677324113,8321.857145854354,7.999862673255807,14.999742512354638,0
2026-03-05T10:16:57+00:00,1772705817.0099113,0.0,32769.80478689808,0.0,1.0000550777251611,34.8,0.0,0.0,0.0,0.0,0
2026-03-05T10:16:58+00:00,1772705818.010065,0.0,180196.2894175829,0.0,40.9936959901062,34.8,0.0,0.0,0.0,0.0,0
2026-03-05T10:16:59+00:00,1772705819.0099404,0.0,4096.510805881376,0.0,1.0001247084671328,34.8,0.0,0.0,0.0,0.0,0
2026-03-05T10:17:00+00:00,1772705820.0101135,0.0,65524.6582131713,0.0,1.999653876134378,34.8,107.98130931125641,107.98130931125641,1.999653876134378,1.999653876134378,0
2026-03-05T10:17:01+00:00,1772705821.009982,0.0,12289.61446990321,0.0,3.0003941576912134,34.8,0.0,0.0,0.0,0.0,0
2026-03-05T10:17:02+00:00,1772705822.0101278,65526.45451552654,45049.437479424494,0.9998543474659201,2.99956304239776,34.8,0.0,141.97931734016063,0.0,0.9998543474659201,0
2026-03-05T10:17:03+00:00,1772705823.0099134,4096.878117901801,131100.09977285762,1.0002143842533693,6.001286305520216,34.8,0.0,0.0,0.0,0.0,0
2026-03-05T10:17:04+00:00,1772705824.0099444,0.0,4095.873050809716,0.0,0.9999690065453408,34.8,0.9999690065453408,0.0,0.9999690065453408,0.0,0
2026-03-05T10:17:05+00:00,1772705825.0102842,65513.74193709841,0.0,0.9996603689132448,0.0,34.8,0.9996603689132448,0.0,0.9996603689132448,0.0,0
2026-03-05T10:17:06+00:00,1772705826.0099986,0.0,8194.340512259885,0.0,1.0002857070629743,34.8,428.12228262295304,0.0,6.001714242377846,0.0,0
2026-03-05T10:17:07+00:00,1772705827.0098612,0.0,40965.625772582294,0.0,2.00027469592687,34.8,428.0587849283501,0.0,6.000824087780609,0.0,0
2026-03-05T10:17:08+00:00,1772705828.0099149,0.0,16383.121140895677,0.0,2.9998390760917375,34.8,426.97709516372396,0.0,4.999731793486229,0.0,0
2026-03-05T10:17:09+00:00,1772705829.0103004,0.0,0.0,0.0,0.0,34.8,426.83544518593175,0.0,4.998073128640887,0.0,0
2026-03-05T10:17:10+00:00,1772705830.0100777,0.0,4096.912312531448,0.0,1.000222732551623,34.8,0.0,0.0,0.0,0.0,0
2026-03-05T10:17:11+00:00,1772705831.0097473,0.0,549045.4310473041,0.0,57.018841770814504,34.8,0.0,0.0,0.0,0.0,0
2026-03-05T10:17:12+00:00,1772705832.009983,0.0,0.0,0.0,0.0,34.8,0.9997642596119032,0.0,0.9997642596119032,0.0,0
2026-03-05T10:17:13+00:00,1772705833.009863,0.0,196631.62783919118,0.0,6.000721064428442,34.8,1.0001201774047404,0.0,1.0001201774047404,0.0,0
2026-03-05T10:17:14+00:00,1772705834.010081,98282.55936483887,49141.27968241944,5.9986913674828415,10.99760084038521,34.8,0.9997818945804736,0.0,0.9997818945804736,0.0,0
2026-03-05T10:17:15+00:00,1772705835.0099118,4096.693476764799,12290.080430294396,1.000169305850781,3.000507917552343,34.8,1.000169305850781,0.0,1.000169305850781,0.0,0
2026-03-05T10:17:16+00:00,1772705836.0098798,253960.11354046213,0.0,7.0002236437721885,0.0,34.8,4759.1520458159775,8590.274442857586,21.000670931316566,25.000798727757815,0
2026-03-05T10:17:17+00:00,1772705837.0101445,65518.6608387158,597857.7801532816,0.9997354253954437,30.991798187258755,34.8,0.9997354253954437,53.98571297135396,0.9997354253954437,0.9997354253954437,0
2026-03-05T10:17:18+00:00,1772705838.0102434,16382.379066631162,73720.70579984023,0.9999010660785621,3.9996042643142484,34.8,0.0,0.0,0.0,0.0,0
2026-03-05T10:17:19+00:00,1772705839.0100458,0.0,680070.4152389128,0.0,109.02154800016693,34.8,3578.707327932085,1448.2862523324927,16.003163009198815,17.00336069727374,0
2026-03-05T10:17:20+00:00,1772705840.0102882,16380.028306773189,0.0,0.9997575870833245,0.0,34.8,2281.4468137241465,7381.210265436185,7.998060696666596,9.997575870833245,0
2026-03-05T10:17:21+00:00,1772705841.0101218,0.0,20483.408770399506,0.0,4.000665775468654,34.8,1.0001664438671636,0.0,1.0001664438671636,0.0,0
2026-03-05T10:17:22+00:00,1772705842.0101209,2790914.661623632,69632.06640631333,80.00007629401807,13.000012397777937,34.8,14424.013755811458,11590.011053095868,25.000023841880648,23.000021934530196,0
2026-03-05T10:17:23+00:00,1772705843.009886,1294640.036244321,69648.35638023246,45.010570385892414,8.001879179714207,34.8,690.1620792503504,25423.970623746965,8.001879179714207,24.005637539142622,0
2026-03-05T10:17:24+00:00,1772705844.0099154,200698.11443040968,94205.23738570251,4.999853376873647,5.999824052248377,34.8,0.9999706753747294,0.0,0.9999706753747294,0.0,0
2026-03-05T10:17:25+00:00,1772705845.0102768,0.0,4094.5200661610843,0.0,0.9996386880276085,34.8,0.9996386880276085,0.0,0.9996386880276085,0.0,0
2026-03-05T10:17:26+00:00,1772705846.0101557,13336143.228834212,28675.473076897397,346.0419114329834,3.0003633939276018,34.8,1724.2088303770618,690.0835806033484,5.000605656546003,4.000484525236802,0
2026-03-05T10:17:27+00:00,1772705847.0099704,188450.9107641372,0.0,3.000555856681023,0.0,34.8,0.0,66.01222884698251,0.0,1.000185285560341,0
2026-03-05T10:17:28+00:00,1772705848.009961,3121693.770791729,1716240.367343591,102.00097275707967,23.000219347184633,34.8,0.0,0.0,0.0,0.0,0
2026-03-05T10:17:29+00:00,1772705849.0099447,0.0,61440.996109899395,0.0,12.000194552714726,34.8,0.0,86.00139429445554,0.0,1.000016212726227,0
2026-03-05T10:17:30+00:00,1772705850.0102935,65513.14859571563,470875.75553170615,0.9996513152422429,106.96269073092,34.8,0.0,85.9700131108329,0.0,0.9996513152422429,0
2026-03-05T10:17:31+00:00,1772705851.009911,32780.53604407661,0.0,2.0007651394089727,0.0,34.8,0.0,86.03290099458583,0.0,1.0003825697044864,0
2026-03-05T10:17:32+00:00,1772705852.0098908,20480.415047473678,77825.57718039998,1.0000202659899255,7.00014186192948,34.8,569.0115313482677,561.0113692203483,4.000081063959702,4.000081063959702,0
2026-03-05T10:17:33+00:00,1772705853.0102406,0.0,364416.541650152,0.0,26.99055978031213,34.8,53.98111956062426,341.88042388395365,0.9996503622337826,1.9993007244675651,0
2026-03-05T10:17:34+00:00,1772705854.0098665,40975.327999503905,49170.393599404684,1.0003742187378883,8.002993749903107,34.8,0.0,0.0,0.0,0.0,0
2026-03-05T10:17:35+00:00,1772705855.0099032,0.0,0.0,0.0,0.0,34.8,65.99757680253325,0.0,0.9999632848868674,0.0,0
2026-03-05T10:17:36+00:00,1772705856.0100965,0.0,20476.040804602497,0.0,4.999033399561156,34.8,161.96868214578146,111.9783481501699,2.9994200397366937,1.9996133598244625,0
2026-03-05T10:17:37+00:00,1772705857.0100045,0.0,4096.376987819028,0.0,1.0000920380417548,34.8,0.0,0.0,0.0,0.0,0
2026-03-05T10:17:38+00:00,1772705858.0103002,32758.315363156722,581460.0976960318,1.999408896677046,53.98404021028024,34.8,0.0,0.0,0.0,0.0,0
2026-03-05T10:17:39+00:00,1772705859.009921,0.0,0.0,0.0,0.0,34.8,0.0,0.0,0.0,0.0,0
2026-03-05T10:17:40+00:00,1772705860.010321,0.0,36849.266632999526,0.0,4.998001659206751,34.8,0.0,0.0,0.0,0.0,0
2026-03-05T10:17:41+00:00,1772705861.0099103,0.0,221274.84589114774,0.0,7.0028750779352675,34.8,0.0,0.0,0.0,0.0,0
2026-03-05T10:17:42+00:00,1772705862.0098011,0.0,0.0,0.0,0.0,34.8,0.0,0.0,0.0,0.0,0
2026-03-05T10:17:43+00:00,1772705863.01019,0.0,53227.301993953675,0.0,3.998445161805414,34.8,0.0,0.0,0.0,0.0,0
2026-03-05T10:17:44+00:00,1772705864.0103796,0.0,4095.2237799394006,0.0,0.9998104931492677,34.8,0.0,0.0,0.0,0.0,0
2026-03-05T10:17:45+00:00,1772705865.0099273,0.0,4097.853377308072,0.0,1.0004524846943534,34.8,0.0,0.0,0.0,0.0,0
2026-03-05T10:17:46+00:00,1772705866.0103824,0.0,0.0,0.0,0.0,34.8,0.0,0.0,0.0,0.0,0
2026-03-05T10:17:47+00:00,1772705867.010304,0.0,126985.96074225527,0.0,28.002196484242276,34.8,0.0,0.0,0.0,0.0,0
2026-03-05T10:17:48+00:00,1772705868.0102608,0.0,49154.12118528713,0.0,4.00017262250058,34.8,0.0,0.0,0.0,0.0,0
2026-03-05T10:17:49+00:00,1772705869.009912,0.0,16389.716837819513,0.0,2.0006978561791398,34.8,0.0,0.0,0.0,0.0,0
2026-03-05T10:17:50+00:00,1772705870.009824,0.0,0.0,0.0,0.0,34.8,0.0,0.0,0.0,0.0,0
2026-03-05T10:17:51+00:00,1772705871.0100992,0.0,8189.746713708015,0.0,1.9994498812763708,34.8,0.0,0.0,0.0,0.0,0
2026-03-05T10:17:52+00:00,1772705872.009883,0.0,4096.885933766825,0.0,1.0002162924235412,34.8,0.0,0.0,0.0,0.0,0
2026-03-05T10:17:53+00:00,1772705873.0098507,32769.0547214478,12288.395520542925,2.0000643750883667,3.00009656263255,34.8,0.0,0.0,0.0,0.0,0
2026-03-05T10:17:54+00:00,1772705874.0099337,0.0,0.0,0.0,0.0,34.8,0.0,0.0,0.0,0.0,0
2026-03-05T10:17:55+00:00,1772705875.010135,0.0,4095.1759470702823,0.0,0.9997988152027056,34.8,0.0,0.0,0.0,0.0,0
2026-03-05T10:17:56+00:00,1772705876.010141,0.0,4095.9755860830182,0.0,0.9999940395710494,34.8,0.0,0.0,0.0,0.0,0
2026-03-05T10:17:57+00:00,1772705877.0100677,0.0,0.0,0.0,0.0,34.8,0.0,0.0,0.0,0.0,0
2026-03-05T10:17:58+00:00,1772705878.010111,147449.6018401301,49149.86728004337,4.999783048507016,3.999826438805613,34.8,0.0,0.0,0.0,0.0,0
2026-03-05T10:17:59+00:00,1772705879.0100021,65543.14140310793,4096.446337694246,1.0001089691636342,1.0001089691636342,34.8,461.05023478443536,2.0002179383272685,52.00566639650898,2.0002179383272685,0
2026-03-05T10:18:00+00:00,1772705880.0102217,0.0,16380.403133562562,0.0,2.999341394084942,34.8,0.9997804646949806,0.0,0.9997804646949806,0.0,0
2026-03-05T10:18:01+00:00,1772705881.0102503,0.0,0.0,0.0,0.0,34.8,55.998397872985656,0.0,1.9999427811780592,0.0,0
2026-03-05T10:18:02+00:00,1772705882.0098531,20488.137998081398,4097.627599616279,2.0007947263751364,1.0003973631875682,34.8,43.01708661706544,108.04291522425737,2.0007947263751364,2.0007947263751364,0
2026-03-05T10:18:03+00:00,1772705883.009978,0.0,53241.348487232375,0.0,10.998625926974837,34.8,0.9998750842704397,0.0,0.9998750842704397,0.0,0
2026-03-05T10:18:04+00:00,1772705884.01021,0.0,4095.0500250638993,0.0,0.999768072525366,34.8,2.999304217576098,1.999536145050732,2.999304217576098,1.999536145050732,0
2026-03-05T10:18:05+00:00,1772705885.0102696,0.0,0.0,0.0,0.0,34.8,55.996662338832685,65.99606632790996,1.9998807978154531,0.9999403989077266,0
2026-03-05T10:18:06+00:00,1772705886.009928,0.0,8194.799784682142,0.0,1.0003417705910818,34.8,1.0003417705910818,0.0,1.0003417705910818,0.0,0
2026-03-05T10:18:07+00:00,1772705887.0103683,0.0,479021.0587102323,0.0,51.977111405190136,34.8,0.9995598347151949,0.0,0.9995598347151949,0.0,0
2026-03-05T10:18:08+00:00,1772705888.0099185,0.0,159815.900511805,0.0,7.003150688493058,34.8,1.000450098356151,0.0,1.000450098356151,0.0,0
2026-03-05T10:18:09+00:00,1772705889.0099168,222720.3717047219,32768.05468759127,6.000010013597034,5.000008344664195,34.8,1697.0028321790278,4157.006937753812,12.000020027194068,10.00001668932839,0
2026-03-05T10:18:10+00:00,1772705890.0098815,163845.78145400409,69634.45711795174,4.000141148779397,8.000282297558794,34.8,853.0300999772064,1280.045167609407,6.0002117231690955,5.000176435974246,0
2026-03-05T10:18:11+00:00,1772705891.0098462,626710.1140615657,311306.9847626078,40.001411487793966,20.000705743896983,34.8,289.0101979993114,855.030170551596,5.000176435974246,6.0002117231690955,0
2026-03-05T10:18:12+00:00,1772705892.0101972,0.0,0.0,0.0,0.0,34.8,5522.062020470111,308.89159383151053,4.998245854878811,4.998245854878811,0
2026-03-05T10:18:13+00:00,1772705893.010096,0.0,81928.28208723187,0.0,5.000505498488273,34.8,354.03578929296975,632.0638950089177,4.000404398790619,5.000505498488273,0
2026-03-05T10:18:14+00:00,1772705894.0098906,94227.36530802143,430168.4068409674,3.0006166771830873,49.01007239399043,34.8,1.000205559061029,0.0,1.000205559061029,0.0,0
2026-03-05T10:18:15+00:00,1772705895.010073,0.0,102381.32664802414,0.0,6.998723501329776,34.8,0.9998176430471107,0.0,0.9998176430471107,0.0,0
2026-03-05T10:18:16+00:00,1772705896.010197,0.0,0.0,0.0,0.0,34.8,3368.5823710363056,1496.814428448011,16.99789264102618,16.99789264102618,0
2026-03-05T10:18:17+00:00,1772705897.0099175,4097.144851151836,4097.144851151836,1.0002795046757411,1.0002795046757411,34.8,2145.5995375294647,78191.84888050269,32.008944149623716,62.017329289895955,0
2026-03-05T10:18:18+00:00,1772705898.009911,143360.9228575032,135168.87012278874,3.0000193120292247,7.000045061401524,34.8,1.0000064373430748,0.0,1.0000064373430748,0.0,0
2026-03-05T10:18:19+00:00,1772705899.009957,0.0,200694.76507338067,0.0,43.99797544258585,34.8,0.9999539873314964,0.0,0.9999539873314964,0.0,0
2026-03-05T10:18:20+00:00,1772705900.0100563,1703767.0167601174,0.0,56.994347179311134,0.0,34.8,0.9999008277072129,0.0,0.9999008277072129,0.0,0
2026-03-05T10:18:21+00:00,1772705901.0100925,12287.554703637372,24575.109407274744,1.9999275233784786,3.999855046756957,34.8,0.9999637616892393,0.0,0.9999637616892393,0.0,0
2026-03-05T10:18:22+00:00,1772705902.0099115,0.0,4096.741345091086,0.0,1.0001809924538785,34.8,1.0001809924538785,0.0,1.0001809924538785,0.0,0
2026-03-05T10:18:23+00:00,1772705903.009918,0.0,86015.44629262688,0.0,6.99995493917862,34.8,0.0,0.0,0.0,0.0,0
2026-03-05T10:18:24+00:00,1772705904.0099125,0.0,0.0,0.0,0.0,34.8,0.0,0.0,0.0,0.0,0
2026-03-05T10:18:25+00:00,1772705905.0100136,0.0,81911.71958706262,0.0,10.998888128145616,34.8,0.0,0.0,0.0,0.0,0
2026-03-05T10:18:26+00:00,1772705906.0099742,81923.22278303128,4096.1611391515635,2.0000786812263494,1.0000393406131747,34.8,0.0,0.0,0.0,0.0,0
2026-03-05T10:18:27+00:00,1772705907.0098746,65542.5319009625,61446.12365715234,1.0000996688989638,4.000398675595855,34.8,0.0,0.0,0.0,0.0,0
2026-03-05T10:18:28+00:00,1772705908.0099795,0.0,20477.851787856423,0.0,4.999475534144635,34.8,0.0,0.0,0.0,0.0,0
2026-03-05T10:18:29+00:00,1772705909.0099115,65540.45342760727,528419.9057600836,1.0000679539124644,57.00387337301047,34.8,0.0,0.0,0.0,0.0,0
2026-03-05T10:18:30+00:00,1772705910.009933,0.0,12287.736333782663,0.0,1.9999570855766053,34.8,0.0,0.0,0.0,0.0,0
2026-03-05T10:18:31+00:00,1772705911.0101027,0.0,122859.14416536194,0.0,17.99694494609794,34.8,0.0,0.0,0.0,0.0,0
2026-03-05T10:18:32+00:00,1772705912.0103765,0.0,466816.23028365,0.0,56.98440311079712,34.8,0.0,0.0,0.0,0.0,0
2026-03-05T10:18:33+00:00,1772705913.0102403,0.0,57351.80770354241,0.0,4.000544622177902,34.8,197.0268226422617,252.03431119720784,3.0004084666334268,2.000272311088951,0
2026-03-05T10:18:34+00:00,1772705914.0098944,98338.01958141629,708853.2244827091,2.0006921301557674,11.00380671585672,34.8,1335.4619968789748,1053.3644065270116,4.001384260311535,5.001730325389419,0
2026-03-05T10:18:35+00:00,1772705915.0102189,0.0,0.0,0.0,0.0,34.8,0.0,0.0,0.0,0.0,0
2026-03-05T10:18:36+00:00,1772705916.009949,0.0,192563.97105771,0.0,44.01187835843605,34.8,228.06155149371406,112.03023582147358,4.001079850766914,2.000539925383457,0
2026-03-05T10:18:37+00:00,1772705917.0100088,0.0,4095.7548974801857,0.0,0.9999401605176235,34.8,0.0,0.0,0.0,0.0,0
2026-03-05T10:18:38+00:00,1772705918.0099792,0.0,69634.05865461187,0.0,4.000118259111435,34.8,0.0,0.0,0.0,0.0,0
2026-03-05T10:18:39+00:00,1772705919.010338,0.0,0.0,0.0,0.0,34.8,0.0,0.0,0.0,0.0,0
2026-03-05T10:18:40+00:00,1772705920.0099528,0.0,4097.578733261335,0.0,1.0003854329251307,34.8,0.0,0.0,0.0,0.0,0
2026-03-05T10:18:41+00:00,1772705921.0099149,12288.465837971744,221192.3850834914,1.00003790999119,3.0001137299735703,34.8,0.0,0.0,0.0,0.0,0
2026-03-05T10:18:42+00:00,1772705922.009841,0.0,0.0,0.0,0.0,34.8,0.0,0.0,0.0,0.0,0
2026-03-05T10:18:43+00:00,1772705923.0100951,0.0,85994.14422661172,0.0,5.99847546223575,34.8,0.0,0.0,0.0,0.0,0
2026-03-05T10:18:44+00:00,1772705924.0100965,0.0,692223.0097670415,0.0,11.999982833886861,34.8,0.0,0.0,0.0,0.0,0
2026-03-05T10:18:45+00:00,1772705925.0102003,0.0,69624.77906921027,0.0,1.9997925973463426,34.8,0.0,0.0,0.0,0.0,0
2026-03-05T10:18:46+00:00,1772705926.0102348,0.0,0.0,0.0,0.0,34.8,0.0,0.0,0.0,0.0,0
2026-03-05T10:18:47+00:00,1772705927.0101755,0.0,4096.2431784990895,0.0,1.0000593697507543,34.8,55.00326533629149,0.0,1.0000593697507543,0.0,0
2026-03-05T10:18:48+00:00,1772705928.0099397,5145789.356417059,1593719.7927119713,90.02122664288278,249.058727045309,34.8,0.0,152.03584944131313,0.0,2.000471703175173,0
2026-03-05T10:18:49+00:00,1772705929.0100038,0.0,90106.22107375412,0.0,6.999551086606432,34.8,0.0,85.9944847783076,0.0,0.9999358695152045,0
2026-03-05T10:18:50+00:00,1772705930.009924,86022.87066594913,0.0,3.0002396298112837,0.0,34.8,0.0,86.00686938792347,0.0,1.0000798766037613,0
2026-03-05T10:18:51+00:00,1772705931.0098765,0.0,28673.360416107847,0.0,7.00033213283883,34.8,0.0,0.0,0.0,0.0,0
2026-03-05T10:18:52+00:00,1772705932.010213,0.0,233393.48442112966,0.0,50.98284893039685,34.8,0.0,0.0,0.0,0.0,0
2026-03-05T10:18:53+00:00,1772705933.009918,0.0,49166.50037025404,0.0,4.001180043152185,34.8,0.0,0.0,0.0,0.0,0
2026-03-05T10:18:54+00:00,1772705934.0103168,249756.37860360055,0.0,3.9984051390176827,0.0,34.8,0.0,0.0,0.0,0.0,0
2026-03-05T10:18:55+00:00,1772705935.0099018,0.0,4097.7009013341,0.0,1.0004152591147706,34.8,0.0,0.0,0.0,0.0,0
2026-03-05T10:18:56+00:00,1772705936.0099597,0.0,454629.66070567333,0.0,43.99745097623176,34.8,0.0,0.0,0.0,0.0,0
2026-03-05T10:18:57+00:00,1772705937.0097919,0.0,0.0,0.0,0.0,34.8,0.0,0.0,0.0,0.0,0
2026-03-05T10:18:58+00:00,1772705938.0098963,0.0,90102.59082632496,0.0,9.998955835662837,34.8,54.9942570961456,65.99310851537473,0.9998955835662837,0.9998955835662837,0
2026-03-05T10:18:59+00:00,1772705939.0099146,0.0,4095.9248060679274,0.0,0.9999816421064276,34.8,0.0,0.0,0.0,0.0,0
2026-03-05T10:19:00+00:00,1772705940.011319,0.0,16361.024451727706,0.0,1.9971953676425422,34.8,0.0,0.0,0.0,0.0,0
2026-03-05T10:19:01+00:00,1772705941.0101762,6749729.18721636,5150461.639820017,124.14186190226019,1058.2092583120082,34.8,0.0,0.0,0.0,0.0,0
2026-03-05T10:19:02+00:00,1772705942.009846,0.0,4097.352985831589,0.0,1.0003303188065402,34.8,55.01816753435971,208.06870631176037,1.0003303188065402,2.0006606376130804,0
2026-03-05T10:19:03+00:00,1772705943.0098372,200705.77052343116,73728.65039636246,4.000035286260984,5.0000441078262305,34.8,0.0,0.0,0.0,0.0,0
2026-03-05T10:19:04+00:00,1772705944.010141,0.0,4094.756237162079,0.0,0.9996963469633982,34.8,0.0,0.0,0.0,0.0,0
2026-03-05T10:19:05+00:00,1772705945.0103319,65523.48676469361,0.0,2.9994271895459113,0.0,34.8,0.0,0.0,0.0,0.0,0
2026-03-05T10:19:06+00:00,1772705946.0098882,0.0,49173.81827445239,0.0,3.001331681790307,34.8,427.1895427081537,0.0,5.002219469650512,0.0,0
2026-03-05T10:19:07+00:00,1772705947.009794,0.0,8192.771557036645,0.0,1.0000941842085749,34.8,427.0402166570615,0.0,5.000470921042874,0.0,0
2026-03-05T10:19:08+00:00,1772705948.0098977,0.0,200683.18672890018,0.0,44.99533344029271,34.8,588.938919918498,53.99440012835125,7.9991703893853705,0.9998962986731713,0
2026-03-05T10:19:09+00:00,1772705949.0100083,0.0,0.0,0.0,0.0,34.8,426.95276782887635,0.0,4.999446930080519,0.0,0
2026-03-05T10:19:10+00:00,1772705950.0099156,0.0,4096.379918047934,0.0,1.0000927534296713,34.8,0.0,0.0,0.0,0.0,0
2026-03-05T10:19:11+00:00,1772705951.0099154,0.0,4096.000976562733,0.0,1.000000238418636,34.8,0.0,0.0,0.0,0.0,0
2026-03-05T10:19:12+00:00,1772705952.0099597,0.0,0.0,0.0,0.0,34.8,0.0,0.0,0.0,0.0,0
2026-03-05T10:19:13+00:00,1772705953.0101736,262087.94948704485,53236.61473955598,3.9991447370459725,3.9991447370459725,34.8,0.0,0.0,0.0,0.0,0
2026-03-05T10:19:14+00:00,1772705954.0098612,0.0,4097.2796965605,0.0,1.0003124259180909,34.8,0.0,0.0,0.0,0.0,0
2026-03-05T10:19:15+00:00,1772705955.0102801,0.0,61414.27347219214,0.0,1.9991625479229211,34.8,0.0,0.0,0.0,0.0,0
2026-03-05T10:19:16+00:00,1772705956.0099828,4097.21813559892,0.0,1.000297396386455,0.0,34.8,0.0,0.0,0.0,0.0,0
2026-03-05T10:19:17+00:00,1772705957.0099084,0.0,4096.304710166352,0.0,1.0000743921304571,34.8,0.0,0.0,0.0,0.0,0
2026-03-05T10:19:18+00:00,1772705958.0099154,0.0,12287.915039649928,0.0,2.999979257727033,34.8,0.0,0.0,0.0,0.0,0
2026-03-05T10:19:19+00:00,1772705959.0099032,0.0,73728.8964952758,0.0,3.000036478486157,34.8,0.0,0.0,0.0,0.0,0
2026-03-05T10:19:20+00:00,1772705960.0101678,0.0,0.0,0.0,0.0,34.8,0.0,0.0,0.0,0.0,1
2026-03-05T10:19:21+00:00,1772705961.0102415,65531.17223066824,20478.491322083824,1.9998526681722486,3.999705336344497,34.8,0.0,0.0,0.0,0.0,1
2026-03-05T10:19:22+00:00,1772705962.0100615,0.0,8193.474874861364,0.0,2.00036007687045,34.8,0.0,0.0,0.0,0.0,1
2026-03-05T10:19:23+00:00,1772705963.009984,0.0,57348.443703699995,0.0,5.000387460213797,34.8,0.0,0.0,0.0,0.0,1
2026-03-05T10:19:24+00:00,1772705964.0099034,0.0,0.0,0.0,0.0,34.8,0.0,0.0,0.0,0.0,1
2026-03-05T10:19:25+00:00,1772705965.010268,0.0,28661.551660421184,0.0,6.997449135845016,34.8,0.0,0.0,0.0,0.0,1
2026-03-05T10:19:26+00:00,1772705966.012205,0.0,486481.727443278,0.0,49.90334159205107,34.8,21705230.866224952,0.0,20.95940346866145,0.0,1
2026-03-05T10:19:27+00:00,1772705967.0099368,0.0,0.0,0.0,0.0,34.8,34874666.391863294,0.0,62.14094037193255,0.0,1
2026-03-05T10:19:28+00:00,1772705968.0100863,0.0,53240.04122880686,0.0,6.998953737260518,34.8,30441571.336712807,0.0,27.99581494904207,0.0,1
2026-03-05T10:19:29+00:00,1772705969.0099986,16385.437626134495,4096.359406533624,1.000087745735748,1.000087745735748,34.8,31693410.717645667,0.0,29.002544626336693,0.0,1
2026-03-05T10:19:30+00:00,1772705970.010039,0.0,45054.173902138864,0.0,4.999797352421305,34.8,33549700.191785667,0.0,35.9985409374334,0.0,1
2026-03-05T10:19:31+00:00,1772705971.0101578,90101.30205144366,69623.7334033883,2.999643844929987,3.999525126573316,34.8,30442507.48642916,0.0,33.99596357587319,0.0,1
2026-03-05T10:19:32+00:00,1772705972.0099444,0.0,8193.748419960944,0.0,2.0004268603420274,34.8,33227022.13576782,216.04610091693894,33.00704319564345,4.000853720684055,1
2026-03-05T10:19:33+00:00,1772705973.0098233,0.0,49157.95384610983,0.0,4.000484525236802,34.8,32025798.857092716,0.0,32.003876201894414,0.0,1
2026-03-05T10:19:34+00:00,1772705974.0099425,0.0,4095.511776950723,0.0,0.9998808049196101,34.8,30442492.97204065,0.0,28.99654334266869,0.0,1
2026-03-05T10:19:35+00:00,1772705975.009805,0.0,0.0,0.0,0.0,34.8,34800355.39859223,0.0,33.004540352769745,0.0,1
2026-03-05T10:19:36+00:00,1772705976.0099187,0.0,8191.068465314399,0.0,1.9997725745396482,34.8,30442887.86241761,111.9872641742203,31.99636119263437,1.9997725745396482,1
2026-03-05T10:19:37+00:00,1772705977.0099614,0.0,4095.8252027723083,0.0,0.9999573248955831,34.8,31857324.427333713,0.0,32.99859172155424,0.0,1
2026-03-05T10:19:38+00:00,1772705978.010209,0.0,233414.17936221187,0.0,9.997523444447808,34.8,33374738.513114184,0.0,30.992322677788206,0.0,1
2026-03-05T10:19:39+00:00,1772705979.0101054,0.0,0.0,0.0,0.0,34.8,30449279.958217103,0.0,28.002904239498182,0.0,1
2026-03-05T10:19:40+00:00,1772705980.0099597,0.0,8193.193533241465,0.0,1.0001456949757648,34.8,33324548.51200982,0.0,31.00451654424871,0.0,1
2026-03-05T10:19:41+00:00,1772705981.010017,0.0,32766.125107282223,0.0,7.999542262520074,34.8,31926297.162622683,6540.625742392976,37.99782574697035,16.999027307855158,1
2026-03-05T10:19:42+00:00,1772705982.0104249,0.0,0.0,0.0,0.0,34.8,30433707.050400916,0.0,40.983281518297716,0.0,1
2026-03-05T10:19:43+00:00,1772705983.0101268,0.0,53263.87387140733,0.0,4.0011924482727865,34.8,34805995.995136715,66.01967539650097,25.007452801704915,1.0002981120681966,1
2026-03-05T10:19:44+00:00,1772705984.0102339,0.0,4095.5615703713665,0.0,0.9998929615164469,34.8,30679021.812493846,0.0,50.99454103733879,0.0,1
2026-03-05T10:19:45+00:00,1772705985.0100968,0.0,86027.7936089814,0.0,2.000274218958831,34.8,31755543.389131725,0.0,33.00452461282072,0.0,1
2026-03-05T10:19:46+00:00,1772705986.0103364,0.0,0.0,0.0,0.0,34.8,33482477.241128128,0.0,41.98993876255599,0.0,1
2026-03-05T10:19:47+00:00,1772705987.0098326,65569.03226594398,4098.064516621499,1.0005040323782957,1.0005040323782957,34.8,30461683.940152537,333.16784278197247,39.01965726275353,5.0025201618914785,1
2026-03-05T10:19:48+00:00,1772705988.0101929,0.0,16378.099781806395,0.0,2.9989196377819325,34.8,32027509.074706107,360.86999641309257,38.985955291165126,2.9989196377819325,1
2026-03-05T10:19:49+00:00,1772705989.0103016,40955.5473590861,69624.43051044637,3.999565171785752,3.999565171785752,34.8,33203245.180634886,5208.433744957995,47.99478206142902,13.99847810125013,1
2026-03-05T10:19:50+00:00,1772705990.010102,0.0,24580.90527575393,0.0,2.0003991923627873,34.8,30602910.00504165,5095.016742948019,94.01876204105099,7.001397173269755,1
2026-03-05T10:19:51+00:00,1772705991.0102644,65525.361102363895,24572.01041338646,0.9998376633051131,4.999188316525566,34.8,34792348.00817834,427.93051989458843,48.99204550195054,4.999188316525566,1
2026-03-05T10:19:52+00:00,1772705992.0098908,65560.49352582812,45072.83929900683,1.0003737415440082,4.001494966176033,34.8,30457717.061373513,597.2231237017728,61.0227982341845,5.001868707720041,1
2026-03-05T10:19:53+00:00,1772705993.0098188,16385.17977244646,192525.8623262459,1.000072007595609,9.000648068360482,34.8,30448314.352040842,0.0,56.00403242535411,0.0,1
2026-03-05T10:19:54+00:00,1772705994.0101438,0.0,0.0,0.0,0.0,34.8,34784306.33447316,0.0,32.98927965446257,0.0,1
2026-03-05T10:19:55+00:00,1772705995.0100067,0.0,4096.561600427686,0.0,1.0001371094794156,34.8,30450296.451937642,0.0,28.003839065423637,0.0,1
2026-03-05T10:19:56+00:00,1772705996.010106,0.0,520140.28736786067,0.0,51.99483064547082,34.8,31843406.111130632,0.0,28.99711709074334,0.0,1
2026-03-05T10:19:57+00:00,1772705997.0099578,0.0,0.0,0.0,0.0,34.8,33400071.108842302,0.0,54.0080091909687,0.0,1
2026-03-05T10:19:58+00:00,1772705998.0099847,0.0,278520.4962959095,0.0,27.999245663938517,34.8,30445301.764008682,0.0,27.999245663938517,0.0,1
2026-03-05T10:19:59+00:00,1772705999.0099328,0.0,4096.212901690618,0.0,1.000051977951811,34.8,33327482.20422757,0.0,76.00395032433765,0.0,1
2026-03-05T10:20:00+00:00,1772706000.0103345,0.0,4094.3551529806205,0.0,0.9995984260206593,34.8,31903123.388969798,0.0,50.97951972705362,0.0,1
2026-03-05T10:20:01+00:00,1772706001.0098908,0.0,0.0,0.0,0.0,34.8,30459636.848750956,0.0,28.012429030042867,0.0,1
2026-03-05T10:20:02+00:00,1772706002.010184,4094.799180271212,4094.799180271212,0.9997068311209014,0.9997068311209014,34.8,33727667.197937615,0.0,81.97596015191391,0.0,1
2026-03-05T10:20:03+00:00,1772706003.0099404,569482.7623269792,16387.99316048861,10.002437231743537,3.000731169523061,34.8,31511810.287056297,142.0346086907582,84.02047274664571,1.0002437231743537,1
2026-03-05T10:20:04+00:00,1772706004.0135036,0.0,12244.371276681422,0.0,1.9928989708140337,34.8,30338023.59598874,0.0,21.92188867895437,0.0,1
2026-03-05T10:20:05+00:00,1772706005.0101333,0.0,20549.256852834624,0.0,2.0067633645346312,34.8,34913236.55866846,0.0,68.22995439417745,0.0,1
2026-03-05T10:20:06+00:00,1772706006.009948,0.0,8193.517859310314,0.0,1.000185285560341,34.8,30451764.226960264,0.0,83.0153787015083,0.0,1
2026-03-05T10:20:07+00:00,1772706007.0097802,0.0,4096.6876154139645,0.0,1.000167874856925,34.8,30451234.13854254,0.0,40.00671499427699,0.0,1
2026-03-05T10:20:08+00:00,1772706008.0098937,0.0,49146.422507974195,0.0,2.999659576902722,34.8,34791619.59498996,0.0,52.99398585861476,0.0,1
2026-03-05T10:20:09+00:00,1772706009.0102036,0.0,0.0,0.0,0.0,34.8,30436688.326421656,0.0,29.990704556483404,0.0,1
2026-03-05T10:20:10+00:00,1772706010.0101624,16384.675809124703,32769.351618249406,1.0000412481155214,2.000082496231043,34.8,32423229.34194664,0.0,22.000907458541473,0.0,1
2026-03-05T10:20:11+00:00,1772706011.0102854,0.0,4095.49615573493,0.0,0.9998769911462232,34.8,32971737.68537768,0.0,29.996309734386696,0.0,1
2026-03-05T10:20:12+00:00,1772706012.0102437,0.0,0.0,0.0,0.0,34.8,30447393.36424607,0.0,22.000917949829393,0.0,1
2026-03-05T10:20:13+00:00,1772706013.0099406,0.0,12291.724761527037,0.0,3.000909365607187,34.8,34866694.65497076,0.0,66.02000604335811,0.0,1
2026-03-05T10:20:14+00:00,1772706014.010185,0.0,4094.9992679954303,0.0,0.9997556806629468,34.8,30438684.4234128,0.0,59.98534083977681,0.0,1
2026-03-05T10:20:15+00:00,1772706015.0099082,0.0,8194.26820597342,0.0,2.0005537612239794,34.8,30454552.941168953,0.0,96.026580538751,0.0,1
2026-03-05T10:20:16+00:00,1772706016.0101366,0.0,0.0,0.0,0.0,34.8,34787623.33293511,0.0,32.99246435621899,0.0,1
2026-03-05T10:20:17+00:00,1772706017.0097816,0.0,4097.454617959534,0.0,1.0003551313377768,34.8,30456990.391923327,66.02343866829325,91.03231695173767,1.0003551313377768,1
2026-03-05T10:20:18+00:00,1772706018.0098808,0.0,49147.12548346493,0.0,3.9996033108288516,34.8,31758638.110661022,0.0,56.994347179311134,0.0,1
2026-03-05T10:20:19+00:00,1772706019.0102894,0.0,4094.3268556045277,0.0,0.9995915174815742,34.8,33466226.04531439,53.977941944005,87.96405353837854,0.9995915174815742,1
2026-03-05T10:20:20+00:00,1772706020.0101223,0.0,0.0,0.0,0.0,34.8,30451211.354314655,0.0,28.004680462122906,0.0,1
2026-03-05T10:20:21+00:00,1772706021.0098584,32776.65072067923,4097.081340084904,3.0007919971324983,1.000263999044166,34.8,33184623.396649383,0.0,31.00818397036915,0.0,1
2026-03-05T10:20:22+00:00,1772706022.0103385,0.0,4094.0341470784624,0.0,0.9995200554390777,34.8,32050479.160582207,0.0,34.98320194036772,0.0,1
