ts_iso_utc,ts_unix,disk_read_bytes_per_s,disk_write_bytes_per_s,disk_read_ops_per_s,disk_write_ops_per_s,disk_usage_percent_c,net_bytes_sent_per_s,net_bytes_recv_per_s,net_packets_sent_per_s,net_packets_recv_per_s,label
2026-03-05T20:44:15+00:00,1772743455.12356,0.0,0.0,0.0,0.0,34.9,0.0,0.0,0.0,0.0,0
2026-03-05T20:44:16+00:00,1772743456.123224,100385.72275432607,192576.69263074797,8.00268835732829,29.00974529531505,34.9,0.0,148.04973461057335,0.0,2.0006720893320726,0
2026-03-05T20:44:17+00:00,1772743457.1233628,927615.2844620807,1150816.313173707,23.996670231324522,32.995421568071215,34.9,1537.7866173240466,868.8794346258754,6.999028817469652,5.9991675578311305,0
2026-03-05T20:44:18+00:00,1772743458.123207,279083.44975774095,0.0,13.002024250468148,0.0,34.9,10868.692117679797,37153.784373568524,31.00482705880866,51.00794129029812,0
2026-03-05T20:44:19+00:00,1772743459.1236176,118735.25243551875,1125937.738612678,2.9987688350834816,32.9864571859183,34.9,0.0,0.0,0.0,0.0,0
2026-03-05T20:44:20+00:00,1772743460.1237257,102388.9416240321,122866.72994883852,3.999568032188754,22.997516185085335,34.9,0.0,0.0,0.0,0.0,0
2026-03-05T20:44:21+00:00,1772743461.1236553,372762.2176642921,1187923.5507982934,3.0002110152839445,97.0068228275142,34.9,216.01519310044398,180.01266091703667,4.000281353711926,3.0002110152839445,0
2026-03-05T20:44:22+00:00,1772743462.1236782,81918.12504291437,167932.15633797445,1.9999542246805264,4.9998855617013165,34.9,0.0,335.99230974632843,0.0,1.9999542246805264,0
2026-03-05T20:44:23+00:00,1772743463.12341,225340.44101623137,397418.5959740808,7.0018780500427,14.0037561000854,34.9,0.0,0.0,0.0,0.0,0
2026-03-05T20:44:24+00:00,1772743464.1234055,640002.899183055,131072.59375268966,22.00009965941752,16.000072479576374,34.9,0.0,0.0,0.0,0.0,0
2026-03-05T20:44:25+00:00,1772743465.1237133,40947.39645747504,85989.53256069758,2.999076888975223,13.99569214855104,34.9,0.0,119.96307555900891,0.0,1.9993845926501486,0
2026-03-05T20:44:26+00:00,1772743466.1234772,110618.1096784071,65551.47240201902,4.000944360474794,1.0002360901186984,34.9,0.0,60.01416540712191,0.0,1.0002360901186984,0
2026-03-05T20:44:27+00:00,1772743467.123443,1227818.1537909855,188422.46897209453,41.00140767161959,16.00054933526618,34.9,0.0,0.0,0.0,0.0,0
2026-03-05T20:44:28+00:00,1772743468.1233897,872494.3882085253,49154.613420198606,29.001541934931634,3.000159510510169,34.9,0.0,0.0,0.0,0.0,0
2026-03-05T20:44:29+00:00,1772743469.1233997,761848.3711701419,135166.6464979284,12.999869824759331,2.9999699595598455,34.9,0.0,0.0,0.0,0.0,0
2026-03-05T20:44:30+00:00,1772743470.1235142,0.0,0.0,0.0,0.0,34.9,0.0,0.0,0.0,0.0,0
2026-03-05T20:44:31+00:00,1772743471.1238012,0.0,90086.1402356997,0.0,3.998852105632977,34.9,0.0,133.96154553870474,0.0,0.9997130264082442,0
2026-03-05T20:44:32+00:00,1772743472.1237457,122886.82655110036,77828.32348236356,5.000277773075372,4.000222218460298,34.9,0.0,208.0115553599355,0.0,3.0001666638452233,0
2026-03-05T20:44:33+00:00,1772743473.1234977,0.0,32776.127015136655,0.0,1.000248016819356,34.9,1.000248016819356,60.01488100916136,1.000248016819356,1.000248016819356,0
2026-03-05T20:44:34+00:00,1772743474.1235032,131071.28125394134,4095.977539185667,0.9999945164027507,0.9999945164027507,34.9,0.0,59.99967098416504,0.0,0.9999945164027507,0
2026-03-05T20:44:35+00:00,1772743475.1234338,24577.705196431198,4096.2841994052,1.00006938462041,1.00006938462041,34.9,0.0,0.0,0.0,0.0,0
2026-03-05T20:44:36+00:00,1772743476.1234145,0.0,4096.079103090131,0.0,1.000019312277864,34.9,0.0,0.0,0.0,0.0,0
2026-03-05T20:44:37+00:00,1772743477.1233232,0.0,65541.984921509,0.0,1.0000913226548616,34.9,55.00502274601739,66.00602729522087,1.0000913226548616,1.0000913226548616,0
2026-03-05T20:44:38+00:00,1772743478.123696,0.0,4094.4732255638164,0.0,0.9996272523349161,34.9,0.0,0.0,0.0,0.0,0
2026-03-05T20:44:39+00:00,1772743479.123668,73730.07427710645,81922.3047523405,3.000084402551532,4.000112536735376,34.9,0.0,0.0,0.0,0.0,0
2026-03-05T20:44:40+00:00,1772743480.1233747,196665.67316293487,135207.65029951773,8.002346727007442,3.0008800226277903,34.9,0.0,0.0,0.0,0.0,0
2026-03-05T20:44:41+00:00,1772743481.1233401,0.0,237576.21317456014,0.0,6.0002074313348635,34.9,0.0,0.0,0.0,0.0,0
2026-03-05T20:44:42+00:00,1772743482.1233082,0.0,73730.35554400513,0.0,2.0000638982206254,34.9,126.00402558789939,120.00383389323751,2.0000638982206254,2.0000638982206254,0
2026-03-05T20:44:43+00:00,1772743483.1236947,180154.37456484567,822977.9383530449,9.99613672789671,149.94205091845063,34.9,0.0,133.9482321538159,0.0,0.999613672789671,0
2026-03-05T20:44:44+00:00,1772743484.1234915,9501578.080538897,81936.64400594069,249.05059030126014,3.0006095217019295,34.9,2847.578436095131,299106.75834229175,37.007517434323795,202.04104112792993,0
2026-03-05T20:44:45+00:00,1772743485.1238418,122836.97795853112,0.0,5.997899314381402,0.0,34.9,0.0,0.0,0.0,0.0,0
2026-03-05T20:44:46+00:00,1772743486.123474,381068.1873142781,12292.522171428325,13.004784198288432,3.0011040457588685,34.9,0.0,0.0,0.0,0.0,0
2026-03-05T20:44:47+00:00,1772743487.1233,65547.39260511615,143384.9213236916,4.000695349433359,5.000869186791699,34.9,0.0,0.0,0.0,0.0,0
2026-03-05T20:44:48+00:00,1772743488.1233542,0.0,196597.35995085028,0.0,23.99870116587528,34.9,0.0,0.0,0.0,0.0,0
2026-03-05T20:44:49+00:00,1772743489.123487,8190.912253826766,69622.75415752751,1.9997344369694252,1.9997344369694252,34.9,6006.202381437669,5739.23783410225,10.998539403331838,11.998406621816551,0
2026-03-05T20:44:50+00:00,1772743490.1235812,294884.2291778266,544716.7011201519,1.9998116670588284,3.999623334117657,34.9,162.9846508652945,612.9422759535308,1.9998116670588284,2.9997175005882424,0
2026-03-05T20:44:51+00:00,1772743491.1234431,0.0,266276.7580039225,0.0,2.000276126832351,34.9,0.0,0.0,0.0,0.0,0
2026-03-05T20:44:52+00:00,1772743492.1234531,0.0,8191.917969571418,0.0,1.999979973039897,34.9,0.0,0.0,0.0,0.0,0
2026-03-05T20:44:53+00:00,1772743493.1234345,49152.91407949881,4096.076173291568,3.000055790985035,1.0000185969950117,34.9,0.0,0.0,0.0,0.0,0
2026-03-05T20:44:54+00:00,1772743494.1234627,0.0,4095.8847688668425,0.0,0.9999718673991315,34.9,0.0,0.0,0.0,0.0,0
2026-03-05T20:44:55+00:00,1772743495.1232731,0.0,61451.647715552775,0.0,13.002464523147559,34.9,55.01042682870121,66.01251219444146,1.0001895787036585,1.0001895787036585,0
2026-03-05T20:44:56+00:00,1772743496.123413,16381.707352109983,0.0,0.9998600678778066,0.0,34.9,0.0,0.0,0.0,0.0,0
2026-03-05T20:44:57+00:00,1772743497.1234174,376830.38281944016,77823.6660170583,12.999944210291913,3.9999828339359733,34.9,0.0,0.0,0.0,0.0,0
2026-03-05T20:44:58+00:00,1772743498.1234596,602086.5918925368,307187.03667986573,19.999156033845427,6.9997046118459,34.9,0.0,0.0,0.0,0.0,0
2026-03-05T20:44:59+00:00,1772743499.1233802,2898662.1346041732,368669.26990196167,115.00913096442488,57.00452578236712,34.9,84.0066695740147,318.0252491016271,1.0000793996906512,2.0001587993813024,0
2026-03-05T20:45:00+00:00,1772743500.1233006,6859810.259075768,204816.3098925362,100.00796381471494,3.000238914441448,34.9,0.0,0.0,0.0,0.0,0
2026-03-05T20:45:01+00:00,1772743501.1232965,0.0,159744.64746356173,0.0,4.00001621252909,34.9,0.0,0.0,0.0,0.0,0
2026-03-05T20:45:02+00:00,1772743502.1235468,0.0,57329.64812409155,0.0,3.9989988925845115,34.9,5381.652759695606,71733.04238545781,29.992491694383833,59.98498338876767,0
2026-03-05T20:45:03+00:00,1772743503.1235824,147450.76190483003,65533.67195770223,5.9997868613618985,0.9999644768936498,34.9,0.0,0.0,0.0,0.0,0
2026-03-05T20:45:04+00:00,1772743504.1235583,65537.5781630026,69633.67679819027,2.000048161712726,2.000048161712726,34.9,0.0,148.00356396674172,0.0,2.000048161712726,0
2026-03-05T20:45:05+00:00,1772743505.1234143,0.0,36869.3093583232,0.0,2.0002880511243055,34.9,0.0,0.0,0.0,0.0,0
2026-03-05T20:45:06+00:00,1772743506.1234436,16383.519545339566,4095.8798863348916,1.9999413507494588,0.9999706753747294,34.9,0.0,0.0,0.0,0.0,0
2026-03-05T20:45:07+00:00,1772743507.1233094,0.0,77834.44769145257,0.0,3.000402743040164,34.9,0.0,0.0,0.0,0.0,0
2026-03-05T20:45:08+00:00,1772743508.123619,472941.5272970298,2358565.5387280444,13.995665462151686,18.994117412920144,34.9,0.0,0.0,0.0,0.0,0
2026-03-05T20:45:09+00:00,1772743509.1234658,0.0,1142959.219244474,0.0,18.002759879732768,34.9,0.0,60.00919959910923,0.0,1.0001533266518206,0
2026-03-05T20:45:10+00:00,1772743510.123595,2786455.926168446,282587.48323442624,80.98953429994808,12.998320319744753,34.9,1822.764457145745,8827.85923869434,11.998449525918234,20.99728667035691,0
2026-03-05T20:45:11+00:00,1772743511.1235194,196622.860498137,86022.50146793493,6.000453506412872,15.00113376603218,34.9,55.00415714211799,536.0405132395499,1.0000755844021452,4.000302337608581,0
2026-03-05T20:45:12+00:00,1772743512.123436,0.0,188431.72396836017,0.0,18.001502162398538,34.9,1769.1476291823897,1651.1377816733327,15.001251801998782,12.001001441599026,0
2026-03-05T20:45:13+00:00,1772743513.1238244,0.0,36849.68817566915,0.0,7.996894135344869,34.9,54.97864718049597,65.97437661659517,0.9996117669181086,0.9996117669181086,0
2026-03-05T20:45:14+00:00,1772743514.1233132,196708.55139880156,422103.7665432617,1.0005114308614176,6.003068585168505,34.9,2712.386489065303,2218.1338422197628,20.01022861722835,21.01074004808977,0
2026-03-05T20:45:15+00:00,1772743515.123347,0.0,65533.78132511421,0.0,0.9999661457079194,34.9,107.9963437364553,137.9953281076929,1.9999322914158388,1.9999322914158388,0
2026-03-05T20:45:16+00:00,1772743516.1233904,0.0,851931.0328540851,0.0,105.99540062834875,34.9,0.0,0.0,0.0,0.0,0
2026-03-05T20:45:17+00:00,1772743517.1235604,0.0,65524.86126850022,0.0,3.9993201457824843,34.9,0.0,0.0,0.0,0.0,0
2026-03-05T20:45:18+00:00,1772743518.1234214,10241.42353771269,0.0,3.0004170520642646,0.0,34.9,0.0,2186.303891937494,0.0,4.000556069419019,0
2026-03-05T20:45:19+00:00,1772743519.1233845,4096.151372781463,4096.151372781463,1.0000369562454743,1.0000369562454743,34.9,0.0,995.036771464247,0.0,2.0000739124909486,0
2026-03-05T20:45:20+00:00,1772743520.1236024,8190.215232676824,12285.322849015236,0.9997821328951201,2.9993463986853603,34.9,0.0,0.0,0.0,0.0,0
2026-03-05T20:45:21+00:00,1772743521.1235423,0.0,69636.18384512162,0.0,2.00012017018387,34.9,0.0,2186.13134601097,0.0,4.00024034036774,0
2026-03-05T20:45:22+00:00,1772743522.1236713,0.0,57336.60446953344,0.0,4.999355160917745,34.9,0.0,994.8716770226314,0.0,1.9997420643670982,0
2026-03-05T20:45:23+00:00,1772743523.1237087,0.0,135162.9406190688,0.0,2.9998877090524863,34.9,0.0,1348.9495065039346,0.0,3.9998502787366483,0
2026-03-05T20:45:24+00:00,1772743524.1236873,36864.79103259872,4096.087892510968,3.0000643743976823,1.0000214581325606,34.9,0.0,2186.0469074777775,0.0,4.000085832530242,0
2026-03-05T20:45:25+00:00,1772743525.1233773,0.0,4097.269924855784,0.0,1.000310040247994,34.9,16293.049935559327,6105.892485673756,7.002170281735959,9.002790362231947,0
2026-03-05T20:45:26+00:00,1772743526.1234117,3078038.3239406,0.0,108.99625791045688,0.0,34.9,24776.14937841642,9777.664310536213,17.999382040258933,29.99897006709822,0
2026-03-05T20:45:27+00:00,1772743527.1232343,5664748.8325375095,90127.98721086618,134.0237735957039,6.001064489359876,34.9,2245.398296435487,146249.94231535975,27.00479020211944,105.01862856379782,0
2026-03-05T20:45:28+00:00,1772743528.123615,21561838.233693313,585505.0663283047,444.8306287493437,92.9646033116606,34.9,1001.6186292288593,160.9387218621221,3.9984775617918533,1.9992387808959267,0
2026-03-05T20:45:29+00:00,1772743529.1233196,3112343.3881649817,1757703.2266220534,114.0336856213772,243.07180356135666,34.9,8667.560402712574,6284.856550518535,11.003250366974994,17.0050232944159,0
2026-03-05T20:45:30+00:00,1772743530.1235247,11171085.48087846,122854.80985248729,189.9610503904019,23.995080049313923,34.9,5024.969680327157,2278.532809682768,15.996720032875949,9.997950020547469,0
2026-03-05T20:45:31+00:00,1772743531.1236498,24128051.897678785,528317.8705820905,465.9416781947488,65.99173983015756,34.9,564.9292879399851,0.0,7.998998767291825,0.0,0
2026-03-05T20:45:32+00:00,1772743532.123658,4454875.887743906,975352.0935699508,157.99871922577532,108.99911642790829,34.9,1830.9851576100925,5640.954273117713,15.999870301344336,12.999894619842273,0
2026-03-05T20:45:33+00:00,1772743533.123499,3173880.7269928227,331828.76913380914,113.0179727048383,56.0089068271765,34.9,428.06807360770614,0.0,6.000954302911769,0.0,0
2026-03-05T20:45:34+00:00,1772743534.123508,12930442.851403153,884727.9844476201,341.9969015402178,40.99962854721909,34.9,0.0,0.0,0.0,0.0,0
2026-03-05T20:45:35+00:00,1772743535.1234353,7450141.756924597,1978511.8727667795,356.02588937193354,97.00705412662235,34.9,819.0595601000382,5168.375832230766,8.000581783638957,8.000581783638957,0
2026-03-05T20:45:36+00:00,1772743536.123535,6360966.072698024,6081953.8787647905,371.9629305589262,1120.888293431603,34.9,8249.177895460056,28149.19468036261,48.995117197277914,51.99481825017248,0
2026-03-05T20:45:37+00:00,1772743537.1233077,34311.796082894085,930003.3087542636,9.00204538088989,97.02204466070215,34.9,3057.6947477089325,2121.482028096384,11.002499909976532,9.00204538088989,0
2026-03-05T20:45:38+00:00,1772743538.123391,90104.50257697121,3673806.3096155985,2.9997503965167085,786.9345206862165,34.9,3695.6924885085846,2343.804976478388,10.99908478722793,10.99908478722793,0
2026-03-05T20:45:39+00:00,1772743539.1234834,0.0,217067.91982629476,0.0,26.99750255799472,34.9,3126.710759216648,2864.7349936538844,16.998427536515194,10.998982523627479,0
2026-03-05T20:45:40+00:00,1772743540.1232998,604270.9334513562,98322.05018869527,21.00385593630575,15.002754240218394,34.9,3098.5688424131054,1669.3064551282998,12.002203392174716,9.001652544131035,0
2026-03-05T20:45:41+00:00,1772743541.1236284,16378.61895539271,90082.40425465991,0.9996715671016059,13.995401939422482,34.9,3336.9036909851607,2283.2498592600678,11.99605880521927,9.996715671016059,0
2026-03-05T20:45:42+00:00,1772743542.1234133,32775.04839078152,315459.8407612721,2.000430199632661,40.00860399265322,34.9,5573.198536176594,2791.6003435873786,16.00344159706129,11.002366097979635,0
2026-03-05T20:45:43+00:00,1772743543.1234102,133632.41418585405,73728.22851633327,5.000015497255674,3.0000092983534046,34.9,1.0000030994511349,0.0,1.0000030994511349,0.0,0
2026-03-05T20:45:44+00:00,1772743544.1236143,45046.80656375442,36057921.07216888,0.9997959553390097,41.991430124238406,34.9,0.9997959553390097,0.0,0.9997959553390097,0.0,0
2026-03-05T20:45:45+00:00,1772743545.1232896,3581066.865894162,0.0,62.02013955833398,0.0,34.9,0.0,0.0,0.0,0.0,0
2026-03-05T20:45:46+00:00,1772743546.1234338,126957.68721180841,1961701.0378856848,1.9997115551255105,251.9636559458143,34.9,0.0,0.0,0.0,0.0,0
2026-03-05T20:45:47+00:00,1772743547.123868,0.0,180145.78786284965,0.0,27.987848789061335,34.9,54.97613154994191,65.9713578599303,0.999566028180762,0.999566028180762,0
2026-03-05T20:45:48+00:00,1772743548.1233914,0.0,139330.40469526907,0.0,4.001907303977168,34.9,1.000476825994292,0.0,1.000476825994292,0.0,0
2026-03-05T20:45:49+00:00,1772743549.1234279,0.0,69629.46005358978,0.0,2.9998905698639895,34.9,0.9999635232879965,0.0,0.9999635232879965,0.0,0
2026-03-05T20:45:50+00:00,1772743550.123515,0.0,405468.71498466266,0.0,2.9997389543728,34.9,0.9999129847909335,0.0,0.9999129847909335,0.0,0
2026-03-05T20:45:51+00:00,1772743551.1234019,65543.40708707793,258077.1654053693,2.0002260463585793,3.0003390695378687,34.9,1.0001130231792896,0.0,1.0001130231792896,0.0,0
2026-03-05T20:45:52+00:00,1772743552.1234705,0.0,65531.50030896926,0.0,0.9999313401637155,34.9,0.9999313401637155,0.0,0.9999313401637155,0.0,0
2026-03-05T20:45:53+00:00,1772743553.1236484,0.0,8190.543227851873,0.0,1.9996443427372737,34.9,0.9998221713686368,0.0,0.9998221713686368,0.0,0
2026-03-05T20:45:54+00:00,1772743554.1234062,311371.4245203287,241722.55324604464,14.00339208754562,53.01284147427985,34.9,0.0,0.0,0.0,0.0,0
2026-03-05T20:45:55+00:00,1772743555.1232123,0.0,4096.794099236174,0.0,1.0001938718838315,34.9,0.0,0.0,0.0,0.0,0
2026-03-05T20:45:56+00:00,1772743556.123428,0.0,0.0,0.0,0.0,34.9,0.0,0.0,0.0,0.0,0
2026-03-05T20:45:57+00:00,1772743557.123743,245682.62202651572,4094.710367108595,15.99496237151795,0.9996851482198719,34.9,54.98268315209295,215.93199201549234,0.9996851482198719,2.9990554446596156,0
2026-03-05T20:45:58+00:00,1772743558.1239305,45047.558222588785,221142.55854725404,1.9996252762157665,7.998501104863066,34.9,69.98688466755183,69.98688466755183,0.9998126381078832,0.9998126381078832,0
2026-03-05T20:45:59+00:00,1772743559.1238341,32771.15655404278,4096.394569255347,2.0001926607692124,1.0000963303846062,34.9,55.00529817115334,0.0,1.0000963303846062,0.0,0
2026-03-05T20:46:00+00:00,1772743560.1235185,0.0,65556.69403240655,0.0,1.000315765875344,34.9,108.03410271453716,204.06441623857017,2.000631531750688,3.0009472976260323,0
2026-03-05T20:46:01+00:00,1772743561.123676,196577.02050720327,8190.7091878001365,2.9995272904541515,0.9998424301513839,34.9,0.0,2359.628135157266,0.0,13.997794022119374,0
2026-03-05T20:46:02+00:00,1772743562.123603,65540.78159884673,20481.494249639603,1.0000729614081838,3.000218884224551,34.9,0.0,5297.3864765791495,0.0,24.00175107379641,0
2026-03-05T20:46:03+00:00,1772743563.1233978,0.0,8193.681985900368,0.0,2.000410641088957,34.9,90.01847884900307,1796.3687556978837,1.0002053205444785,5.001026602722393,0
2026-03-05T20:46:04+00:00,1772743564.12383,0.0,110544.21694342651,0.0,7.99654347102333,34.9,0.0,3237.6005378305704,0.0,8.996111404901246,0
2026-03-05T20:46:05+00:00,1772743565.123453,65560.72807689133,69658.27358169705,1.0003773205092061,2.0007546410184123,34.9,0.0,786.296573920236,0.0,3.0011319615276184,0
2026-03-05T20:46:06+00:00,1772743566.1236222,0.0,90096.74867545138,0.0,4.999153757293778,34.9,0.0,2618.5567380704806,0.0,6.9988152602112885,0
2026-03-05T20:46:07+00:00,1772743567.123304,0.0,65556.86601641939,0.0,1.000318390143118,34.9,0.0,0.0,0.0,0.0,0
2026-03-05T20:46:08+00:00,1772743568.1234968,0.0,131046.72362532308,0.0,7.998457252522161,34.9,0.0,0.0,0.0,0.0,0
2026-03-05T20:46:09+00:00,1772743569.1236215,0.0,135151.14760918627,0.0,1.9997506452590297,34.9,359.95511614662536,359.95511614662536,4.999376613147574,4.999376613147574,0
2026-03-05T20:46:10+00:00,1772743570.1233912,0.0,479342.39847300644,0.0,25.005759135085224,34.9,0.0,0.0,0.0,0.0,0
2026-03-05T20:46:11+00:00,1772743571.1233418,0.0,65539.23453463284,0.0,1.0000493550816778,34.9,0.0,0.0,0.0,0.0,0
2026-03-05T20:46:12+00:00,1772743572.1236305,16379.270896659886,69611.90131080452,0.9997113584387137,1.9994227168774275,34.9,86.9748881841681,0.0,0.9997113584387137,0.0,0
2026-03-05T20:46:13+00:00,1772743573.1233742,0.0,135202.6524361059,0.0,8.002050925432405,34.9,0.0,0.0,0.0,0.0,0
2026-03-05T20:46:14+00:00,1772743574.123341,695831.0599683131,12288.40724005851,52.001723346601764,3.0000994238424097,34.9,0.0,0.0,0.0,0.0,0
2026-03-05T20:46:15+00:00,1772743575.1237319,4610294.444224814,98265.60094262482,55.978125536977025,6.997265692122128,34.9,0.0,0.0,0.0,0.0,0
2026-03-05T20:46:16+00:00,1772743576.1233847,0.0,8194.84473751493,0.0,2.000694515994856,34.9,0.0,0.0,0.0,0.0,0
2026-03-05T20:46:17+00:00,1772743577.1233544,0.0,4096.124027192939,0.0,1.0000302800764012,34.9,0.0,0.0,0.0,0.0,0
2026-03-05T20:46:18+00:00,1772743578.1233943,61437.55380833483,8191.67384111131,0.999960185682533,1.999920371365066,34.9,0.0,0.0,0.0,0.0,0
2026-03-05T20:46:19+00:00,1772743579.1232743,0.0,94219.29920661471,0.0,7.000839572502367,34.9,0.0,0.0,0.0,0.0,0
2026-03-05T20:46:20+00:00,1772743580.1233783,0.0,380888.40645951836,0.0,3.9995842412163807,34.9,0.0,0.0,0.0,0.0,0
2026-03-05T20:46:21+00:00,1772743581.123505,0.0,282588.1568900429,0.0,6.999112241813506,34.9,0.0,0.0,0.0,0.0,0
2026-03-05T20:46:22+00:00,1772743582.1235044,53248.03808596474,147456.10546882544,3.0000021457687467,2.000001430512498,34.9,0.0,0.0,0.0,0.0,0
2026-03-05T20:46:23+00:00,1772743583.123405,98313.77440927712,61446.1090057982,3.00029829129874,4.0003977217316535,34.9,0.0,0.0,0.0,0.0,0
2026-03-05T20:46:24+00:00,1772743584.1233969,0.0,4096.033203394154,0.0,1.000008106297401,34.9,150.00121594461015,360.00291826706433,3.000024318892203,5.000040531487005,0
2026-03-05T20:46:25+00:00,1772743585.123375,0.0,184324.0430574325,0.0,4.000087739961643,34.9,0.0,148.00324637858077,0.0,2.0000438699808214,0
2026-03-05T20:46:26+00:00,1772743586.123301,0.0,114696.477189047,0.0,3.0002217456677336,34.9,0.0,0.0,0.0,0.0,0
2026-03-05T20:46:27+00:00,1772743587.1233592,0.0,61436.425989164985,0.0,13.99918560951025,34.9,0.0,147.99139072910836,0.0,1.9998836585014643,0
2026-03-05T20:46:28+00:00,1772743588.123414,36861.978626469594,151543.68990881942,2.999835500200976,6.99961616713561,34.9,0.0,0.0,0.0,0.0,0
2026-03-05T20:46:29+00:00,1772743589.1237278,0.0,85989.02018390608,0.0,4.998431697818201,34.9,41.98682626167289,193.9391498753462,0.9996863395636402,1.9993726791272803,0
2026-03-05T20:46:30+00:00,1772743590.1233058,0.0,0.0,0.0,0.0,34.9,0.0,0.0,0.0,0.0,0
2026-03-05T20:46:31+00:00,1772743591.1233356,16383.511733301482,106492.82626645963,0.9999701985657643,3.999880794263057,34.9,0.0,147.9955893877331,0.0,1.9999403971315286,0
2026-03-05T20:46:32+00:00,1772743592.1236234,0.0,45043.03790980407,0.0,2.9991369346904344,34.9,161.95339447328348,290.91628266497213,2.9991369346904344,3.9988492462539127,0
2026-03-05T20:46:33+00:00,1772743593.1238325,32761.149869814915,28666.00613608805,0.9997909506169103,1.9995819012338205,34.9,0.0,0.0,0.0,0.0,0
2026-03-05T20:46:34+00:00,1772743594.1233141,0.0,4098.124147867552,0.0,1.0005185907879766,34.9,0.0,0.0,0.0,0.0,0
2026-03-05T20:46:35+00:00,1772743595.123517,2047.5845569472403,386993.4812630284,3.999188587787579,27.99432011451305,34.9,0.0,0.0,0.0,0.0,0
2026-03-05T20:46:36+00:00,1772743596.1233013,0.0,159778.47521211315,0.0,26.005611199888204,34.9,216.04661612214818,306.06603950637657,4.000863261521262,4.000863261521262,0
2026-03-05T20:46:37+00:00,1772743597.1234193,0.0,65528.26653768154,0.0,0.9998819967297599,34.9,0.0,0.0,0.0,0.0,0
2026-03-05T20:46:38+00:00,1772743598.1234922,0.0,196593.6572963875,0.0,5.999562295421982,34.9,53.99606065879784,0.0,0.999927049236997,0.0,0
2026-03-05T20:46:39+00:00,1772743599.1233082,28677.278315272186,20483.770225194417,1.0001840930270711,4.0007363721082845,34.9,0.0,148.02724576800654,0.0,2.0003681860541422,0
2026-03-05T20:46:40+00:00,1772743600.1238885,0.0,225149.34339956412,0.0,4.997100128719019,34.9,0.0,0.0,0.0,0.0,0
2026-03-05T20:46:41+00:00,1772743601.1238537,0.0,0.0,0.0,0.0,34.9,0.0,0.0,0.0,0.0,0
2026-03-05T20:46:42+00:00,1772743602.123417,0.0,40977.89844273259,0.0,8.00349578959621,34.9,55.02403355347394,66.02884026416874,1.0004369736995262,1.0004369736995262,0
2026-03-05T20:46:43+00:00,1772743603.1236255,208852.42998785034,131044.66195316099,6.998539990784661,31.993325672158445,34.9,0.0,0.0,0.0,0.0,0
2026-03-05T20:46:44+00:00,1772743604.1236246,0.0,53248.05078129843,0.0,4.000003814700904,34.9,0.0,0.0,0.0,0.0,0
2026-03-05T20:46:45+00:00,1772743605.1234143,0.0,0.0,0.0,0.0,34.9,55.011568117876045,66.01388174145126,1.0002103294159281,1.0002103294159281,0
2026-03-05T20:46:46+00:00,1772743606.1233268,0.0,73734.45173639947,0.0,3.0002625218261505,34.9,0.0,0.0,0.0,0.0,0
2026-03-05T20:46:47+00:00,1772743607.1233878,0.0,40957.50015257858,0.0,4.999694842844065,34.9,0.0,0.0,0.0,0.0,0
2026-03-05T20:46:48+00:00,1772743608.1237376,0.0,65513.086139353174,0.0,0.9996503622337826,34.9,0.0,0.0,0.0,0.0,0
2026-03-05T20:46:49+00:00,1772743609.1233609,0.0,12292.630650622365,0.0,3.0011305299371007,34.9,0.0,0.0,0.0,0.0,0
2026-03-05T20:46:50+00:00,1772743610.1235764,27341563.062099423,438177.55941731617,224.95151611076255,8.998060644430502,34.9,0.0,0.0,0.0,0.0,0
2026-03-05T20:46:51+00:00,1772743611.1234498,62245064.24165924,467003.122719327,2084.2638683591126,19.00240570960803,34.9,1988.251713194777,6810.8622569700365,13.001646011837074,16.00202586072255,0
2026-03-05T20:46:52+00:00,1772743612.1232686,9394854.32994336,106515.30037219115,525.0951462533837,7.0012686167117835,34.9,2665.482980505272,13220.395510813765,15.002718464382394,19.003443388217697,0
2026-03-05T20:46:53+00:00,1772743613.1233594,5913062.872277657,462805.95987350657,240.97811015606655,22.99791092775739,34.9,1540.860032159745,4683.574555896331,10.999000878492664,10.999000878492664,0
2026-03-05T20:46:54+00:00,1772743614.1236107,36854.73865543775,442256.863865253,1.9994975399000514,19.994975399000513,34.9,1085.727164165728,1622.5922536288917,7.997990159600206,7.997990159600206,0
2026-03-05T20:46:55+00:00,1772743615.123329,0.0,200760.5764907389,0.0,25.007047255004743,34.9,868.2446806937647,1497.421989629684,11.003100792202087,15.004228353002846,0
2026-03-05T20:46:56+00:00,1772743616.1233463,0.0,98302.28909227758,0.0,1.999965191493278,34.9,6522.886472055326,1415.9753555772406,15.999721531946223,15.999721531946223,0
2026-03-05T20:46:57+00:00,1772743617.1233757,0.0,155643.43568072587,0.0,13.99958945524621,34.9,88.99739010835091,212.99375385481736,0.9999706753747294,1.9999413507494588,0
2026-03-05T20:46:58+00:00,1772743618.1237335,294806.49869286106,434020.6786311566,11.995707140822798,4.998211308676166,34.9,0.0,147.94705473681452,0.0,1.9992845234704664,0
2026-03-05T20:46:59+00:00,1772743619.123528,3801869.348080169,139292.62697707515,66.01356689802792,5.001027795305146,34.9,13156.703923888777,60507.43529539696,34.00698900807499,53.010894630234546,0
2026-03-05T20:47:00+00:00,1772743620.1237173,0.0,0.0,0.0,0.0,34.9,0.0,0.0,0.0,0.0,0
2026-03-05T20:47:01+00:00,1772743621.1233563,65559.66479217896,651499.1688722784,1.0003610960720666,7.002527672504466,34.9,0.0,0.0,0.0,0.0,0
2026-03-05T20:47:02+00:00,1772743622.1233573,0.0,61439.94140630588,0.0,3.9999961853063724,34.9,41.99995994571691,447.9995727543137,0.9999990463265931,5.9999942779595585,0
2026-03-05T20:47:03+00:00,1772743623.1233947,65533.546966821246,32766.773483410623,3.9998502787366483,0.9999625696841621,34.9,0.0,147.99446031325598,0.0,1.9999251393683242,0
2026-03-05T20:47:04+00:00,1772743624.1235971,0.0,229329.57970877344,0.0,7.998380988726752,34.9,521.8943595144206,635.8712886037767,6.998583365135908,8.998178612317597,0
2026-03-05T20:47:05+00:00,1772743625.1233757,0.0,4096.907427549409,0.0,1.0002215399290548,34.9,42.0093046770203,208.04608030524338,1.0002215399290548,3.0006646197871643,0
2026-03-05T20:47:06+00:00,1772743626.1232884,0.0,147468.8683104042,0.0,12.001047225781592,34.9,0.0,240.02094451563184,0.0,3.000261806445398,0
2026-03-05T20:47:07+00:00,1772743627.1233456,0.0,65532.25021456445,0.0,0.9999427828150093,34.9,0.0,147.99153185662135,0.0,1.9998855656300185,0
2026-03-05T20:47:08+00:00,1772743628.1236217,0.0,167889.64756300976,0.0,13.996135824850755,34.9,0.0,0.0,0.0,0.0,0
2026-03-05T20:47:09+00:00,1772743629.1233342,0.0,8194.356146219334,0.0,2.0005752310105795,34.9,0.0,296.0851341895658,0.0,4.001150462021159,0
2026-03-05T20:47:10+00:00,1772743630.1235397,0.0,36856.425384835784,0.0,1.9995890508265943,34.9,0.0,147.96958976116798,0.0,1.9995890508265943,0
2026-03-05T20:47:11+00:00,1772743631.1237352,32761.595002197788,32761.595002197788,0.9998045349791805,0.9998045349791805,34.9,0.0,0.0,0.0,0.0,0
2026-03-05T20:47:12+00:00,1772743632.123527,0.0,167970.9613784035,0.0,15.003122741258888,34.9,0.0,0.0,0.0,0.0,0
2026-03-05T20:47:13+00:00,1772743633.123407,65543.87594639706,176149.1666059421,1.0001201774047404,34.00408603176117,34.9,0.0,148.01778625590157,0.0,2.0002403548094807,0
2026-03-05T20:47:14+00:00,1772743634.1233754,0.0,233479.34788749722,0.0,8.000251777943298,34.9,0.0,0.0,0.0,0.0,0
2026-03-05T20:47:15+00:00,1772743635.1235225,32763.180396484226,0.0,0.9998529173731758,0.0,34.9,0.0,0.0,0.0,0.0,0
2026-03-05T20:47:16+00:00,1772743636.123381,0.0,77835.02304546571,0.0,5.000708203476158,34.9,324.04589158525505,180.0254953251417,6.00084984417139,3.000424922085695,0
2026-03-05T20:47:17+00:00,1772743637.1232617,0.0,471096.1590384291,0.0,5.000596117510499,34.9,0.0,148.01764507831078,0.0,2.0002384470041994,0
2026-03-05T20:47:18+00:00,1772743638.123359,0.0,0.0,0.0,0.0,34.9,0.0,0.0,0.0,0.0,0
2026-03-05T20:47:19+00:00,1772743639.1236663,8517062.523157036,425853.12615785183,9.996927728690556,45.98586755197656,34.9,508709.6625587849,133.95883156445348,11.996313274428669,0.9996927728690557,1
2026-03-05T20:47:20+00:00,1772743640.1237652,13507271.540437393,291299.17777853535,52.994756502163796,20.997922387649805,34.9,5075663.79499175,0.0,50.99495437000667,0.0,1
2026-03-05T20:47:21+00:00,1772743641.1233838,4470441.338034834,49170.7571552869,12.004579383614965,11.004197768313718,34.9,5647584.38247012,148.05647906458458,6.002289691807483,2.000763230602494,1
2026-03-05T20:47:22+00:00,1772743642.1236856,8397849.210652187,32758.112359464863,7.997586025259976,0.999698253157497,34.9,6165706.955830078,119.96379037889965,7.997586025259976,1.999396506314994,1
2026-03-05T20:47:23+00:00,1772743643.1232548,4212502.840467626,61466.481135228,4.001724032241406,9.003879072543164,34.9,6550596.14337136,180.0775814508633,4.001724032241406,3.001293024181055,1
2026-03-05T20:47:24+00:00,1772743644.1234493,4193488.158721562,311235.44928011595,2.9994164648448676,8.998249394534602,34.9,4757408.448277046,0.0,5.998832929689735,0.0,1
2026-03-05T20:47:25+00:00,1772743645.1233869,8401420.80036013,24577.535252150552,9.000562226129352,4.000249878279712,34.9,7901657.5823170105,0.0,34.00212396537755,0.0,1
2026-03-05T20:47:26+00:00,1772743646.123599,4193414.188811292,0.0,1.999575704961439,0.0,34.9,7378908.250749786,147.9686021671465,4.998939262403598,1.999575704961439,1
2026-03-05T20:47:27+00:00,1772743647.1233728,8624031.266687414,356432.64617662947,14.003168346109499,7.0015841730547494,34.9,10019577.021797583,148.03349394458613,8.001810483491143,2.0004526208727857,1
2026-03-05T20:47:28+00:00,1772743648.1235938,8386754.409669456,85996.9934585247,4.998895174067888,1.9995580696271553,34.9,8697011.838427015,59.98674208881466,6.998453243695043,0.9997790348135777,1
2026-03-05T20:47:29+00:00,1772743649.1233165,8390934.645134041,8194.272114388712,6.001664146280795,2.0005547154269316,34.9,7408266.170025763,0.0,5.00138678856733,0.0,1
2026-03-05T20:47:30+00:00,1772743650.1235154,12588600.868819095,0.0,10.997813182784451,0.0,34.9,9989801.616907954,0.0,11.997614381219401,0.0,1
2026-03-05T20:47:31+00:00,1772743651.1232805,4195289.231374002,69648.35638023246,2.0004697949285517,13.003053667035587,34.9,7425092.725856535,66.0155032326422,12.002818769571311,1.0002348974642759,1
2026-03-05T20:47:32+00:00,1772743652.1233447,12582105.051753301,139255.06893216545,7.999486956121636,12.99916630369766,34.9,9974706.276225017,0.0,12.99916630369766,0.0,1
2026-03-05T20:47:33+00:00,1772743653.1233418,8388632.000068665,0.0,5.000014305155673,0.0,34.9,10246657.315921733,0.0,13.00003719340475,0.0,1
2026-03-05T20:47:34+00:00,1772743654.123647,8386048.781011654,118747.76105924706,8.99725425590335,10.99664409054854,34.9,7149614.110928061,147.95484776374397,6.997864421258161,1.9993898346451888,1
2026-03-05T20:47:35+00:00,1772743655.1232882,8391619.080435766,118826.63736945177,5.00179474379764,3.001076846278584,34.9,8703528.99994109,0.0,7.002512641316696,0.0,1
2026-03-05T20:47:36+00:00,1772743656.1237087,8385081.48314851,77791.28329092855,4.997898032157725,1.99915921286309,34.9,8695627.876535842,676.715393554156,8.996216457883905,3.99831842572618,1
2026-03-05T20:47:37+00:00,1772743657.1232824,4196092.762535909,65563.94941462358,3.0012794226664847,1.0004264742221616,34.9,7479997.666302525,9826.188829810071,11.004691216443778,15.006397113332424,1
2026-03-05T20:47:38+00:00,1772743658.123323,8470184.693602106,36862.5059199318,9.99959470484261,1.9999189409685219,34.9,5583877.678969043,3675.8510135001434,14.999392057263915,9.99959470484261,1
2026-03-05T20:47:39+00:00,1772743659.1235902,8386366.599053016,94182.82801670868,6.998129629298581,3.9989312167420463,34.9,10266186.184884725,137.9631269776006,11.99679365022614,1.9994656083710232,1
2026-03-05T20:47:40+00:00,1772743660.1233604,8697807.064924857,4096.941622668326,14.003218436854631,1.0002298883467593,34.9,7132028.193338961,0.0,6.001379330080557,0.0,1
2026-03-05T20:47:41+00:00,1772743661.1237814,4462760.9669428775,61414.14174692033,47.97979823978151,12.994528689940825,34.9,7495411.078072578,0.0,12.994528689940825,0.0,1
2026-03-05T20:47:42+00:00,1772743662.1236222,4529873.444001339,270379.06154563726,11.001752178777558,26.004141513474227,34.9,4353168.301302259,0.0,4.000637155919112,0.0,1
2026-03-05T20:47:43+00:00,1772743663.1232839,9004006.199034793,196674.53813591358,25.00846076150431,28.00947605288483,34.9,5548677.206076484,66.02233641037138,6.0020305827610345,1.0003384304601723,1
2026-03-05T20:47:44+00:00,1772743664.1235332,12321791.119848404,417687.8345711323,131.9670892774143,15.996010821504761,34.9,7511833.655101005,0.0,5.998504058064285,0.0,1
2026-03-05T20:47:45+00:00,1772743665.1234283,8422259.530186005,0.0,6.000629491085071,0.0,34.9,7120536.97405543,0.0,5.000524575904226,0.0,1
2026-03-05T20:47:46+00:00,1772743666.1233168,8389544.104450436,331813.02366234636,6.000669554078891,22.0024550316226,34.9,7114527.838269307,0.0,5.000557961732409,0.0,1
2026-03-05T20:47:47+00:00,1772743667.1236153,8414768.191181336,233402.3293904312,9.997015890146622,15.995225424234595,34.9,8696296.155066933,0.0,7.997612712117298,0.0,1
2026-03-05T20:47:48+00:00,1772743668.1236215,4194278.00016117,32767.79687625914,1.9999876023107386,5.999962806932215,34.9,5945166.146610305,0.0,5.999962806932215,0.0,1
2026-03-05T20:47:49+00:00,1772743669.1235664,8389070.025445908,122886.76795086781,8.000440621801289,13.000716010427096,34.9,7105042.308015144,290.01597254029673,9.00049569952645,4.0002203109006444,1
2026-03-05T20:47:50+00:00,1772743670.1235054,8462852.531526582,4096.25001525972,11.000671427699444,1.0000610388817677,34.9,10299819.651101751,230.01403894280656,8.000488311054141,3.000183116645303,1
2026-03-05T20:47:51+00:00,1772743671.123317,8803962.232251043,184354.72333703906,33.00621674328499,18.00339095088272,34.9,8705074.606699774,0.0,7.001318703121058,0.0,1
2026-03-05T20:47:52+00:00,1772743672.123419,8387752.087340025,0.0,4.999489836299435,0.0,34.9,10311818.749513438,0.0,9.99897967259887,0.0,1
2026-03-05T20:47:53+00:00,1772743673.1232758,12584715.258388111,102414.67495433034,7.001003170706175,5.000716550504411,34.9,9832659.917572608,441.06319975448906,11.001576411109705,6.000859860605293,1
2026-03-05T20:47:54+00:00,1772743674.1233284,8437315.43358068,217076.56212610487,6.999631185891132,13.999262371782264,34.9,8698433.675128412,0.0,23.99873549448388,0.0,1
2026-03-05T20:47:55+00:00,1772743675.1234283,8387770.083705646,348125.2232006738,4.999500562969235,9.99900112593847,34.9,8698023.090241715,0.0,5.999400675563082,0.0,1
2026-03-05T20:47:56+00:00,1772743676.1233156,8389554.106694333,0.0,5.0005639235343535,0.0,34.9,10324578.323221894,0.0,7.000789492948094,0.0,1
2026-03-05T20:47:57+00:00,1772743677.12342,8387732.091468796,364505.93561558734,4.999477917831419,43.995405676916484,34.9,10331419.11740746,0.0,6.999269084963986,0.0,1
2026-03-05T20:47:58+00:00,1772743678.1232347,8394259.046863416,303160.1607944816,7.0012969989223865,7.0012969989223865,34.9,9792108.000109693,120.02223426724092,9.001667570043068,2.000370571120682,1
2026-03-05T20:47:59+00:00,1772743679.1234617,12580056.648092035,94186.62203975157,7.998184616147381,14.996596155276341,34.9,8696918.02149094,147.96641539872655,5.998638462110536,1.9995461540368453,1
2026-03-05T20:48:00+00:00,1772743680.1234112,4194516.010716027,163848.28166859478,3.0001516418810077,2.0001010945873388,34.9,7632183.76673473,0.0,6.000303283762015,0.0,1
2026-03-05T20:48:01+00:00,1772743681.1236744,12808916.512423106,135132.4312372003,16.995526537585857,6.998157986064764,34.9,11410214.670485444,119.9684226182531,7.9978948412168736,1.9994737103042184,1
2026-03-05T20:48:02+00:00,1772743682.1235685,8389496.094011722,4096.433639654161,8.000846952449534,1.0001058690561917,34.9,8702841.264057456,120.012704286743,6.00063521433715,2.0002117381123834,1
2026-03-05T20:48:03+00:00,1772743683.12362,8388176.022246169,0.0,7.999588033910912,0.0,34.9,10356258.669113033,219.9886709325501,7.999588033910912,2.999845512716592,1
2026-03-05T20:48:04+00:00,1772743684.1236491,8388364.0070970375,131068.18761089121,4.999854568896912,4.999854568896912,34.9,5392159.157907184,0.0,3.9998836551175296,0.0,1
2026-03-05T20:48:05+00:00,1772743685.123225,8392167.509754146,86052.49887931497,7.002970286402586,2.0008486532578815,34.9,8702583.17151788,0.0,6.002545959773645,0.0,1
2026-03-05T20:48:06+00:00,1772743686.1237385,8384302.211253395,4093.897564088572,5.996920259895369,0.9994867099825615,34.9,10358972.112378582,147.9240330774191,6.99640696987793,1.998973419965123,1
2026-03-05T20:48:07+00:00,1772743687.1237133,8409300.522949083,32768.82814592921,7.000176911056655,1.0000252730080936,34.9,10370610.089888938,0.0,7.000176911056655,0.0,1
2026-03-05T20:48:08+00:00,1772743688.1234245,12586546.049240502,86040.84213348,8.00231046628348,3.0008664248563055,34.9,9714341.772349909,66.01906134683871,9.002599274568917,1.000288808285435,1
2026-03-05T20:48:09+00:00,1772743689.123505,4193966.0272356975,73722.0590725025,1.99983884202752,2.99975826304128,34.9,8698191.052101228,147.98807431003647,5.99951652608256,1.99983884202752,1
2026-03-05T20:48:10+00:00,1772743690.1236565,8387338.192243558,290771.97834438115,4.9992431355974425,2.9995458813584657,34.9,6027559.452828277,0.0,3.999394508477954,0.0,1
2026-03-05T20:48:11+00:00,1772743691.1236186,4194463.006027688,65538.48446918263,3.0001137299735703,1.00003790999119,34.9,7020132.123058216,654.0247931342383,5.000189549955951,8.00030327992952,1
2026-03-05T20:48:12+00:00,1772743692.1237838,8391317.552316723,360388.45515074267,5.999008819315008,8.998513228972511,34.9,4348727.485522397,0.0,2.999504409657504,0.0,1
2026-03-05T20:48:13+00:00,1772743693.1236372,4194919.090189091,20483.00337006392,3.0004399467867073,3.0004399467867073,34.9,7722256.294564523,0.0,5.000733244644512,0.0,1
2026-03-05T20:48:14+00:00,1772743694.1233723,8390830.588726062,81941.70496802795,5.001324766114987,7.001854672560982,34.9,8707296.41515666,0.0,7.001854672560982,0.0,1
2026-03-05T20:48:15+00:00,1772743695.123255,8389592.115438651,81929.61050233057,5.000586578511387,1.0001173157022776,34.9,7014632.830045791,0.0,5.000586578511387,0.0,1
2026-03-05T20:48:16+00:00,1772743696.123433,14413305.009423723,868197.3751947235,33.99394572318668,183.967235678422,34.9,4350185.237757538,59.98931598209414,2.999465799104707,0.9998219330349023,1
2026-03-05T20:48:17+00:00,1772743697.1235275,4193908.037384318,155633.3060748087,2.9997167854673754,6.999339166090543,34.9,4350549.248299044,0.0,8.999150356402126,0.0,1
2026-03-05T20:48:18+00:00,1772743698.1235573,4194179.0037251795,36862.901399928334,1.9999403971315286,1.9999403971315286,34.9,4350830.3351516975,59.99821191394585,2.9999105956972927,0.9999701985657643,1
2026-03-05T20:48:19+00:00,1772743699.1236758,8387614.117769115,65528.23529507121,4.999407600026795,3.999526080021436,34.9,8702402.817186322,0.0,5.999289120032154,0.0,1
2026-03-05T20:48:20+00:00,1772743700.123354,8399503.506883213,20486.59391922735,7.002253780985911,4.001287874849092,34.9,11350255.250834614,0.0,8.002575749698185,0.0,1
2026-03-05T20:48:21+00:00,1772743701.1236775,12644357.120413685,98272.20559907009,8.99708913565705,2.999029711885684,34.9,8696078.522828227,0.0,5.998059423771368,0.0,1
2026-03-05T20:48:22+00:00,1772743702.1234186,8784098.40139387,0.0,7.001812927446176,0.0,34.9,8701144.922865447,0.0,6.001553937811008,0.0,1
2026-03-05T20:48:23+00:00,1772743703.1237833,8385549.115821074,4094.5064042095087,3.9985414103608483,0.9996353525902121,34.9,10254571.333100405,0.0,12.995259583672757,0.0,1
2026-03-05T20:48:24+00:00,1772743704.1234186,8391669.11663543,94242.3777747143,5.001824567696708,8.002919308314734,34.9,9722874.714380503,0.0,9.003284221854075,0.0,1
2026-03-05T20:48:25+00:00,1772743705.1237335,8385966.831838403,85988.9177092805,3.9987405928794875,1.9993702964397437,34.9,9437779.562427051,0.0,8.997166333978846,0.0,1
2026-03-05T20:48:26+00:00,1772743706.1236172,12584376.170353683,0.0,8.000930894440767,0.0,34.9,11110196.652122077,0.0,14.001629065271342,0.0,1
2026-03-05T20:48:27+00:00,1772743707.1237082,8387844.069575649,69625.65878065724,7.999271459174775,1.9998178647936937,34.9,10290682.766834037,0.0,23.997814377524325,0.0,1
2026-03-05T20:48:28+00:00,1772743708.1234434,8390830.588726062,86038.79021642935,6.001589719337984,2.000529906445995,34.9,7839502.551278703,0.0,8.00211962578398,0.0,1
2026-03-05T20:48:29+00:00,1772743709.1235516,8387700.09827313,61433.3503291489,4.999458848400789,3.9995670787206317,34.9,10446486.251070503,65.99285679889043,38.99577901752616,0.9998917696801579,1
2026-03-05T20:48:30+00:00,1772743710.1234143,8475787.972347276,0.0,7.000961435744045,0.0,34.9,8347276.3239580635,60.008240877806095,8.00109878370748,1.000137347963435,1
2026-03-05T20:48:31+00:00,1772743711.1238055,8385327.283563536,4037076.5144500225,4.998044540621958,19.992178162487832,34.9,7702694.360205389,59.97653448746349,6.997262356870741,0.9996089081243915,1
2026-03-05T20:48:32+00:00,1772743712.1232955,8392888.18279624,45078.98926306574,5.002551187751436,10.005102375502872,34.9,8229206.708953489,0.0,8.004081900402298,0.0,1
2026-03-05T20:48:33+00:00,1772743713.1236756,8385421.211104751,85983.32296542957,4.998100525799245,1.999240210319698,34.9,8070542.877219608,0.0,7.996960841278792,0.0,1
2026-03-05T20:48:34+00:00,1772743714.1238039,8387532.137999954,49145.696121093475,5.999230483531918,2.999615241765959,34.9,7444345.119840032,0.0,7.998973978042558,0.0,1
2026-03-05T20:48:35+00:00,1772743715.1237664,8388922.011753999,16384.61330420703,5.000187165590524,2.0000748662362096,34.9,8699217.626651617,0.0,9.000336898062944,0.0,1
2026-03-05T20:48:36+00:00,1772743716.123663,4194738.044912217,4096.423871984587,2.000206968742474,1.000103484371237,34.9,8015669.410677966,0.0,11.001138328083607,0.0,1
2026-03-05T20:48:37+00:00,1772743717.1235235,8389778.16320836,81931.42737508164,7.0009764602730895,1.000139494324727,34.9,5034200.144404525,0.0,8.001115954597816,0.0,1
2026-03-05T20:48:38+00:00,1772743718.1233926,8389706.14373801,4096.536202997076,7.00091636254383,1.000130908934833,34.9,10721485.354515942,0.0,12.001570907217994,0.0,1
2026-03-05T20:48:39+00:00,1772743719.1238284,8384953.592697275,16376.862485736865,4.997821803508565,2.9986930821051385,34.9,9235364.958623799,0.0,8.996079246315416,0.0,1
2026-03-05T20:48:40+00:00,1772743720.1232612,8393368.700258711,413930.7806279931,6.003405118173632,5.002837598478026,34.9,9512763.618593367,0.0,9.005107677260447,0.0,1
2026-03-05T20:48:41+00:00,1772743721.123294,8388332.009080588,0.0,3.9998683972742977,0.0,34.9,9399564.737740086,0.0,10.999638092504318,0.0,1
2026-03-05T20:48:42+00:00,1772743722.1237233,12577514.316434482,200617.9041358365,7.996568245210319,11.994852367815477,34.9,8973341.059794514,0.0,12.994423398466768,0.0,1
2026-03-05T20:48:43+00:00,1772743723.1234834,8390620.482692143,4096.982657564523,4.000959626527854,1.0002399066319636,34.9,10001816.926693978,0.0,9.002159159687674,0.0,1
2026-03-05T20:48:44+00:00,1772743724.123404,8438429.95553379,204816.26105664537,7.000555797834558,6.000476398143907,34.9,9565659.45010111,0.0,9.000714597215861,0.0,1
2026-03-05T20:48:45+00:00,1772743725.1233656,8388930.012360571,0.0,6.000230321188381,0.0,34.9,8818836.51448985,0.0,14.000537416106223,0.0,1
2026-03-05T20:48:46+00:00,1772743726.1233456,8388776.00336463,4096.082032892886,5.000100137808698,1.0000200275617397,34.9,8394746.122929174,0.0,8.000160220493918,0.0,1
2026-03-05T20:48:47+00:00,1772743727.1237993,4257908.142129309,24564.854666130628,2.998639485611649,2.998639485611649,34.9,6714019.778353165,0.0,9.99546495203883,0.0,1
2026-03-05T20:48:48+00:00,1772743728.1233175,8392651.948552137,118841.26294336523,6.002892457403282,10.004820762338802,34.9,7929334.701940685,0.0,7.003374533637161,0.0,1
2026-03-05T20:48:49+00:00,1772743729.1233764,8388114.0290896455,53244.864442463564,3.9997644563148715,2.9998233422361533,34.9,6448708.23951169,0.0,6.999587798551025,0.0,1
2026-03-05T20:48:50+00:00,1772743730.1235435,4193603.1171395504,69620.36424938707,4.999164482521475,1.99966579300859,34.9,7008372.680694302,0.0,5.99899737902577,0.0,1
2026-03-05T20:48:51+00:00,1772743731.1234076,8455293.06240596,4096.556716281958,12.001631004732298,1.000135917061025,34.9,4713170.513227591,0.0,5.000679585305124,0.0,1
2026-03-05T20:48:52+00:00,1772743732.1233368,4194601.021032154,0.0,2.0001416306648987,0.0,34.9,4349754.007464461,0.0,4.000283261329797,0.0,1
2026-03-05T20:48:53+00:00,1772743733.123507,4193590.121524151,8190.605706101857,2.9994893943244105,1.9996595962162738,34.9,4348705.716062243,0.0,4.999148990540684,0.0,1
2026-03-05T20:48:54+00:00,1772743734.1236193,4193833.0528850774,126961.74281195058,3.9995508698321127,5.999326304748169,34.9,4349012.626971411,65.99258935222986,7.999101739664225,0.9998877174580282,1
2026-03-05T20:48:55+00:00,1772743735.1232123,4196011.694998589,4097.66767089706,2.000814292430205,1.0004071462151025,34.9,4351216.860476692,0.0,4.00162858486041,0.0,1
2026-03-05T20:48:56+00:00,1772743736.1238632,4191575.7757540205,0.0,1.9986990813036063,0.0,34.9,4346616.862189823,0.0,3.9973981626072126,0.0,1
2026-03-05T20:48:57+00:00,1772743737.1234605,4224677.2309654,61464.75117796411,4.001611404815372,2.000805702407686,34.9,5699201.00544028,0.0,5.002014256019215,0.0,1
2026-03-05T20:48:58+00:00,1772743738.123741,4193128.32963475,221122.0017580825,1.9994393966840505,2.9991590950260756,34.9,4349740.418698218,0.0,3.998878793368101,0.0,1
2026-03-05T20:48:59+00:00,1772743739.1235638,8390094.263284115,57354.16000291876,6.001063058341109,4.000708705560739,34.9,7351220.231939395,60.01063058341109,7.001240234731294,1.0001771763901848,1
2026-03-05T20:49:00+00:00,1772743740.1237557,8386998.308943105,81904.2803607725,3.999232439490845,0.9998081098727113,34.9,10055062.162524978,0.0,10.997889208599824,0.0,1
2026-03-05T20:49:01+00:00,1772743741.1235154,8390624.484613536,73745.72300929866,6.001442302189018,2.0004807673963394,34.9,8705526.163651695,0.0,8.001923069585358,0.0,1
2026-03-05T20:49:02+00:00,1772743742.123413,4194733.043883282,8192.837976334535,2.0002045840660485,2.0002045840660485,34.9,6820991.661739084,0.0,6.000613752198146,0.0,1
2026-03-05T20:49:03+00:00,1772743743.1235533,8387432.1648404775,8190.851723477029,5.999158977156027,1.999719659052009,34.9,8671980.274005624,133.9812171564846,8.998738465734041,0.9998598295260045,1
2026-03-05T20:49:04+00:00,1772743744.1236224,8392123.756915687,86010.05314554877,4.9996543169613075,1.9998617267845231,34.9,7282798.457206585,0.0,6.999516043745831,0.0,1
2026-03-05T20:49:05+00:00,1772743745.1234105,8390386.376934312,249908.9692348599,5.001059995254464,55.01165994779911,34.9,7687655.4302171385,60.012719943053575,7.00148399335625,1.0002119990508929,1
2026-03-05T20:49:06+00:00,1772743746.1235442,8387486.150050597,4095.452221704393,4.999331325322745,0.9998662650645491,34.9,7318659.108684546,0.0,6.999063855451844,0.0,1
2026-03-05T20:49:07+00:00,1772743747.123356,4195093.148448497,131096.66088901553,2.0003762953035817,2.0003762953035817,34.9,6742834.409812294,0.0,6.001128885910745,0.0,1
2026-03-05T20:49:08+00:00,1772743748.1233225,8388890.009480318,4096.137699941562,5.000168090748977,1.0000336181497953,34.9,7698396.797156429,60.00201708898772,35.001176635242835,1.0000336181497953,1
2026-03-05T20:49:09+00:00,1772743749.1235778,4598121.886597503,212937.6271651521,20.994639096624258,15.995915502189911,34.9,5743887.319635551,219.94383815511128,24.993617972171737,1.9994894377737389,1
2026-03-05T20:49:10+00:00,1772743750.123558,8573097.650818113,651276.8879503488,21.000415571807018,50.00098945668338,34.9,5911734.985798793,306.00605547490227,7.000138523935672,2.000039578267335,1
2026-03-05T20:49:11+00:00,1772743751.1232803,4267169.238877128,131108.41636492376,6.001667008892383,1.0002778348153973,34.9,6860049.431172208,0.0,7.001944843707781,0.0,1
2026-03-05T20:49:12+00:00,1772743752.1234684,4586657.193554469,786284.0903236234,2.9994357693619667,92.98250885022097,34.9,4216934.742879836,0.0,23.995486154895733,0.0,1
2026-03-05T20:49:13+00:00,1772743753.1234815,10160506.765052777,741366.2784477915,96.99872805355956,117.99845268371162,34.9,8794158.682005046,0.0,7.999895097200788,0.0,1
2026-03-05T20:49:14+00:00,1772743754.1233425,8430739.856245086,614485.4122627614,7.000973121483284,114.01584797844205,34.9,7638639.755890294,280.03892485933136,7.000973121483284,3.0004170520642646,1
2026-03-05T20:49:15+00:00,1772743755.1236563,8426923.978022795,0.0,12.995922414327323,0.0,34.9,7285740.034584639,529.8337599687293,32.989649205600124,2.9990590186909207,1
2026-03-05T20:49:16+00:00,1772743756.1237478,4398701.286869489,671682.5056299777,10.998993012114369,125.98846541149187,34.9,4349204.818406518,292.97317750450094,5.999450733880565,1.9998169112935218,1
2026-03-05T20:49:17+00:00,1772743757.1237068,4272303.198590793,679963.8839559652,7.000287067741311,124.00508519998894,34.9,6903913.115638707,200.00820193546602,7.000287067741311,2.0000820193546605,1
2026-03-05T20:49:18+00:00,1772743758.1233556,13316676.691237973,2212617.050236463,86.03021299928378,380.13349929916086,34.9,8656900.221697465,7300.563889171779,11.003864453396762,8.002810511561282,1
2026-03-05T20:49:19+00:00,1772743759.1236396,8390321.513436675,225216.04843290243,4.998580620403552,3.9988644963228417,34.9,8975317.40003599,227.93527629040196,20.994038605694918,1.9994322481614208,1
2026-03-05T20:49:20+00:00,1772743760.1232953,8484200.91038575,774410.6113192427,8.002755159962412,130.0447713493892,34.9,8525372.084650572,152.05234803928585,13.00447713493892,2.000688789990603,1
2026-03-05T20:49:21+00:00,1772743761.1235538,11860998.57544904,544627.2434091913,227.9410895964807,104.97287020890559,34.9,7525165.153125289,408.8943230042132,39.989664841487844,0.9997416210371961,1
2026-03-05T20:49:22+00:00,1772743762.1233542,4195141.167062004,0.0,2.0003991923627873,0.0,34.9,6533991.899579036,120.02395154176723,7.001397173269755,2.0003991923627873,1
2026-03-05T20:49:23+00:00,1772743763.1237426,8385351.264863381,499517.99527018185,3.9984470676724344,91.96428255646599,34.9,6519596.893757837,450.824906880067,10.995729436099195,1.9992235338362172,1
2026-03-05T20:49:24+00:00,1772743764.123594,4194927.092550912,577621.7969235142,2.0002971136812744,90.01337011565734,34.9,5800785.6183853755,126.01871816192028,6.000891341043823,2.0002971136812744,1
2026-03-05T20:49:25+00:00,1772743765.1234505,8654042.097221022,1945879.2881325379,14.002009680230021,185.02655648875384,34.9,5805345.229500809,3986.5721846712045,9.001291937290729,4.000574194351435,1
2026-03-05T20:49:26+00:00,1772743766.123833,4192700.6131726434,40944.3419255141,1.999235445581743,9.996177227908715,34.9,5800733.663704733,3010.8485810461048,6.9973240595361,1.999235445581743,1
2026-03-05T20:49:27+00:00,1772743767.1235774,4197424.797628178,294987.39426962304,3.000766950171133,66.01687290376492,34.9,4353852.778229299,228.0582882130061,6.001533900342266,2.0005113001140886,1
2026-03-05T20:49:28+00:00,1772743768.123611,4529511.731315108,348148.2962918813,13.999529377545779,64.99781496717682,34.9,5085211.050360179,0.0,5.999798304662476,0.0,1
2026-03-05T20:49:29+00:00,1772743769.1236572,8539765.008503998,450539.16112011496,12.999398736153886,59.99722493609485,34.9,6508904.942289637,151.99296983810697,9.999537489349143,1.9999074978698286,1
2026-03-05T20:49:30+00:00,1772743770.1232557,6110101.186606943,184394.0336305222,63.0253044635574,12.004819897820456,34.9,5817603.749796547,378.15182678134437,11.004418239668752,1.0004016581517046,1
2026-03-05T20:49:31+00:00,1772743771.1236079,4389366.309930856,391030.3009313403,56.97993484407313,52.9813429251908,34.9,4349644.29780868,0.0,8.996831817485232,0.0,1
2026-03-05T20:49:32+00:00,1772743772.1234896,4194800.058661723,524350.0073327153,2.000236539202558,54.00638655846906,34.9,6356729.718983797,156.0184500577995,20.002365392025578,2.000236539202558,1
2026-03-05T20:49:33+00:00,1772743773.1233304,22416882.193601925,294958.9762316043,237.03775148820736,64.01019449470579,34.9,6702173.412338124,0.0,27.004300802454004,0.0,1
2026-03-05T20:49:34+00:00,1772743774.1235886,8386442.559132686,151512.87826558074,3.998967437330573,3.998967437330573,34.9,8699885.625838093,0.0,32.99148135797723,0.0,1
2026-03-05T20:49:35+00:00,1772743775.1237514,8395432.888635889,642967.2992760168,5.999023119737916,90.98518398269172,34.9,8702016.964518841,0.0,5.999023119737916,0.0,1
2026-03-05T20:49:36+00:00,1772743776.1237626,4194257.0005266606,258045.1084308395,1.9999775889046958,51.999417311522095,34.9,5837762.583940161,204.99770286273133,6.999921561166436,2.9999663833570436,1
2026-03-05T20:49:37+00:00,1772743777.123289,4212682.70230264,0.0,4.001894894423562,0.0,34.9,4356104.612476439,145.06868992285413,4.001894894423562,2.000947447211781,1
2026-03-05T20:49:38+00:00,1772743778.1233315,4194126.007553734,479211.6629724481,1.9999151265877408,45.998047911518036,34.9,4094123.2515214034,831.9646926605002,5.9997453797632225,4.999787816469352,1
2026-03-05T20:49:39+00:00,1772743779.1233718,4218710.016614721,565225.2255270209,2.999879126650714,47.99806602641142,34.9,4614820.056255935,569.9770340636356,5.999758253301428,3.9998388355342853,1
2026-03-05T20:49:40+00:00,1772743780.1237857,4192568.7182238493,200620.9640556334,1.9991725531691786,38.98386478679898,34.9,4351219.053698249,497.79396573912544,7.9966902126767145,3.9983451063383573,1
2026-03-05T20:49:41+00:00,1772743781.123523,8390812.579225136,0.0,4.0010512252927475,0.0,34.9,5713855.242751482,108.02838308290418,11.002890869555056,2.0005256126463737,1
2026-03-05T20:49:42+00:00,1772743782.12357,4308789.622786596,724957.949841471,4.999765168729248,51.99755775478418,34.9,5849638.251499284,359.9830921485059,6.999671236220947,2.999859101237549,1
2026-03-05T20:49:43+00:00,1772743783.123675,4279870.003368501,303072.1342098268,8.999053816143771,48.99484855456053,34.9,6975587.568632659,193.97960448132127,6.999264079222932,1.999789736920838,1
2026-03-05T20:49:44+00:00,1772743784.1234791,8390252.322254393,421970.69784775516,5.000980092438694,35.00686064707086,34.9,6079518.464466522,132.02587444038153,8.00156814790191,2.0003920369754775,1
2026-03-05T20:49:45+00:00,1772743785.1242456,4679165.346150428,0.0,24.980851784113426,0.0,34.9,7186953.087394721,0.0,5.995404428187222,0.0,1
2026-03-05T20:49:46+00:00,1772743786.123754,12605493.101300927,172116.6158175029,7.003443026428341,38.01869071489671,34.9,8703170.645007612,0.0,6.002951165510006,0.0,1
2026-03-05T20:49:47+00:00,1772743787.1238148,4218623.521452434,229362.05553527796,2.999817620875043,32.99799382962547,34.9,8653221.912337387,0.0,33.997933036583824,0.0,1
2026-03-05T20:49:48+00:00,1772743788.1233602,12588635.602317242,127033.75770567529,6.0027292262636385,29.013191260274255,34.9,8748056.428343022,60.02729226263639,11.005003581483338,1.0004548710439398,1
2026-03-05T20:49:49+00:00,1772743789.1234455,9194735.193939345,0.0,18.998378415233457,0.0,34.9,8698150.579348706,0.0,7.999317227466719,0.0,1
2026-03-05T20:49:50+00:00,1772743790.1233523,4194695.036453069,524336.8795566336,2.0001864607110353,106.00988241768486,34.9,8699704.000887,0.0,38.00354275350967,0.0,1
2026-03-05T20:49:51+00:00,1772743791.123318,9471813.18889885,708632.3289602685,47.001613672344405,74.00254067560608,34.9,7283829.070425544,0.0,6.000206000724817,0.0,1
2026-03-05T20:49:52+00:00,1772743792.1233692,8986163.36931505,405995.188688858,33.99825724952015,44.99769341848255,34.9,8840755.822905082,0.0,7.999589941063564,0.0,1
2026-03-05T20:49:53+00:00,1772743793.123561,9230614.596986776,303045.9095727691,43.99156732079365,53.989650802792205,34.9,7163879.76636406,0.0,7.998466785598845,0.0,1
2026-03-05T20:49:54+00:00,1772743794.1232836,4620545.188500935,196662.5307453291,16.004437723415453,46.01275845481943,34.9,5896875.090286733,0.0,4.001109430853863,0.0,1
2026-03-05T20:49:55+00:00,1772743795.123623,8389857.576056784,429934.1364011529,4.998304227133939,50.982703116766174,34.9,5608429.230244962,0.0,3.998643381707151,0.0,1
2026-03-05T20:49:56+00:00,1772743796.1236598,4206436.551643013,32766.789107248394,4.99981523242926,4.99981523242926,34.9,4349425.267512211,85.99682199778327,4.99981523242926,0.9999630464858519,1
2026-03-05T20:49:57+00:00,1772743797.1236207,4227237.287712856,409616.0162512458,3.000117306527679,65.00254164143304,34.9,7455087.498744438,152.00594353073575,7.000273715231251,2.000078204351786,1
2026-03-05T20:49:58+00:00,1772743798.1237185,8543420.866791872,266213.97715315036,8.999120321433118,51.99491741272468,34.9,5593756.201283806,3322.6752031246947,25.99745870636234,3.9996090317480526,1
2026-03-05T20:49:59+00:00,1772743799.123598,4211195.033703809,561219.571612278,3.0003612476420543,53.0063820416763,34.9,4350173.76693542,713.0858565229282,7.000842911164794,5.000602079403424,1
2026-03-05T20:50:00+00:00,1772743800.1237533,8387306.202052704,442299.35049887304,3.9993792543662567,5.999068881549385,34.9,11823950.798743729,65.98975769704323,26.99580996697223,0.9998448135915642,1
2026-03-05T20:50:01+00:00,1772743801.123362,20488.015831465586,811325.4269260372,2.000782796041561,48.01878710499747,34.9,0.0,0.0,0.0,0.0,1
2026-03-05T20:50:02+00:00,1772743802.1236773,0.0,208830.17894921996,0.0,44.985820947815654,34.9,401.87333380048653,133.9577779334955,1.999369819902918,0.999684909951459,1
2026-03-05T20:50:03+00:00,1772743803.1232924,8457398.471095167,225366.7228247259,5.001924778602759,34.01308849449876,34.9,7774359.632568113,1973.7595176366485,45.01732300742483,6.00230973432331,1
2026-03-05T20:50:04+00:00,1772743804.1236494,8549396.61251618,32756.30886021525,8.996788932554237,0.9996432147282486,34.9,8717296.686861936,627.77593884934,74.97324110461864,7.997145717825989,1
2026-03-05T20:50:05+00:00,1772743805.1236496,9273341.789063027,262143.9375000149,19.999995231629555,32.999992132188765,34.9,7604706.186896756,394.9999058246837,13.999996662140688,4.999998807907389,1
2026-03-05T20:50:06+00:00,1772743806.123658,8404921.863866512,647162.599654439,4.9999582770968205,95.99919892025895,34.9,7598061.596833255,4424.963075230686,35.999699595097105,34.99970793967774,1
2026-03-05T20:50:07+00:00,1772743807.123397,4274266.85670596,426095.138363211,7.0018262858287565,4.001043591902147,34.9,7619803.472772411,2135.557017177771,57.01487118460559,13.003391673681977,1
2026-03-05T20:50:08+00:00,1772743808.1234746,8523115.577540707,327654.6113422665,9.999225199654129,54.99573859809771,34.9,7675144.283476799,1544.880293346563,49.99612599827064,13.998915279515781,1
2026-03-05T20:50:09+00:00,1772743809.1239557,8388667.97114616,204701.51222904248,4.997595513404358,32.984130388468756,34.9,7585565.36685221,5456.374781534877,67.96729898229925,27.9865348750644,1
2026-03-05T20:50:10+00:00,1772743810.1234303,8397116.470984949,336048.5849784118,5.002628754085065,36.01892702941247,34.9,8712528.211827008,9282.877916080246,33.017349776961424,15.007886262255195,1
2026-03-05T20:50:11+00:00,1772743811.126313,4182247.754767681,20421.131615076567,1.994251134284821,3.988502268569642,34.9,7547435.862935364,21819.101660210228,34.89939484998437,31.908018148557137,1
2026-03-05T20:50:12+00:00,1772743812.1235747,8415748.316629527,369652.1954595693,5.0137287795623,31.08511843328626,34.9,4362503.570351,31099.156873869033,25.0686438978115,38.10433872467348,1
2026-03-05T20:50:13+00:00,1772743813.1235218,4194526.011750843,372755.7295598894,2.00010586345236,32.00169381523776,34.9,5493611.77096299,23647.25162359725,54.002858313213714,24.00127036142832,1
2026-03-05T20:50:14+00:00,1772743814.1236875,4193609.1151430546,798587.6732938434,1.9996686530795358,36.993870081971416,34.9,5876435.269313771,1623.7309463005831,55.990722286227005,14.997514898096519,1
2026-03-05T20:50:15+00:00,1772743815.1232975,8391881.276750747,81951.96559326901,4.001560819983839,1.0003902049959597,34.9,7189553.305364508,14848.79181275503,55.02146127477778,35.01365717485859,1
2026-03-05T20:50:16+00:00,1772743816.1235676,4193171.3059726553,376730.2345209808,1.9994598893988873,52.985687069070515,34.9,6925040.350967968,6154.337539569776,17.995139004589987,5.998379668196662,1
2026-03-05T20:50:17+00:00,1772743817.1235166,8389036.021838348,86020.38889580338,4.000204096717047,19.000969459405972,34.9,7006685.492135839,5749.293338006576,27.001377652840066,15.000765362688927,1
2026-03-05T20:50:18+00:00,1772743818.1234028,8389562.108506622,77832.85159259073,4.000454954388915,16.00181981755566,34.9,7850354.78679688,21049.393856255872,25.00284346493072,29.003298419319634,1
2026-03-05T20:50:19+00:00,1772743819.1234293,8396577.789083818,90109.61529748487,5.999841217428414,12.999655971094896,34.9,7534471.604260427,1958.948157490377,56.99849156556993,8.99976182614262,1
2026-03-05T20:50:20+00:00,1772743820.1234589,17878511.441407505,159739.27748336602,25.99923136122494,18.99943830243361,34.9,8521977.057090025,59.9982262182114,47.998580974569116,0.99997043697019,1
2026-03-05T20:50:21+00:00,1772743821.1241038,33606486.42894023,663124.3363566769,17.988398881203256,96.93748285981755,34.9,178722.73772870156,809.4779496541465,13.990976907602533,7.994843947201447,1
2026-03-05T20:50:22+00:00,1772743822.1238217,29425771.514699433,0.0,20.00564257506521,0.0,34.9,1.0002821287532604,528.1489639817215,1.0002821287532604,4.001128515013042,1
2026-03-05T20:50:23+00:00,1772743823.12361,29456476.398468457,294974.4507217982,28.005929294875585,48.010164505501,34.9,42.00889394231338,768.162632088016,1.000211760531271,8.001694084250168,1
2026-03-05T20:50:24+00:00,1772743824.123337,33563594.50126456,348255.06989837496,16.004369021065024,39.010649488846,34.9,2.000546127633128,148.04041344485148,2.000546127633128,2.000546127633128,1
2026-03-05T20:50:25+00:00,1772743825.1238408,29345344.447635207,192415.0654351081,13.992950652902225,28.985397781011752,34.9,60.969284987645416,59.96978851243811,1.9989929504146038,0.9994964752073019,1
2026-03-05T20:50:26+00:00,1772743826.1234875,29386895.457915455,65559.1644348365,15.00530191837383,1.000353461224922,34.9,0.0,484.1710752328623,0.0,4.001413844899688,1
2026-03-05T20:50:27+00:00,1772743827.1233847,33627519.51035618,143374.73295924792,33.003391375942954,22.002260917295303,34.9,0.0,0.0,0.0,0.0,1
2026-03-05T20:50:28+00:00,1772743828.1232812,25168428.269473303,135181.98777549138,13.001345296826083,26.002690593652165,34.9,87.00900314029762,424.04387737340454,1.000103484371237,5.000517421856185,0
2026-03-05T20:50:29+00:00,1772743829.1232007,0.0,520233.92330028425,0.0,27.002175983305538,34.9,0.0,230.01853615408422,0.0,3.000241775922838,0
2026-03-05T20:50:30+00:00,1772743830.1236145,49131.664666685734,98263.32933337147,1.9991725531691786,10.995449042430483,34.9,55.976831488737,285.88167510319255,2.998758829753768,3.9983451063383573,0
2026-03-05T20:50:31+00:00,1772743831.1236134,0.0,303104.36132855574,0.0,19.000022649792015,34.9,1.0000011920943166,0.0,1.0000011920943166,0.0,0
2026-03-05T20:50:32+00:00,1772743832.1237514,0.0,155626.51663753195,0.0,22.996825418015234,34.9,0.0,0.0,0.0,0.0,0
2026-03-05T20:50:33+00:00,1772743833.1237254,65537.70316926132,172036.47081931098,1.0000259883004963,25.00064970751241,34.9,2.0000519766009925,0.0,2.0000519766009925,0.0,0
2026-03-05T20:50:34+00:00,1772743834.123349,0.0,0.0,0.0,0.0,34.9,1.0003766047141178,0.0,1.0003766047141178,0.0,0
2026-03-05T20:50:35+00:00,1772743835.1237664,65508.652041977526,336243.62805921276,1.99916540655449,51.978300570416735,34.9,0.0,335.8597883011543,0.0,1.99916540655449,0
2026-03-05T20:50:36+00:00,1772743836.1233096,1044957.346963115,491744.6338649953,18.00822633782942,89.04067467037879,34.9,0.0,0.0,0.0,0.0,0
2026-03-05T20:50:37+00:00,1772743837.1235232,4095.125186880244,0.0,0.9997864225781846,0.0,34.9,0.0,0.0,0.0,0.0,0
2026-03-05T20:50:38+00:00,1772743838.1239307,0.0,212905.2501905976,0.0,38.9841156354854,34.9,0.0,147.9397208731241,0.0,1.9991854172043795,0
2026-03-05T20:50:39+00:00,1772743839.1233928,0.0,278677.89312336117,0.0,16.008610588428375,34.9,0.0,132.0710373545341,0.0,2.001076323553547,0
2026-03-05T20:50:40+00:00,1772743840.123779,884394.4131838422,49133.0229546579,69.9729737716889,10.995753021265399,34.9,0.0,0.0,0.0,0.0,0
2026-03-05T20:50:41+00:00,1772743841.1233733,0.0,0.0,0.0,0.0,34.9,0.0,0.0,0.0,0.0,0
2026-03-05T20:50:42+00:00,1772743842.1235247,0.0,143338.2991838499,0.0,10.998334898314374,34.9,0.0,0.0,0.0,0.0,0
2026-03-05T20:50:43+00:00,1772743843.1233046,0.0,102422.53913965843,0.0,10.002201087857268,34.9,0.0,0.0,0.0,0.0,0
2026-03-05T20:50:44+00:00,1772743844.1233451,4095.8339911035328,69629.17784876005,0.9999594704842609,1.9999189409685219,34.9,0.0,0.0,0.0,0.0,0
2026-03-05T20:50:45+00:00,1772743845.1237574,0.0,8188.624438368335,0.0,0.9995879441367597,34.9,0.0,0.0,0.0,0.0,0
2026-03-05T20:50:46+00:00,1772743846.1234276,0.0,221256.955696518,0.0,2.000659683309082,34.9,0.0,0.0,0.0,0.0,0
2026-03-05T20:50:47+00:00,1772743847.1234167,117249.2859027747,69632.76368025047,4.000043869499683,2.0000219347498414,34.9,0.0,0.0,0.0,0.0,0
2026-03-05T20:50:48+00:00,1772743848.1232972,0.0,57350.85042764288,0.0,11.001314081753483,34.9,0.0,0.0,0.0,0.0,0
2026-03-05T20:50:49+00:00,1772743849.1234443,0.0,0.0,0.0,0.0,34.9,0.0,0.0,0.0,0.0,0
2026-03-05T20:50:50+00:00,1772743850.1235569,0.0,135152.79077404848,0.0,2.99966243727913,34.9,0.0,133.9849221984678,0.0,0.9998874790930433,0
2026-03-05T20:50:51+00:00,1772743851.1232727,0.0,4097.164393414724,0.0,1.0002842757360166,34.9,0.0,0.0,0.0,0.0,0
2026-03-05T20:50:52+00:00,1772743852.1235158,65520.06637484972,65520.06637484972,0.9997568721748309,0.9997568721748309,34.9,0.0,0.0,0.0,0.0,0
2026-03-05T20:50:53+00:00,1772743853.1234355,0.0,163853.16512027872,0.0,9.000723181655935,34.9,0.0,0.0,0.0,0.0,0
2026-03-05T20:50:54+00:00,1772743854.1236482,0.0,4095.1290914655715,0.0,0.9997873758460868,34.9,0.0,147.96853162522083,0.0,1.9995747516921736,0
2026-03-05T20:50:55+00:00,1772743855.123331,0.0,102432.48100274411,0.0,3.000951591877269,34.9,0.0,0.0,0.0,0.0,0
2026-03-05T20:50:56+00:00,1772743856.1235218,122856.56696949586,106475.69137356308,3.999237206038277,1.9996186030191385,34.9,0.0,0.0,0.0,0.0,0
2026-03-05T20:50:57+00:00,1772743857.123756,0.0,4095.041240096623,0.0,0.9997659277579646,34.9,0.0,0.0,0.0,0.0,0
2026-03-05T20:50:58+00:00,1772743858.1233668,0.0,5121.9929629601365,0.0,3.001167751734455,34.9,55.021408781798335,66.025690538158,1.0003892505781515,1.0003892505781515,0
2026-03-05T20:50:59+00:00,1772743859.1233337,0.0,243720.07692782712,0.0,5.000165706404016,34.9,97.0032147042379,482.01597409734717,2.0000662825616065,4.000132565123213,0
2026-03-05T20:51:00+00:00,1772743860.1234922,0.0,0.0,0.0,0.0,34.9,0.0,361.94261459381465,0.0,1.9996829535569869,0
2026-03-05T20:51:01+00:00,1772743861.123717,0.0,360366.97915331327,0.0,6.99842655271549,34.9,0.0,391.91188695206745,0.0,1.9995504436329972,0
2026-03-05T20:51:02+00:00,1772743862.123356,0.0,69657.14384169014,0.0,2.000722192144133,34.9,0.0,392.1415496602501,0.0,2.000722192144133,0
2026-03-05T20:51:03+00:00,1772743863.1237798,0.0,4094.2653833422187,0.0,0.9995765096050339,34.9,0.0,361.84669647702225,0.0,1.9991530192100677,0
2026-03-05T20:51:04+00:00,1772743864.1235104,0.0,0.0,0.0,0.0,34.9,110.02964341570372,428.11533983564715,2.000538971194613,3.0008084567919195,0
2026-03-05T20:51:05+00:00,1772743865.123659,0.0,749456.6796208849,0.0,136.97965375797958,34.9,0.0,65.99019816077848,0.0,0.9998514872845224,0
2026-03-05T20:51:06+00:00,1772743866.1236653,0.0,77823.49902666242,0.0,3.9999742509592116,34.9,109.99929190137831,131.99915028165398,1.9999871254796058,1.9999871254796058,0
2026-03-05T20:51:07+00:00,1772743867.1234493,0.0,0.0,0.0,0.0,34.9,0.0,0.0,0.0,0.0,0
2026-03-05T20:51:08+00:00,1772743868.1232593,0.0,4096.778468236729,0.0,1.0001900557218577,34.9,0.0,0.0,0.0,0.0,0
2026-03-05T20:51:09+00:00,1772743869.1237574,0.0,208792.00980079797,0.0,5.997013149149758,34.9,0.0,133.9332936643446,0.0,0.9995021915249597,0
2026-03-05T20:51:10+00:00,1772743870.123274,0.0,4097.98044928806,0.0,1.0004835081269678,34.9,0.0,0.0,0.0,0.0,0
2026-03-05T20:51:11+00:00,1772743871.1237211,0.0,0.0,0.0,0.0,34.9,0.0,0.0,0.0,0.0,0
2026-03-05T20:51:12+00:00,1772743872.1232934,0.0,69661.795947535,0.0,2.0008558119121957,34.9,0.0,0.0,0.0,0.0,0
2026-03-05T20:51:13+00:00,1772743873.1233888,0.0,61434.141183740256,0.0,1.9998092833248782,34.9,0.0,0.0,0.0,0.0,0
2026-03-05T20:51:14+00:00,1772743874.1233861,0.0,20480.053711078363,0.0,4.000010490444993,34.9,0.0,0.0,0.0,0.0,0
2026-03-05T20:51:15+00:00,1772743875.1234732,0.0,0.0,0.0,0.0,34.9,0.0,0.0,0.0,0.0,0
2026-03-05T20:51:16+00:00,1772743876.1234992,0.0,4095.893557453689,0.0,0.999974013050217,34.9,0.0,0.0,0.0,0.0,0
2026-03-05T20:51:17+00:00,1772743877.1233094,0.0,81935.54982606448,0.0,5.000949086063506,34.9,0.0,0.0,0.0,0.0,0
2026-03-05T20:51:18+00:00,1772743878.123407,16382.402499527381,69625.21062299138,0.9999024963090443,2.999707488927133,34.9,0.0,0.0,0.0,0.0,0
2026-03-05T20:51:19+00:00,1772743879.123343,0.0,57347.66429663455,0.0,3.0001917007865453,34.9,0.0,0.0,0.0,0.0,0
2026-03-05T20:51:20+00:00,1772743880.1235328,0.0,69618.7876637029,0.0,1.9996205096422017,34.9,0.0,0.0,0.0,0.0,0
2026-03-05T20:51:21+00:00,1772743881.1233854,12289.810813685144,32772.82883649372,1.00014736439495,8.0011789151596,34.9,0.0,0.0,0.0,0.0,0
2026-03-05T20:51:22+00:00,1772743882.12335,53249.89166876284,0.0,3.000106576890935,0.0,34.9,0.0,0.0,0.0,0.0,0
2026-03-05T20:51:23+00:00,1772743883.123354,0.0,4095.9833985047876,0.0,0.9999959469005829,34.9,0.0,0.0,0.0,0.0,0
2026-03-05T20:51:24+00:00,1772743884.123502,0.0,53240.11737802225,0.0,3.999407855921143,34.9,0.0,0.0,0.0,0.0,0
2026-03-05T20:51:25+00:00,1772743885.1233861,0.0,69640.06929437567,0.0,2.0002317697143748,34.9,0.0,0.0,0.0,0.0,0
2026-03-05T20:51:26+00:00,1772743886.1236818,0.0,65516.630726313444,0.0,0.999704448338523,34.9,0.0,147.9562583541014,0.0,1.999408896677046,0
2026-03-05T20:51:27+00:00,1772743887.123309,0.0,36877.75122139699,0.0,2.000746051508083,34.9,0.0,868.323786354508,0.0,8.002984206032332,0
2026-03-05T20:51:28+00:00,1772743888.1232927,0.0,299012.84773484373,0.0,4.000064850904908,34.9,0.0,456.00739300315956,0.0,4.000064850904908,0
2026-03-05T20:51:29+00:00,1772743889.123716,0.0,311164.2432899277,0.0,10.995344226039542,34.9,0.0,0.0,0.0,0.0,0
2026-03-05T20:51:30+00:00,1772743890.123446,0.0,0.0,0.0,0.0,34.9,0.0,0.0,0.0,0.0,0
2026-03-05T20:51:31+00:00,1772743891.123804,0.0,69607.07337946512,0.0,1.9992840469745266,34.9,41.98496498646506,395.85824130095625,0.9996420234872633,2.9989260704617897,0
2026-03-05T20:51:32+00:00,1772743892.1233025,0.0,4098.05571871571,0.0,1.0005018844520777,34.9,0.0,0.0,0.0,0.0,0
2026-03-05T20:51:33+00:00,1772743893.123414,0.0,139248.4626711535,0.0,2.9996652976609934,34.9,0.0,0.0,0.0,0.0,0
2026-03-05T20:51:34+00:00,1772743894.1233332,0.0,53252.30405880831,0.0,3.000242491294038,34.9,0.0,0.0,0.0,0.0,0
2026-03-05T20:51:35+00:00,1772743895.123663,0.0,4094.6498592483185,0.0,0.9996703757930465,34.9,0.0,0.0,0.0,0.0,0
2026-03-05T20:51:36+00:00,1772743896.123327,0.0,28681.63507266459,0.0,3.0010081339981087,34.9,0.0,134.04502998524885,0.0,1.0003360446660363,0
2026-03-05T20:51:37+00:00,1772743897.1235268,0.0,0.0,0.0,0.0,34.9,0.0,0.0,0.0,0.0,0
2026-03-05T20:51:38+00:00,1772743898.123289,0.0,16387.895457213126,0.0,4.000951039358673,34.9,0.0,0.0,0.0,0.0,0
2026-03-05T20:51:39+00:00,1772743899.1236875,0.0,65509.901022765865,0.0,4.998008806058187,34.9,0.0,0.0,0.0,0.0,0
2026-03-05T20:51:40+00:00,1772743900.123413,0.0,69651.11364359946,0.0,2.0005489902228706,34.9,0.0,336.09223035744225,0.0,2.0005489902228706,0
2026-03-05T20:51:41+00:00,1772743901.1233106,0.0,65542.7194388768,0.0,1.0001025305004394,34.9,108.01107329404746,291.0298363756279,2.000205061000879,4.000410122001758,0
2026-03-05T20:51:42+00:00,1772743902.123328,319482.43954990216,69630.78810702996,17.9996867234395,1.999965191493278,34.9,0.0,0.0,0.0,0.0,0
2026-03-05T20:51:43+00:00,1772743903.1235223,0.0,286664.29793290724,0.0,2.999417179822551,34.9,0.0,0.0,0.0,0.0,0
2026-03-05T20:51:44+00:00,1772743904.123338,0.0,77838.34541726293,0.0,4.000737326133991,34.9,0.0,0.0,0.0,0.0,0
2026-03-05T20:51:45+00:00,1772743905.1236699,0.0,0.0,0.0,0.0,34.9,0.0,0.0,0.0,0.0,0
2026-03-05T20:51:46+00:00,1772743906.1236627,0.0,69632.49805043734,0.0,2.000014305217065,34.9,0.0,0.0,0.0,0.0,0
2026-03-05T20:51:47+00:00,1772743907.12363,0.0,61442.006901489614,0.0,2.000065328824532,34.9,0.0,3007.0982218876834,0.0,19.00062062383305,0
2026-03-05T20:51:48+00:00,1772743908.1235025,0.0,69640.8829689952,0.0,2.000255140423805,34.9,0.0,4800.612337017132,0.0,14.001785982966634,0
2026-03-05T20:51:49+00:00,1772743909.1233459,0.0,184348.87659357119,0.0,5.000783327733593,34.9,55.00861660506953,2766.433336902224,1.0001566655467187,9.001409989920468,0
2026-03-05T20:51:50+00:00,1772743910.1234236,0.0,4095.6816653673864,0.0,0.9999222815838346,34.9,54.9957254871109,3157.75456524175,0.9999222815838346,4.999611407919173,0
2026-03-05T20:51:51+00:00,1772743911.1234694,0.0,81916.25017165352,0.0,2.999862677184577,34.9,109.99496483010117,1269.9418666748043,1.9999084514563847,3.9998169029127695,0
2026-03-05T20:51:52+00:00,1772743912.1232994,0.0,65547.1425191441,0.0,1.0001700213492446,34.9,0.0,2336.3971698718356,0.0,3.0005100640477336,0
2026-03-05T20:51:53+00:00,1772743913.1235538,32759.666182561687,69614.29063794359,1.9994913441504936,1.9994913441504936,34.9,0.0,219.94404785655428,0.0,1.9994913441504936,0
2026-03-05T20:51:54+00:00,1772743914.1238697,0.0,171977.6714595118,0.0,10.996526146615919,34.9,0.0,3345.94300115668,0.0,4.998420975734509,0
2026-03-05T20:51:55+00:00,1772743915.1234176,0.0,57369.933598065836,0.0,4.001808984240084,34.9,592.2677296675323,749.3387322989556,7.003165722420146,5.002261230300104,0
2026-03-05T20:51:56+00:00,1772743916.123572,0.0,0.0,0.0,0.0,34.9,0.0,0.0,0.0,0.0,0
2026-03-05T20:51:57+00:00,1772743917.1233013,0.0,69650.86448432307,0.0,2.000541833763875,34.9,0.0,156.04226303358226,0.0,2.000541833763875,0
2026-03-05T20:51:58+00:00,1772743918.123361,0.0,90106.60774456408,0.0,5.99964096310574,34.9,0.0,0.0,0.0,0.0,0
2026-03-05T20:51:59+00:00,1772743919.1236758,0.0,4094.71134305648,0.0,0.9996853864883984,34.9,0.0,0.0,0.0,0.0,0
2026-03-05T20:52:00+00:00,1772743920.1233618,0.0,24583.719220689214,0.0,2.0006281917878592,34.9,300.0942287681789,300.0942287681789,4.0012563835757184,4.0012563835757184,0
2026-03-05T20:52:01+00:00,1772743921.12331,0.0,241676.50357658294,0.0,2.0001034790170067,34.9,0.0,1138.0588795606768,0.0,2.0001034790170067,0
2026-03-05T20:52:02+00:00,1772743922.1237059,0.0,421721.0934011827,0.0,4.998021908672238,34.9,0.0,0.0,0.0,0.0,0
2026-03-05T20:52:03+00:00,1772743923.1233718,0.0,4097.368621215421,0.0,1.000334136038921,34.9,0.0,0.0,0.0,0.0,0
2026-03-05T20:52:04+00:00,1772743924.123309,0.0,131080.25051930835,0.0,2.000125892933782,34.9,0.0,0.0,0.0,0.0,0
2026-03-05T20:52:05+00:00,1772743925.1233366,0.0,118780.71493460359,0.0,5.999834065258129,34.9,0.0,0.0,0.0,0.0,0
2026-03-05T20:52:06+00:00,1772743926.1237574,0.0,69602.71056743823,0.0,1.9991587364268795,34.9,0.0,0.0,0.0,0.0,0
2026-03-05T20:52:07+00:00,1772743927.1238136,0.0,0.0,0.0,0.0,34.9,426.9759754347318,0.0,4.999718681905525,0.0,0
2026-03-05T20:52:08+00:00,1772743928.1233902,0.0,4097.735109699924,0.0,1.000423610766583,34.9,427.18088179733087,134.0567638427221,5.002118053832914,1.000423610766583,0
2026-03-05T20:52:09+00:00,1772743929.1232605,0.0,69641.03242150242,0.0,2.0002594330624546,34.9,427.0553889588341,0.0,5.000648582656137,0.0,0
2026-03-05T20:52:10+00:00,1772743930.123378,0.0,118770.03972683303,0.0,18.99776699563769,34.9,426.94981616512075,0.0,4.999412367273076,0.0,0
2026-03-05T20:52:11+00:00,1772743931.1237638,0.0,0.0,0.0,0.0,34.9,0.0,0.0,0.0,0.0,0
2026-03-05T20:52:12+00:00,1772743932.123559,0.0,69646.26366340801,0.0,2.0004096870234376,34.9,1.0002048435117188,150.03072652675783,1.0002048435117188,2.0004096870234376,0
2026-03-05T20:52:13+00:00,1772743933.1234133,0.0,69642.14503255245,0.0,2.0002913899515296,34.9,71.0103443432793,70.01019864830353,2.0002913899515296,1.0001456949757648,0
2026-03-05T20:52:14+00:00,1772743934.1233768,0.0,16384.597678052127,0.0,4.000145917493195,34.9,1.0000364793732988,0.0,1.0000364793732988,0.0,0
2026-03-05T20:52:15+00:00,1772743935.123469,0.0,12286.866315540286,0.0,1.9998154810449684,34.9,0.9999077405224842,0.0,0.9999077405224842,0.0,0
2026-03-05T20:52:16+00:00,1772743936.1234205,0.0,135174.57453851838,0.0,3.0001459192675424,34.9,0.0,0.0,0.0,0.0,0
2026-03-05T20:52:17+00:00,1772743937.12339,0.0,20480.62501907407,0.0,4.000122074037904,34.9,0.0,0.0,0.0,0.0,0
2026-03-05T20:52:18+00:00,1772743938.12352,0.0,131054.97096272119,0.0,14.998051181341689,34.9,3132.5929567429007,1769.770039398319,19.99740157512225,19.99740157512225,0
2026-03-05T20:52:19+00:00,1772743939.1236992,0.0,32762.126053144464,0.0,0.9998207413679341,34.9,1932.6534930642165,8733.434175848904,6.998745189575539,21.99605631009455,0
2026-03-05T20:52:20+00:00,1772743940.1233509,172091.94470863804,69656.26333444873,7.002439156438722,4.00139380367927,34.9,1.0003484509198175,612.2132519629282,1.0003484509198175,2.000696901839635,0
2026-03-05T20:52:21+00:00,1772743941.1233287,0.0,135170.9971367678,0.0,5.00011086709753,34.9,109.00241690272617,393.00871415386587,3.0000665202585184,5.00011086709753,0
2026-03-05T20:52:22+00:00,1772743942.1237357,0.0,32754.669487758732,0.0,0.9995931850512308,34.9,0.9995931850512308,611.7510292513532,0.9995931850512308,1.9991863701024617,0
2026-03-05T20:52:23+00:00,1772743943.1236017,0.0,106510.27144349844,0.0,11.001474101172652,34.9,0.0,0.0,0.0,0.0,0
2026-03-05T20:52:24+00:00,1772743944.1237266,0.0,69623.30186791926,0.0,1.9997501685408794,34.9,1.9997501685408794,0.0,1.9997501685408794,0.0,0
2026-03-05T20:52:25+00:00,1772743945.1238306,0.0,24573.445578033443,0.0,4.999480301520475,34.9,0.9998960603040952,207.97838054325177,0.9998960603040952,2.9996881809122855,0
2026-03-05T20:52:26+00:00,1772743946.1233277,0.0,32784.48485149188,0.0,1.0005030777432824,34.9,0.0,746.3752959964887,0.0,3.0015092332298474,0
2026-03-05T20:52:27+00:00,1772743947.123297,0.0,77826.39362830593,0.0,19.000584381910627,34.9,0.0,86.00264509706915,0.0,1.0000307569426645,0
2026-03-05T20:52:28+00:00,1772743948.1234689,0.0,4095.296019451612,0.0,0.9998281297489288,34.9,0.0,1137.804411654281,0.0,1.9996562594978575,0
2026-03-05T20:52:29+00:00,1772743949.1235955,0.0,307161.1133215013,0.0,2.999620247280286,34.9,389.9506321464372,389.9506321464372,4.999367078800478,4.999367078800478,0
2026-03-05T20:52:30+00:00,1772743950.12335,16388.024425782813,53261.079383794146,1.0002456314564705,3.0007368943694117,34.9,98.0240718827341,360.0884273243294,4.000982525825882,5.001228157282353,0
2026-03-05T20:52:31+00:00,1772743951.1235147,24571.951838798377,389055.90411430766,0.9998352798990225,3.99934111959609,34.9,162.97315062354068,872.8561993518466,3.99934111959609,6.998846959293157,0
2026-03-05T20:52:32+00:00,1772743952.1236129,0.0,8191.195391535446,0.0,0.9999017811932918,34.9,0.0,59.9941068715975,0.0,0.9999017811932918,0
2026-03-05T20:52:33+00:00,1772743953.1235297,0.0,69637.79442745571,0.0,2.000166430016536,34.9,2.000166430016536,356.02962454294334,2.000166430016536,5.000416075041339,0
2026-03-05T20:52:34+00:00,1772743954.1236093,0.0,32765.390832772697,0.0,0.9999203745352996,34.9,0.9999203745352996,59.99522247211797,0.9999203745352996,0.9999203745352996,0
2026-03-05T20:52:35+00:00,1772743955.1231718,0.0,16391.17110609524,0.0,3.0013130687430247,34.9,0.0,0.0,0.0,0.0,0
2026-03-05T20:52:36+00:00,1772743956.1235101,57324.60617061708,4094.6147264726483,2.9989853953657093,0.9996617984552364,34.9,0.0,0.0,0.0,0.0,0
2026-03-05T20:52:37+00:00,1772743957.1233878,0.0,73737.01868118845,0.0,3.0003669710770042,34.9,0.0,148.01810390646554,0.0,2.0002446473846693,0
2026-03-05T20:52:38+00:00,1772743958.123509,0.0,32764.031730623446,0.0,0.99987889802928,34.9,0.0,0.0,0.0,0.0,0
2026-03-05T20:52:39+00:00,1772743959.1234696,0.0,69634.73936557658,0.0,2.0000786812263494,34.9,0.0,0.0,0.0,0.0,0
2026-03-05T20:52:40+00:00,1772743960.1234915,8259402.834051911,401399.19550562225,107.99763112495816,22.9994955173522,34.9,0.0,133.99706084022586,0.0,0.9999780659718348,0
2026-03-05T20:52:41+00:00,1772743961.1236434,217055.0352798764,417728.5584631584,11.998177805122886,28.995596362380304,34.9,0.0,0.0,0.0,0.0,0
2026-03-05T20:52:42+00:00,1772743962.12373,118773.72061620148,86008.55630828383,5.99948076927203,6.9993942308173684,34.9,0.0,0.0,0.0,0.0,0
2026-03-05T20:52:43+00:00,1772743963.1233125,299645.09311629453,217178.66578001517,14.005847034014835,50.020882264338695,34.9,0.0,0.0,0.0,0.0,0
2026-03-05T20:52:44+00:00,1772743964.123334,0.0,4095.9121112608877,0.0,0.9999785427883027,34.9,143.9969101615156,607.986954015288,1.9999570855766053,3.9999141711532107,0
2026-03-05T20:52:45+00:00,1772743965.12364,0.0,184263.59148705736,0.0,11.996327570771964,34.9,0.0,0.0,0.0,0.0,0
2026-03-05T20:52:46+00:00,1772743966.1236758,0.0,4095.853520863502,0.0,0.999964238492066,34.9,0.0,147.99470729682577,0.0,1.999928476984132,0
2026-03-05T20:52:47+00:00,1772743967.1236467,0.0,36865.07229681497,0.0,2.000058175825465,34.9,0.0,0.0,0.0,0.0,0
2026-03-05T20:52:48+00:00,1772743968.1232128,0.0,4097.778115313022,0.0,1.0004341101838432,34.9,0.0,0.0,0.0,0.0,0
2026-03-05T20:52:49+00:00,1772743969.123598,0.0,65510.75972468493,0.0,0.999614863963088,34.9,0.0,147.942999866537,0.0,1.999229727926176,0
2026-03-05T20:52:50+00:00,1772743970.1233757,0.0,57356.75869747752,0.0,4.000889976107528,34.9,0.0,0.0,0.0,0.0,0
2026-03-05T20:52:51+00:00,1772743971.123971,4118636.047492364,302923.6600963448,34.97917580557191,22.986315529375826,34.9,0.0,0.0,0.0,0.0,0
2026-03-05T20:52:52+00:00,1772743972.1232717,728573.4780948764,229536.51067967975,40.02799084118299,32.022392672946395,34.9,0.0,134.09376931796302,0.0,1.0006997710295749,0
2026-03-05T20:52:53+00:00,1772743973.1236815,65509.15162857782,24565.931860716682,0.9995903263637973,1.9991806527275946,34.9,474.8054050228037,294.8791462773202,3.998361305455189,1.9991806527275946,0
2026-03-05T20:52:54+00:00,1772743974.123415,0.0,135204.03890311567,0.0,8.00213298432266,34.9,3840.023565851837,5237.3960382391815,8.00213298432266,10.002666230403326,0
2026-03-05T20:52:55+00:00,1772743975.1233506,0.0,335893.6224856546,0.0,5.000321885802547,34.9,54.003476366667506,266.0171243246955,1.0000643771605093,3.000193131481528,0
2026-03-05T20:52:56+00:00,1772743976.1235125,0.0,262101.56936893426,0.0,2.9995144199630843,34.9,0.0,0.0,0.0,0.0,0
2026-03-05T20:52:57+00:00,1772743977.1232786,0.0,266302.28507558326,0.0,2.000467886685571,34.9,4885.1425792861655,5039.178606560954,12.002807320113428,14.003275206799,0
2026-03-05T20:52:58+00:00,1772743978.1233556,0.0,36861.16135141456,0.0,1.9998459934578212,34.9,41.99676586261425,59.995379803734636,0.9999229967289106,0.9999229967289106,0
2026-03-05T20:52:59+00:00,1772743979.1236143,0.0,282550.9085560362,0.0,50.98681051983499,34.9,0.0,0.0,0.0,0.0,0
2026-03-05T20:53:00+00:00,1772743980.1235206,32771.07060021064,53252.98972534229,1.0000937072818188,3.0002811218454566,34.9,0.0,392.03673325447295,0.0,2.0001874145636376,0
2026-03-05T20:53:01+00:00,1772743981.1236327,0.0,139248.3962797519,0.0,2.99966386746938,34.9,0.0,0.0,0.0,0.0,0
2026-03-05T20:53:02+00:00,1772743982.1237981,0.0,176098.86224308092,0.0,6.998841954155878,34.9,0.0,427.92919376838796,0.0,4.999172824397056,0
2026-03-05T20:53:03+00:00,1772743983.1235623,0.0,102424.15120256886,0.0,3.000707554762759,34.9,0.0,354.0834914620056,0.0,3.000707554762759,0
2026-03-05T20:53:04+00:00,1772743984.1235247,0.0,0.0,0.0,0.0,34.9,55.002071935502485,66.00248632260298,1.0000376715545907,1.0000376715545907,0
2026-03-05T20:53:05+00:00,1772743985.1236064,0.0,16382.66026581021,0.0,2.999754687343178,34.9,0.0,0.0,0.0,0.0,0
2026-03-05T20:53:06+00:00,1772743986.123346,0.0,12291.200051893393,0.0,3.0007812626692854,34.9,0.0,60.01562525338571,0.0,1.0002604208897619,0
2026-03-05T20:53:07+00:00,1772743987.1236358,69611.83494294746,0.0,3.9988416212630664,0.0,34.9,0.0,0.0,0.0,0.0,0
2026-03-05T20:53:08+00:00,1772743988.1233013,0.0,4097.37057564679,0.0,1.000334613195017,34.9,0.0,0.0,0.0,0.0,0
2026-03-05T20:53:09+00:00,1772743989.1236818,0.0,69605.51398460401,0.0,1.99923925737029,34.9,0.0,0.0,0.0,0.0,0
2026-03-05T20:53:10+00:00,1772743990.1233315,0.0,69656.39623977571,0.0,3.001051078804675,34.9,0.0,0.0,0.0,0.0,0
2026-03-05T20:53:11+00:00,1772743991.1233063,10268931.520230565,86018.17388306417,2056.0519613046404,2.0000505460161873,34.9,70.00176911056656,0.0,1.0000252730080936,0.0,0
2026-03-05T20:53:12+00:00,1772743992.1236503,53229.6869644428,4094.5913049571386,2.998968240935404,0.9996560803118014,34.9,1689.4187757269444,4982.285904274018,10.996216883429815,11.995872963741617,0
2026-03-05T20:53:13+00:00,1772743993.1257653,5735070.262075692,380124.0334061751,210.55467450201337,13.97045233662648,34.9,2129.496091882922,9290.350803856609,14.968341789242656,18.959899599707363,0
2026-03-05T20:53:14+00:00,1772743994.1235478,10498288.28185595,369459.28749871865,369.82008758416663,7.015557217043811,34.9,0.0,2077.607158704546,0.0,9.020002136199185,0
2026-03-05T20:53:15+00:00,1772743995.1234665,4009797.999526462,0.0,119.00967557415265,0.0,34.9,9933.807625866037,8280.673224823395,22.001788761608054,22.001788761608054,0
2026-03-05T20:53:16+00:00,1772743996.1233523,9078796.821288442,1532078.967247322,287.03277986086687,85.00970832116266,34.9,332.0379195603059,1125.1284924859765,5.000571077715451,11.00125637097399,0
2026-03-05T20:53:17+00:00,1772743997.1233866,26114175.44093716,61437.890697417155,259.99107391485126,11.99958802683929,34.9,0.0,0.0,0.0,0.0,0
2026-03-05T20:53:18+00:00,1772743998.1236575,35740719.858131684,724795.6937932613,659.8212916881185,15.995667677287722,34.9,0.0,249.93230745762065,0.0,1.9994584596609652,0
2026-03-05T20:53:19+00:00,1772743999.1235018,81932.75589218082,73739.48030296274,2.000311423148946,2.000311423148946,34.9,2807.4370823895456,1765.2748309289448,15.002335673617093,14.002179962042621,0
2026-03-05T20:53:20+00:00,1772744000.1233532,642143.3806224174,253989.72630679348,20.002971136812743,5.000742784203186,34.9,0.0,0.0,0.0,0.0,0
2026-03-05T20:53:21+00:00,1772744001.1237526,233378.79991487088,671475.8453691022,2.998802424892975,18.992415357655506,34.9,0.0,147.94091962805342,0.0,1.9992016165953166,0
2026-03-05T20:53:22+00:00,1772744002.1237323,0.0,36864.74708545262,0.0,2.000040531979851,34.9,0.0,0.0,0.0,0.0,0
2026-03-05T20:53:23+00:00,1772744003.1235957,0.0,0.0,0.0,0.0,34.9,0.0,0.0,0.0,0.0,0
2026-03-05T20:53:24+00:00,1772744004.1233413,0.0,36873.380315970695,0.0,5.001272286779879,34.9,0.0,0.0,0.0,0.0,0
2026-03-05T20:53:25+00:00,1772744005.1234202,16382.707133278582,876474.8316304041,0.9999210896776478,27.997790510974138,34.9,0.0,0.0,0.0,0.0,0
2026-03-05T20:53:26+00:00,1772744006.123556,0.0,69622.55499224887,0.0,1.999728716459354,34.9,0.0,0.0,0.0,0.0,0
2026-03-05T20:53:27+00:00,1772744007.123505,0.0,4096.20801837633,0.0,1.0000507857364087,34.9,0.0,250.01269643410217,0.0,2.0001015714728174,0
2026-03-05T20:53:28+00:00,1772744008.1232684,122909.0986859787,249915.16732815668,2.0004736114254347,8.001894445701739,34.9,0.0,134.03173196550412,0.0,1.0002368057127173,0
2026-03-05T20:53:29+00:00,1772744009.1236162,0.0,118742.6950321074,0.0,14.994784023787807,34.9,0.0,0.0,0.0,0.0,0
2026-03-05T20:53:30+00:00,1772744010.1237514,0.0,0.0,0.0,0.0,34.9,0.0,0.0,0.0,0.0,0
2026-03-05T20:53:31+00:00,1772744011.123751,0.0,114688.05468752608,0.0,6.0000028610243135,34.9,0.0,0.0,0.0,0.0,0
2026-03-05T20:53:32+00:00,1772744012.1237617,0.0,139262.50587540522,0.0,3.9999570851161885,34.9,0.0,0.0,0.0,0.0,0
2026-03-05T20:53:33+00:00,1772744013.1234357,0.0,94238.71411185048,0.0,4.001304097819738,34.9,390.1271495374245,390.1271495374245,5.001630122274673,5.001630122274673,0
2026-03-05T20:53:34+00:00,1772744014.123338,0.0,0.0,0.0,0.0,34.9,42.00410596929727,448.0437970058375,1.0000977611737445,6.000586567042467,0
2026-03-05T20:53:35+00:00,1772744015.123771,0.0,102355.6832502407,0.0,2.9987016577218957,34.9,0.0,147.9359484476135,0.0,1.9991344384812637,0
2026-03-05T20:53:36+00:00,1772744016.1235719,0.0,40968.1559205517,0.0,3.0005973574622824,34.9,0.0,0.0,0.0,0.0,0
2026-03-05T20:53:37+00:00,1772744017.1234426,0.0,4096.529365281101,0.0,1.0001292395705812,34.9,0.0,148.01912745644603,0.0,2.0002584791411624,0
2026-03-05T20:53:38+00:00,1772744018.123583,0.0,32763.399083599987,0.0,0.999859591174316,34.9,59.99157547045896,59.99157547045896,0.999859591174316,0.999859591174316,0
2026-03-05T20:53:39+00:00,1772744019.1234882,0.0,4096.388708759805,0.0,1.0000948995995618,34.9,0.0,0.0,0.0,0.0,0
2026-03-05T20:53:40+00:00,1772744020.1236331,0.0,348109.53856481373,0.0,5.999130375082958,34.9,0.0,0.0,0.0,0.0,0
2026-03-05T20:53:41+00:00,1772744021.1236844,2047.8950249122724,75772.11592175408,3.999794970531782,6.999641198430619,34.9,0.0,147.99241390967595,0.0,1.999897485265891,0
2026-03-05T20:53:42+00:00,1772744022.123941,4094.949488246595,597862.6252840029,0.9997435274039539,96.97512215818352,34.9,0.0,0.0,0.0,0.0,0
2026-03-05T20:53:43+00:00,1772744023.123577,65559.85242815145,151607.15874010025,1.0003639591697915,3.0010918775093747,34.9,0.0,0.0,0.0,0.0,0
2026-03-05T20:53:44+00:00,1772744024.1236157,0.0,139258.62130149582,0.0,9.999613776819267,34.9,0.0,0.0,0.0,0.0,0
2026-03-05T20:53:45+00:00,1772744025.1234026,0.0,0.0,0.0,0.0,34.9,0.0,0.0,0.0,0.0,0
2026-03-05T20:53:46+00:00,1772744026.1233993,36864.12304728571,294912.9843782857,2.0000066757424975,7.000023365098741,34.9,0.0,0.0,0.0,0.0,0
2026-03-05T20:53:47+00:00,1772744027.1233764,0.0,266246.09388947807,0.0,3.000068666122424,34.9,0.0,0.0,0.0,0.0,0
2026-03-05T20:53:48+00:00,1772744028.1236477,0.0,24569.33383991484,0.0,2.9991862597552297,34.9,0.0,0.0,0.0,0.0,0
2026-03-05T20:53:49+00:00,1772744029.1234798,0.0,0.0,0.0,0.0,34.9,55.00923311713087,214.0359252193819,1.000167874856925,3.0005036245707744,0
2026-03-05T20:53:50+00:00,1772744030.1235604,0.0,36861.02953625125,0.0,1.99983884202752,34.9,0.0,0.0,0.0,0.0,0
2026-03-05T20:53:51+00:00,1772744031.1235573,0.0,126976.3935559073,0.0,5.000015497255674,34.9,0.0,0.0,0.0,0.0,0
2026-03-05T20:53:52+00:00,1772744032.1232984,0.0,4097.060821545649,0.0,1.0002589896351681,34.9,0.0,0.0,0.0,0.0,0
2026-03-05T20:53:53+00:00,1772744033.1233242,0.0,0.0,0.0,0.0,34.9,0.0,0.0,0.0,0.0,0
2026-03-05T20:53:54+00:00,1772744034.123743,4094.2848981461425,135111.4016388227,0.9995812739614606,1.9991625479229211,34.9,0.0,0.0,0.0,0.0,0
2026-03-05T20:53:55+00:00,1772744035.1234977,0.0,69649.08719986168,0.0,2.0004907858416154,34.9,0.0,60.01472357524846,0.0,1.0002453929208077,0
2026-03-05T20:53:56+00:00,1772744036.1233094,0.0,176161.1800776151,0.0,3.0005651584804536,34.9,0.0,194.03654691506932,0.0,2.000376772320302,0
2026-03-05T20:53:57+00:00,1772744037.1234071,0.0,4095.599648510006,0.0,0.9999022579370132,34.9,0.0,59.994135476220784,0.0,0.9999022579370132,0
2026-03-05T20:53:58+00:00,1772744038.1234062,0.0,57344.054687552154,0.0,14.000013351453163,34.9,0.0,0.0,0.0,0.0,0
2026-03-05T20:53:59+00:00,1772744039.123287,0.0,69640.30177089821,0.0,2.0002384470041994,34.9,0.0,0.0,0.0,0.0,0
2026-03-05T20:54:00+00:00,1772744040.123315,0.0,65534.15630186948,0.0,0.9999718673991315,34.9,0.0,0.0,0.0,0.0,0
2026-03-05T20:54:01+00:00,1772744041.123776,0.0,57317.58443958242,0.0,3.9981573967342645,34.9,54.97466420509614,0.0,0.9995393491835661,0.0,0
2026-03-05T20:54:02+00:00,1772744042.1237686,65536.48437858003,131072.96875716007,2.0000147820611582,3.0000221730917374,34.9,0.0,66.00048780801822,0.0,1.0000073910305791,0
2026-03-05T20:54:03+00:00,1772744043.1234655,0.0,4097.241587175679,0.0,1.0003031218690623,34.9,0.0,0.0,0.0,0.0,0
2026-03-05T20:54:04+00:00,1772744044.1232867,0.0,0.0,0.0,0.0,34.9,0.0,0.0,0.0,0.0,0
2026-03-05T20:54:05+00:00,1772744045.1237342,0.0,69600.85280592043,0.0,1.9991053770082845,34.9,89.9597419653728,237.89353986398584,0.9995526885041423,2.998658065512427,0
2026-03-05T20:54:06+00:00,1772744046.1232934,0.0,114738.58089162555,0.0,5.002205151874021,34.9,0.0,0.0,0.0,0.0,0
2026-03-05T20:54:07+00:00,1772744047.1234958,0.0,69617.90812587766,0.0,1.999595247181688,34.9,468.90508546410587,59.98785741545064,5.998785741545064,0.999797623590844,0
2026-03-05T20:54:08+00:00,1772744048.1233468,81932.20885051049,65545.76708040839,10.001490338197081,1.000149033819708,34.9,427.0636374410154,0.0,5.000745169098541,0.0,0
2026-03-05T20:54:09+00:00,1772744049.1234148,16588696.80974608,2703176.3210746036,329.9775782561772,417.9715991244911,34.9,3076.790934225022,5583.620596916647,18.99870905111323,14.998980829826236,0
2026-03-05T20:54:10+00:00,1772744050.1232474,22490292.196663395,311348.11028419004,453.0758312305269,41.00686331225519,34.9,8673.451674240903,5232.875825602907,17.002845763618005,13.002176172178476,0
2026-03-05T20:54:11+00:00,1772744051.1235049,15410303.969002122,606051.9464325554,392.8988316683288,36.99047524612765,34.9,12823.697999515658,158823.10431083306,52.98635643364231,142.96318811341226,0
2026-03-05T20:54:12+00:00,1772744052.1234999,2164234.8358696825,1056773.2910421162,70.00035047706605,15.000075102228438,34.9,35939.179939932525,747932.7447423076,96.000480654262,548.0027437347456,0
2026-03-05T20:54:13+00:00,1772744053.123508,9723825.176420212,442364.4140915682,249.99797345850524,7.999935150672168,34.9,96591.21700921576,152604.7629504346,51.99957847936909,157.99871922577532,0
2026-03-05T20:54:14+00:00,1772744054.1233568,14530196.346398262,3822145.7455336256,354.0535178018299,238.03598089501557,34.9,17526.64928237081,732672.7488924975,73.01103615687452,519.0784625399709,0
2026-03-05T20:54:15+00:00,1772744055.1232994,3949794.950784478,40962.35365086314,171.00982603265615,3.0001723865378276,34.9,1.0000574621792757,781.0448779620144,1.0000574621792757,7.00040223525493,0
2026-03-05T20:54:16+00:00,1772744056.1234112,8191.08408679087,122866.26130186305,1.9997763883766773,26.996981243085145,34.9,0.0,1858.7921529961216,0.0,8.998993747695048,0
2026-03-05T20:54:17+00:00,1772744057.1236825,406417.73060192465,81897.77946638281,15.99566005202789,19.994575065034866,34.9,0.0,2128.4225156729613,0.0,8.997558779265688,0
2026-03-05T20:54:18+00:00,1772744058.1232955,1693839.4368510267,98342.05378754072,66.02554880755297,22.008516269184323,34.9,178.06890435976408,1894.7331733561414,3.001161309434226,11.004258134592162,0
2026-03-05T20:54:19+00:00,1772744059.1234312,720798.2163903413,69622.55499224887,33.99538817980902,9.99864358229677,34.9,107.98535068880511,290.96052824483604,1.999728716459354,3.999457432918708,0
2026-03-05T20:54:20+00:00,1772744060.1234958,1407909.0329771193,139255.00253446415,61.99599434984474,26.998255603964644,34.9,5441.648407287985,13504.12747894602,4.999676963697157,15.998966283830901,0
2026-03-05T20:54:21+00:00,1772744061.1235373,678371.8578569252,233462.31485491162,33.99858957419731,23.999004405315752,34.9,0.9999585168881563,309.98714023532847,0.9999585168881563,2.999875550664469,0
2026-03-05T20:54:22+00:00,1772744062.1233554,427085.69260012003,94225.14081345574,28.005094501281853,20.00363892948704,34.9,1.0001819464743518,0.0,1.0001819464743518,0.0,0
2026-03-05T20:54:23+00:00,1772744063.1234565,488910.57628528,11639655.353321599,29.996967622215315,11.998787048886125,34.9,0.0,0.0,0.0,0.0,0
2026-03-05T20:54:24+00:00,1772744064.1236665,9506355.220808618,135139.61436074928,349.92649906976686,14.996849960132867,34.9,1.9995799946843822,0.0,1.9995799946843822,0.0,0
2026-03-05T20:54:25+00:00,1772744065.1232188,30286072.59177574,10203608.66671469,1580.707762045174,271.1213946292672,34.9,55.024637286382635,0.0,2.000895901323005,0.0,0
2026-03-05T20:54:26+00:00,1772744066.1233344,5200806.615072177,544705.0141191846,356.95872378801414,32.99618455183324,34.9,53.99375653936348,207.97595111458526,0.999884380358583,2.9996531410757488,0
2026-03-05T20:54:27+00:00,1772744067.12321,1810657.3444513807,479291.65000183607,191.02377376792595,46.00572561950049,34.9,741.0922322619535,4689.583639779083,6.000746819934847,5.000622349945705,0
2026-03-05T20:54:28+00:00,1772744068.1232848,2855210.249156419,204784.6691164726,205.9845792870769,37.9971554024705,34.9,6334.5257756487,1294.903059110508,9.999251421702763,13.998951990383867,0
2026-03-05T20:54:29+00:00,1772744069.1235993,1416770.4623756711,6870927.271290104,121.96164622035869,1053.6686484939185,34.9,0.0,0.0,0.0,0.0,0
2026-03-05T20:54:30+00:00,1772744070.1232953,11267.425113444242,16388.981983191625,2.0006081522450714,3.000912228367607,34.9,2.0006081522450714,250.07601903063394,2.0006081522450714,2.0006081522450714,0
2026-03-05T20:54:31+00:00,1772744071.123715,554263.4218124413,405333.9151204557,39.98322237220405,15.993288948881618,34.9,4973.912863102183,4689.032403700229,10.995386152356113,5.997483355830607,0
2026-03-05T20:54:32+00:00,1772744072.1234763,3554128.2175697773,680098.310220845,319.07614975593225,24.005729135242554,34.9,36728.765576921105,2189.5225448769143,15.003580709526595,24.005729135242554,0
2026-03-05T20:54:33+00:00,1772744073.1234012,320536.07285283774,163852.30561167424,14.001051504903804,9.00067596743816,34.9,21212.593105036754,5723.429840183177,16.001201719890062,17.00127682738319,0
2026-03-05T20:54:34+00:00,1772744074.1233613,0.0,172038.84988210924,0.0,15.000597262321188,34.9,109.00434010620063,216.0086005774251,3.0001194524642374,3.0001194524642374,0
2026-03-05T20:54:35+00:00,1772744075.1234918,0.0,319446.3394175383,0.0,15.997913632689219,34.9,0.0,0.0,0.0,0.0,0
2026-03-05T20:54:36+00:00,1772744076.123566,0.0,126966.58565899373,0.0,7.9994068585555524,34.9,474.96478222673596,291.9783503372777,3.9997034292777762,1.9998517146388881,0
2026-03-05T20:54:37+00:00,1772744077.1235423,0.0,94210.22368529912,0.0,4.000094415985866,34.9,5930.139971699046,5444.128500156764,11.000259643961131,13.000306851954065,0
2026-03-05T20:54:38+00:00,1772744078.123353,16387.102149750448,32774.204299500896,1.0001893401947295,1.0001893401947295,34.9,300.05680205841884,390.0738426759445,4.000757360778918,5.000946700973647,0
2026-03-05T20:54:39+00:00,1772744079.1236072,0.0,12284.877746658816,0.0,2.999237731117875,34.9,0.0,0.0,0.0,0.0,0
2026-03-05T20:54:40+00:00,1772744080.1234841,65544.06349200294,188439.18253950845,1.00012303912358,11.001353430359378,34.9,0.0,0.0,0.0,0.0,0
2026-03-05T20:54:41+00:00,1772744081.1237593,0.0,135130.82077618226,0.0,3.9988997625527416,34.9,0.0,0.0,0.0,0.0,0
2026-03-05T20:54:42+00:00,1772744082.1233957,16389.95919794485,188484.53077636575,1.0003637205776885,45.01636742599598,34.9,126.04582879278874,508.18477005346574,2.000727441155377,7.002546044043819,0
2026-03-05T20:54:43+00:00,1772744083.123363,0.0,245768.02760595846,0.0,13.000424637359457,34.9,60.00195986473595,342.01117122899495,1.000032664412266,4.000130657649064,0
2026-03-05T20:54:44+00:00,1772744084.1236336,0.0,98277.40563407072,0.0,16.995400958040385,34.9,0.0,0.0,0.0,0.0,0
2026-03-05T20:54:45+00:00,1772744085.1236887,0.0,90107.03738268962,0.0,6.999614498388975,34.9,0.0,1940.8931059104286,0.0,9.999449283412822,0
2026-03-05T20:54:46+00:00,1772744086.1233842,4609.403381375793,504473.59229501744,2.0006091064999105,76.0231460469966,34.9,0.0,2416.7358006518916,0.0,11.003350085749508,0
2026-03-05T20:54:47+00:00,1772744087.1235363,0.0,122861.31143648709,0.0,14.997718681211802,34.9,54.991635164443274,2157.671794270338,0.9998479120807868,7.998783296646295,0
2026-03-05T20:54:48+00:00,1772744088.1236298,0.0,172015.92337752247,0.0,26.997476813576,34.9,0.0,996.9068290050101,0.0,5.999439291905778,0
2026-03-05T20:54:49+00:00,1772744089.1235695,0.0,135176.15381214963,0.0,18.001085823706006,34.9,0.0,1959.118173813337,0.0,4.00024129415689,0
2026-03-05T20:54:50+00:00,1772744090.123678,0.0,102388.8928064759,0.0,17.99804756363834,34.9,0.0,183.98004176163636,0.0,1.9997830626264823,0
2026-03-05T20:54:51+00:00,1772744091.1237674,532432.3968341796,73721.40879242487,22.997943823591747,16.998480217437375,34.9,156.9859643610393,561.9497577764591,1.999821202051456,3.999642404102912,0
2026-03-05T20:54:52+00:00,1772744092.1236188,77835.56128756574,73738.9527987465,5.000742784203186,8.001188454725098,34.9,6611.982109273452,128290.05553450537,49.00727928519122,103.01530135458563,0
2026-03-05T20:54:53+00:00,1772744093.1234136,0.0,0.0,0.0,0.0,34.9,5700.170121782983,148615.50755310134,42.0086234628681,116.02381718315952,0
2026-03-05T20:54:54+00:00,1772744094.123446,8191.734383612592,303094.1721936659,1.999935152249168,7.999740608996672,34.9,5725.8143408893675,92408.00367724893,37.99876789273419,78.99743851384213,0
2026-03-05T20:54:55+00:00,1772744095.1235852,580015.2407368206,712604.7794401186,9.998607829338948,37.994709751488,34.9,65.99081167363705,0.0,0.9998607829338948,0.0,0
2026-03-05T20:54:56+00:00,1772744096.1233044,0.0,0.0,0.0,0.0,34.9,106343.86742873932,5484.540372027934,31.008709015660394,49.0137658634632,0
2026-03-05T20:54:57+00:00,1772744097.123645,278433.1377883197,356230.63217035023,4.998297079437609,13.995231822425307,34.9,53.981608457926185,1502.4881020789455,0.9996594158875219,2.9989782476625657,0
2026-03-05T20:54:58+00:00,1772744098.123434,0.0,45065.508842307434,0.0,4.000844179892351,34.9,0.0,595.1255717589871,0.0,1.0002110449730877,0
2026-03-05T20:54:59+00:00,1772744099.123481,32766.461009784,69628.729645791,0.9999530337458497,1.9999060674916993,34.9,0.0,0.0,0.0,0.0,0
2026-03-05T20:55:00+00:00,1772744100.1235318,0.0,0.0,0.0,0.0,34.9,0.0,0.0,0.0,0.0,0
2026-03-05T20:55:01+00:00,1772744101.1234415,0.0,16385.480602538195,0.0,4.0003614752290515,34.9,0.0,0.0,0.0,0.0,0
2026-03-05T20:55:02+00:00,1772744102.1237657,0.0,12284.016916511904,0.0,2.999027567507789,34.9,0.0,0.0,0.0,0.0,0
2026-03-05T20:55:03+00:00,1772744103.123653,0.0,696398.5342470881,0.0,45.00507531180918,34.9,0.0,0.0,0.0,0.0,0
2026-03-05T20:55:04+00:00,1772744104.1236122,9269113.897853024,360974.7167865206,167.00680879695517,54.00220164691964,34.9,2078.0847226351666,7812.318504921041,18.000733882306545,25.001019280981314,0
2026-03-05T20:55:05+00:00,1772744105.123765,3175962.6293531856,590245.7949136401,117.98196925108672,62.990373413715794,34.9,5453.16661267311,25723.068838328036,41.99358227581053,40.99373507876742,0
2026-03-05T20:55:06+00:00,1772744106.1233475,1170920.8254082894,3638767.079484028,49.02046461905192,569.2376401681744,34.9,18318.647502846117,180914.52655601493,60.025058717206434,153.0638997288764,0
2026-03-05T20:55:07+00:00,1772744107.1234818,1268565.7208545587,4881776.720770408,70.9904709732156,694.9067229068288,34.9,0.0,1860.7502321289328,0.0,1.9997315767102986,0
2026-03-05T20:55:08+00:00,1772744108.1236436,0.0,28667.359149727185,0.0,1.9996762799753895,34.9,651.8944672719771,4462.277618765082,4.999190699938474,3.999352559950779,0
2026-03-05T20:55:09+00:00,1772744109.1233623,2048.5763340173103,297043.56843250996,4.001125652377559,34.00956804520925,34.9,3479.979036155382,1129.317715383566,9.002532717849508,10.002814130943898,0
2026-03-05T20:55:10+00:00,1772744110.1238043,0.0,188332.75164185904,0.0,8.996023505311287,34.9,0.0,1265.4406397471212,0.0,0.9995581672568097,0
2026-03-05T20:55:11+00:00,1772744111.123685,1283225.2783185095,614473.3974390309,274.0327325818595,24.002867087462143,34.9,0.0,0.0,0.0,0.0,0
2026-03-05T20:55:12+00:00,1772744112.1236744,0.0,118785.24610682217,0.0,12.000125886330366,34.9,0.0,0.0,0.0,0.0,0
2026-03-05T20:55:13+00:00,1772744113.1233857,0.0,844019.6894998513,0.0,135.03898911853375,34.9,606.1750178209737,1020.2945844511438,9.002599274568917,10.002888082854351,0
2026-03-05T20:55:14+00:00,1772744114.1236267,32760.103465889926,65520.20693177985,0.9997590169033791,8.997831152130413,34.9,5494.675556900972,71687.7203070568,34.99156559161827,61.985059048009504,0
2026-03-05T20:55:15+00:00,1772744115.1236227,0.0,73728.29882933619,0.0,3.0000121593968174,34.9,0.0,0.0,0.0,0.0,0
2026-03-05T20:55:16+00:00,1772744116.1233876,32775.70493628196,184363.34026658602,1.0002351359949329,11.002586495944263,34.9,0.0,595.1399059169851,0.0,1.0002351359949329,0
2026-03-05T20:55:17+00:00,1772744117.1237035,0.0,176072.3779228335,0.0,7.997473561175213,34.9,0.0,0.0,0.0,0.0,0
2026-03-05T20:55:18+00:00,1772744118.1234186,0.0,69651.84452109401,0.0,2.000569982797967,34.9,0.0,120.03419896787801,0.0,2.000569982797967,0
2026-03-05T20:55:19+00:00,1772744119.1236684,32759.814545239587,16379.907272619794,0.9997501997448605,3.999000798979442,34.9,4692.8274376023755,8479.881194235906,19.99500399489721,21.99450439438693,0
2026-03-05T20:55:20+00:00,1772744120.123396,0.0,86039.44681923733,0.0,16.004361387506943,34.9,0.0,60.016355203151036,0.0,1.000272586719184,0
2026-03-05T20:55:21+00:00,1772744121.1237755,4094.445902376989,12283.337707130968,0.9996205816350071,2.9988617449050214,34.9,667.7465485321848,826.6862210121509,9.996205816350072,9.996205816350072,0
2026-03-05T20:55:22+00:00,1772744122.123474,0.0,20486.178621281604,0.0,4.001206761969064,34.9,5382.623396538883,8065.43253043914,14.004223666891722,17.00512873836852,0
2026-03-05T20:55:23+00:00,1772744123.1233509,0.0,77833.57539675348,0.0,4.00049215649432,34.9,2416.297262522569,2309.284097336346,14.001722547730118,14.001722547730118,0
2026-03-05T20:55:24+00:00,1772744124.12373,438105.9203802575,536372.6688767638,14.994315871659294,33.987115975761064,34.9,0.0,0.0,0.0,0.0,0
2026-03-05T20:55:25+00:00,1772744125.123588,0.0,94221.36615392246,0.0,6.000851275088472,34.9,0.0,0.0,0.0,0.0,0
2026-03-05T20:55:26+00:00,1772744126.1237254,0.0,102385.93943092533,0.0,4.99931344877565,34.9,0.0,0.0,0.0,0.0,0
2026-03-05T20:55:27+00:00,1772744127.123539,0.0,196644.66308558773,0.0,10.001864780964544,34.9,0.0,0.0,0.0,0.0,0
2026-03-05T20:55:28+00:00,1772744128.1232905,0.0,57358.2496338173,0.0,9.002236445039685,34.9,4603.143568896959,4840.202461949671,9.002236445039685,13.003230420612878,0
2026-03-05T20:55:29+00:00,1772744129.1236408,26490817.938240223,417645.72505900584,742.7398650975637,86.96954005853034,34.9,240.91562246098633,361.8732586343446,1.9992997714604674,1.9992997714604674,0
2026-03-05T20:55:30+00:00,1772744130.1232498,29919154.583010707,1753773.7368775557,1139.4455305743556,254.09935449155955,34.9,0.0,0.0,0.0,0.0,0
2026-03-05T20:55:31+00:00,1772744131.1236088,13375805.305014288,9229582.04122303,522.8122798696795,640.7699261882688,34.9,11030.039571858591,55979.899947805075,63.97702851177723,81.97056778071457,0
2026-03-05T20:55:32+00:00,1772744132.1234658,5369088.054206973,1728759.301001692,223.03190496992636,244.03490947382076,34.9,8922.276341868668,37842.41340065966,53.00758279554303,59.00844122522715,0
2026-03-05T20:55:33+00:00,1772744133.1235058,9363080.968146646,643046.2432191704,2080.9166502959133,87.99647536090359,34.9,17505.298837136117,496056.1308083592,129.9947931467894,347.9860616544824,0
2026-03-05T20:55:34+00:00,1772744134.123491,7024231.831857103,1663512.5899630971,1637.024198412967,243.00359206741052,34.9,12805.189285692146,2350628.7468810813,186.00274948369693,1577.0233114827422,0
2026-03-05T20:55:35+00:00,1772744135.1233866,55935185.16246728,1282181.8948416568,1336.1395294937893,118.0123237127748,34.9,14276.490855931019,348878.4324458626,48.005013035705005,252.02631843745127,0
2026-03-05T20:55:36+00:00,1772744136.1236022,5537622.474037997,2395643.665973177,106.9769432171182,232.94979223914524,34.9,18467.019795919536,2403177.0423015975,299.9353548143501,1599.6552256765337,0
2026-03-05T20:55:37+00:00,1772744137.1234822,7063887.133452445,4846149.172235878,100.01199389289096,636.0762811587865,34.9,14047.684662195465,2323677.6659874897,185.02218870184828,1557.1867449123122,0
2026-03-05T20:55:38+00:00,1772744138.1232579,9658486.899722252,4609034.04546661,212.04757327233534,424.0951465446707,34.9,25087.628456682618,44272.93271581783,53.011893318083835,71.01593255818779,0
2026-03-05T20:55:39+00:00,1772744139.1233523,6853496.935603499,15539268.87923904,198.98121343600258,1198.8868085917943,34.9,7568.285449734189,282090.3667885665,90.99140915917705,210.9800805778721,0
2026-03-05T20:55:40+00:00,1772744140.1234877,10393728.463072056,9358092.710681042,145.9802311012112,181.97535657822218,34.9,29011.071269874265,1431772.1069114862,218.97034665181678,1005.8637841631402,0
2026-03-05T20:55:41+00:00,1772744141.1238158,11695875.004873585,356235.13209014985,192.93670441978415,47.98425809403958,34.9,36451.04172672844,1463282.9495938679,243.91997864470122,1024.6638447164703,0
2026-03-05T20:55:42+00:00,1772744142.1235263,48005190.629818104,6694801.744454806,1369.3963582942413,129.0373485901805,34.9,13088.788420949706,1528611.4415326167,159.04603430882713,1039.3008153891283,0
2026-03-05T20:55:43+00:00,1772744143.1235578,20352383.48500156,8204029.808906847,1414.9554695792235,136.9956885741015,34.9,10211.67862568412,1361240.1600672891,107.99660121170045,911.971299121026,0
2026-03-05T20:55:44+00:00,1772744144.1235316,9972485.538841551,7553734.104560733,1329.034855326196,128.00335702163514,34.9,17063.447506720004,1772463.4847048086,184.00482571860053,1204.0315769847557,0
2026-03-05T20:55:45+00:00,1772744145.1233718,10117200.126080627,3293710.138733137,1390.2220746970288,409.065344281356,34.9,9156.462657446978,1109059.1616073316,114.01821332047575,764.1220612003814,0
2026-03-05T20:55:46+00:00,1772744146.1233187,4580595.538094758,5419296.129576896,1448.0769904062415,48.0025521681627,34.9,16115.856837290457,284744.13908934995,50.00265850850282,222.0118037777525,0
2026-03-05T20:55:47+00:00,1772744147.123382,4541152.003127853,12266742.05129012,1510.9041794510522,812.9484433446098,34.9,12584.201918194236,1222548.4667806234,114.99270723816744,834.9470482075636,0
2026-03-05T20:55:48+00:00,1772744148.1233788,4762639.897025718,4177933.9453590475,1442.0048132103407,98.00032711138238,34.9,7018.023425180424,878941.9337852175,103.00034380073862,596.0019893712642,0
2026-03-05T20:55:49+00:00,1772744149.1236866,9238244.483262088,1474106.2724691015,1563.5187514524162,114.96461407738354,34.9,2545.2165864436392,547545.4663893917,30.9904611860773,367.8867650476273,0
2026-03-05T20:55:50+00:00,1772744150.1236856,28402203.086451612,5296133.050786067,1135.0010824213814,95.00009059914646,34.9,66.00006294256491,282.0002689364137,1.000000953675226,3.0000028610256777,0
2026-03-05T20:55:51+00:00,1772744151.1235003,25019930.973136455,4977562.099531015,512.0948662068946,55.01019070581875,34.9,4070.754112230588,8254.529161729493,12.002223426724091,15.002779283405115,0
2026-03-05T20:55:52+00:00,1772744152.1236498,2264749.4461177075,4607311.260185209,464.93049826087724,49.99252669471798,34.9,0.0,0.0,0.0,0.0,0
2026-03-05T20:55:53+00:00,1772744153.1233704,3210625.1339838575,13381275.083861897,583.1629512259572,1458.4075178172307,34.9,0.0,70.01956532730188,0.0,1.0002795046757411,0
2026-03-05T20:55:54+00:00,1772744154.1235924,3931287.381193187,4078710.6579879317,704.8435475009147,42.990457507147994,34.9,257.94274504288796,922.7951692813394,1.9995561631231624,2.9993342446847437,0
2026-03-05T20:55:55+00:00,1772744155.1233816,4122980.967813384,5973226.929397007,640.1349161305093,43.00906467751859,34.9,0.0,0.0,0.0,0.0,0
2026-03-05T20:55:56+00:00,1772744156.123348,29018063.500811007,1441840.4703794296,6809.228905981956,10.000336181497953,34.9,0.0,0.0,0.0,0.0,0
2026-03-05T20:55:57+00:00,1772744157.1236558,30543174.86008635,9696343.48113009,1381.5747535212527,341.8947653431754,35.0,0.0,0.0,0.0,0.0,0
2026-03-05T20:55:58+00:00,1772744158.1234298,7609527.911685056,1057072968.4917264,1130.255461258238,15425.486480995174,35.0,0.0,1166.2635998469962,0.0,2.0004521438198903,0
2026-03-05T20:55:59+00:00,1772744159.1235173,122005580.55824259,49765117.57119641,4394.615472822541,6841.401379989038,34.9,54.99518794203407,65.99422553044089,0.9999125080369831,0.9999125080369831,0
2026-03-05T20:56:00+00:00,1772744160.1233237,74857116.02971843,28341614.82003829,5514.067500784549,2323.4498103251417,34.9,498.0964294196817,126.02439780497971,5.000968166864275,2.00038726674571,0
2026-03-05T20:56:01+00:00,1772744161.1233962,95461113.05030839,2477900.403642009,9359.321643405057,152.9889114787365,34.9,19806.56443510335,388437.846316986,96.99297002246693,291.9788375934056,0
2026-03-05T20:56:02+00:00,1772744162.1235816,38565390.519035384,3562859.126491449,8555.413059387158,214.96012712028036,34.9,9850.172894832569,1181114.9154023689,133.97514899589567,791.8531194384282,0
2026-03-05T20:56:03+00:00,1772744163.1237826,46020062.5720262,2248252.130858823,9768.03675294334,164.9668438316941,34.9,8014.389213059757,1229786.829004085,99.97990535254188,821.8348219978942,0
2026-03-05T20:56:04+00:00,1772744164.12329,41021678.16223411,709469.4653500111,8859.363881535352,53.02611922319296,34.9,8995.430904447696,1567055.8890826332,118.05815223276923,1046.5154850464119,0
2026-03-05T20:56:05+00:00,1772744165.1232746,34204690.077184446,7266416.609167003,5970.092519763419,224.00347142830915,34.9,1524.0236181104606,342799.31243212416,28.000433928538644,232.00359540789162,0
2026-03-05T20:56:06+00:00,1772744166.12344,29449463.218371976,16184714.03685246,1649.7270320510283,1003.8339031389288,34.9,0.0,0.0,0.0,0.0,0
2026-03-05T20:56:07+00:00,1772744167.1234486,18953053.32463844,14925695.891724562,1271.989082430132,718.9938288264661,34.9,481.99586299632364,0.0,5.999948502028925,0.0,0
2026-03-05T20:56:08+00:00,1772744168.1234782,32318532.53801281,39193977.27302603,2175.935670847133,1559.9538816734964,35.0,750.9777981646126,331.99018507410307,10.99967480667209,4.99985218485095,0
2026-03-05T20:56:09+00:00,1772744169.1232874,143786785.15280777,99866215.96904927,4224.805817760041,6303.2022404175605,34.9,643.1226659137561,120.02289255000115,9.001716941250086,2.000381542500019,0
2026-03-05T20:56:10+00:00,1772744170.1235735,105651180.95466766,32046127.529370487,3073.1207730942456,2668.236611382089,34.9,426.8778692619528,0.0,4.998569897680946,0.0,0
2026-03-05T20:56:11+00:00,1772744171.1235583,48870121.69887846,3670072.000854505,3707.056565194171,69.00105287251087,34.9,15274.23306630045,21730.331578545814,47.00071717402915,47.00071717402915,0
2026-03-05T20:56:12+00:00,1772744172.1235693,47975921.835848704,16879430.878983393,4732.948092553077,735.9919281891115,34.9,24999.725821641016,1338487.3204687259,126.99860717393636,922.9898773349863,0
2026-03-05T20:56:13+00:00,1772744173.1232135,83012441.22876199,28104461.333600458,6643.363180605284,1646.5857243301155,35.0,15695.58324103251,1853414.2974977174,136.04839520589047,1244.4426737950569,0
2026-03-05T20:56:14+00:00,1772744174.1235702,80908102.16784403,2157822.360448067,7217.425730492397,126.95471852805186,35.0,19004.221684541684,1853519.8972839506,162.94188283521618,1247.5550293150293,0
2026-03-05T20:56:15+00:00,1772744175.123633,76132186.20082597,196595.67264797536,7556.526174930571,23.998495196286054,35.0,15589.022504587481,1844005.3733279263,134.99153547910905,1239.9222518081128,0
2026-03-05T20:56:16+00:00,1772744176.1234903,57383413.40058841,6058847.836051454,6943.9900345899305,275.0392135261747,35.0,11303.61160462846,1128581.9067869803,96.01368908550099,764.1089423054453,0
2026-03-05T20:56:17+00:00,1772744177.123248,94323520.29535963,1606021.031736432,4734.146767882387,83.02011023330618,35.0,25332.136286370027,1198578.3355572047,243.05887694811327,808.1957719097758,0
2026-03-05T20:56:18+00:00,1772744178.123434,89092423.79450996,21581906.48856614,4802.106969014208,180.9663463234586,35.0,16671.899585324154,1636090.741944619,238.95556227241218,1094.7964045535202,0
2026-03-05T20:56:19+00:00,1772744179.1234608,98240960.68333136,3821465.955849873,5775.8457682785875,208.99441924692258,35.1,15578.584006927305,1907023.076989979,185.99503339678276,1274.9659547360109,0
2026-03-05T20:56:20+00:00,1772744180.123478,124498342.84430389,67639670.88809587,4348.925345748688,4654.920093000723,35.0,20613.6461433119,1641756.8173764106,170.9970646408429,1096.9811690702027,0
2026-03-05T20:56:21+00:00,1772744181.1235878,134740518.53958732,30773961.604184262,5122.436988007671,2475.727890358578,35.0,17485.078198182735,1574676.9257395826,135.98505375152124,1058.8836170798602,0
2026-03-05T20:56:22+00:00,1772744182.1231992,90259204.7382916,4458180.54830688,5834.267326293435,375.1457900137239,35.0,13467.233667106004,1251759.4616209131,99.03848856362312,838.3257920840017,0
2026-03-05T20:56:23+00:00,1772744183.1236813,130408044.58119984,253829.63320962194,7611.330711674927,24.987953748112037,35.0,32768.203027124204,1689409.565437957,235.88628338217765,1163.4391265120964,0
2026-03-05T20:56:24+00:00,1772744184.1235354,112568361.09388672,1691894.8680523033,8849.291219288398,94.0137177456046,35.0,23286.397768839484,1780058.7322330778,165.02407902153996,1199.1749742231905,0
2026-03-05T20:56:25+00:00,1772744185.1236148,129481688.010255,2068315.7894044227,8444.329576075355,110.99118803367251,35.0,17019.648752442703,1442056.5102496354,131.98952090490786,966.9232326897417,0
2026-03-05T20:56:26+00:00,1772744186.1236782,116650266.11687396,729041.7646509655,5814.631239912554,46.997019479946694,35.0,21673.625472932865,1967439.2262987625,175.98883890363018,1314.9166088538277,0
2026-03-05T20:56:27+00:00,1772744187.1232686,190284405.0858005,95582959.07815176,6914.832336891837,842.3450271503077,35.0,16892.919392470423,1630574.8885599484,128.05245068318217,1091.4470601199355,0
2026-03-05T20:56:28+00:00,1772744188.1236382,135703578.90558442,24738889.773030233,7268.314003299448,527.8049503152398,35.0,22735.59808706404,1698470.3323309151,218.9190987102983,1137.5796088233767,0
2026-03-05T20:56:29+00:00,1772744189.1234968,122336656.22772767,1601762.4607284574,7946.123440551817,107.01513003638067,35.0,15963.256920660484,1641940.1411380041,135.01908929823728,1100.1555424300816,0
2026-03-05T20:56:30+00:00,1772744190.1234078,155727896.9021169,1296499.2978511092,7326.651560075738,49.00435796392454,35.0,21681.92817669151,2115626.1429079305,168.01494159059843,1415.125847325576,0
2026-03-05T20:56:31+00:00,1772744191.123458,155764617.1924719,2510722.2934032404,7153.641832164584,128.99354156405246,35.0,17057.14598449308,1860099.8687027865,146.99264038694352,1241.9378187794819,0
2026-03-05T20:56:32+00:00,1772744192.1232617,120128531.43911704,5612621.300079814,3721.7302722964523,196.03846637197117,35.0,9835.929991336554,1208122.0558862672,85.01668184498749,806.1581831418814,0
2026-03-05T20:56:33+00:00,1772744193.1236293,95849561.72824265,8209461.861545919,3193.825817248774,188.93054130204015,35.0,17882.42567911215,1643274.8640479178,145.94634407459188,1101.59500801507,0
2026-03-05T20:56:34+00:00,1772744194.123535,167065501.28169525,79596891.04155456,3650.344642753251,494.046644800029,35.0,18367.73416679622,2221782.7668589773,154.01454109150703,1485.1402176681033,0
2026-03-05T20:56:35+00:00,1772744195.123347,149760488.07802522,12245244.561121503,6060.138541500736,500.09395457177226,35.0,15476.907706087208,1871807.6636941412,125.02348864294306,1249.234698520287,0
2026-03-05T20:56:36+00:00,1772744196.1234777,184633796.9701148,8829822.35385277,7601.00690274651,557.9271049371945,35.0,16143.890746085917,1632977.6459488915,136.9821028250818,1091.8573451459074,0
2026-03-05T20:56:37+00:00,1772744197.1234753,172435355.11792353,888834.1191456774,7949.018951938037,57.000135898914095,35.0,15312.03650673987,1638111.9055631293,122.00029087136,1094.002608305474,0
2026-03-05T20:56:38+00:00,1772744198.1233191,165444844.55671707,176155.50917876055,7042.099723653553,14.002186639845156,35.0,15272.384999316824,1624354.6659970828,121.01889881580456,1085.1694645879995,0
2026-03-05T20:56:39+00:00,1772744199.1236515,190458556.05151373,2100549.8706989875,5849.056034061556,106.96444977689052,35.0,16290.585734244934,1641573.4140483895,139.95348568938945,1095.6358593969346,0
2026-03-05T20:56:40+00:00,1772744200.1232762,172583165.43006584,40778695.05529047,7468.802823935717,1670.6269375800493,35.0,23684.888247991166,1748328.0965595208,197.07395610974234,1167.4381054825853,0
2026-03-05T20:56:41+00:00,1772744201.123327,187311319.73977646,45053.71203025283,7220.633313442287,4.999746097107248,35.0,18953.037504914155,2073687.691591666,156.99202744916758,1385.929618118129,0
2026-03-05T20:56:42+00:00,1772744202.1236289,194304743.46016583,11682361.820194157,7171.835268151884,681.794208653413,35.0,16549.004882769208,1905616.8125827957,144.95624670783707,1277.6143675352812,0
2026-03-05T20:56:43+00:00,1772744203.1236403,210021532.4943028,438266.98443239863,7110.9186219945295,31.999633793253405,35.0,16463.811586628875,1641475.2148069595,141.998374957562,1099.9874116430858,0
2026-03-05T20:56:44+00:00,1772744204.1235974,131501579.43554935,434194.6336121679,8776.376641224722,42.00180252181385,35.0,16392.703498513634,1634005.123892379,142.00609424041826,1096.0470372359043,0
2026-03-05T20:56:45+00:00,1772744205.1233199,139792779.18388987,49165.644411586545,7515.085580734247,8.002220770114997,35.0,16558.59532856046,1632591.075411744,145.04025145833432,1091.3028575244327,0
2026-03-05T20:56:46+00:00,1772744206.1233315,139441570.97240028,122878.5644698956,6922.919122925515,8.999894858634931,35.0,16295.809624034982,1633063.92171379,139.99836446765448,1089.9872662124528,0
2026-03-05T20:56:47+00:00,1772744207.1235247,218088314.99199498,622471.7888400649,6741.698049683513,43.99150440250253,35.0,19069.31735156661,1627367.7242925938,142.97238930813322,1088.7897339619376,0
2026-03-05T20:56:48+00:00,1772744208.1236415,236097089.9329712,950160.9973428969,7296.147626796453,45.99462667296654,35.0,18943.78689013096,2076139.454792774,156.98166060121187,1386.8379825087954,0
2026-03-05T20:56:49+00:00,1772744209.1231987,297608884.33997613,253736660.20662397,3196.415191414465,1105.4894480478822,35.0,16902.483461329386,1728220.1578982393,151.06688385088708,1155.5115950183747,0
2026-03-05T20:56:50+00:00,1772744210.1234818,176464620.00901443,55309019.38969432,5701.386491354647,550.8441095452237,35.0,17633.009807910446,1898891.6082565782,164.95331774040272,1270.6404051397083,0
2026-03-05T20:56:51+00:00,1772744211.123185,191523346.09142968,18261292.52011193,6379.893751077674,532.1579610494391,35.0,16142.791683112497,1627652.137824915,137.04067793942323,1088.3230481612588,0
2026-03-05T20:56:52+00:00,1772744212.1234643,189388615.78780192,19921473.41092167,8285.684759488553,347.9027867159769,35.0,16565.37119506821,1634194.3626668344,144.95949446499037,1091.6949514191,0
2026-03-05T20:56:53+00:00,1772744213.123192,218367039.6711446,18482088.192400865,8536.324219288452,361.09831768960987,35.0,16508.494834208646,1621678.5409311636,144.0392181365757,1089.2965871578538,0
2026-03-05T20:56:54+00:00,1772744214.1234243,301096671.42248213,33464740.828056686,7127.344890136005,547.8727731511475,35.0,23996.427556886574,1910648.3098302425,233.94567320687688,1311.6953984932584,0
2026-03-05T20:56:55+00:00,1772744215.123623,274109273.1647257,20500504.54493,7367.536787475594,423.915809185731,35.0,23305.371490847618,2049172.0289506635,215.9571103399007,1376.726578416867,0
2026-03-05T20:56:56+00:00,1772744216.1234667,168735470.4345738,8570170.353534117,7888.231859175625,272.04248328842016,35.0,19305.01475159223,2046329.563356399,163.02545873534004,1369.2138221391442,0
2026-03-05T20:56:57+00:00,1772744217.1237378,205966310.25624624,10167611.744241428,8011.828138210024,348.90541804782856,35.0,18596.958700646726,1639577.5401651459,182.95040545201326,1093.7035167459153,0
2026-03-05T20:56:58+00:00,1772744218.1233146,97786790.683149,40760161.414088726,4073.7239713786116,2258.9559743057234,35.0,15054.370904053378,1450238.7308471808,141.05969547258945,967.4094008652057,0
2026-03-05T20:56:59+00:00,1772744219.1232576,65488531.67015771,35911678.32070509,4090.2330698260516,1014.0577830815688,35.0,17767.012400618492,1697513.7277958258,183.0104283076204,1132.064507345499,0
2026-03-05T20:57:00+00:00,1772744220.123631,252727144.90992713,210235233.83834866,4966.145822439685,1885.29609925951,35.0,21981.792801016236,1642086.9046943781,186.93020708458556,1109.5857211972725,1
2026-03-05T20:57:01+00:00,1772744221.1233742,178320092.46444708,19522452.913176414,7623.9576555240155,645.1656635808173,35.0,20522.269642926556,1732625.8981505176,159.04083799899217,1161.2981944454712,1
2026-03-05T20:57:02+00:00,1772744222.1234512,170069207.10623756,6278684.48352428,8254.364337997156,365.9718168027813,35.0,20343.433368449685,1967754.4648008035,169.9869094439148,1319.898355682162,1
2026-03-05T20:57:03+00:00,1772744223.1232448,243240493.98385954,14338960.572208293,7148.475949328451,381.0786815019085,35.0,15855.2736461109,1642692.1674559156,148.03056394299855,1100.2271644412056,1
2026-03-05T20:57:04+00:00,1772744224.1232667,277020227.69724554,10755860.075487388,7247.841022163859,513.988725909523,35.0,14873.673753265071,1760073.3936538182,121.99732404856384,1173.9742494509342,1
2026-03-05T20:57:05+00:00,1772744225.12365,282762891.1898019,986757.6997191552,6915.348813797811,84.96742543694911,35.0,14880.295235934405,1668039.5118906212,118.95439561172876,1114.572698378803,1
2026-03-05T20:57:06+00:00,1772744226.1236725,217421047.30158654,8679229.486781178,7206.838485046007,414.990699499666,35.0,4354124.41820924,547314.7339398884,42.99903633370033,364.9918200418749,1
2026-03-05T20:57:07+00:00,1772744227.1232164,125023934.7592455,12346879.346747953,9459.31434353332,427.1948413208596,35.0,6178596.025158913,693651.3707428529,19.008669754323964,472.2153749495216,1
2026-03-05T20:57:08+00:00,1772744228.1236458,92562110.58308217,18379052.18457975,10324.566715084584,370.840763994228,35.0,6894097.730545827,390204.4493853228,112.95149954541176,286.8768174294971,1
2026-03-05T20:57:09+00:00,1772744229.1234536,102143660.47479407,18316735.84240746,9295.78632826342,331.0636189644063,35.0,8072415.238699529,242423.58541914172,23.004420653115847,171.0328665949048,1
2026-03-05T20:57:10+00:00,1772744230.1236494,80988179.2398863,438186.228703078,10049.032985667889,38.99236756950031,35.0,4991622.931474033,740876.9795150324,69.9863007657698,509.90019129346564,1
2026-03-05T20:57:11+00:00,1772744231.1235297,140134276.12872902,4096.490293056277,9218.103279077077,1.0001197004531925,35.0,6248477.856112425,610591.0792812823,74.00885783353625,425.05087269260684,1
2026-03-05T20:57:12+00:00,1772744232.1233635,106176236.12798433,6866036.982574667,8677.44199778377,611.1015514806228,35.0,6828919.814527208,709419.8898008326,82.01362884027998,517.0859281759116,1
2026-03-05T20:57:13+00:00,1772744233.1233475,98708520.77433297,1343509.4612803236,9822.156899574344,111.00177314729711,35.0,4354624.5609678235,109183.74410601976,33.00052715189914,96.00153353279751,1
2026-03-05T20:57:14+00:00,1772744234.1237378,71603413.8166957,577310.6807135753,11168.64097755426,30.987905692668225,35.0,8968171.80134039,611477.3457643947,138.9457706864801,437.8291191415704,1
2026-03-05T20:57:15+00:00,1772744235.1236258,122493854.26102035,0.0,10054.126632575348,0.0,35.0,7292017.119609407,811904.9794188325,73.00818105819162,567.0635432875979,1
2026-03-05T20:57:16+00:00,1772744236.1233807,129168810.53911261,1167646.1834231755,7897.935739026003,67.01642534381233,35.0,4129986.236082719,69172.95389666695,39.009561021025085,54.01323833680397,1
2026-03-05T20:57:17+00:00,1772744237.123599,181864666.3175557,642931.589258251,8123.225957160768,42.99061121943545,35.0,4366736.3422561865,575079.4075924505,75.98340587621149,400.91244416264226,1
2026-03-05T20:57:18+00:00,1772744238.1232543,131182761.68545274,6678782.532086706,7980.75139010193,310.10691036996724,35.0,4361269.561922679,200987.2910248809,22.00758718754606,141.04862697472703,1
2026-03-05T20:57:19+00:00,1772744239.123539,136239232.53469887,7661435.005633181,9650.252845311808,313.9106384986955,35.0,7361950.260489697,344949.80252451554,193.9447893909138,253.92771394480465,1
2026-03-05T20:57:20+00:00,1772744240.1235468,178656898.36091283,5205975.040361325,13669.892447840983,329.99740364210123,35.0,5727696.935550958,227141.2128953873,95.999244695884,156.99876476306028,1
2026-03-05T20:57:21+00:00,1772744241.1233864,184360333.66707945,5210948.126348741,11104.781825582651,246.0394784376594,35.0,5978939.354921785,176686.35033268307,70.011233701773,143.02294884790768,1
2026-03-05T20:57:22+00:00,1772744242.1232479,164124366.7033154,10175873.574162146,9548.322645057864,408.05652447717694,35.0,4354407.177683409,326921.28552696493,41.00568015579474,237.03283407130132,1
2026-03-05T20:57:23+00:00,1772744243.1236088,149149106.28415626,3964520.943808335,11733.76451314142,286.89644021737837,35.0,4356311.520837177,285621.90028261475,98.96427728752772,207.92494622026027,1
2026-03-05T20:57:24+00:00,1772744244.1235442,196009848.47757182,69028204.01131226,8986.580635870056,657.0424524556673,35.0,5731272.305727685,82593.33647398578,61.00394155220047,63.00407078342016,1
2026-03-05T20:57:25+00:00,1772744245.1234202,122819450.86826026,11060571.263756074,8282.026786310405,496.06150054461557,35.0,5739007.508728156,251116.13279081613,44.00545569347396,178.02207075996284,1
2026-03-05T20:57:26+00:00,1772744246.1233091,169624989.8550626,4542968.737718529,9531.058929791756,109.01211157894033,35.0,7334771.915588537,499951.5461455593,85.0094448092654,365.04055712213966,1
2026-03-05T20:57:27+00:00,1772744247.1233659,153951712.22226217,16559188.371677289,9391.467094142818,1263.9282801316567,35.0,5742552.146792665,69182.07435853545,46.997333201098,61.996482095065446,1
2026-03-05T20:57:28+00:00,1772744248.123295,152606262.0979469,1118287.1862712675,2606.1845447563633,66.00467381194166,35.0,4363089.951786919,461399.6718574862,58.00410728928206,352.0249269970222,1
2026-03-05T20:57:29+00:00,1772744249.1234636,127436311.08875948,966493.0860548399,2333.606642747778,74.98735998546846,35.0,5748245.0646866,62919.394185140394,31.994606927133205,66.98870825368515,1
2026-03-05T20:57:30+00:00,1772744250.1235921,395881286.2404243,6098160.339964094,2710.6516606223404,358.9538716943638,35.0,4536516.023149377,772224.7632380998,112.98548050546826,555.9285589472597,1
2026-03-05T20:57:31+00:00,1772744251.1234567,121654874.71638654,15554618.433694443,2037.2758914724245,776.1051015133046,35.0,4357562.10869926,75525.2277587335,96.0130022490686,64.00866816604574,1
2026-03-05T20:57:32+00:00,1772744252.1236427,145661999.7489328,8690095.933346746,1501.7207302642807,455.91521504694543,35.0,2796329.9763246696,330848.4732701419,2.99944220425622,229.95723565964352,1
2026-03-05T20:57:33+00:00,1772744253.1233387,154583950.99958527,7174276.863142135,2153.6546758918194,380.1155489265636,35.0,5923790.7357568955,523136.02481833537,126.0383135914395,397.1207182206467,1
2026-03-05T20:57:34+00:00,1772744254.123637,144936227.0828589,3271728.1689826497,2652.2089478030916,270.919195195868,35.0,4367187.435502574,271019.1653785971,56.983004155588475,186.94424170342182,1
2026-03-05T20:57:35+00:00,1772744255.123695,182767267.24774426,5287629.6573966155,1879.891087166266,373.97833329797,35.0,2809821.2109999005,49330.14202296458,1.999884135283262,61.996408193781114,1
2026-03-05T20:57:36+00:00,1772744256.1232336,157960873.6616457,7949907.609983759,2246.0361862231116,352.1624666149378,35.0,2965950.3113700156,654758.066053823,141.0650789565518,475.2192376195893,1
2026-03-05T20:57:37+00:00,1772744257.12338,195303505.71362397,6302821.336239707,2088.6942381233675,339.95023502247244,35.0,5799071.079739818,177987.94452144238,83.98770512319908,161.97628845188393,1
2026-03-05T20:57:38+00:00,1772744258.123543,414588389.6268595,28307447.669327304,2550.584055067619,565.9077127276645,35.0,4374649.589546382,564453.9498048624,193.96836796672602,404.9339640542476,1
2026-03-05T20:57:39+00:00,1772744259.1238866,69670016.08758588,5445809.031464019,1648.4336621982509,341.8825424328695,35.0,4361529.54779473,154325.97958550864,59.979393409275346,145.94985729590334,1
2026-03-05T20:57:40+00:00,1772744260.1233692,78516397.89660922,4876763.0827068025,1128.5838935492043,303.1568437459299,35.0,5892602.645911605,720708.8719358685,168.08696286903043,495.25622988196466,1
2026-03-05T20:57:41+00:00,1772744261.123421,84432623.72355938,10419684.918515367,1730.9104481775155,446.9768748326686,35.0,4360941.378709989,865333.2304003246,145.99244681335486,600.9689077727826,1
2026-03-05T20:57:42+00:00,1772744262.123426,111731664.58300108,8048599.702350199,1215.9939117736465,273.9986281463644,35.0,7871349.589804319,186318.06714453458,103.9994792964303,143.99927902582655,1
2026-03-05T20:57:43+00:00,1772744263.1234822,84233596.44636695,11054481.9998417,1074.9395166096879,435.9754690621618,35.0,6634753.683743152,972455.2830679883,156.99116661183348,665.9625284298158,1
2026-03-05T20:57:44+00:00,1772744264.123404,80348811.38101697,14636152.566069048,805.0629569649421,839.0656160168776,35.0,8721623.042207204,930921.7992892663,238.0186133635481,632.0494270830353,1
2026-03-05T20:57:45+00:00,1772744265.1233115,147029281.15077174,9905044.28007428,1985.1836422093338,274.0253491009357,35.0,5795054.07964108,639528.1604533806,126.01165688583175,429.03968892080815,1
2026-03-05T20:57:46+00:00,1772744266.1235611,187074453.67937225,13009744.452268237,1712.5725003700525,778.8055912365854,35.0,4356174.593174206,306520.48505309806,43.98901927395348,212.9468433034566,1
2026-03-05T20:57:47+00:00,1772744267.1236932,8817523.347191252,626605.2355412269,29.996038006530853,55.99260427885759,35.0,5837582.949319381,894172.8941632827,116.98454822547032,604.9200997983722,1
2026-03-05T20:57:48+00:00,1772744268.1237059,4657605.145641156,983027.5782819631,25.999671463349447,68.99912811427353,35.0,5797780.738171786,1170349.211251212,86.99890066582316,791.9899922681832,1
2026-03-05T20:57:49+00:00,1772744269.1233428,6605150.406045057,725255.3485545751,12.004358920725887,25.009081084845594,35.0,7271496.3639226565,425807.61564031127,139.0504908317415,311.1129686954792,1
2026-03-05T20:57:50+00:00,1772744270.1234293,6704571.746507649,1425284.6473944178,19.998269230906768,47.99584615417624,35.0,4353271.24202994,1227500.7647872881,60.99472115426564,829.9281730826309,1
2026-03-05T20:57:51+00:00,1772744271.123315,4329966.492995773,348199.76528348227,11.00125637097399,37.004225975094336,35.0,6431746.521528199,1143119.547109381,102.0116499853952,769.0878317526364,1
2026-03-05T20:57:52+00:00,1772744272.1234484,21230834.43961245,540599.9510086504,25.996535286134492,48.99347034694578,35.0,6516963.445272945,408575.54669127456,78.98947260017789,283.9621546639306,1
2026-03-05T20:57:53+00:00,1772744273.1236596,41848184.03726553,18976855.350688767,90.98078132337272,174.963041006486,35.0,144706.43237803294,2304696.158608311,387.91805663152326,1565.669269806612,1
2026-03-05T20:57:54+00:00,1772744274.1237302,43017252.19080532,16292738.19051924,107.99237877270777,273.98066466409193,35.0,18694.68068087541,2311167.89649168,288.97960616030133,1550.8905507080533,1
2026-03-05T20:57:55+00:00,1772744275.123681,30066116.674088206,1564748.8514307486,27.001326149269758,44.002161132143314,35.0,12864.631836452081,1799304.3714438719,189.00928304488832,1204.0591364341033,1
2026-03-05T20:57:56+00:00,1772744276.1235852,30092100.155336007,495663.50650635135,39.003738284776325,40.00383413823213,35.0,11485.100781086445,1631785.3972782388,164.01571996675173,1093.104767827193,1
2026-03-05T20:57:57+00:00,1772744277.1236315,49202972.20487219,20991029.09764172,87.99592990627245,136.99366360408325,35.0,9731.549884634585,1644069.9564963435,122.99431111899446,1104.9488925730802,1
2026-03-05T20:57:58+00:00,1772744278.1235697,30111555.400951587,1372244.7366778373,36.0022231521121,55.00339648239349,35.0,12294.759206446282,1782673.080797178,179.01105400633517,1193.073672790826,1
2026-03-05T20:57:59+00:00,1772744279.1236289,34998250.6301698,2621285.009164268,43.997398530284045,72.99568392524398,35.0,16988.995477943772,1731300.6319893042,164.99024448856517,1166.9310019282154,1
2026-03-05T20:58:00+00:00,1772744280.1237037,43311957.51813395,3759846.5249784365,102.99228964353846,149.98877132554145,35.0,9119.31729659292,1630395.9429611946,119.99101706043315,1094.9180306764526,1
2026-03-05T20:58:01+00:00,1772744281.123309,43352796.60174668,28564493.86680303,84.0331780774346,142.05608674994895,35.0,9615.796520003587,1776670.4671071838,121.0477922305903,1185.4680478780951,1
2026-03-05T20:58:02+00:00,1772744282.123808,34258232.79630407,1907783.9965437017,49.97506194004047,79.96009910406475,35.0,7862.076744407166,1752867.301537009,96.95162016367851,1172.4149531133494,1
2026-03-05T20:58:03+00:00,1772744283.1233268,29751274.19165582,1335938.7584682915,27.01299672779958,37.01781033068831,35.0,9178.415999290124,1629313.909671239,121.05824459495368,1089.524201354583,1
2026-03-05T20:58:04+00:00,1772744284.123709,64667509.04919866,37754786.6875181,148.94307619306147,279.8930290876323,35.0,8624.703767743184,1651936.654618894,102.96064998580759,1104.5778469351203,1
2026-03-05T20:58:05+00:00,1772744285.123809,29471864.811144665,303073.6514764738,19.99799748445905,16.998297861790192,35.0,7757.223224221665,1831236.6276493997,94.99048805118048,1220.877746426225,1
2026-03-05T20:58:06+00:00,1772744286.1234632,37987157.4808046,15197321.442811374,77.02664701099705,184.0636759743306,35.0,6464.236272533285,1673049.7838068733,71.02457062052974,1120.3875928872299,1
2026-03-05T20:58:07+00:00,1772744287.1236515,33838874.42507653,483236.9819870544,30.99416222854601,28.994538858962397,35.0,8621.37615795975,1627672.4267956808,99.98116847918068,1086.795301368694,1
2026-03-05T20:58:08+00:00,1772744288.123557,42172301.645453356,20473741.002814557,108.01019764858934,264.0249275854406,35.0,6673.6300824910795,1897138.1159376886,72.00679843239288,1270.1199167935968,1
2026-03-05T20:58:09+00:00,1772744289.1232855,33731528.091995426,544915.976707809,25.006790813144725,40.01086530103156,35.0,5756.563245185916,1542415.856539869,55.0149397889184,1028.279238236511,1
2026-03-05T20:58:10+00:00,1772744290.12367,29627262.268396635,421725.8172532965,23.99077388804402,23.99077388804402,35.0,7857.978063913085,1704893.350582483,93.96386439483908,1140.5613752607594,1
2026-03-05T20:58:11+00:00,1772744291.1236632,29638860.927198146,577539.993191672,23.00015902629179,24.00016594047839,35.0,7818.054055110835,1692430.7017007708,88.00060844842076,1145.0079167436566,1
2026-03-05T20:58:12+00:00,1772744292.1237595,48741801.13580826,24667831.967143364,84.99181349452691,131.98728683855944,35.0,6515.372432121616,1843923.3912596537,71.99306554830515,1232.8812475147256,1
2026-03-05T20:58:13+00:00,1772744293.1235642,34019826.87524481,9647963.907899993,42.00820272398733,75.01464772140594,35.0,7555.475318500006,1632022.6766081194,91.01777256863922,1092.2132708236704,1
2026-03-05T20:58:14+00:00,1772744294.1236637,37273990.1994874,16640393.602957623,79.99204714687818,185.98150961649176,35.0,6437.359994145022,1618653.0726253306,61.99383653883059,1086.8919406082073,1
2026-03-05T20:58:15+00:00,1772744295.12337,33629846.15152614,0.0,20.00587635986217,0.0,35.0,6409.8827856998405,1900080.1137419057,70.0205672595176,1268.3725612152618,1
2026-03-05T20:58:16+00:00,1772744296.123758,32702058.844759163,7005536.832776127,45.9821522369762,82.96779642758749,35.0,6407.5129530221175,1627972.1100380083,69.97284036061595,1090.5766976204573,1
2026-03-05T20:58:17+00:00,1772744297.1236563,38047521.41776976,8282955.244049361,108.01099603064182,66.00671979650333,35.0,6462.657929166735,1628003.7384863696,71.007228871996,1085.110469381911,1
2026-03-05T20:58:18+00:00,1772744298.1236458,43221445.41100647,10584175.032414777,97.00101758117046,96.00100709064293,35.0,7332.076916547853,1683041.6558096064,79.0008287516749,1127.011822824527,1
2026-03-05T20:58:19+00:00,1772744299.123697,33978674.253344424,9211431.822055401,41.99784719058371,61.996822043242624,35.0,6623.660471200631,1845211.4144730303,73.99620695483797,1231.9368509237888,1
2026-03-05T20:58:20+00:00,1772744300.1232364,42568856.26642674,13629574.118418882,87.04009281619093,76.0350236095461,35.0,6633.055349095929,1629221.4596376466,66.03041523986899,1089.5018514578383,1
2026-03-05T20:58:21+00:00,1772744301.1232238,32854431.154660035,3313705.8725994225,44.00055599915217,84.00106145292688,35.0,5544.070055893174,1741217.002339631,54.000682362595846,1162.0146834321552,1
2026-03-05T20:58:22+00:00,1772744302.1237297,44378187.99963588,12621582.4356898,136.9307234298901,89.95448984445335,35.0,5595.1692683249985,1769411.8117007187,54.97218823827705,1183.401288620364,1
2026-03-05T20:58:23+00:00,1772744303.1234188,37805545.66200048,8735387.81309039,39.012128786072026,52.0161717147627,35.0,6085.892090627236,1624097.9285170522,64.01990364893871,1083.3368070593847,1
2026-03-05T20:58:24+00:00,1772744304.12331,40616255.75351324,13866467.546711277,113.01228656832579,134.0145699128819,35.0,5706.620417335106,1619759.0983822017,57.006197649509474,1085.1179728020663,1
2026-03-05T20:58:25+00:00,1772744305.1233695,31639721.669126604,4718311.891628977,41.99750676651362,77.99536970923958,35.0,6845.59360294172,1811735.4441038175,69.99584461085603,1207.9282898559154,1
2026-03-05T20:58:26+00:00,1772744306.123688,40529298.31521103,13647620.86124453,89.97134167850436,170.94554918915827,35.0,6681.871641990257,1711027.9910078081,66.97866547177546,1144.6354024654165,1
2026-03-05T20:58:27+00:00,1772744307.1233456,43290597.36197371,19134871.188236788,139.0476056007487,211.07226461696385,35.0,5215.785723757581,1625804.625233134,56.019179234834006,1086.3719401612452,1
2026-03-05T20:58:28+00:00,1772744308.123703,16393501.135644358,9270030.988722779,241.91354265202634,692.7524175944391,35.0,4011490.335674959,542035.2823085354,53.98070786450174,367.8685276691971,1
2026-03-05T20:58:29+00:00,1772744309.1232774,39039718.41263355,237669.14656129168,597.2541777389679,32.013624267415366,35.0,4696935.908662071,372458.50983621064,90.03831825210571,256.10899413932293,1
2026-03-05T20:58:30+00:00,1772744310.1235387,47970568.96591886,818985.9934213662,729.8092958955046,37.99007293702627,35.0,4349810.365135148,240301.20766935215,14.996081422510368,164.95689564761406,1
2026-03-05T20:58:31+00:00,1772744311.123304,48458868.192081735,430181.02470143576,835.1961393826704,30.00704692392828,35.0,5606781.709514587,812162.730163863,51.011979770678074,550.1291936053517,1
2026-03-05T20:58:32+00:00,1772744312.1235123,35901127.000768974,85998.07990602544,544.8864577379077,8.998124990167282,35.0,5438023.836349256,1855.6133313056084,43.99083328526227,11.99749998688971,1
2026-03-05T20:58:33+00:00,1772744313.1232455,25718989.579260632,9419216.956565475,522.1393017479553,649.1731931693927,35.0,4247022.0646730345,264681.6145111651,71.01894717261462,181.04830194708796,1
2026-03-05T20:58:34+00:00,1772744314.1233978,26998766.752139423,41729322.55973919,819.8750924625198,338.9483613960905,35.0,4849969.109766688,2176.6683857206162,20.996801148430382,9.998476737347803,1
2026-03-05T20:58:35+00:00,1772744315.1239007,64087071.43219316,15827177.702800939,891.5517057067548,922.5361259723483,35.0,3853862.1825830773,2367.8094067480965,49.974871396118544,12.993466562990822,1
2026-03-05T20:58:36+00:00,1772744316.12331,15522254.866613531,4971383.9145060135,180.10636412237432,297.1755008019176,35.0,4636446.112693105,643.3799562815927,16.009454588655494,7.004136382536779,1
2026-03-05T20:58:37+00:00,1772744317.1233811,374757.37396205886,647122.0227978721,13.99900538835389,57.99587946603754,35.0,1.9998579126219842,0.0,1.9998579126219842,0.0,1
2026-03-05T20:58:38+00:00,1772744318.1234047,131068.90632302142,303096.84587198705,1.9999527942355564,8.999787574060003,35.0,0.9999763971177782,174.99586949561117,0.9999763971177782,1.9999527942355564,1
2026-03-05T20:58:39+00:00,1772744319.1234019,4648973.300819304,888834.5429760255,15.00004291546702,46.000131607432195,35.0,1836601.2545583379,553.0015821502175,10.000028610311347,4.000011444124539,1
2026-03-05T20:58:40+00:00,1772744320.123749,541508.0222853548,741118.7299330753,23.991671592274106,33.988201422388315,35.0,3261538.797734856,0.0,3.998611932045684,0.0,1
2026-03-05T20:58:41+00:00,1772744321.1233835,9985601.694299068,1053056.8877451213,59.021572129744264,68.02486279360356,35.0,7716355.2945391005,2476.905298190624,33.01206576748408,19.006946957036288,1
2026-03-05T20:58:42+00:00,1772744322.1235409,8599222.858433113,81907.11140310143,14.997640027423358,2.9995280054846716,35.0,6448773.245146323,1377.7831971859591,22.996381375382484,16.99732536441314,1
2026-03-05T20:58:43+00:00,1772744323.123814,8386316.62606681,720699.0850526165,3.998907387765317,31.991259102122537,35.0,8716347.45250593,6845.129721007282,47.986888653183804,16.9953563980026,1
2026-03-05T20:58:44+00:00,1772744324.1233945,4212455.616721494,815446.1748322736,3.0012593785539283,42.017631299754996,35.0,7132906.086507858,15722.597464451179,43.018051092606306,17.00713647847226,1
2026-03-05T20:58:45+00:00,1772744325.1234965,8692872.951845314,81911.64147792994,14.998469508898303,0.9998979672598869,35.0,5935475.325390037,18575.10453778692,49.99489836299435,43.995510559435026,1
2026-03-05T20:58:46+00:00,1772744326.1233506,4549271.794121266,1085598.4020190325,9.001313401174908,39.00569140509126,35.0,7699220.409960483,2949.430357784978,18.002626802349816,25.003648336596964,1
2026-03-05T20:58:47+00:00,1772744327.1240232,8448461.74364023,970099.531609852,4.996639366232838,35.97580343687643,35.0,6648427.408594216,1412.0502848974,28.98050832415046,12.991262352205379,1
2026-03-05T20:58:48+00:00,1772744328.1233733,8426852.856443087,827930.095817852,6.003902110374661,32.02081125533152,35.0,8713766.32984332,198.1287696423638,14.009104924207541,3.0019510551873303,1
2026-03-05T20:58:49+00:00,1772744329.1237254,14078626.292825103,704263.9974889061,477.83173430643785,52.9813429251908,35.0,7404458.562557006,1313.5374453528436,11.995775756646974,3.9985919188823247,1
2026-03-05T20:58:50+00:00,1772744330.1236923,9486650.38932517,2965602.280600787,43.001425075074536,174.00576658285976,35.0,8699301.296432544,380.0125936867052,32.0010605209857,3.0000994238424097,1
2026-03-05T20:58:51+00:00,1772744331.1234164,9322507.61648566,1905165.540478309,82.022625965653,156.0430445200228,35.0,4350767.160409115,0.0,16.00441482256644,0.0,1
2026-03-05T20:58:52+00:00,1772744332.1234007,8552582.580242705,430086.76768461877,13.00020456635985,40.00062943495338,35.0,8699028.884667013,0.0,9.000141622864511,0.0,1
2026-03-05T20:58:53+00:00,1772744333.1235266,8592326.354912903,151532.92427634765,13.998237831693856,3.9994965233411017,35.0,10017838.904251708,335.95770796065256,28.996349794222986,1.9997482616705509,1
2026-03-05T20:58:54+00:00,1772744334.1233764,8455414.034513889,253990.15026156063,5.000751131346881,10.001502262693762,35.0,8706255.711863155,0.0,8.00120181015501,0.0,1
2026-03-05T20:58:55+00:00,1772744335.1238053,4274390.649632767,249748.87895363866,3.9982850754616845,10.995283957519632,35.0,6531346.607314453,0.0,5.997427613192526,0.0,1
2026-03-05T20:58:56+00:00,1772744336.1237314,8389228.045827437,4096.302756751678,4.000295660890311,1.0000739152225777,35.0,7188451.296706672,148.01093945294153,7.000517406558044,2.0001478304451554,1
2026-03-05T20:58:57+00:00,1772744337.123324,12878975.633303957,86051.06213788835,46.018750678279204,4.001630493763409,35.0,8040640.217969062,90.03668610967671,9.00366861096767,1.0004076234408523,1
2026-03-05T20:58:58+00:00,1772744338.123702,8614726.497390542,466767.5003338982,5.997732066379243,3.9984880442528286,35.0,7359247.234107663,0.0,7.996976088505657,0.0,1
2026-03-05T20:58:59+00:00,1772744339.123553,13059994.090771373,438337.31735023117,56.00834589390366,19.002831642574456,35.0,8700188.429101989,0.0,35.00521618368979,0.0,1
2026-03-05T20:59:00+00:00,1772744340.1234171,4194874.077472725,0.0,2.00027183412205,0.0,35.0,8701675.545438027,0.0,10.001359170610248,0.0,1
2026-03-05T20:59:01+00:00,1772744341.1235037,17308198.045657497,53243.39200036618,86.99247115444444,4.999567307726692,35.0,4349069.605664526,0.0,3.9996538461813538,0.0,1
2026-03-05T20:59:02+00:00,1772744342.1236975,8468886.43928453,106475.36142233935,14.997093048894703,11.997674439115762,35.0,4348658.080884038,125.97558161071551,4.999031016298234,1.9996124065192937,1
2026-03-05T20:59:03+00:00,1772744343.123768,38458725.89466457,12287.13287369475,98.99301387498213,2.9997882992418825,35.0,4349727.031501454,1077.9239288609165,12.999082630048157,14.998941496209412,1
2026-03-05T20:59:04+00:00,1772744344.1233966,33743094.07968906,315509.19783072954,27.010033042783895,11.004087535948994,35.0,0.0,0.0,0.0,0.0,1
2026-03-05T20:59:05+00:00,1772744345.1233227,38333201.19768221,221200.34886459066,97.00716977659005,18.0013304740064,35.0,0.0,184.01360040095432,0.0,2.0001478304451554,1
2026-03-05T20:59:06+00:00,1772744346.1237373,29458506.21141871,192432.2156965503,25.989224609947993,17.992540114579377,35.0,0.0,183.9237433934781,0.0,1.9991711238421532,1
2026-03-05T20:59:07+00:00,1772744347.1234984,38294460.37105078,61454.68124165633,63.015054007557765,8.001911620007336,35.0,96.02293944008802,360.0860229003301,2.000477905001834,5.001194762504585,1
2026-03-05T20:59:08+00:00,1772744348.1237638,29552989.822210282,81898.26748568736,30.99177602607798,2.9992041315559335,35.0,0.0,331.91192389219,0.0,3.998938842074578,1
2026-03-05T20:59:09+00:00,1772744349.1237445,22018473.218661003,753678.5549685842,78.0015063576734,37.000714554280975,35.0,4349571.998520822,0.0,4.000077249111456,0.0,1
2026-03-05T20:59:10+00:00,1772744350.1236923,4448488.271893392,167944.7690125498,17.000887678718957,6.000313298371397,35.0,4349673.11239138,148.00772802649445,20.001044327904655,2.0001044327904656,1
2026-03-05T20:59:11+00:00,1772744351.1232727,13333979.160322705,213081.4125189861,92.03862094232046,20.008395857026187,35.0,5815924.459024401,0.0,5.002098964256547,0.0,1
2026-03-05T20:59:12+00:00,1772744352.1237652,4204520.967399919,0.0,3.998030678896284,0.0,35.0,5315841.561120683,59.97046018344426,5.9970460183444265,0.999507669724071,1
2026-03-05T20:59:13+00:00,1772744353.123578,13114262.446797546,249902.77144899068,59.01104442354977,10.001871936194876,35.0,6267066.935377185,0.0,10.001871936194876,0.0,1
2026-03-05T20:59:14+00:00,1772744354.1236198,4792120.05717039,1363911.0931946496,19.999165569788286,56.99762187389661,35.0,7310524.981128764,147.99382521643332,29.99874835468243,1.9999165569788286,1
2026-03-05T20:59:15+00:00,1772744355.123393,19930534.971146956,360529.74509706197,265.0600986847518,11.002494662385924,35.0,4247457.051713986,0.0,3.0006803624688883,0.0,1
2026-03-05T20:59:16+00:00,1772744356.1235154,9130403.271961566,81909.98169407628,64.99205090472361,7.999021649812137,35.0,4460936.388530894,763.9065675570591,3.9995108249060687,8.998899356038654,1
2026-03-05T20:59:17+00:00,1772744357.1232452,5390768.19878035,49165.28093130473,41.01107825080351,5.0013510061955495,35.0,2866640.360544323,787.2126483751796,4.00108080495644,5.0013510061955495,1
2026-03-05T20:59:18+00:00,1772744358.1236653,8794513.481730744,180148.32085481973,49.9790041434048,18.992021574493823,35.0,2861565.8746721335,85.96388712665626,23.989921988834304,0.999580082868096,1
2026-03-05T20:59:19+00:00,1772744359.123444,4699151.698785895,286783.4515388079,19.004204726692766,14.003098219668352,35.0,4351146.701830697,0.0,9.00199171264394,0.0,1
2026-03-05T20:59:20+00:00,1772744360.1237278,7326689.285569709,728881.2032032461,157.95518525351247,41.98808721928812,35.0,8698023.213300746,739.7901081493621,20.99404360964406,7.997730898912023,0
2026-03-05T20:59:21+00:00,1772744361.123637,508974.2339361023,622648.5598252519,18.001635223155027,24.002180297540036,35.0,2924.265632916961,2395.2175755253493,67.00608666396593,18.001635223155027,0
2026-03-05T20:59:22+00:00,1772744362.1233056,4486606.869704459,94239.23105315301,42.01392349091825,6.001989070131178,35.0,7820.591758380926,9257.067809165654,29.00961383896736,30.009945350655894,0
2026-03-05T20:59:23+00:00,1772744363.1235595,17063187.387350194,229317.77259735676,309.92130608773624,5.998476892020702,35.0,1611.5907916562285,4890.758159294212,9.99746148670117,10.997207635371288,0
2026-03-05T20:59:24+00:00,1772744364.1236596,7791859.755864748,368603.0896335492,175.98237786323963,35.996395472026286,35.0,962.9035788767032,1011.8986727136279,8.999098868006572,7.99919899378362,0
2026-03-05T20:59:25+00:00,1772744365.1234193,983276.3067906487,2195983.751832449,18.004326906567055,61.01466340558835,35.0,1.0002403836981697,60.01442302189018,1.0002403836981697,1.0002403836981697,0
2026-03-05T20:59:26+00:00,1772744366.1236308,262088.57422129292,573318.7561090782,1.999577134867042,9.997885674335208,35.0,541.8854035489684,363.9230385458016,7.998308539468168,2.9993657023005627,0
2026-03-05T20:59:27+00:00,1772744367.1236181,6144.077637699795,0.0,2.000025272688735,0.0,35.0,7801.098576122411,7910.0999534839475,27.000341181297923,18.000227454198615,0
2026-03-05T20:59:28+00:00,1772744368.1238227,16380.649122965931,94188.7324570541,0.9997954786966511,5.998772872179906,35.0,620.8729922706203,860.8239071578165,8.998159308269859,6.998568350876558,0
2026-03-05T20:59:29+00:00,1772744369.1233022,98355.19070561179,249986.10971009664,1.0005207387859272,11.005728126645199,35.0,818.4259643268884,880.458250131616,11.005728126645199,9.004686649073346,0
2026-03-05T20:59:30+00:00,1772744370.1234274,388559.3641199677,155628.52001642974,28.996370531432866,4.99937422955739,35.0,190.97609556909234,949.8811036159043,3.9994993836459125,7.998998767291825,0
2026-03-05T20:59:31+00:00,1772744371.123303,294948.7076934376,548932.31709612,11.001369169880551,32.00398303965252,35.0,0.0,148.01842155839287,0.0,2.0002489399782823,0
2026-03-05T20:59:32+00:00,1772744372.123467,49143.93882229096,94192.54940939101,1.9996719898393132,5.99901596951794,35.0,0.0,303.9501424555756,0.0,3.9993439796786263,0
2026-03-05T20:59:33+00:00,1772744373.123556,32765.086196624914,4095.6357745781143,0.9999110777778599,0.9999110777778599,35.0,107.99039640000886,352.96861045558455,1.9998221555557198,4.999555388889299,0
2026-03-05T20:59:34+00:00,1772744374.1236472,151538.1623963838,286693.8207499153,4.999543470108735,13.998721716304459,35.0,72.99333466358753,363.96676462391594,1.999817388043494,2.999726082065241,0
2026-03-05T20:59:35+00:00,1772744375.1235921,65539.60957379616,8192.45119672452,1.0000550777251611,1.0000550777251611,35.0,1.0000550777251611,0.0,1.0000550777251611,0.0,0
2026-03-05T20:59:36+00:00,1772744376.123722,1080691.5769621267,1359695.3237382323,32.99571259895171,34.99545275646394,35.0,0.9998700787561126,0.0,0.9998700787561126,0.0,0
2026-03-05T20:59:37+00:00,1772744377.1234674,81940.8646877972,45067.47557828846,4.001018783583848,5.00127347947981,35.0,1.000254695895962,282.07182424266125,1.000254695895962,3.000764087687886,0
2026-03-05T20:59:38+00:00,1772744378.12332,1401038.4327601064,3191254.207953576,77.01134705841115,228.0335990820486,35.0,1.00014736439495,148.02180993045258,1.00014736439495,2.0002947287899,0
2026-03-05T20:59:39+00:00,1772744379.1233358,294907.359448022,720884.6564284982,5.999905587728312,30.999512203262945,35.0,0.9999842646213853,0.0,0.9999842646213853,0.0,0
2026-03-05T20:59:40+00:00,1772744380.123939,1060224.4736522818,184208.88538360107,32.98010643261087,5.99638298774743,35.0,0.0,279.8312060948801,0.0,2.998191493873715,0
2026-03-05T20:59:41+00:00,1772744381.1237895,65545.79833973861,151574.65866064554,1.0001495107992342,4.000598043196937,35.0,54.00807358315865,704.1052556026609,1.0001495107992342,6.000897064795405,0
2026-03-05T20:59:42+00:00,1772744382.123542,482423.3894095915,0.0,17.004208175679768,0.0,35.0,84.02079333865298,60.014852384752125,1.0002475397458688,1.0002475397458688,0
2026-03-05T20:59:43+00:00,1772744383.1232297,180280.30664866202,422019.80874573154,8.002499407344727,28.008747925706547,35.0,1.0003124259180909,0.0,1.0003124259180909,0.0,0
2026-03-05T20:59:44+00:00,1772744384.1233761,0.0,8190.800956776748,0.0,1.9997072648380732,35.0,0.9998536324190366,305.9552115202252,0.9998536324190366,1.9997072648380732,0
2026-03-05T20:59:45+00:00,1772744385.123603,0.0,0.0,0.0,0.0,35.0,0.9997730770184227,147.96641539872655,0.9997730770184227,1.9995461540368453,0
2026-03-05T20:59:46+00:00,1772744386.1237407,65526.98561508658,184294.647042431,0.999862451402078,4.99931225701039,35.0,0.999862451402078,0.0,0.999862451402078,0.0,0
2026-03-05T20:59:47+00:00,1772744387.1234164,139309.17089663015,364662.24146470835,3.0009730633178027,8.00259483551414,35.0,1.0003243544392675,0.0,1.0003243544392675,0.0,0
2026-03-05T20:59:48+00:00,1772744388.123377,16384.644556606254,45057.7725306672,1.0000393406131747,4.000157362452699,35.0,1.0000393406131747,0.0,1.0000393406131747,0.0,0
2026-03-05T20:59:49+00:00,1772744389.1233244,49154.589980217366,126982.69078222821,1.0000526932824172,5.000263466412086,35.0,0.0,0.0,0.0,0.0,0
2026-03-05T20:59:50+00:00,1772744390.1234496,16381.949475413658,49145.84842624098,0.9998748459114781,5.999249075468869,35.0,0.0,0.0,0.0,0.0,0
2026-03-05T20:59:51+00:00,1772744391.123381,0.0,4096.281269313231,0.0,1.0000686692659255,35.0,0.0,0.0,0.0,0.0,0
2026-03-05T20:59:52+00:00,1772744392.123382,131071.84375018626,270335.67773475917,2.9999964237255767,8.99998927117673,35.0,0.0,0.0,0.0,0.0,0
2026-03-05T20:59:53+00:00,1772744393.12329,258071.75023259874,0.0,10.000920380417547,0.0,35.0,0.0,0.0,0.0,0.0,0
2026-03-05T20:59:54+00:00,1772744394.123188,118796.12233075083,167953.13846761326,5.000510267828615,7.000714374960061,35.0,0.0,0.0,0.0,0.0,0
2026-03-05T20:59:55+00:00,1772744395.1233444,180195.81690790853,442298.82331941184,2.999530865610161,16.997341571790912,35.0,0.0,0.0,0.0,0.0,0
2026-03-05T20:59:56+00:00,1772744396.1233969,335854.3837365098,413674.3019193596,7.999580405309398,7.999580405309398,35.0,0.0,0.0,0.0,0.0,0
2026-03-05T20:59:57+00:00,1772744397.123511,32764.258239818366,0.0,0.999885810541332,0.0,35.0,0.0,133.98469861253847,0.0,0.999885810541332,0
2026-03-05T20:59:58+00:00,1772744398.123317,81935.90152355198,196646.16365652476,2.0003882207898434,9.001746993554296,35.0,0.0,220.04270428688275,0.0,2.0003882207898434,0
2026-03-05T20:59:59+00:00,1772744399.1235228,4168870.233130648,8812778.724653393,244.94960033772196,795.8362525258232,35.0,0.0,305.93705185037925,0.0,1.9995885741854853,0
2026-03-05T21:00:00+00:00,1772744400.1232762,1341770.7797876121,0.0,23.005671468805968,0.0,35.0,0.0,0.0,0.0,0.0,0
2026-03-05T21:00:01+00:00,1772744401.1233442,7662071.367651992,966590.3208691006,313.9786653710292,42.99707837883521,35.0,0.0,147.98994418761885,0.0,1.999864110643498,0
2026-03-05T21:00:02+00:00,1772744402.123486,9353937.059332298,1347392.8601227347,427.9392929364926,40.99418460372944,35.0,0.0,305.9565972863709,0.0,1.999716322133143,0
2026-03-05T21:00:03+00:00,1772744403.1234035,98312.11004402048,196624.22008804095,3.000247498901992,7.000577497437981,35.0,0.0,0.0,0.0,0.0,0
2026-03-05T21:00:04+00:00,1772744404.1239085,405299.33577128325,290669.2206036476,8.995457558844178,7.995962274528158,35.0,0.0,0.0,0.0,0.0,0
2026-03-05T21:00:05+00:00,1772744405.1233802,65570.64330328944,53276.14768392267,3.001585844571965,4.002114459429287,35.0,0.0,0.0,0.0,0.0,0
2026-03-05T21:00:06+00:00,1772744406.1232746,65542.92260616172,155664.4411896341,1.0001056305871845,5.000528152935923,35.0,0.0,0.0,0.0,0.0,0
2026-03-05T21:00:07+00:00,1772744407.1233165,1325000.4007705366,8191.656264423719,42.9981957239038,1.999916080181572,35.0,0.0,0.0,0.0,0.0,0
2026-03-05T21:00:08+00:00,1772744408.1236343,96225.4184106013,107485.83971396953,7.997458312051305,5.998093734038479,35.0,0.0,0.0,0.0,0.0,0
2026-03-05T21:00:09+00:00,1772744409.1233912,65551.9413767348,163879.85344183698,1.0002432461049622,6.001459476629773,35.0,0.0,0.0,0.0,0.0,0
2026-03-05T21:00:10+00:00,1772744410.1235738,114667.0585120153,61428.78134572248,2.9994522141466056,3.9992696188621406,35.0,0.0,147.9729758978992,0.0,1.9996348094310703,0
2026-03-05T21:00:11+00:00,1772744411.1239476,0.0,139211.95695578892,0.0,6.997384095606348,35.0,0.0,305.88564760793463,0.0,1.999252598744671,0
2026-03-05T21:00:12+00:00,1772744412.1234167,69668.99132053157,0.0,5.002656201210044,0.0,35.0,0.0,2187.1612911690313,0.0,4.002124960968036,0
2026-03-05T21:00:13+00:00,1772744413.1239023,196512.56197530183,478999.3698147982,5.997087462625178,21.989320696292317,35.0,54.9733017407308,1060.4849663075522,0.9995145771041962,2.998543731312589,0
2026-03-05T21:00:14+00:00,1772744414.1233,98363.23880129147,262301.97013677726,2.0012052164976293,10.006026082488146,35.0,5481.301087987007,72986.9560534933,36.02169389695733,68.0409773609194,0
2026-03-05T21:00:15+00:00,1772744415.1233141,0.0,0.0,0.0,0.0,35.0,0.0,2363.966746798024,0.0,5.999915601010213,0
2026-03-05T21:00:16+00:00,1772744416.123796,470813.14153694006,1142233.6216417938,27.986514867175444,120.94172496172246,35.0,0.0,511.7534147140653,0.0,0.9995183881134088,0
2026-03-05T21:00:17+00:00,1772744417.123395,65562.29179353637,147515.1565354568,1.0004011809316462,4.001604723726585,35.0,0.0,1013.4063962837575,0.0,2.0008023618632924,0
2026-03-05T21:00:18+00:00,1772744418.1235538,32762.797701056264,8190.699425264066,2.999523715306665,1.99968247687111,35.0,0.0,2185.652947220123,0.0,3.99936495374222,0
2026-03-05T21:00:19+00:00,1772744419.1236532,32764.742511361303,90103.04190624358,0.9999005893359773,4.999502946679886,35.0,837.916693863549,1133.8872683069983,12.998707661367705,9.999005893359772,0
2026-03-05T21:00:20+00:00,1772744420.1236649,4739528.630407598,520185.92292255803,108.99872662124528,29.999649528783106,35.0,3919.9542050943255,9295.891400652257,6.999918223382724,14.999824764391553,0
2026-03-05T21:00:21+00:00,1772744421.1233916,200758.8528779502,172079.01675252875,6.001639814192549,14.003826233115948,35.0,0.0,0.0,0.0,0.0,0
2026-03-05T21:00:22+00:00,1772744422.1233568,131076.5626588221,299018.40856543795,5.000174051621326,16.000556965188245,35.0,1623.0564971562826,366.01274057868113,5.000174051621326,4.000139241297061,0
2026-03-05T21:00:23+00:00,1772744423.123282,907843.9643165577,352282.3730681284,93.00696282060758,16.00119790462066,35.0,942.0705266345414,451.03376593649483,2.0001497380775826,1.0000748690387913,0
2026-03-05T21:00:24+00:00,1772744424.1235492,0.0,20474.527829719278,0.0,3.9989312167420463,35.0,0.0,0.0,0.0,0.0,0
2026-03-05T21:00:25+00:00,1772744425.1237617,16380.520270452267,49141.5608113568,0.9997876141633464,5.998725684980078,35.0,1435.6950139385654,212.9547618167928,2.999362842490039,1.9995752283266928,0
2026-03-05T21:00:26+00:00,1772744426.1234555,32778.03432180147,81945.08580450367,2.0006124463990154,7.002143562396554,35.0,0.0,134.04103390873405,0.0,1.0003062231995077,0
2026-03-05T21:00:27+00:00,1772744427.1233876,131080.90685521453,294932.0404242327,2.000135907824929,6.000407723474787,35.0,0.0,0.0,0.0,0.0,0
2026-03-05T21:00:28+00:00,1772744428.1234436,0.0,4095.770520669852,0.0,0.9999439747729131,35.0,0.0,0.0,0.0,0.0,0
2026-03-05T21:00:29+00:00,1772744429.1232908,491083.0504101069,184348.17325092645,14.002139895361168,6.000917098011929,35.0,0.0,0.0,0.0,0.0,0
2026-03-05T21:00:30+00:00,1772744430.1235297,0.0,0.0,0.0,0.0,35.0,73.98232596144358,305.9269154621856,0.9997611616411294,1.9995223232822588,0
2026-03-05T21:00:31+00:00,1772744431.12346,0.0,4096.285176103454,0.0,1.0000696230721324,35.0,0.0,280.01949446019705,0.0,3.0002088692163973,0
2026-03-05T21:00:32+00:00,1772744432.1232765,376901.1923899985,614512.8136793454,17.003121472247514,64.01175142493182,35.0,0.0,791.1452402675166,0.0,5.000918080072798,0
2026-03-05T21:00:33+00:00,1772744433.1233742,475089.55922716064,1265540.2913895918,11.998827095244158,48.99521063891364,35.0,501.9509334843806,1027.8995211592494,6.999315805559092,13.998631611118183,0
2026-03-05T21:00:34+00:00,1772744434.1238227,49129.966912326316,155578.22855569999,0.9995517356837222,5.9973104141023335,35.0,0.0,765.6566295337312,0.0,7.996413885469778,0
2026-03-05T21:00:35+00:00,1772744435.123391,229475.08184366676,651545.3216632681,9.003887663020546,35.01511868952435,35.0,4885.1092731699255,5749.482488819898,12.005183550694062,19.008207288598932,0
2026-03-05T21:00:36+00:00,1772744436.123472,126965.70786555426,180209.3918091738,6.999432609775704,9.999189442536721,35.0,0.0,147.98800374954345,0.0,1.9998378885073442,0
2026-03-05T21:00:37+00:00,1772744437.1236176,110575.89199495103,192483.9601393592,4.9992717373296,5.99912608479552,35.0,0.0,0.0,0.0,0.0,0
2026-03-05T21:00:38+00:00,1772744438.1237051,378846.8510450522,294886.19757020276,9.999125080369831,5.999475048221899,35.0,59.99475048221899,59.99475048221899,0.9999125080369831,0.9999125080369831,0
2026-03-05T21:00:39+00:00,1772744439.1236072,110602.83797607616,20482.007032606696,4.000391998555996,4.000391998555996,35.0,0.0,0.0,0.0,0.0,0
2026-03-05T21:00:40+00:00,1772744440.1235287,143371.24599932044,114696.99679945636,4.000313783463183,4.000313783463183,35.0,0.0,148.01160998813774,0.0,2.0001568917315913,0
2026-03-05T21:00:41+00:00,1772744441.1234746,0.0,36865.995225171115,0.0,2.0001082478933983,35.0,0.0,0.0,0.0,0.0,0
2026-03-05T21:00:42+00:00,1772744442.1237297,98278.92827099563,147418.39240649343,1.9994899143675868,2.9992348715513804,35.0,107.97245537584969,59.984697431027605,1.9994899143675868,0.9997449571837934,0
2026-03-05T21:00:43+00:00,1772744443.1233244,114734.50322329512,245859.64976420382,7.002838331499946,23.009325946356967,35.0,0.0,0.0,0.0,0.0,0
2026-03-05T21:00:44+00:00,1772744444.1234016,98296.4068365538,241645.33347319477,1.9998455166942097,8.999304825123945,35.0,0.0,0.0,0.0,0.0,0
2026-03-05T21:00:45+00:00,1772744445.1236947,49137.6018751372,0.0,2.999121208199292,0.0,35.0,0.0,0.0,0.0,0.0,0
2026-03-05T21:00:46+00:00,1772744446.1233337,180289.0781784921,422040.34209965204,4.001444384288266,14.005055345008932,35.0,0.0,0.0,0.0,0.0,0
2026-03-05T21:00:47+00:00,1772744447.1233792,4095.8134850560077,12287.440455168024,0.9999544641250019,1.9999089282500038,35.0,0.0,0.0,0.0,0.0,0
2026-03-05T21:00:48+00:00,1772744448.1237185,98270.65974883495,282528.14677790046,2.9989825362803635,23.991860290242908,35.0,0.0,281.9043584103542,0.0,2.9989825362803635,0
2026-03-05T21:00:49+00:00,1772744449.1234064,49167.34463265518,36875.508474491384,3.0009365620517077,2.0006243747011383,35.0,0.0,0.0,0.0,0.0,0
2026-03-05T21:00:50+00:00,1772744450.1233773,0.0,12288.357432271656,0.0,2.000058175825465,35.0,0.0,0.0,0.0,0.0,0
2026-03-05T21:00:51+00:00,1772744451.1234317,131064.87538728993,290800.19226554956,1.999891287037505,6.9996195046312675,35.0,0.0,0.0,0.0,0.0,0
2026-03-05T21:00:52+00:00,1772744452.1234636,245752.14868833442,532462.9888247246,3.9998722117241927,12.999584688103626,35.0,0.0,0.0,0.0,0.0,0
2026-03-05T21:00:53+00:00,1772744453.1234589,0.0,0.0,0.0,0.0,35.0,0.0,0.0,0.0,0.0,0
2026-03-05T21:00:54+00:00,1772744454.1234267,32769.0547214478,94211.03232416243,1.0000321875441833,6.0001931252651,35.0,0.0,220.00708125972034,0.0,2.0000643750883667,0
2026-03-05T21:00:55+00:00,1772744455.1234167,65536.65625657148,217090.173849893,1.0000100136805952,5.000050068402976,35.0,0.0,306.00306418626207,0.0,2.0000200273611903,0
2026-03-05T21:00:56+00:00,1772744456.123466,65532.765784617084,151544.520876927,0.9999506497896894,3.9998025991587576,35.0,0.0,0.0,0.0,0.0,0
2026-03-05T21:00:57+00:00,1772744457.1237278,0.0,0.0,0.0,0.0,35.0,0.0,0.0,0.0,0.0,0
2026-03-05T21:00:58+00:00,1772744458.1236322,65542.26622408768,151566.49064320276,1.0000956149915723,4.000382459966289,35.0,0.0,0.0,0.0,0.0,0
2026-03-05T21:00:59+00:00,1772744459.1233873,0.0,12291.00952596263,0.0,3.0007347475494703,35.0,55.01347037174029,66.01616444608834,1.0002449158498234,1.0002449158498234,0
2026-03-05T21:01:00+00:00,1772744460.1239095,49126.34933065554,0.0,2.9984344073886438,0.0,35.0,0.0,0.0,0.0,0.0,0
2026-03-05T21:01:01+00:00,1772744461.123599,32778.17503354399,90139.98134224596,1.000310517381103,5.0015525869055155,35.0,0.0,0.0,0.0,0.0,0
2026-03-05T21:01:02+00:00,1772744462.1235578,655387.0323649881,1478716.9917735045,14.0005774736173,45.00185616519846,35.0,0.0,134.00552724747988,0.0,1.0000412481155214,0
2026-03-05T21:01:03+00:00,1772744463.1236317,0.0,4095.6972879983714,0.0,0.9999260957027274,35.0,0.0,0.0,0.0,0.0,0
2026-03-05T21:01:04+00:00,1772744464.123538,98313.21180063192,217108.3427263955,3.0002811218454566,8.00074965825455,35.0,0.0,148.01386867770918,0.0,2.0001874145636376,0
2026-03-05T21:01:05+00:00,1772744465.1236715,81909.06396011884,192486.3003062793,1.999733006838839,6.999065523935937,35.0,0.0,0.0,0.0,0.0,0
2026-03-05T21:01:06+00:00,1772744466.1234143,0.0,4097.053982078233,0.0,1.0002573198433187,35.0,0.0,0.0,0.0,0.0,0
2026-03-05T21:01:07+00:00,1772744467.1235964,0.0,4095.254042127565,0.0,0.9998178813788,35.0,0.0,0.0,0.0,0.0,0
2026-03-05T21:01:08+00:00,1772744468.1238375,196560.62079533955,0.0,2.999277050710137,0.0,35.0,54.98674592968585,206.95011649899948,0.9997590169033791,1.9995180338067582,0
2026-03-05T21:01:09+00:00,1772744469.1232924,32785.86911411163,233599.31743804534,1.0005453220859262,9.004907898773336,35.0,0.0,0.0,0.0,0.0,0
2026-03-05T21:01:10+00:00,1772744470.1234477,0.0,4095.364356471047,0.0,0.9998448135915642,35.0,54.99146474753603,65.98975769704323,0.9998448135915642,0.9998448135915642,0
2026-03-05T21:01:11+00:00,1772744471.1234698,32767.27345360966,4095.9091817012077,0.9999778275637714,0.9999778275637714,35.0,0.0,0.0,0.0,0.0,0
2026-03-05T21:01:12+00:00,1772744472.1237268,0.0,0.0,0.0,0.0,35.0,0.0,0.0,0.0,0.0,0
2026-03-05T21:01:13+00:00,1772744473.1234422,65554.66156242025,151595.15486309683,1.0002847528445473,4.001139011378189,35.0,0.0,0.0,0.0,0.0,0
2026-03-05T21:01:14+00:00,1772744474.1235456,0.0,20477.881078627557,0.0,3.9995861481694446,35.0,0.0,0.0,0.0,0.0,0
2026-03-05T21:01:15+00:00,1772744475.12356,16383.765628352714,4095.9414070881785,0.9999856950898873,0.9999856950898873,35.0,0.0,0.0,0.0,0.0,0
2026-03-05T21:01:16+00:00,1772744476.123426,65544.78242676826,163861.95606692065,1.0001340091975137,4.000536036790055,35.0,0.0,0.0,0.0,0.0,0
2026-03-05T21:01:17+00:00,1772744477.123431,65535.671876642846,151551.24121473657,0.9999949932349067,3.999979972939627,35.0,0.0,0.0,0.0,0.0,0
2026-03-05T21:01:18+00:00,1772744478.1233866,0.0,8192.363297360733,0.0,2.00008869564471,35.0,0.0,0.0,0.0,0.0,0
2026-03-05T21:01:19+00:00,1772744479.1234212,98300.60167998228,237559.78739329052,1.9999308610022437,7.999723444008975,35.0,0.0,183.99363921220643,0.0,1.9999308610022437,0
2026-03-05T21:01:20+00:00,1772744480.1234052,0.0,4096.065430732693,0.0,1.000015974299974,35.0,0.0,184.0029392711952,0.0,2.000031948599948,0
2026-03-05T21:01:21+00:00,1772744481.1234055,16383.996093750931,65535.984375003725,0.9999997615814777,9.999997615814777,35.0,0.0,0.0,0.0,0.0,0
2026-03-05T21:01:22+00:00,1772744482.1234336,131068.31260373896,298999.58812727954,1.999943734798263,6.999803071793921,35.0,7882.778230707354,10757.697349479857,16.999521745785234,21.999381082780893,0
2026-03-05T21:01:23+00:00,1772744483.1234796,65532.98451375695,147449.21515595313,0.9999539873314964,3.9998159493259857,35.0,0.0,0.0,0.0,0.0,0
2026-03-05T21:01:24+00:00,1772744484.1237822,16379.044468061931,155600.92244658835,0.9996975383338581,6.997882768337007,35.0,0.0,0.0,0.0,0.0,0
2026-03-05T21:01:25+00:00,1772744485.123453,131115.17046413684,290911.7844673036,2.0006587290059943,7.00230555152098,35.0,0.0,0.0,0.0,0.0,0
2026-03-05T21:01:26+00:00,1772744486.1233375,0.0,4096.47271079827,0.0,1.0001154079097339,35.0,428.0493945853661,0.0,6.000692447458403,0.0,0
2026-03-05T21:01:27+00:00,1772744487.1236703,0.0,0.0,0.0,0.0,35.0,469.8436208499178,59.980036704244824,6.997670948828563,0.9996672784040803,0
2026-03-05T21:01:28+00:00,1772744488.123397,0.0,4097.11944648878,0.0,1.0002733023654249,35.0,428.1169734124018,0.0,6.001639814192549,0.0,0
2026-03-05T21:01:29+00:00,1772744489.1233547,81923.47671004638,229385.73478812986,2.0000848806163667,7.000297082157283,35.0,428.0181644519025,0.0,6.0002546418491,0.0,0
2026-03-05T21:01:30+00:00,1772744490.1232765,71685.6059071392,151563.85248938002,3.000234622229598,4.000312829639464,35.0,0.0,0.0,0.0,0.0,0
2026-03-05T21:01:31+00:00,1772744491.123303,0.0,0.0,0.0,0.0,35.0,0.0,0.0,0.0,0.0,0
2026-03-05T21:01:32+00:00,1772744492.123795,442150.4195704476,1101282.0635597259,7.996065168736393,29.985244382761472,35.0,0.0,289.85736236669425,0.0,3.9980325843681963,0
2026-03-05T21:01:33+00:00,1772744493.123289,28686.51320195545,4098.073314565064,1.0005061803137363,1.0005061803137363,35.0,0.0,230.11642147215937,0.0,3.001518540941209,0
2026-03-05T21:01:34+00:00,1772744494.1234274,163817.34688253596,282584.92337237456,3.9994469453744133,10.998479099779637,35.0,0.9998617363436033,0.0,0.9998617363436033,0.0,0
2026-03-05T21:01:35+00:00,1772744495.1233268,0.0,4096.412150842584,0.0,1.0001006227643028,35.0,1.0001006227643028,0.0,1.0001006227643028,0.0,0
2026-03-05T21:01:36+00:00,1772744496.1233492,65534.53128291593,151548.60359174307,0.9999775891558217,3.9999103566232868,35.0,0.9999775891558217,147.9966831950616,0.9999775891558217,1.9999551783116434,0
2026-03-05T21:01:37+00:00,1772744497.1236215,16379.54027676676,102372.12672979226,0.9997278000956275,11.99673360114753,35.0,0.9997278000956275,0.0,0.9997278000956275,0.0,0
2026-03-05T21:01:38+00:00,1772744498.1233082,65556.53768408702,147502.20978919577,1.000313380189316,3.000940140567948,35.0,1.000313380189316,0.0,1.000313380189316,0.0,0
2026-03-05T21:01:39+00:00,1772744499.1235125,32761.306055238405,85998.42839500081,0.9997957170177736,5.998774302106641,35.0,0.9997957170177736,0.0,0.9997957170177736,0.0,0
2026-03-05T21:01:40+00:00,1772744500.123411,65542.65692611945,151567.39414165122,1.0001015766314614,4.0004063065258455,35.0,0.0,0.0,0.0,0.0,0
2026-03-05T21:01:41+00:00,1772744501.1232517,16386.60979064468,49159.82937193404,1.000159288979778,4.000637155919112,35.0,0.0,0.0,0.0,0.0,0
2026-03-05T21:01:42+00:00,1772744502.1236553,282509.96692704974,511793.4183461046,5.9975791212434135,16.993140843523005,35.0,0.0,133.94593370776957,0.0,0.9995965202072357,0
2026-03-05T21:01:43+00:00,1772744503.1236188,69634.54013172153,151557.52852198217,2.0000729587465975,4.000145917493195,35.0,1.0000364793732988,520.0189692741153,1.0000364793732988,7.000255355613091,0
2026-03-05T21:01:44+00:00,1772744504.1237082,53243.23968341797,12286.901465404146,0.999910601025728,2.999731803077184,35.0,162.9854279671937,290.9739848984869,3.999642404102912,3.999642404102912,0
2026-03-05T21:01:45+00:00,1772744505.1234996,0.0,4096.854670485657,0.0,1.0002086597865374,35.0,1.0002086597865374,0.0,1.0002086597865374,0.0,0
2026-03-05T21:01:46+00:00,1772744506.1234078,69638.39218830883,147469.53639877166,2.0001835991586865,3.00027539873803,35.0,0.0,0.0,0.0,0.0,0
2026-03-05T21:01:47+00:00,1772744507.1238163,0.0,4094.327831369606,0.0,0.9995917557054702,35.0,1.9991835114109404,0.0,1.9991835114109404,0.0,0
2026-03-05T21:01:48+00:00,1772744508.1234152,65562.29179353637,151612.79977255283,1.0004011809316462,4.001604723726585,35.0,1.0004011809316462,0.0,1.0004011809316462,0.0,0
2026-03-05T21:01:49+00:00,1772744509.1234152,65536.0,184320.0,1.0,5.0,35.0,0.0,0.0,0.0,0.0,0
2026-03-05T21:01:50+00:00,1772744510.1235874,233431.81746382502,544674.240748925,5.998967348474121,17.996902045422363,35.0,0.0,0.0,0.0,0.0,0
2026-03-05T21:01:51+00:00,1772744511.1234024,102418.94881827425,151580.0442510459,4.000740188213838,4.000740188213838,35.0,0.0,0.0,0.0,0.0,0
2026-03-05T21:01:52+00:00,1772744512.1234326,0.0,4095.8759803177118,0.0,0.9999697217572538,35.0,0.0,0.0,0.0,0.0,0
2026-03-05T21:01:53+00:00,1772744513.123318,0.0,0.0,0.0,0.0,35.0,55.00630808691736,200.02293849788128,1.0001146924894064,2.000229384978813,0
2026-03-05T21:01:54+00:00,1772744514.1234293,163821.75984338598,417745.4876006342,3.9995546836764153,24.997216772977595,35.0,0.0,0.0,0.0,0.0,0
2026-03-05T21:01:55+00:00,1772744515.1235023,65531.21909879584,151540.94416596537,0.999927049236997,3.999708196947988,35.0,580.9576156066953,814.9405451281525,6.999489344658979,5.999562295421982,0
2026-03-05T21:01:56+00:00,1772744516.123314,65548.34607539166,151580.55029934322,1.000188386160151,4.000753544640604,35.0,0.0,0.0,0.0,0.0,0
2026-03-05T21:01:57+00:00,1772744517.1233244,0.0,0.0,0.0,0.0,35.0,0.0,0.0,0.0,0.0,0
2026-03-05T21:01:58+00:00,1772744518.1234927,0.0,8190.6213258132875,0.0,1.9996634096223846,35.0,0.0,0.0,0.0,0.0,0
2026-03-05T21:01:59+00:00,1772744519.123626,131054.53357785463,323540.87977032864,2.999600225323211,11.998400901292843,35.0,0.0,0.0,0.0,0.0,0
2026-03-05T21:02:00+00:00,1772744520.1236842,69627.94945438698,196596.56316532794,1.9998836585014643,7.999534634005857,35.0,359.97905853026356,359.97905853026356,4.999709146253661,4.999709146253661,0
2026-03-05T21:02:01+00:00,1772744521.1236663,0.0,0.0,0.0,0.0,35.0,0.0,0.0,0.0,0.0,0
2026-03-05T21:02:02+00:00,1772744522.123542,540739.1684996577,1134732.9520788272,10.001242315112632,27.003354250804108,35.0,0.0,0.0,0.0,0.0,0
2026-03-05T21:02:03+00:00,1772744523.1234548,65541.71924906854,217106.94501253954,1.0000872688151328,5.000436344075664,35.0,0.0,0.0,0.0,0.0,0
2026-03-05T21:02:04+00:00,1772744524.1232927,32773.31336142678,90126.61174392363,1.000162150922448,5.00081075461224,35.0,0.0,0.0,0.0,0.0,0
2026-03-05T21:02:05+00:00,1772744525.123439,65526.40765421398,172006.8200923117,1.9997072648380732,8.998682691771329,35.0,0.0,0.0,0.0,0.0,0
2026-03-05T21:02:06+00:00,1772744526.12347,0.0,12287.619152429148,0.0,2.9999070196360225,35.0,0.0,0.0,0.0,0.0,0
2026-03-05T21:02:07+00:00,1772744527.1236389,0.0,4095.3087104399224,0.0,0.9998312281347467,35.0,54.990717547411066,65.98886105689328,0.9998312281347467,0.9998312281347467,0
2026-03-05T21:02:08+00:00,1772744528.1234055,65551.30044630454,147490.42600418522,1.000233466282723,3.0007003988481693,35.0,0.0,0.0,0.0,0.0,0
2026-03-05T21:02:09+00:00,1772744529.1235113,0.0,8191.132904288887,0.0,1.9997883067111542,35.0,0.0,0.0,0.0,0.0,0
2026-03-05T21:02:10+00:00,1772744530.123595,65530.51608392109,172017.60472029285,0.9999163220813154,8.999246898731839,35.0,0.0,0.0,0.0,0.0,0
2026-03-05T21:02:11+00:00,1772744531.1237824,65523.721051038236,151523.60493052594,0.9998126381078832,3.999250552431533,35.0,0.0,0.0,0.0,0.0,0
2026-03-05T21:02:12+00:00,1772744532.1236398,509512.64341372525,0.0,18.002566703531436,0.0,35.0,0.0,0.0,0.0,0.0,0
2026-03-05T21:02:13+00:00,1772744533.123407,65551.26918172611,155684.2643065995,1.0002329892231157,5.001164946115578,35.0,0.0,0.0,0.0,0.0,0
2026-03-05T21:02:14+00:00,1772744534.1234908,114678.37580769436,307174.22091346706,1.9998321674053843,12.998909088135,35.0,0.0,0.0,0.0,0.0,0
2026-03-05T21:02:15+00:00,1772744535.1234858,65536.32812664287,151552.75879286163,1.0000050068152293,4.000020027260917,35.0,0.0,0.0,0.0,0.0,0
2026-03-05T21:02:16+00:00,1772744536.123527,32766.648493244807,86012.45229476762,0.999958755287012,3.999835021148048,35.0,0.0,0.0,0.0,0.0,0
2026-03-05T21:02:17+00:00,1772744537.123481,0.0,4096.188485235608,0.0,1.0000460169032246,35.0,0.0,134.00616626503208,0.0,1.0000460169032246,0
2026-03-05T21:02:18+00:00,1772744538.1236393,0.0,8190.703330275702,0.0,1.9996834302430913,35.0,0.0,0.0,0.0,0.0,0
2026-03-05T21:02:19+00:00,1772744539.1239717,65514.225986713056,159690.92584261307,0.9996677549242104,4.998338774621052,35.0,0.0,0.0,0.0,0.0,0
2026-03-05T21:02:20+00:00,1772744540.1234064,0.0,8196.633478636228,0.0,1.0005656101850864,35.0,0.0,0.0,0.0,0.0,0
2026-03-05T21:02:21+00:00,1772744541.123692,0.0,4094.8304121890537,0.0,0.9997144561008432,35.0,0.0,0.0,0.0,0.0,0
2026-03-05T21:02:22+00:00,1772744542.1233156,0.0,12292.62771872708,0.0,3.0011298141423537,35.0,0.0,0.0,0.0,0.0,0
2026-03-05T21:02:23+00:00,1772744543.1233847,0.0,0.0,0.0,0.0,35.0,0.0,0.0,0.0,0.0,0
2026-03-05T21:02:24+00:00,1772744544.1233194,32770.140764849086,176139.5066110638,1.0000653309585292,8.000522647668234,35.0,927.0605617985565,3795.247930987618,7.000457316709704,10.000653309585292,0
2026-03-05T21:02:25+00:00,1772744545.1237524,49130.72796011554,81884.54660019255,2.9987016577218957,6.996970534684423,35.0,1469.3638122837287,2416.9535361238477,8.996104973165686,11.994806630887583,0
2026-03-05T21:02:26+00:00,1772744546.1235268,721058.6304303139,1917360.4490987891,14.003158328003476,86.01940115773564,35.0,288.06497131892866,198.04466778176345,4.000902379429564,3.0006767845721734,0
2026-03-05T21:02:27+00:00,1772744547.1232545,65553.84860971267,147496.15937185352,1.0002723481706646,3.0008170445119937,35.0,0.0,148.04030752925834,0.0,2.000544696341329,0
2026-03-05T21:02:28+00:00,1772744548.1236374,131021.83170945039,335743.4437554666,1.9992344926368772,8.996555216865948,35.0,6683.440908885081,1788.3152536636867,17.993110433731896,17.993110433731896,0
2026-03-05T21:02:29+00:00,1772744549.1235945,688157.5325173981,1597508.5576296742,19.00081542653484,61.00261794834869,35.0,0.0,0.0,0.0,0.0,0
2026-03-05T21:02:30+00:00,1772744550.1233997,0.0,4096.7980070046715,0.0,1.0001948259288749,35.0,0.0,0.0,0.0,0.0,0
2026-03-05T21:02:31+00:00,1772744551.1234016,65535.87500023842,147455.71875053644,0.9999980926550052,2.9999942779650155,35.0,0.0,147.99971771294076,0.0,1.9999961853100103,0
2026-03-05T21:02:32+00:00,1772744552.1238315,16376.960057500917,45036.64015812752,0.9995703160095775,3.99828126403831,35.0,0.0,0.0,0.0,0.0,0
2026-03-05T21:02:33+00:00,1772744553.123414,65563.37080151401,143419.8736283119,1.000417645286774,4.001670581147096,35.0,0.0,0.0,0.0,0.0,0
2026-03-05T21:02:34+00:00,1772744554.123652,32760.204979760696,8190.051244940174,0.9997621148608611,1.9995242297217222,35.0,53.987154202486494,59.98572689165166,0.9997621148608611,0.9997621148608611,0
2026-03-05T21:02:35+00:00,1772744555.1234455,0.0,4096.845877773798,0.0,1.0002065131283686,35.0,0.0,0.0,0.0,0.0,0
2026-03-05T21:02:36+00:00,1772744556.1238773,0.0,4094.232208602481,0.0,0.9995684103033401,35.0,0.0,0.0,0.0,0.0,0
2026-03-05T21:02:37+00:00,1772744557.1233344,131143.1949002237,364742.01081624714,2.001086347964839,8.004345391859356,35.0,0.0,60.03259043894517,0.0,1.0005431739824195,0
2026-03-05T21:02:38+00:00,1772744558.1233966,0.0,0.0,0.0,0.0,35.0,69.99564436359908,293.98170632711617,0.9999377766228441,2.999813329868532,0
2026-03-05T21:02:39+00:00,1772744559.1235642,49143.7630993226,159717.23007279844,1.999664839653426,9.998324198267131,35.0,0.0,207.9651433239563,0.0,2.999497259480139,0
2026-03-05T21:02:40+00:00,1772744560.123338,65550.83148075944,184361.71353963594,1.0002263104363929,5.001131552181964,35.0,0.0,0.0,0.0,0.0,0
2026-03-05T21:02:41+00:00,1772744561.1234362,196588.6893968507,53242.770044980396,5.999410687159751,12.998723155512792,35.0,389.9616946653838,389.9616946653838,4.999508905966459,4.999508905966459,0
2026-03-05T21:02:42+00:00,1772744562.1233866,7537013.76853558,147463.31286265264,326.01616748877467,3.0001487805715463,35.0,0.0,0.0,0.0,0.0,0
2026-03-05T21:02:43+00:00,1772744563.1236293,397215.5917586302,401310.59785923467,16.995874929266453,54.98665418292088,35.0,161.9606905024215,59.98544092682278,2.999272046341139,0.9997573487803797,0
2026-03-05T21:02:44+00:00,1772744564.12358,32769.61726731642,94212.6496435347,1.0000493550816778,6.000296130490067,35.0,1561.0770432824993,1985.0979698371307,9.000444195735101,18.000888391470202,0
2026-03-05T21:02:45+00:00,1772744565.1233332,237626.63751645794,413798.1101579698,8.001974593091928,15.003702362047367,35.0,0.0,0.0,0.0,0.0,0
2026-03-05T21:02:46+00:00,1772744566.12345,65528.34464433772,147438.77544975988,0.9998831885427508,2.9996495656282525,35.0,0.0,147.98271190432712,0.0,1.9997663770855016,0
2026-03-05T21:02:47+00:00,1772744567.1236172,65525.048705305475,188384.51502775325,0.999832896504295,4.999164482521475,35.0,59.9899737902577,59.9899737902577,0.999832896504295,0.999832896504295,0
2026-03-05T21:02:48+00:00,1772744568.1234903,229405.0974406811,512064.9496443774,3.000380564322524,12.001522257290096,35.0,0.0,0.0,0.0,0.0,0
2026-03-05T21:02:49+00:00,1772744569.1237857,0.0,0.0,0.0,0.0,35.0,0.0,0.0,0.0,0.0,0
2026-03-05T21:02:50+00:00,1772744570.1236713,16385.87521460128,57350.56325110448,1.0001144540161915,6.000686724097148,35.0,0.0,148.01693919439634,0.0,2.000228908032383,0
2026-03-05T21:02:51+00:00,1772744571.1234753,0.0,36871.22602553201,0.0,2.0003920369754775,35.0,0.0,0.0,0.0,0.0,0
2026-03-05T21:02:52+00:00,1772744572.1234024,90118.57469841426,151563.05744733306,3.000218884224551,4.000291845632735,35.0,55.00401287745011,66.00481545294014,1.0000729614081838,1.0000729614081838,0
2026-03-05T21:02:53+00:00,1772744573.123343,65539.89085598543,147464.75442596723,1.0000593697507543,3.000178109252263,35.0,0.0,0.0,0.0,0.0,0
2026-03-05T21:02:54+00:00,1772744574.1240788,65487.81670133107,151440.57612182808,0.9992647812092753,3.9970591248371012,35.0,0.0,0.0,0.0,0.0,0
2026-03-05T21:02:55+00:00,1772744575.1236188,32783.07724666806,90153.46242833717,1.0004601210531023,6.0027607263186145,35.0,0.0,148.06809791585914,0.0,2.0009202421062047,0
2026-03-05T21:02:56+00:00,1772744576.1235015,741462.9750460917,1642688.6905717282,17.001994366938717,51.00598310081615,35.0,6824.800562352342,453.0531440131317,3.0003519471068327,7.000821209915943,0
2026-03-05T21:02:57+00:00,1772744577.1237586,65519.160577987896,147418.11130047275,0.9997430508115829,2.9992291524347485,35.0,142.96325626605633,212.94526982286715,1.9994861016231658,1.9994861016231658,0
2026-03-05T21:02:58+00:00,1772744578.123663,0.0,12289.17491701644,0.0,3.000286844974717,35.0,0.0,148.0141510187527,0.0,2.0001912299831446,0
2026-03-05T21:02:59+00:00,1772744579.1234868,16386.887227454445,94224.60155786306,1.0001762223788113,9.001586001409303,35.0,0.0,0.0,0.0,0.0,0
2026-03-05T21:03:00+00:00,1772744580.123346,32772.610023477995,90124.6775645645,1.0001406867516478,6.000844120509887,35.0,0.0,0.0,0.0,0.0,0
2026-03-05T21:03:01+00:00,1772744581.1236007,0.0,0.0,0.0,0.0,35.0,0.0,133.96588812624958,0.0,0.999745433777982,0
2026-03-05T21:03:02+00:00,1772744582.123286,65556.63149298924,151599.7103275376,1.0003148115995673,4.001259246398269,35.0,0.0,0.0,0.0,0.0,0
2026-03-05T21:03:03+00:00,1772744583.1233094,57342.66018755474,4095.904299111053,0.9999766355251595,0.9999766355251595,35.0,0.0,0.0,0.0,0.0,0
2026-03-05T21:03:04+00:00,1772744584.1235178,0.0,0.0,0.0,0.0,35.0,0.0,0.0,0.0,0.0,0
2026-03-05T21:03:05+00:00,1772744585.1238542,0.0,12283.867601112088,0.0,2.998991113552756,35.0,0.0,0.0,0.0,0.0,0
2026-03-05T21:03:06+00:00,1772744586.123392,0.0,4097.893453004819,0.0,1.0004622688000047,35.0,0.0,0.0,0.0,0.0,0
2026-03-05T21:03:07+00:00,1772744587.1234684,225262.81381120216,438238.5650508842,3.999694847500038,9.999237118750095,35.0,0.0,0.0,0.0,0.0,0
2026-03-05T21:03:08+00:00,1772744588.1233647,0.0,0.0,0.0,0.0,35.0,0.0,0.0,0.0,0.0,0
2026-03-05T21:03:09+00:00,1772744589.1234183,65532.48456358271,151543.870553285,0.9999463586972459,3.9997854347889836,35.0,163.9912028263483,211.98862804381614,1.9998927173944918,0.9999463586972459,0
2026-03-05T21:03:10+00:00,1772744590.123373,114693.19554785588,360464.3288646899,3.000135904746509,15.000679523732545,35.0,5006.226779720341,7461.337995104568,8.000362412657358,16.000724825314716,0
2026-03-05T21:03:11+00:00,1772744591.1233149,65539.81272180179,151560.81691916662,1.0000581775177275,4.00023271007091,35.0,0.0,0.0,0.0,0.0,0
2026-03-05T21:03:12+00:00,1772744592.1233938,0.0,0.0,0.0,0.0,35.0,0.0,279.97790510974136,0.0,2.999763269032943,0
2026-03-05T21:03:13+00:00,1772744593.1238594,65505.49857742269,167857.84010464564,1.9990691704535732,6.996742096587506,35.0,0.0,1570.2688333912818,0.0,3.9981383409071465,0
2026-03-05T21:03:14+00:00,1772744594.12336,0.0,8196.093841695392,0.0,2.000999473070164,35.0,0.0,148.07396100719214,0.0,2.000999473070164,0
2026-03-05T21:03:15+00:00,1772744595.1236112,16379.883846861221,102374.27404288264,0.9997487699500257,9.997487699500256,35.0,0.0,0.0,0.0,0.0,0
2026-03-05T21:03:16+00:00,1772744596.12341,65549.19015419247,147485.67784693307,1.0002012657805248,3.000603797341575,35.0,0.0,0.0,0.0,0.0,0
2026-03-05T21:03:17+00:00,1772744597.123574,0.0,4095.3282351909133,0.0,0.9998359949196566,35.0,0.0,0.0,0.0,0.0,0
2026-03-05T21:03:18+00:00,1772744598.1233263,0.0,8194.029799690694,0.0,2.000495556565111,35.0,0.0,220.0545112221622,0.0,2.000495556565111,0
2026-03-05T21:03:19+00:00,1772744599.1235194,0.0,0.0,0.0,0.0,35.0,54.98938050312816,431.91658867911576,0.9998069182386938,3.9992276729547753,0
2026-03-05T21:03:20+00:00,1772744600.1236017,81913.26227295776,225261.47125063385,1.999835504710883,9.999177523554414,35.0,41.99654559892854,0.0,0.9999177523554414,0.0,0
2026-03-05T21:03:21+00:00,1772744601.1237698,65524.98622625124,4095.3116391407025,3.9993277725983423,0.9998319431495856,35.0,0.0,0.0,0.0,0.0,0
2026-03-05T21:03:22+00:00,1772744602.1234136,65559.35206794488,151606.00165712254,1.0003563242789442,4.001425297115777,35.0,0.0,306.10903522935695,0.0,2.0007126485578883,0
2026-03-05T21:03:23+00:00,1772744603.123317,65542.32873609975,147470.23965622444,1.0000965688491783,3.0002897065475347,35.0,0.0,0.0,0.0,0.0,0
2026-03-05T21:03:24+00:00,1772744604.1236398,0.0,12284.034483268179,0.0,2.999031856266645,35.0,0.0,0.0,0.0,0.0,0
2026-03-05T21:03:25+00:00,1772744605.1235428,65542.3599921505,163855.89998037624,1.0000970457786635,6.000582274671982,35.0,0.0,0.0,0.0,0.0,0
2026-03-05T21:03:26+00:00,1772744606.1236255,557009.9178749317,1290133.265666202,8.999255480372502,33.997187370296125,35.0,482.96004411332433,65.99454018939835,6.999420929178614,0.9999172755969448,0
2026-03-05T21:03:27+00:00,1772744607.1234796,32772.78194774438,0.0,1.0001459334638787,0.0,35.0,428.06245952254005,148.02159815265404,6.000875600783272,2.0002918669277574,0
2026-03-05T21:03:28+00:00,1772744608.1236978,65521.70624322592,45046.17304221782,0.9997818945804736,2.9993456837414207,35.0,6516.578388875527,6480.58624067063,17.996074102448524,15.996510313287578,0
2026-03-05T21:03:29+00:00,1772744609.1237056,32767.742189528406,86015.32324751206,0.9999921322487917,4.999960661243958,35.0,427.9966326024828,133.9989457213381,5.99995279349275,0.9999921322487917,0
2026-03-05T21:03:30+00:00,1772744610.1232803,98345.83029204393,237669.08987243948,2.0008510394702945,9.003829677616325,35.0,0.0,0.0,0.0,0.0,0
2026-03-05T21:03:31+00:00,1772744611.1234035,131055.84574121279,294875.6529177288,1.999753505572705,5.999260516718115,35.0,0.0,0.0,0.0,0.0,0
2026-03-05T21:03:32+00:00,1772744612.1235886,0.0,20476.211638395453,0.0,3.999260085624112,35.0,0.0,0.0,0.0,0.0,0
2026-03-05T21:03:33+00:00,1772744613.123647,0.0,4095.760756162343,0.0,0.999941590859947,35.0,0.0,7161.5816737389405,0.0,33.9980140892382,0
2026-03-05T21:03:34+00:00,1772744614.123442,0.0,0.0,0.0,0.0,35.0,1.000205082028042,2770.568077217676,1.000205082028042,7.001435574196293,0
2026-03-05T21:03:35+00:00,1772744615.1233816,98309.93004519974,237582.33094256604,2.000120647078445,9.000542911853003,35.0,1.0000603235392225,2759.1664326447153,1.0000603235392225,7.000422264774558,0
2026-03-05T21:03:36+00:00,1772744616.1234012,0.0,4095.919923440523,0.0,0.9999804500587214,35.0,0.9999804500587214,85.99831870505004,0.9999804500587214,0.9999804500587214,0
2026-03-05T21:03:37+00:00,1772744617.123445,65533.1251261179,151545.35185414762,0.9999561329058517,3.999824531623407,35.0,55.9975434427277,3512.845894898257,1.9999122658117034,9.999561329058517,0
2026-03-05T21:03:38+00:00,1772744618.1233907,65539.56269366601,147464.01606074854,1.000054362391144,3.000163087173432,35.0,1.000054362391144,0.0,1.000054362391144,0.0,0
2026-03-05T21:03:39+00:00,1772744619.1236649,0.0,4094.8772609591238,0.0,0.9997258937888486,35.0,0.9997258937888486,0.0,0.9997258937888486,0.0,0
2026-03-05T21:03:40+00:00,1772744620.1234012,65553.28580811113,159786.1341572709,1.0002637604997426,6.001582562998456,35.0,0.0,0.0,0.0,0.0,0
2026-03-05T21:03:41+00:00,1772744621.1233177,131082.9384127723,299032.9532541368,2.000166906933171,7.000584174266098,35.0,0.0,0.0,0.0,0.0,0
2026-03-05T21:03:42+00:00,1772744622.1235864,0.0,0.0,0.0,0.0,35.0,54.98522559422381,65.98227071306857,0.9997313744404329,0.9997313744404329,0
2026-03-05T21:03:43+00:00,1772744623.1235602,16384.429698769298,4096.1074246923245,1.0000262267315245,1.0000262267315245,35.0,1.0000262267315245,0.0,1.0000262267315245,0.0,0
2026-03-05T21:03:44+00:00,1772744624.123697,131054.06495445159,364494.1181545685,1.9997263329231505,7.998905331692602,35.0,0.9998631664615752,0.0,0.9998631664615752,0.0,0
2026-03-05T21:03:45+00:00,1772744625.1234016,32777.6825477306,90138.62700625915,1.0002954879068175,6.001772927440905,35.0,1.0002954879068175,4058.198794437959,1.0002954879068175,11.003250366974994,0
2026-03-05T21:03:46+00:00,1772744626.123324,0.0,8192.636768242466,0.0,2.000155460996696,35.0,0.0,2382.1851540470648,0.0,5.000388652491739,0
2026-03-05T21:03:47+00:00,1772744627.123737,65508.93305850258,151489.40769778722,0.9995869912491239,3.9983479649964955,35.0,1.9991739824982477,2568.9385675102485,1.9991739824982477,6.997108938743867,0
2026-03-05T21:03:48+00:00,1772744628.1236155,327719.8485953292,749659.1536618156,5.000608041310565,21.002553773504374,35.0,1.000121608262113,2410.2930759116925,1.000121608262113,5.000608041310565,0
2026-03-05T21:03:49+00:00,1772744629.1232972,0.0,0.0,0.0,0.0,35.0,0.0,2088.664798618831,0.0,4.001273560572472,0
2026-03-05T21:03:50+00:00,1772744630.1233215,65534.406288756974,16383.601572189244,0.9999756818963161,2.9999270456889486,35.0,0.0,9745.762995761497,0.0,19.999513637926324,0
2026-03-05T21:03:51+00:00,1772744631.123579,147418.0410241351,343975.4290563152,2.9992277226589987,9.997425742196661,35.0,0.0,0.0,0.0,0.0,0
2026-03-05T21:03:52+00:00,1772744632.1234891,0.0,12289.104591472384,0.0,2.0001797837682918,35.0,0.0,0.0,0.0,0.0,0
2026-03-05T21:03:53+00:00,1772744633.1236155,0.0,0.0,0.0,0.0,35.0,0.0,133.98306965186228,0.0,0.9998736541183751,0
2026-03-05T21:03:54+00:00,1772744634.1234176,131097.94263372087,299067.18163317576,2.0003958531756725,7.001385486114854,35.0,0.0,0.0,0.0,0.0,0
2026-03-05T21:03:55+00:00,1772744635.1233897,16384.45704399923,73730.05669799654,1.0000278957519062,6.000167374511437,35.0,0.0,0.0,0.0,0.0,0
2026-03-05T21:03:56+00:00,1772744636.1234639,663502.8024760318,1589130.168893212,19.99851714638888,70.99473586968053,35.0,0.0,0.0,0.0,0.0,0
2026-03-05T21:03:57+00:00,1772744637.123584,131056.25189233929,311258.5982443058,1.9997597029470717,6.999158960314751,35.0,0.0,0.0,0.0,0.0,0
2026-03-05T21:03:58+00:00,1772744638.1236916,0.0,4095.559617665394,0.0,0.9998924847815903,35.0,0.0,0.0,0.0,0.0,0
2026-03-05T21:03:59+00:00,1772744639.123394,65555.50580388146,151597.1071714759,1.0002976349469217,4.001190539787687,35.0,0.0,0.0,0.0,0.0,0
2026-03-05T21:04:00+00:00,1772744640.123533,98290.33783651383,159721.79898433498,2.9995830638584544,5.999166127716909,35.0,0.0,0.0,0.0,0.0,0
2026-03-05T21:04:01+00:00,1772744641.1236086,0.0,0.0,0.0,0.0,35.0,0.0,0.0,0.0,0.0,0
2026-03-05T21:04:02+00:00,1772744642.123365,65551.97264195445,151588.93673451964,1.0002437231743537,4.000974892697415,35.0,0.0,0.0,0.0,0.0,0
2026-03-05T21:04:03+00:00,1772744643.1237462,0.0,4094.4390716372613,0.0,0.9996189139739408,35.0,0.0,0.0,0.0,0.0,0
2026-03-05T21:04:04+00:00,1772744644.1237314,65536.96876432023,147458.1797197205,1.0000147821704137,3.000044346511241,35.0,55.00081301937275,66.0009756232473,1.0000147821704137,1.0000147821704137,0
2026-03-05T21:04:05+00:00,1772744645.1237705,98300.15640028723,286708.7895008378,1.9999218017636564,17.999296215872906,35.0,0.0,0.0,0.0,0.0,0
2026-03-05T21:04:06+00:00,1772744646.1233957,65560.57170932938,151608.8220778242,1.000374934529562,4.001499738118248,35.0,0.0,0.0,0.0,0.0,0
2026-03-05T21:04:07+00:00,1772744647.1236503,0.0,4094.957296754614,0.0,0.999745433777982,35.0,0.0,0.0,0.0,0.0,0
2026-03-05T21:04:08+00:00,1772744648.1236138,65538.39071220851,163845.97678052125,2.0000729587465975,6.000218876239792,35.0,0.0,0.0,0.0,0.0,0
2026-03-05T21:04:09+00:00,1772744649.1233063,65556.16245116282,151598.62566831402,1.0003076545892764,4.001230618357106,35.0,42.012921492749605,60.018459275356584,1.0003076545892764,1.0003076545892764,0
2026-03-05T21:04:10+00:00,1772744650.1233993,0.0,16382.476704140994,0.0,2.999721076197692,35.0,0.0,0.0,0.0,0.0,0
2026-03-05T21:04:11+00:00,1772744651.1233995,131071.96875000745,4095.999023437733,5.9999985694888665,0.9999997615814777,35.0,0.0,0.0,0.0,0.0,0
2026-03-05T21:04:12+00:00,1772744652.1236773,4094.8626206033223,0.0,0.999722319483233,0.0,35.0,0.0,0.0,0.0,0.0,0
2026-03-05T21:04:13+00:00,1772744653.1235373,65545.17315879923,155669.78625214816,1.0001399712951542,5.000699856475771,35.0,0.0,0.0,0.0,0.0,0
2026-03-05T21:04:14+00:00,1772744654.1238108,65518.08302468555,163795.20756171388,0.9997266086530388,8.997539477877348,35.0,0.0,0.0,0.0,0.0,0
2026-03-05T21:04:15+00:00,1772744655.1233299,64030.791785008994,98351.29618177381,2.0009622432815313,8.003848973126125,35.0,0.0,0.0,0.0,0.0,0
2026-03-05T21:04:16+00:00,1772744656.1237974,16376.343423496848,53223.11612636475,0.99953267965679,3.99813071862716,35.0,0.0,0.0,0.0,0.0,0
2026-03-05T21:04:17+00:00,1772744657.1232936,0.0,4098.064516621499,0.0,1.0005040323782957,35.0,0.0,0.0,0.0,0.0,0
2026-03-05T21:04:18+00:00,1772744658.1234062,81910.7822873021,245732.34686190632,2.99966243727913,11.99864974911652,35.0,0.0,177.97997127856172,0.0,1.9997749581860866,0
2026-03-05T21:04:19+00:00,1772744659.1234252,131069.50004768281,294906.3751072863,1.9999618537549257,5.999885561264777,35.0,0.0,133.99744420158,0.0,0.9999809268774629,0
2026-03-05T21:04:20+00:00,1772744660.1234012,0.0,16384.39454075065,0.0,4.000096323425452,35.0,0.0,0.0,0.0,0.0,0
2026-03-05T21:04:21+00:00,1772744661.1236992,0.0,12284.338981693478,0.0,2.999106196702509,35.0,0.0,0.0,0.0,0.0,0
2026-03-05T21:04:22+00:00,1772744662.1236885,0.0,8192.087891567975,0.0,2.0000214579023377,35.0,55.00059009231428,66.00070811077714,1.0000107289511688,1.0000107289511688,0
2026-03-05T21:04:23+00:00,1772744663.1232467,65564.9659218438,147521.17332414858,1.0004419848914154,3.001325954674247,35.0,0.0,0.0,0.0,0.0,0
2026-03-05T21:04:24+00:00,1772744664.123412,0.0,6069269.210606826,0.0,13.997687245068352,35.0,0.0,0.0,0.0,0.0,0
2026-03-05T21:04:25+00:00,1772744665.123449,163833.90647663822,385009.68022009986,2.9998884242548502,11.999553697019401,35.0,0.0,0.0,0.0,0.0,0
2026-03-05T21:04:26+00:00,1772744666.123303,393273.4771503194,1200303.4250525373,15.002192579281592,61.00891648907847,35.0,0.0,0.0,0.0,0.0,0
2026-03-05T21:04:27+00:00,1772744667.123509,65522.50278034157,147425.63125576853,0.9997940487723018,2.9993821463169055,35.0,54.988672682476604,65.98640721897192,0.9997940487723018,0.9997940487723018,0
2026-03-05T21:04:28+00:00,1772744668.123606,0.0,16382.410310507685,0.0,2.9997089191603425,35.0,0.0,0.0,0.0,0.0,0
2026-03-05T21:04:29+00:00,1772744669.1234052,0.0,4096.822430726688,0.0,1.0002007887516329,35.0,0.0,0.0,0.0,0.0,0
2026-03-05T21:04:30+00:00,1772744670.1235042,65529.516266524646,233448.90169949405,0.9999010660785621,7.999208528628497,35.0,0.0,0.0,0.0,0.0,0
2026-03-05T21:04:31+00:00,1772744671.1234465,8192.472683522561,0.0,1.0000577006253126,0.0,35.0,0.0,134.0077318837919,0.0,1.0000577006253126,0
2026-03-05T21:04:32+00:00,1772744672.1237972,0.0,53229.33174252671,0.0,2.9989482276814177,35.0,0.0,0.0,0.0,0.0,0
2026-03-05T21:04:33+00:00,1772744673.1233954,196687.01611856456,446643.432435907,3.001205690285714,10.004018967619047,35.0,0.0,0.0,0.0,0.0,0
2026-03-05T21:04:34+00:00,1772744674.123412,32767.460946367908,0.0,0.9999835493886691,0.0,35.0,0.0,59.99901296332014,0.0,0.9999835493886691,0
2026-03-05T21:04:35+00:00,1772744675.123449,32766.781295327648,98300.34388598293,0.9999628080849502,5.9997768485097005,35.0,0.0,0.0,0.0,0.0,0
2026-03-05T21:04:36+00:00,1772744676.1232932,0.0,4096.638771475922,0.0,1.0001559500673638,35.0,0.0,0.0,0.0,0.0,0
2026-03-05T21:04:37+00:00,1772744677.1234953,0.0,90093.78493270327,0.0,18.996159376346792,35.0,0.0,0.0,0.0,0.0,0
2026-03-05T21:04:38+00:00,1772744678.123947,147389.44411679334,311155.4931354526,1.9990972780598055,5.997291834179417,35.0,0.0,0.0,0.0,0.0,0
2026-03-05T21:04:39+00:00,1772744679.1233556,0.0,4098.423307848803,0.0,1.0005916278927742,35.0,0.0,0.0,0.0,0.0,0
2026-03-05T21:04:40+00:00,1772744680.1234834,32763.813035062125,98291.43910518638,0.9998722239704018,6.999105567792812,35.0,0.0,1479.8108914761945,0.0,15.997955583526428,0
2026-03-05T21:04:41+00:00,1772744681.1237602,0.0,4094.866524687967,0.0,0.9997232726288982,35.0,0.0,685.8101650234241,0.0,8.997509453660083,0
2026-03-05T21:04:42+00:00,1772744682.123426,0.0,0.0,0.0,0.0,35.0,84.02808746782061,250.08359365422803,1.0003343746169122,4.001337498467649,0
2026-03-05T21:04:43+00:00,1772744683.1233683,65539.78146818049,151560.74464516737,1.0000577006253126,4.0002308025012505,35.0,70.00403904377188,220.0126941375688,1.0000577006253126,3.000173101875938,0
2026-03-05T21:04:44+00:00,1772744684.1233299,213000.1760950926,450577.29558577284,1.0000383868647302,4.000153547458921,35.0,0.0,60.00230321188381,0.0,1.0000383868647302,0
2026-03-05T21:04:45+00:00,1772744685.123627,65516.53703185518,159696.559015147,0.999703018674548,5.998218112047288,35.0,0.0,59.98218112047288,0.0,0.999703018674548,0
2026-03-05T21:04:46+00:00,1772744686.123413,65550.01862304327,147487.54190184735,1.000213907211964,3.000641721635892,35.0,0.0,0.0,0.0,0.0,0
2026-03-05T21:04:47+00:00,1772744687.1236322,0.0,4095.1027356591057,0.0,0.9997809413230239,35.0,41.990799535567,59.98685647938143,0.9997809413230239,0.9997809413230239,0
2026-03-05T21:04:48+00:00,1772744688.1236296,131072.34375090152,299008.7841817441,2.0000052452224963,7.000018358278737,35.0,0.0,368.0009651209393,0.0,4.000010490444993,0
2026-03-05T21:04:49+00:00,1772744689.1234152,0.0,0.0,0.0,0.0,35.0,0.0,736.1577868104798,0.0,8.001715074026954,0
2026-03-05T21:04:50+00:00,1772744690.123428,98302.73439129422,229373.04691301982,1.9999742511249636,8.999884130062336,35.0,0.0,647.9916573644882,0.0,6.999909878937372,0
2026-03-05T21:04:51+00:00,1772744691.1236796,0.0,4094.96998564366,0.0,0.9997485316512842,35.0,0.0,1008.7462684361458,0.0,6.998239721558989,0
2026-03-05T21:04:52+00:00,1772744692.123553,0.0,69640.81654586455,0.0,2.000253232590319,35.0,0.0,368.0465947966187,0.0,4.000506465180638,0
2026-03-05T21:04:53+00:00,1772744693.123643,0.0,0.0,0.0,0.0,35.0,0.0,59.994607456443056,0.0,0.9999101242740509,0
2026-03-05T21:04:54+00:00,1772744694.1236534,196605.93752163625,454651.23051878385,1.9999790193851346,11.999874116310806,35.0,0.0,640.9932757129355,0.0,2.9999685290777016,0
2026-03-05T21:04:55+00:00,1772744695.123268,49170.95652692414,90146.75363269426,2.0007713430551815,6.002314029165545,35.0,0.0,0.0,0.0,0.0,0
2026-03-05T21:04:56+00:00,1772744696.12367,212906.36647409396,782021.4614721528,2.998793848699866,21.991154890465683,35.0,0.0,133.94612524192735,0.0,0.9995979495666221,0
2026-03-05T21:04:57+00:00,1772744697.1233299,65558.30446349845,147506.1850428715,1.0003403391036751,3.001021017311025,35.0,0.0,0.0,0.0,0.0,0
2026-03-05T21:04:58+00:00,1772744698.1233983,65531.51593182744,167924.5095753078,0.999931578549613,6.999521049847291,35.0,0.0,0.0,0.0,0.0,0
2026-03-05T21:04:59+00:00,1772744699.1232646,0.0,4096.5479248489955,0.0,1.0001337707150868,35.0,0.0,0.0,0.0,0.0,0
2026-03-05T21:05:00+00:00,1772744700.123777,81878.04883791144,204695.1220947786,1.9989758017068224,8.995391107680701,35.0,0.0,0.0,0.0,0.0,0
2026-03-05T21:05:01+00:00,1772744701.123307,0.0,0.0,0.0,0.0,35.0,0.0,60.02820863705245,0.0,1.000470143950874,0
2026-03-05T21:05:02+00:00,1772744702.1234076,114676.46209835875,315360.27077048656,1.9997987949630083,11.99879276977805,35.0,0.0,0.0,0.0,0.0,0
2026-03-05T21:05:03+00:00,1772744703.1235297,0.0,4095.5000610277066,0.0,0.9998779445868424,35.0,0.0,640.921762480166,0.0,2.999633833760527,0
2026-03-05T21:05:04+00:00,1772744704.1235526,21085725.386046156,0.0,117.99729925615105,0.0,35.0,0.0,0.0,0.0,0.0,0
2026-03-05T21:05:05+00:00,1772744705.1237235,81905.9984872543,221146.1959155866,1.9996581661927317,8.998461747867292,35.0,0.0,0.0,0.0,0.0,0
2026-03-05T21:05:06+00:00,1772744706.1233857,2917337.5907836296,659678.8653316915,41.013856085317826,9.003041579703913,35.0,14815.00508837944,980353.2016693987,201.06792861338738,705.2382570768065,0
2026-03-05T21:05:07+00:00,1772744707.1237106,116939662.7582351,2280730.8433886673,188.93860165737652,15.994802256709123,35.0,8049.384235688866,932498.9709164241,121.96036720740707,651.7881919608968,0
2026-03-05T21:05:08+00:00,1772744708.1233604,67558509.48243658,147507.6626254074,76.02662732971844,3.001051078804675,35.0,0.0,0.0,0.0,0.0,0
2026-03-05T21:05:09+00:00,1772744709.123404,14466440.82050749,29760237.542980585,58.997425906910664,130.99428464076775,35.0,0.0,0.0,0.0,0.0,0
2026-03-05T21:05:10+00:00,1772744710.1235633,32762.782081024616,172004.60592537923,1.9996815235000376,24.996019043750472,35.0,0.0,0.0,0.0,0.0,0
2026-03-05T21:05:11+00:00,1772744711.123728,8190.650612932793,73715.85551639514,1.999670559798045,15.99736447838436,35.0,299.95058396970677,299.95058396970677,3.99934111959609,3.99934111959609,0
2026-03-05T21:05:12+00:00,1772744712.1238642,0.0,0.0,0.0,0.0,35.0,0.0,0.0,0.0,0.0,0
2026-03-05T21:05:13+00:00,1772744713.1234355,262256.4231931928,590076.9521846838,10.004288604476654,36.01543897611595,35.0,0.0,0.0,0.0,0.0,0
2026-03-05T21:05:14+00:00,1772744714.123531,65529.73497397314,172015.5543066795,1.9998088065787702,7.999235226315081,35.0,5445.479380313991,79528.39662002453,45.99560255131171,73.9929258434145,0
2026-03-05T21:05:15+00:00,1772744715.1235528,81918.22269481058,237562.84581495068,1.9999566087600238,9.99978304380012,35.0,0.0,147.99678904824177,0.0,1.9999566087600238,0
2026-03-05T21:05:16+00:00,1772744716.1237342,32762.055766001242,90095.65335650342,0.9998185963745496,3.9992743854981985,35.0,0.0,0.0,0.0,0.0,0
2026-03-05T21:05:17+00:00,1772744717.123289,65565.18486598606,151619.49000259276,1.0004453257138985,4.001781302855594,35.0,0.0,148.065908205657,0.0,2.000890651427797,0
2026-03-05T21:05:18+00:00,1772744718.1236188,81892.99718496637,221111.09239940922,0.9996703757930465,5.998022254758279,35.0,0.0,0.0,0.0,0.0,0
2026-03-05T21:05:19+00:00,1772744719.123467,65545.95463683692,147478.3979328831,1.0001518957036883,3.0004556871110655,35.0,0.0,0.0,0.0,0.0,0
2026-03-05T21:05:20+00:00,1772744720.1235907,131055.78325664754,311257.4852345379,1.9997525521339041,8.998886484602568,35.0,0.0,133.9834209929716,0.0,0.9998762760669521,0
2026-03-05T21:05:21+00:00,1772744721.123537,0.0,4096.219738350183,0.0,1.0000536470581503,35.0,0.0,148.00793976460625,0.0,2.0001072941163005,0
2026-03-05T21:05:22+00:00,1772744722.123336,16387.293630726504,151582.46608422018,1.000201027266022,7.001407190862154,35.0,54.010855472365186,127.0255304627848,1.000201027266022,1.000201027266022,0
2026-03-05T21:05:23+00:00,1772744723.123641,0.0,0.0,0.0,0.0,35.0,443972.6161613297,8419.43260042764,30.99054982346911,20.993598267511334,1
2026-03-05T21:05:24+00:00,1772744724.1233513,16388.747468990045,114721.23228293032,1.0002897625115994,16.00463620018559,35.0,6449718.345210416,220.06374775255188,28.008113350324784,2.000579525023199,1
2026-03-05T21:05:25+00:00,1772744725.1233997,98299.24241776209,339951.54669476056,1.999903206741579,11.999419240449473,35.0,6161129.807653677,305.9851906314616,14.999274050561842,1.999903206741579,1
2026-03-05T21:05:26+00:00,1772744726.1233582,278539.5551668642,856099.5151452149,7.000290405876785,56.00232324701428,35.0,6184886.578985391,0.0,35.00145202938393,0.0,1
2026-03-05T21:05:27+00:00,1772744727.1233628,65535.70312634482,147455.33203427587,0.9999954700675174,2.999986410202552,35.0,6865284.900582049,1558.9929378352597,24.999886751687935,16.9999229911478,1
2026-03-05T21:05:28+00:00,1772744728.1236963,229299.51769798767,806642.9461875638,2.998999690874211,13.995331890746318,35.0,8845876.479199791,5500.165433063303,49.98332818123685,25.991330654243164,1
2026-03-05T21:05:29+00:00,1772744729.1236465,0.0,86020.28634639892,0.0,2.0000996639322666,35.0,6086385.281432109,678.0337860730384,249.0124081595672,7.000348823762933,1
2026-03-05T21:05:30+00:00,1772744730.1236093,1019941.935004678,217096.074519068,58.0021572915405,12.000446336180794,35.0,6528933.832583876,1495.0556060491904,17.000632309589456,14.00052072554426,1
2026-03-05T21:05:31+00:00,1772744731.1236365,81917.7734980157,147451.99229642825,1.9999456420413988,2.999918463062098,35.0,8705197.39518951,7672.791455691827,14.99959231531049,13.999619494289792,1
2026-03-05T21:05:32+00:00,1772744732.1237056,180211.53992400694,376805.9471138327,10.999239497314877,32.99771849194463,35.0,4354294.938004489,3416.7637602113577,6.999516043745831,6.999516043745831,1
2026-03-05T21:05:33+00:00,1772744733.1236777,393226.96905598155,884760.6803759584,24.00066949804575,68.00189691112962,35.0,8708201.915063873,7603.212091401742,13.00036264477478,11.000306853270967,1
2026-03-05T21:05:34+00:00,1772744734.1284359,0.0,0.0,0.0,0.0,35.0,6485701.257834766,4159.209981536502,16.91949501941147,13.933701780691798,1
2026-03-05T21:05:35+00:00,1772744735.123715,1086473.159697334,2613297.183362906,61.2893424678339,199.94392050981878,35.0,4370404.356803193,1050.9615118254796,8.037946553158543,5.02371659572409,1
2026-03-05T21:05:36+00:00,1772744736.1233978,65556.78784175623,553135.3974148182,3.000951591877269,16.005075156678767,35.0,6111999.094805739,705.2236240911582,24.007612735018153,6.001903183754538,1
2026-03-05T21:05:37+00:00,1772744737.123389,0.0,4096.036133131248,0.0,1.000008821565246,35.0,4352633.396700783,0.0,6.000052929391477,0.0,1
2026-03-05T21:05:38+00:00,1772744738.123669,81897.07672880183,180173.568803364,0.9997201749121316,2.9991605247363946,35.0,5898055.114250152,206.94207620681124,7.997761399297053,1.9994403498242632,1
2026-03-05T21:05:39+00:00,1772744739.1235318,0.0,86027.7936089814,0.0,2.000274218958831,35.0,5420588.112126463,163.02234884514473,43.00589570761487,1.0001371094794156,1
2026-03-05T21:05:40+00:00,1772744740.1235554,49150.83987113303,139260.71296821025,0.9999763971177782,5.999858382706669,35.0,6088701.285708598,53.99872544436002,7.9998111769422255,0.9999763971177782,1
2026-03-05T21:05:41+00:00,1772744741.1233554,65549.11199783473,151582.3214949928,1.000200073209148,4.000800292836592,35.0,5625359.258545379,0.0,21.00420153739211,0.0,1
2026-03-05T21:05:42+00:00,1772744742.1237028,0.0,0.0,0.0,0.0,35.0,5874735.258729942,219.92360384683494,5.997916468550044,1.9993054895166813,1
2026-03-05T21:05:43+00:00,1772744743.1235392,16386.680125848372,204833.50157310464,1.000163581899925,39.00637969409708,35.0,4350158.490803883,306.05005606137706,24.003925965598203,2.00032716379985,1
2026-03-05T21:05:44+00:00,1772744744.123386,229411.16945408797,565334.6675832882,2.000306653303641,8.001226613214564,35.0,5911287.218929714,2962.454153542692,23.003526512991872,15.002299899777308,1
2026-03-05T21:05:45+00:00,1772744745.1235502,0.0,4095.327258948942,0.0,0.9998357565793315,35.0,5916979.015484412,6003.013882502307,6.998850296055322,14.997536348689973,1
2026-03-05T21:05:46+00:00,1772744746.1234443,32771.46911723329,118796.57554997067,1.0001058690561917,6.00063521433715,35.0,4354449.952706099,1573.1665320253894,4.000423476224767,4.000423476224767,1
2026-03-05T21:05:47+00:00,1772744747.1231618,0.0,4097.157553601508,0.0,1.0002826058597432,35.0,4747456.279910015,698.1972588901007,8.002260846877945,2.0005652117194863,1
2026-03-05T21:05:48+00:00,1772744748.1236274,0.0,4094.093661088918,0.0,0.9995345852267866,35.0,5167352.917787448,3634.307751884596,16.992087948855374,5.9972075113607195,1
2026-03-05T21:05:49+00:00,1772744749.1232817,118825.07865430086,4097.41650532072,3.0010374794829486,1.0003458264943164,35.0,5995722.762967659,0.0,16.00553322390906,0.0,1
2026-03-05T21:05:50+00:00,1772744750.1237137,0.0,81884.6246576596,0.0,1.9991363441811427,35.0,4872698.9235798055,605.7383122868863,7.996545376724571,7.996545376724571,1
2026-03-05T21:05:51+00:00,1772744751.1237905,65530.96913622335,163827.42284055837,0.9999232351108299,5.99953941066498,35.0,5525399.810733067,2705.792274209906,5.99953941066498,1.9998464702216598,1
2026-03-05T21:05:52+00:00,1772744752.123391,278639.341365845,815429.8372323994,6.002398495645213,26.01039348112926,35.0,4072497.3273278717,0.0,4.001598997096809,0.0,1
2026-03-05T21:05:53+00:00,1772744753.123557,0.0,0.0,0.0,0.0,35.0,4642390.537987476,69.98836949025757,4.999169249304112,0.9998338498608225,1
2026-03-05T21:05:54+00:00,1772744754.1233373,0.0,159779.12295517078,0.0,5.001099351311185,35.0,7075905.439189657,0.0,8.001758962097895,0.0,1
2026-03-05T21:05:55+00:00,1772744755.1237748,0.0,94166.80220364482,0.0,2.9986880796846815,35.0,4804572.008910095,0.0,4.997813466141136,0.0,1
2026-03-05T21:05:56+00:00,1772744756.1235747,32774.55599891736,155679.14099485747,1.000200073209148,7.001400512464036,35.0,3971740.4799095737,0.0,4.000800292836592,0.0,1
2026-03-05T21:05:57+00:00,1772744757.1236172,65533.21886802709,147449.74245306096,0.9999575632938704,2.9998726898816113,35.0,6909050.790199123,592.9748350332651,8.999618069644834,0.9999575632938704,1
2026-03-05T21:05:58+00:00,1772744758.123733,0.0,4095.5254456122952,0.0,0.9998841419951893,35.0,8697884.163728816,0.0,8.998957277956704,0.0,1
2026-03-05T21:05:59+00:00,1772744759.1234753,0.0,24582.335617256704,0.0,6.001546781556812,35.0,7759459.849342618,0.0,7.001804578482948,0.0,1
2026-03-05T21:06:00+00:00,1772744760.123565,147442.7824348937,401372.018850544,1.9998207252996654,8.999193263848493,35.0,6430398.544442007,0.0,7.9992829011986615,0.0,1
2026-03-05T21:06:01+00:00,1772744761.1233194,32776.048851565625,81940.12212891407,1.0002456314564705,5.001228157282353,35.0,6643273.396197815,0.0,6.001473788738823,0.0,1
2026-03-05T21:06:02+00:00,1772744762.12344,0.0,4095.5059189808358,0.0,0.9998793747511806,35.0,5266018.708550804,0.0,40.995054364798406,0.0,1
2026-03-05T21:06:03+00:00,1772744763.1233637,0.0,16385.250095374708,0.0,3.000228899299568,35.0,8699555.723428607,0.0,9.000686697898704,0.0,1
2026-03-05T21:06:04+00:00,1772744764.1232574,143375.2457617783,184339.60169371494,2.0002126919890943,4.000425383978189,35.0,7732544.237665653,0.0,42.00446653177099,0.0,1
2026-03-05T21:06:05+00:00,1772744765.123524,0.0,0.0,0.0,0.0,35.0,4001673.346080561,0.0,4.998667595297922,0.0,1
2026-03-05T21:06:06+00:00,1772744766.123648,65527.87600719363,163819.69001798407,0.9998760377074223,5.999256226244534,35.0,5111910.237324855,0.0,31.996033206637513,0.0,1
2026-03-05T21:06:07+00:00,1772744767.1235783,49155.42211324145,12288.855528310363,3.0002088692163973,3.0002088692163973,35.0,4900691.177421524,60.00417738432794,43.00299379210169,1.0000696230721324,1
2026-03-05T21:06:08+00:00,1772744768.123608,0.0,0.0,0.0,0.0,35.0,3504805.5486551328,59.99821191394585,2.9999105956972927,0.9999701985657643,1
2026-03-05T21:06:09+00:00,1772744769.1234238,131096.1607027586,282676.09651532327,1.0001843315334977,4.000737326133991,35.0,3452322.2545735324,230.04239625270446,5.000921657667488,3.000552994600493,1
2026-03-05T21:06:10+00:00,1772744770.1237614,0.0,16378.47061672371,0.0,1.999325026455531,35.0,3580681.159505401,59.97975079366593,4.998312566138827,0.9996625132277654,1
2026-03-05T21:06:11+00:00,1772744771.123359,16390.596404726788,73757.68382127053,1.0004026125931877,6.002415675559126,35.0,6306655.1168931285,126.05072918674165,12.004831351118252,2.0008052251863755,1
2026-03-05T21:06:12+00:00,1772744772.1240494,98236.17183265033,196472.34366530066,0.999310016201277,2.997930048603831,35.0,3886506.5219098446,0.0,10.992410178214048,0.0,1
2026-03-05T21:06:13+00:00,1772744773.123454,0.0,4098.439929128416,0.0,1.0005956858223672,35.0,5368314.925323613,0.0,6.003574114934204,0.0,1
2026-03-05T21:06:14+00:00,1772744774.1238306,0.0,8188.917176193902,0.0,1.9992473574692144,35.0,5532880.075719938,59.97742072407643,5.997742072407643,0.9996236787346072,1
2026-03-05T21:06:15+00:00,1772744775.1234078,0.0,32781.85742025521,0.0,7.002960264336745,35.0,4354314.639079831,1284.5429970583402,4.0016915796209975,6.002537369431496,1
2026-03-05T21:06:16+00:00,1772744776.123301,32771.50037388027,86025.1884814357,1.0001068229333578,5.000534114666789,35.0,5008570.973095881,612.065375635215,6.000640937600147,2.0002136458667157,1
2026-03-05T21:06:17+00:00,1772744777.1236455,0.0,4094.5893531762745,0.0,0.9996556038028014,35.0,2503017.6732497583,147.9490293628146,2.9989668114084043,1.9993112076056028,1
2026-03-05T21:06:18+00:00,1772744778.123704,0.0,40957.60756162343,0.0,2.9998247725798413,35.0,5546676.0045001265,119.99299090319364,22.998656589778783,1.999883181719894,1
2026-03-05T21:06:19+00:00,1772744779.1234047,65555.6152441815,151597.36025216972,1.000299304873375,4.0011972194935,35.0,5553223.609561443,1811.542041125682,8.002394438987,10.00299304873375,1
2026-03-05T21:06:20+00:00,1772744780.1232786,114702.46666833581,180246.73333595626,3.0003784180124113,3.0003784180124113,35.0,4356093.405434484,146.01841634327067,5.000630696687352,2.000252278674941,1
2026-03-05T21:06:21+00:00,1772744781.1234992,0.0,20475.484394296473,0.0,2.9993385343207724,35.0,5153799.395585795,193.95722521940996,6.998456580081802,1.999559022880515,1
2026-03-05T21:06:22+00:00,1772744782.1238897,147398.4365427358,519988.92891465133,0.9996096228212878,6.9972673597490145,35.0,3380679.7443815954,305.8805445833141,16.99336358796189,1.9992192456425757,1
2026-03-05T21:06:23+00:00,1772744783.1237304,65546.43916257872,147479.48811580215,1.000159288979778,3.0004778669393337,35.0,3317481.3540593414,66.01051307266535,4.000637155919112,1.000159288979778,1
2026-03-05T21:06:24+00:00,1772744784.1233592,0.0,176193.4061158472,0.0,5.001856777907181,35.0,6094849.5161878355,11424.240880740002,13.00482762255867,13.00482762255867,1
2026-03-05T21:06:25+00:00,1772744785.1235952,81900.66862536929,176086.43754454397,0.9997640213057774,6.998348149140441,35.0,5758428.812748761,3840.093605835491,49.98820106528887,12.996932276975105,1
2026-03-05T21:06:26+00:00,1772744786.1234968,180241.74784132445,417833.1427230703,3.0002954297095465,12.001181718838186,35.0,3103783.6198680415,377.037125666833,4.000393906279395,3.0002954297095465,1
2026-03-05T21:06:27+00:00,1772744787.1232448,163881.29947031502,360538.85883469303,2.000504143924744,6.001512431774231,35.0,5599787.193624415,279.07032807750176,12.003024863548463,4.001008287849488,1
2026-03-05T21:06:28+00:00,1772744788.123698,32753.155165679465,90071.17670561853,0.9995469716088704,4.997734858044352,35.0,4347475.577476315,0.0,9.995469716088705,0.0,1
2026-03-05T21:06:29+00:00,1772744789.1236966,106496.15234396793,4096.005859383382,4.000005722054084,1.000001430513521,35.0,5577381.978508919,290.0004148489211,6.000008583081126,2.000002861027042,1
2026-03-05T21:06:30+00:00,1772744790.1236382,0.0,61443.589076834636,0.0,2.000116831928211,35.0,3123288.4392479933,0.0,4.000233663856422,0.0,1
2026-03-05T21:06:31+00:00,1772744791.1237223,65530.484839165634,151539.24619057053,0.9999158453241827,3.9996633812967306,35.0,4349079.973781885,0.0,3.9996633812967306,0.0,1
2026-03-05T21:06:32+00:00,1772744792.1238885,0.0,16381.277796119715,0.0,3.99933539944329,35.0,4348723.338941755,0.0,3.99933539944329,0.0,1
2026-03-05T21:06:33+00:00,1772744793.1236339,0.0,4097.04323438986,0.0,1.000254695895962,35.0,5587806.829078068,0.0,6.001528175375772,0.0,1
2026-03-05T21:06:34+00:00,1772744794.123577,65539.71896102732,491547.8922077049,3.0001702405255424,14.000794455785865,35.0,5285397.912620354,0.0,5.000283734209238,0.0,1
2026-03-05T21:06:35+00:00,1772744795.1237752,81903.77274628826,200664.24322840624,0.9998019134068391,6.998613393847874,35.0,3417658.8734674808,0.0,2.999405740220517,0.0,1
2026-03-05T21:06:36+00:00,1772744796.1238008,49150.74612573732,196602.9845029493,0.9999744898628198,6.999821429039739,35.0,4352362.967791187,0.0,11.999693878353838,0.0,1
2026-03-05T21:06:37+00:00,1772744797.1234927,508060.5013331705,1257859.4670103495,23.00708702956252,82.02526680104899,35.0,5666857.600705173,0.0,6.001848790320658,0.0,1
2026-03-05T21:06:38+00:00,1772744798.1234112,0.0,0.0,0.0,0.0,35.0,6139218.586690104,0.0,14.0011416412452,0.0,1
2026-03-05T21:06:39+00:00,1772744799.1233687,0.0,4096.173835502319,0.0,1.0000424403081833,35.0,3297631.946576712,0.0,3.00012732092455,0.0,1
2026-03-05T21:06:40+00:00,1772744800.1234312,0.0,4095.7441566064285,0.0,0.9999375382339913,35.0,4959278.215374844,0.0,29.99812614701974,0.0,1
2026-03-05T21:06:41+00:00,1772744801.1237788,294809.5199985128,655132.2666633617,2.998957519516121,11.995830078064484,35.0,4789593.069013924,0.0,10.99617757155911,0.0,1
2026-03-05T21:06:42+00:00,1772744802.123462,0.0,0.0,0.0,0.0,35.0,5612386.331144831,0.0,5.001584793613127,0.0,1
2026-03-05T21:06:43+00:00,1772744803.1234517,0.0,8192.083985236017,0.0,2.000020504208012,35.0,5017171.43603605,0.0,6.000061512624035,0.0,1
2026-03-05T21:06:44+00:00,1772744804.1235516,0.0,4095.5908611843975,0.0,0.999900112593847,35.0,6769379.75666665,407.9592459382896,5.999400675563082,4.999500562969235,1
2026-03-05T21:06:45+00:00,1772744805.123644,0.0,8191.242257596028,0.0,0.9999075021479527,35.0,6152266.875886001,176.98362788018764,10.998982523627479,1.9998150042959053,1
2026-03-05T21:06:46+00:00,1772744806.1235924,180233.3247011805,413717.40442770976,3.00015521852551,11.000569134593537,35.0,3818469.555516612,120.00620874102039,8.000413916068027,2.0001034790170067,1
2026-03-05T21:06:47+00:00,1772744807.123754,65525.407962179575,151527.50591254028,0.9998383783291561,3.9993535133166245,35.0,2120771.1820112695,149.97575674937343,1.9996767566583122,1.9996767566583122,1
2026-03-05T21:06:48+00:00,1772744808.123634,0.0,77833.33412720346,0.0,18.002158900720374,35.0,3505054.3420481803,70.00839572502368,4.000479755715638,1.0001199389289095,1
2026-03-05T21:06:49+00:00,1772744809.1236951,0.0,4095.7500152578577,0.0,0.9999389685688129,35.0,4143289.1137015563,119.99267622825755,3.9997558742752517,1.9998779371376258,1
2026-03-05T21:06:50+00:00,1772744810.1234567,0.0,0.0,0.0,0.0,35.0,6358403.961637887,0.0,10.002384754360762,0.0,1
2026-03-05T21:06:51+00:00,1772744811.1236057,16381.558957493678,69621.62556934814,0.9998510105892138,5.999106063535283,35.0,5632478.695270409,59.991060635352824,36.99448739180091,0.9998510105892138,1
2026-03-05T21:06:52+00:00,1772744812.1237361,180200.49915861135,462787.6455664337,1.9997392040861524,9.998696020430762,35.0,4350392.643705343,0.0,3.9994784081723047,0.0,1
2026-03-05T21:06:53+00:00,1772744813.1235073,81938.7542925169,180265.2594435372,1.0002289342348254,3.0006868027044766,35.0,5642179.392378016,0.0,5.001144671174127,0.0,1
2026-03-05T21:06:54+00:00,1772744814.123553,0.0,290802.68810937,0.0,5.999725354369154,35.0,6121783.76697844,0.0,9.999542257281924,0.0,1
2026-03-05T21:06:55+00:00,1772744815.1236446,0.0,4095.6250343291326,0.0,0.9999084556467609,35.0,6668283.50041195,0.0,8.999176100820847,0.0,1
2026-03-05T21:06:56+00:00,1772744816.1233642,16388.595038358,57360.082634253,1.0002804588841552,6.001682753304931,35.0,4626391.148702353,60.016827533049316,37.010376978713744,1.0002804588841552,1
2026-03-05T21:06:57+00:00,1772744817.1236172,0.0,0.0,0.0,0.0,35.0,3052779.762382534,0.0,10.997218120473427,0.0,1
2026-03-05T21:06:58+00:00,1772744818.123323,0.0,8194.410865547201,0.0,2.0005885902214846,35.0,3052172.97531403,1205.3546256084444,14.004120131550392,11.003237246218164,1
2026-03-05T21:06:59+00:00,1772744819.1235316,0.0,4095.145686036281,0.0,0.9997914272549514,35.0,54.98852849902233,0.0,0.9997914272549514,0.0,1
2026-03-05T21:07:00+00:00,1772744820.12342,0.0,4096.45708225119,0.0,1.0001115923464818,35.0,0.0,0.0,0.0,0.0,1
2026-03-05T21:07:01+00:00,1772744821.1236713,98279.30308116732,233413.3448177724,1.9994975399000514,7.997990159600206,35.0,0.0,0.0,0.0,0.0,1
2026-03-05T21:07:02+00:00,1772744822.123375,163888.56908115576,348263.20929745596,2.000592884291452,7.002075095020082,35.0,0.0,0.0,0.0,0.0,1
2026-03-05T21:07:03+00:00,1772744823.1239033,720515.32612355,1600690.2983767502,6.996303603938501,27.985214415754005,35.0,1500376.2978315365,1488.2137237520612,38.97940579337165,9.99471943419786,1
2026-03-05T21:07:04+00:00,1772744824.1233118,0.0,73771.63714021322,0.0,10.005918665936038,35.0,2813311.1199323065,749.4433080786092,42.02485839693136,4.002367466374415,1
2026-03-05T21:07:05+00:00,1772744825.1238868,0.0,32749.167080164585,0.0,0.9994252648976009,35.0,2849402.406658921,65.96206748324165,10.99367791387361,0.9994252648976009,1
2026-03-05T21:07:06+00:00,1772744826.123733,163865.19918763067,434242.77784722124,2.000307607270882,10.001538036354411,35.0,4355360.767307023,575.0884370903786,13.001999447260733,6.0009228218126465,1
2026-03-05T21:07:07+00:00,1772744827.1234808,65552.53542100797,184366.50587158493,1.0002523105012202,5.001261552506102,35.0,4945783.558356462,60.01513863007322,17.004289278520744,1.0002523105012202,1
2026-03-05T21:07:08+00:00,1772744828.1233852,393253.5973445261,835663.8943571179,3.000286844974717,9.00086053492415,35.0,4833522.112991168,360.034421396966,18.0017210698483,6.000573689949434,1
2026-03-05T21:07:09+00:00,1772744829.123407,0.0,69630.48929058899,0.0,1.9999566087600238,35.0,1871523.3952586725,119.99739652560143,9.99978304380012,1.9999566087600238,1
2026-03-05T21:07:10+00:00,1772744830.123585,65524.33020337536,155620.2842330165,0.9998219330349023,3.999287732139609,35.0,2935339.2199637145,511.90882971387,12.99768512945373,4.999109665174512,1
2026-03-05T21:07:11+00:00,1772744831.123359,8193.85198108627,49163.111886517625,1.0002260719099452,4.000904287639781,35.0,3095531.6545811994,235.05312689883712,8.001808575279561,1.0002260719099452,1
2026-03-05T21:07:12+00:00,1772744832.12352,81906.81852757785,196576.36446618685,1.9996781867084437,5.999034560125331,35.0,5604244.094758043,363.94142998093673,11.998069120250662,2.9995172800626655,1
2026-03-05T21:07:13+00:00,1772744833.1235986,0.0,36861.099837554364,0.0,1.9998426561173157,35.0,2487306.303388567,234.98151209378457,1.9998426561173157,0.9999213280586579,1
2026-03-05T21:07:14+00:00,1772744834.1233907,65549.62783324017,151583.5143643679,1.0002079442327907,4.000831776931163,35.0,4370036.534969924,0.0,4.000831776931163,0.0,1
2026-03-05T21:07:15+00:00,1772744835.1236603,0.0,8189.791611120182,0.0,1.9994608425586382,35.0,4278648.256452072,133.96387645142875,3.9989216851172764,0.9997304212793191,1
2026-03-05T21:07:16+00:00,1772744836.1234329,0.0,36872.38667318493,0.0,2.000455006140675,35.0,4273203.945897195,0.0,4.00091001228135,0.0,1
2026-03-05T21:07:17+00:00,1772744837.123289,0.0,4096.58895185899,0.0,1.0001437870749488,35.0,4401556.795989032,235.03378996261299,6.000862722449693,1.0001437870749488,1
2026-03-05T21:07:18+00:00,1772744838.1233926,0.0,8191.1524314510225,0.0,1.9997930740847223,35.0,5308773.68173936,147.98468748226946,5.999379222254167,1.9997930740847223,1
2026-03-05T21:07:19+00:00,1772744839.1235213,81909.45448269352,217060.05437913781,0.9998712705406924,4.999356352703462,35.0,5326672.212085121,607.921732488741,6.999098893784846,3.9994850821627694,1
2026-03-05T21:07:20+00:00,1772744840.1235719,0.0,32766.343833710493,0.0,0.999949457815872,35.0,4349227.169448871,0.0,4.99974728907936,0.0,1
2026-03-05T21:07:21+00:00,1772744841.1235948,81918.12504291437,212987.12511157733,1.9999542246805264,10.999748235742896,35.0,4349347.451337021,0.0,4.9998855617013165,0.0,1
2026-03-05T21:07:22+00:00,1772744842.1233118,311384.1225951959,635059.7237138863,3.0008492489000425,9.002547746700127,35.0,4350678.254360181,0.0,5.001415414833405,0.0,1
2026-03-05T21:07:23+00:00,1772744843.123679,65511.9463316558,147401.87924622555,0.9996329701485566,2.9988989104456696,35.0,2884624.867830167,0.0,2.9988989104456696,0.0,1
2026-03-05T21:07:24+00:00,1772744844.1236954,65534.921892735816,442360.72277596674,0.9999835493886691,5.999901296332014,35.0,4353916.374235673,0.0,3.9999341975546763,0.0,1
2026-03-05T21:07:25+00:00,1772744845.123506,81935.51074875223,200742.001334443,1.0001893401947295,8.001514721557836,35.0,5809765.813951558,0.0,6.001136041168377,0.0,1
2026-03-05T21:07:26+00:00,1772744846.1234112,65542.21934015688,159759.1596416324,1.0000948995995618,7.000664297196933,35.0,2898071.9997749114,220.0208779119036,3.0002846987986853,2.0001897991991235,1
2026-03-05T21:07:27+00:00,1772744847.123407,0.0,0.0,0.0,0.0,35.0,2902075.4543567128,641.0027508853711,4.000017166211364,3.0000128746585237,1
2026-03-05T21:07:28+00:00,1772744848.123331,0.0,4096.310570421551,0.0,1.000075822856824,35.0,5358177.241503429,0.0,5.0003791142841205,0.0,1
2026-03-05T21:07:29+00:00,1772744849.1232908,0.0,4096.165045712644,0.0,1.0000402943634386,35.0,3345799.811441453,0.0,4.000161177453754,0.0,1
2026-03-05T21:07:30+00:00,1772744850.1234174,81909.63021906702,184296.6679929008,0.9998734157600955,3.999493663040382,35.0,4350452.231592422,520.9340496110098,5.999240494560572,1.999746831520191,1
2026-03-05T21:07:31+00:00,1772744851.1234071,0.0,4096.041992618008,0.0,1.000010252104006,35.0,4352519.622026383,134.0013737819368,4.000041008416024,1.000010252104006,1
2026-03-05T21:07:32+00:00,1772744852.123459,0.0,4095.7871204394683,0.0,0.999948027451042,35.0,2889799.8019321393,59.99688164706252,1.999896054902084,0.999948027451042,1
2026-03-05T21:07:33+00:00,1772744853.123415,0.0,4096.18067203148,0.0,1.0000441093826855,35.0,2922148.888498395,60.00264656296114,2.000088218765371,1.0000441093826855,1
2026-03-05T21:07:34+00:00,1772744854.1238713,180141.79532521905,438072.0931772372,2.9986316249537084,10.994982624830264,35.0,2888631.8215116565,207.90512599679045,1.9990877499691388,2.9986316249537084,1
2026-03-05T21:07:35+00:00,1772744855.1233542,0.0,32784.954079961644,0.0,1.000517397459767,35.0,4353211.1756515475,0.0,4.002069589839068,0.0,1
2026-03-05T21:07:36+00:00,1772744856.1235702,98282.77021078802,245706.92552697004,1.999568078832764,10.997624433580203,35.0,2884784.865604344,0.0,1.999568078832764,0.0,1
2026-03-05T21:07:37+00:00,1772744857.1235259,0.0,32769.45318944293,0.0,8.00035478257884,35.0,3933546.436482712,0.0,3.000133043467065,0.0,1
2026-03-05T21:07:38+00:00,1772744858.1233037,0.0,0.0,0.0,0.0,35.0,3338835.9097585427,0.0,10.002222555022545,0.0,1
2026-03-05T21:07:39+00:00,1772744859.1234314,0.0,65527.62607012425,0.0,1.9997444479408035,35.0,4368569.730171354,222.9715059453996,17.997700031467232,1.9997444479408035,1
2026-03-05T21:07:40+00:00,1772744860.1234345,25285553.628905017,462846.56543413387,1264.996079218619,4.999984502840391,35.0,5219979.820977766,59.99981403408469,3.999987602272313,0.9999969005680782,1
2026-03-05T21:07:41+00:00,1772744861.1232374,1093847.6763144284,278582.92879918026,59.01163545191735,9.001774899445019,35.0,4887687.715968396,0.0,6.001183266296679,0.0,1
2026-03-05T21:07:42+00:00,1772744862.123604,10642113.66702178,159685.44529941786,523.8079260372531,4.998167233179895,35.0,2951217.8245034013,0.0,1.9992668932719584,0.0,1
2026-03-05T21:07:43+00:00,1772744863.123603,2101250.003908161,360448.3437503278,131.0001249314546,24.00002288820542,35.0,2874812.7416350762,120.00011444102711,2.000001907350452,2.000001907350452,1
2026-03-05T21:07:44+00:00,1772744864.1237051,7135527.868246172,196587.93954703186,130.9866337110452,9.99897967259887,35.0,0.0,1845.8116475617512,0.0,19.99795934519774,1
2026-03-05T21:07:45+00:00,1772744865.123688,438279.5235666506,24576.421882242088,9.00015449789139,4.000068665729507,35.0,4351368.696194202,819.0140593081164,8.000137331459014,9.00015449789139,1
2026-03-05T21:07:46+00:00,1772744866.1233654,135211.61660892292,12291.96514626572,5.001613422145883,2.000645368858353,35.0,4352613.067392393,506.1632783211633,8.002581475433413,5.001613422145883,1
2026-03-05T21:07:47+00:00,1772744867.1234012,0.0,36862.68168777152,0.0,1.999928476984132,35.0,5836265.278888742,597.9786146182554,15.999427815873055,3.999856953968264,1
2026-03-05T21:07:48+00:00,1772744868.1237302,16378.611148027354,4094.6527870068385,0.9996710905778414,0.9996710905778414,35.0,8703706.327092316,119.96053086934097,8.997039815200573,1.9993421811556829,1
2026-03-05T21:07:49+00:00,1772744869.1234381,24583.17983133635,4097.196638556059,1.0002921480849754,1.0002921480849754,35.0,2864305.556984736,384.1121848646305,6.001752888509851,4.001168592339901,1
2026-03-05T21:07:50+00:00,1772744870.123583,208865.72313888825,327632.5068845306,5.999130375082958,5.999130375082958,35.0,2860769.3071835595,0.0,1.9997101250276526,0.0,1
2026-03-05T21:07:51+00:00,1772744871.1238194,155611.23329634746,98280.77892400892,2.9992913489992956,5.998582697998591,35.0,4350562.080463949,2308.454574946458,12.996929178996949,13.996692961996713,1
2026-03-05T21:07:52+00:00,1772744872.1232145,229514.82615899213,877074.5142504342,3.0018157020655014,13.007868042283839,35.0,2820774.195863463,184.1113630600174,2.0012104680436673,2.0012104680436673,1
2026-03-05T21:07:53+00:00,1772744873.123457,1451168.1328031872,0.0,24.993939677083112,0.0,35.0,7376227.473622162,829.7987972791593,10.99733345791657,5.998545522499947,1
2026-03-05T21:07:54+00:00,1772744874.1235769,2410206.9570266283,417741.90249229583,72.99124655794652,46.99436422223955,35.0,7200844.442004602,367.95587305923726,8.998920808513956,3.999520359339536,1
2026-03-05T21:07:55+00:00,1772744875.1236107,2173878.402394023,4095.861332819638,52.998205722519735,0.9999661457079194,35.0,5852649.855974305,0.0,3.9998645828316777,0.0,1
2026-03-05T21:07:56+00:00,1772744876.1234775,1629401.1600457348,90124.0113664517,45.00599821877582,6.000799762503442,35.0,5417538.027720808,0.0,4.000533175002295,0.0,1
2026-03-05T21:07:57+00:00,1772744877.1233904,3105550.253620761,196625.11086403497,83.00722351946463,4.000348121419982,35.0,6128653.332459056,0.0,5.000435151774978,0.0,1
2026-03-05T21:07:58+00:00,1772744878.1233768,2572834.96446442,16384.222659275907,61.00082899266543,2.000027180087391,35.0,5860497.643336695,0.0,4.000054360174782,0.0,1
2026-03-05T21:07:59+00:00,1772744879.1234338,1852310.4515710054,4095.7666148612616,42.99754991187359,0.9999430212063627,35.0,7187510.440989638,0.0,4.999715106031814,0.0,1
2026-03-05T21:08:00+00:00,1772744880.1235945,1077074.9203910008,4095.3419026273796,96.98441517452535,0.9998393316961376,35.0,5865531.443572767,0.0,3.9993573267845504,0.0,1
2026-03-05T21:08:01+00:00,1772744881.123748,737166.8142537166,12286.113570895277,89.98618338058064,1.999692964012903,35.0,7180761.4546487825,0.0,5.9990788920387095,0.0,1
2026-03-05T21:08:02+00:00,1772744882.1237218,4319857.292766143,4096.1074246923245,199.00521911957338,1.0000262267315245,35.0,4349560.071752523,0.0,4.000104906926098,0.0,1
2026-03-05T21:08:03+00:00,1772744883.123419,336485.88509799825,184375.82745095794,33.009995149097286,4.0012115332239135,35.0,5875921.179548747,356.1078264569283,5.001514416529893,2.0006057666119568,1
2026-03-05T21:08:04+00:00,1772744884.123597,786292.1498737799,540575.8530382236,70.98737416717321,11.997866056423643,35.0,4351797.988078331,355.93669300723474,4.999110856843184,1.9996443427372737,1
2026-03-05T21:08:05+00:00,1772744885.12365,307183.667860524,0.0,30.99835189998777,0.0,35.0,4350728.683315187,0.0,8.999521519351289,0.0,1
2026-03-05T21:08:06+00:00,1772744886.1237698,339927.31541625527,180202.4322688582,23.997127876712295,16.997965579337876,35.0,4350493.306306895,147.98228857305915,3.9995213127853826,1.9997606563926913,1
2026-03-05T21:08:07+00:00,1772744887.123471,155694.51194178176,204861.19992339707,12.003585933011546,7.002091794256736,35.0,4352260.187591326,0.0,4.001195311003849,0.0,1
2026-03-05T21:08:08+00:00,1772744888.123723,98279.23280404237,147418.84920606355,3.998992220216568,2.999244165162426,35.0,5886186.63130062,0.0,3.998992220216568,0.0,1
2026-03-05T21:08:09+00:00,1772744889.1237369,1581546.1299410972,81918.86720316463,65.99908734629963,10.999847891049939,35.0,2815907.060855501,0.0,9.999861719136307,0.0,1
2026-03-05T21:08:10+00:00,1772744890.1235,1122569.7679986055,405600.0256637297,23.005446531392497,56.013261119912165,35.0,4352235.3902012035,200.04736114254345,5.0011840285635865,2.0004736114254347,1
2026-03-05T21:08:11+00:00,1772744891.1235743,180210.6377095395,131062.28197057417,2.999777571958332,5.999555143916664,35.0,7162129.9411135465,3573.735014059693,10.999184430513886,5.999555143916664,1
2026-03-05T21:08:12+00:00,1772744892.1233256,0.0,0.0,0.0,0.0,35.0,4350817.920407053,60.01492394582641,10.002487324304402,1.00024873243044,1
2026-03-05T21:08:13+00:00,1772744893.12344,495559.2877402031,90101.68868003692,22.997368160076896,3.9995422887090255,35.0,6155122.602119204,0.0,5.999313433063538,0.0,1
2026-03-05T21:08:14+00:00,1772744894.1234396,0.0,8192.003906251863,0.0,2.000000953674771,35.0,4090732.950613475,956.0004558565406,4.000001907349542,4.000001907349542,1
2026-03-05T21:08:15+00:00,1772744895.1232996,0.0,8193.146644849903,0.0,2.0002799425903084,35.0,4353265.246897681,0.0,8.001119770361234,0.0,1
2026-03-05T21:08:16+00:00,1772744896.1234035,163822.97052022294,368601.68367050163,1.9997921206081903,7.999168482432761,35.0,4351298.680324406,850.911547318785,7.999168482432761,6.999272422128666,1
2026-03-05T21:08:17+00:00,1772744897.1236546,0.0,69614.52294238607,0.0,1.9994980164977616,35.0,4350496.787056739,1009.7464983313697,4.998745041244404,4.998745041244404,1
2026-03-05T21:08:18+00:00,1772744898.1233096,81948.2714721728,188481.0243859974,1.0003451107442969,5.001725553721484,35.0,2797100.976576115,0.0,3.0010353322328904,0.0,1
2026-03-05T21:08:19+00:00,1772744899.1234083,65529.53188843684,180206.21269320132,0.999901304450025,5.99940782670015,35.0,1556238.3910355833,0.0,0.999901304450025,0.0,1
2026-03-05T21:08:20+00:00,1772744900.123517,98293.31366180663,0.0,2.999673878839314,0.0,35.0,7144436.264947697,1285.8602027291192,12.998586808303694,9.99891292946438,1
2026-03-05T21:08:21+00:00,1772744901.1238747,65512.57087890664,159686.89151733494,1.9992849999666333,9.996424999833167,35.0,5909911.450963868,185.9335049968969,5.9978549998999,0.9996424999833167,1
2026-03-05T21:08:22+00:00,1772744902.1236715,405586.3878294064,848044.2654614862,10.002031739006432,27.005485695317365,35.0,2799988.769080939,550.1117456453537,7.001422217304502,3.0006095217019295,1
2026-03-05T21:08:23+00:00,1772744903.123306,0.0,32779.980941482376,0.0,1.0003656293176995,35.0,4351460.440000181,535.1956116849692,8.002925034541596,5.0018281465884975,1
2026-03-05T21:08:24+00:00,1772744904.123577,65518.23918963465,298926.9663027081,1.9994579830821122,11.996747898492673,35.0,2193191.4654368875,65.9821134417097,1.9994579830821122,0.9997289915410561,1
2026-03-05T21:08:25+00:00,1772744905.123702,8190.976690343442,12286.465035515163,1.9997501685408794,2.999625252811319,35.0,1097512.8862494482,0.0,0.9998750842704397,0.0,1
2026-03-05T21:08:26+00:00,1772744906.1238558,298962.0256246262,1212229.5833546487,9.998462436611268,62.990313350650986,35.0,0.0,0.0,0.0,0.0,1
2026-03-05T21:08:27+00:00,1772744907.1234105,0.0,0.0,0.0,0.0,35.0,2158434.2930439487,576.2566450626796,5.002227821724649,5.002227821724649,1
2026-03-05T21:08:28+00:00,1772744908.1234016,81920.72266262496,184321.62599090615,1.000008821565246,4.000035286260984,35.0,3252723.6938611683,1140.0100565843804,13.000114680348199,8.000070572521969,1
2026-03-05T21:08:29+00:00,1772744909.1234775,0.0,4095.689476667981,0.0,0.9999241886396438,35.0,2537337.6263987552,308.97657428964993,7.999393509117151,0.9999241886396438,1
2026-03-05T21:08:30+00:00,1772744910.1234167,16384.996154312932,49154.988462938796,1.000060800434139,4.000243201736556,35.0,1812380.186802777,421.02559698277247,5.000304002170695,3.0001824013024168,1
2026-03-05T21:08:31+00:00,1772744911.1233335,243220.23789001073,3858753.079450781,5.000416075041339,13.001081795107481,35.0,4350876.02805848,1254.1043516203679,17.001414655140554,8.000665720066143,1
2026-03-05T21:08:32+00:00,1772744912.123616,0.0,20474.215501458828,0.0,3.9988702151286777,35.0,2880328.232339067,880.7511648820912,2.9991526613465083,5.9983053226930165,1
2026-03-05T21:08:33+00:00,1772744913.1232324,0.0,4097.5718920646505,0.0,1.0003837627110963,35.0,4740649.586631987,421.16156410137154,8.00307010168877,3.001151288133289,1
2026-03-05T21:08:34+00:00,1772744914.1232762,5595402.535182363,634852.1496592672,80.99644676537399,10.999517461964368,35.0,5429370.818830809,595.9738552118876,12.999429727776072,4.999780664529259,1
2026-03-05T21:08:35+00:00,1772744915.123834,968675.8072259184,12281.151280201819,29.98327949268022,2.998327949268022,35.0,4347145.766099237,85.95206787901664,5.996655898536044,0.9994426497560074,1
2026-03-05T21:08:36+00:00,1772744916.1234548,19823450.783560243,3094164.953194518,788.2988326892795,192.0728120258143,35.0,4351161.462395957,66.02502913387367,6.002275375806697,1.0003792293011162,1
2026-03-05T21:08:37+00:00,1772744917.1236439,3527525.065181568,380855.9931062381,157.97013322933893,22.995652305536677,35.0,3887217.0596789536,65.9875240071922,3.99924387922377,0.9998109698059425,1
2026-03-05T21:08:38+00:00,1772744918.1233938,2796219.3375027278,0.0,103.02576685653507,0.0,35.0,4626842.178269626,1556.3892546482386,8.002001309245443,2.000500327311361,1
2026-03-05T21:08:39+00:00,1772744919.123801,503602.92335484264,683753.5626037294,28.988195457972953,38.98412492623949,35.0,4493362.217831599,2057.1622845692527,14.993894202399803,6.997150627786574,1
2026-03-05T21:08:40+00:00,1772744920.1234245,299120.60782235896,311413.23554108606,36.01355776970824,25.00941511785295,35.0,5524303.6955908155,1983.7468071480957,24.00903851313883,14.00527246599765,1
2026-03-05T21:08:41+00:00,1772744921.1233885,446480.07382086443,843806.3780467713,37.00133209255838,47.00169211757416,35.0,4753900.146135823,2174.07826943843,37.00133209255838,18.0006480450284,1
2026-03-05T21:08:42+00:00,1772744922.123286,315424.3372995946,0.0,23.00235820151011,0.0,35.0,4310867.950134887,215.02204405759448,18.00184554900791,1.0001025305004394,1
2026-03-05T21:08:43+00:00,1772744923.1237383,462638.7577220443,929371.6637425137,23.989150186084984,37.982821127967895,35.0,2854793.833717689,5471.525338276217,13.993670941882907,10.995027168622284,1
2026-03-05T21:08:44+00:00,1772744924.1234062,11849567.443746839,1339836.9827473084,267.08870472089677,58.01926919030716,35.0,5492958.305276692,438.145515609561,7.002325591933623,4.0013289096763565,1
2026-03-05T21:08:45+00:00,1772744925.123604,3918072.662706841,466851.61593789374,338.93292943681894,26.99465809673779,35.0,5502336.15689034,1167.7689132218422,13.997230124234411,6.998615062117206,1
2026-03-05T21:08:46+00:00,1772744926.1234987,393257.4418671859,180242.99418912688,45.00474264532309,5.000526960591455,35.0,5503825.998753416,0.0,7.000737744828037,0.0,1
2026-03-05T21:08:47+00:00,1772744927.1235623,311276.1848551378,630743.8482590949,25.998345003577242,21.998599618411514,35.0,4221065.296435798,12485.205219794825,11.999236155497188,14.999045194371487,1
2026-03-05T21:08:48+00:00,1772744928.1241379,466675.4084920645,724574.9763429422,30.98216844686729,37.97814196712765,35.0,5390367.614616946,0.0,22.986770137998313,0.0,1
2026-03-05T21:08:49+00:00,1772744929.123484,892487.6710170745,737762.4835043555,83.05431604120756,37.02421317499614,35.0,5576404.869315274,20867.647068955932,7.004580870945216,22.01439702297068,0
2026-03-05T21:08:50+00:00,1772744930.123599,782245.9195530071,1433434.9311180757,53.993782282628416,58.99320656805697,35.0,4285430.506220221,371.9571668358846,16.998042570457095,2.999654571257134,0
2026-03-05T21:08:51+00:00,1772744931.1233277,307283.372229957,413808.2746030088,42.01139854706444,26.00705624342084,35.0,3200640.398850892,9165.486783017892,32.008684607287194,18.004885091599046,0
2026-03-05T21:08:52+00:00,1772744932.1236968,262047.28569453832,331653.59595715004,23.991145540881803,6.9974174494238595,35.0,53.980077466984056,332.87714437973506,0.9996310642034085,2.9988931926102254,0
2026-03-05T21:08:53+00:00,1772744933.1236386,200715.67646051798,147464.57862405403,34.00197803560273,3.0001745325531823,35.0,70.00407242624092,160.00930840283638,1.0000581775177275,2.000116355035455,0
2026-03-05T21:08:54+00:00,1772744934.123396,98327.86516731748,188461.7415706918,8.001942152288205,11.002670459396283,35.0,0.0,60.01456614216154,0.0,1.0002427690360256,0
2026-03-05T21:08:55+00:00,1772744935.1233244,430110.763919157,4096.292989706257,13.000929898970053,1.000071530690004,35.0,0.0,0.0,0.0,0.0,0
2026-03-05T21:08:56+00:00,1772744936.123345,200699.88485000204,221179.4649367369,25.999466906987667,5.999876978535616,35.0,0.0,133.99725252062873,0.0,0.9999794964226025,0
2026-03-05T21:08:57+00:00,1772744937.1236577,106462.69791706391,0.0,25.99186960865818,0.0,35.0,0.0,279.91244193939576,0.0,2.999061877922098,0
2026-03-05T21:08:58+00:00,1772744938.1233737,90137.59515853734,4097.163416297152,22.00624881800228,1.000284037181922,35.0,4796.361958287315,5626.597709148311,11.00312440900114,18.005112669274595,0
2026-03-05T21:08:59+00:00,1772744939.123896,262007.1964301629,192411.53487840088,34.98173475286751,6.9963469505735025,35.0,0.0,0.0,0.0,0.0,0
2026-03-05T21:09:00+00:00,1772744940.1237738,159763.5023806617,4096.500061042608,24.00293004517153,1.0001220852154804,35.0,0.0,0.0,0.0,0.0,0
2026-03-05T21:09:01+00:00,1772744941.1234767,262221.89814116573,151597.03486286142,20.005943156522044,4.001188631304409,35.0,0.0,0.0,0.0,0.0,0
2026-03-05T21:09:02+00:00,1772744942.123755,36853.746017074125,32758.885348510335,8.997496586199738,5.998331057466491,35.0,0.0,0.0,0.0,0.0,0
2026-03-05T21:09:03+00:00,1772744943.123414,77850.54225240253,155701.08450480507,4.001364219387465,5.0017052742343315,35.0,0.0,0.0,0.0,0.0,0
2026-03-05T21:09:04+00:00,1772744944.123485,0.0,20478.545025249117,0.0,3.9997158252439684,35.0,0.0,0.0,0.0,0.0,0
2026-03-05T21:09:05+00:00,1772744945.1236212,65527.07933943204,147435.92851372212,0.9998638815220954,2.9995916445662862,35.0,0.0,0.0,0.0,0.0,0
2026-03-05T21:09:06+00:00,1772744946.1232333,53268.66328887248,118830.09502902323,2.000776115116905,6.0023283453507155,35.0,390.1513424477965,390.1513424477965,5.001940287792262,5.001940287792262,0
2026-03-05T21:09:07+00:00,1772744947.1234565,1810028.0745149264,4566021.047701681,98.97791210991505,411.90807867964645,35.0,0.0,0.0,0.0,0.0,0
2026-03-05T21:09:08+00:00,1772744948.1235106,1253308.1696866706,8191.556664618762,33.998159984989975,0.9999458819114699,35.0,7720.582154238459,0.0,7.9995670552917595,0.0,0
2026-03-05T21:09:09+00:00,1772744949.123658,1293633.3925865607,675740.4345921092,48.99278127221436,13.99793750634696,35.0,427.936946622607,0.0,5.999116074148697,0.0,0
2026-03-05T21:09:10+00:00,1772744950.12368,1118183.2066044298,53246.8193621157,30.999312654476913,6.9998447929464,35.0,427.99051019729416,0.0,5.999866965382628,0.0,0
2026-03-05T21:09:11+00:00,1772744951.1234834,487519.89288511995,397390.16478871123,20.003934680488445,18.0035412124396,35.0,1922.3781227949394,0.0,7.001377138170955,0.0,0
2026-03-05T21:09:12+00:00,1772744952.123328,303151.1245129543,163865.47270970506,14.002176623143741,4.000621892326784,35.0,60.00932838490175,60.00932838490175,1.000155473081696,1.000155473081696,0
2026-03-05T21:09:13+00:00,1772744953.1236825,1380374.6179578535,298902.03073318,61.978027027561666,6.997519180531156,35.0,0.0,0.0,0.0,0.0,0
2026-03-05T21:09:14+00:00,1772744954.1233718,618688.201310708,118820.91283450683,21.006525874904394,10.003107559478282,35.0,0.0,0.0,0.0,0.0,0
2026-03-05T21:09:15+00:00,1772744955.1235855,143329.38154080854,16380.500747520977,13.997009916094584,3.9991456903127385,35.0,0.0,0.0,0.0,0.0,0
2026-03-05T21:09:16+00:00,1772744956.1237912,311743.8570698139,12285.472199795622,26.994445751504053,1.9995885741854853,35.0,1493.6926649165575,0.0,0.9997942870927427,0.0,0
2026-03-05T21:09:17+00:00,1772744957.123363,577783.4067207505,4097.754657593975,21.008996047234735,1.000428383201654,35.0,2.000856766403308,134.05740334902163,2.000856766403308,1.000428383201654,0
2026-03-05T21:09:18+00:00,1772744958.1234603,249831.6976765032,176110.86885392846,15.998443754899025,9.999027346811891,35.0,0.9999027346811891,0.0,0.9999027346811891,0.0,0
2026-03-05T21:09:19+00:00,1772744959.123464,95231.63672013581,159743.39062732458,8.999965667855577,5.999977111903718,35.0,0.0,0.0,0.0,0.0,0
2026-03-05T21:09:20+00:00,1772744960.123701,65520.47242984884,147421.0629671599,0.9997630680824103,2.999289204247231,35.0,0.9997630680824103,0.0,0.9997630680824103,0.0,0
2026-03-05T21:09:21+00:00,1772744961.1234539,508029.60527340614,176171.55666739083,24.0059352290231,7.00173110846507,35.0,1.0002473012092958,0.0,1.0002473012092958,0.0,0
2026-03-05T21:09:22+00:00,1772744962.1234252,163332.67298525767,4096.117190852857,40.001144441922435,1.0000286110480607,35.0,1.0000286110480607,0.0,1.0000286110480607,0.0,0
2026-03-05T21:09:23+00:00,1772744963.1232088,167460.25247699002,65550.19057203279,38.00822817592233,1.0002165309453246,35.0,0.0,0.0,0.0,0.0,0
2026-03-05T21:09:24+00:00,1772744964.1233613,739727.1265981143,1318710.780703628,69.98932047722211,103.98413328044427,35.0,1493.7720684709975,279.95728190888843,0.9998474353888872,2.9995423061666617,0
2026-03-05T21:09:25+00:00,1772744965.1233194,1457725.168582361,749599.4544448811,75.00314725730831,7.000293744015442,35.0,0.0,584.0245066435741,0.0,4.00016785372311,0
2026-03-05T21:09:26+00:00,1772744966.1233115,698373.4946721373,110592.87012403348,59.000464204625786,9.000070810875119,35.0,1.0000078678750133,0.0,1.0000078678750133,0.0,0
2026-03-05T21:09:27+00:00,1772744967.1236284,115163.50948712626,65515.24095267627,33.98923023057546,0.9996832420757488,35.0,0.9996832420757488,0.0,0.9996832420757488,0.0,0
2026-03-05T21:09:28+00:00,1772744968.1234963,151572.02022247392,135185.85587409837,42.00554825633383,3.000396304023845,35.0,1.0001321013412816,0.0,1.0001321013412816,0.0,0
2026-03-05T21:09:29+00:00,1772744969.123446,150023.54713259815,81924.1213010775,40.002012354041746,4.000201235404174,35.0,43.00216328059487,60.003018531062615,2.000100617702087,1.0000503088510435,0
2026-03-05T21:09:30+00:00,1772744970.1235337,170481.0423279818,4095.640656528091,33.997017168446064,0.9999122696601784,35.0,0.9999122696601784,0.0,0.9999122696601784,0.0,0
2026-03-05T21:09:31+00:00,1772744971.123356,196642.9280789897,8193.455336624571,43.007639096051825,2.000355306793108,35.0,1.000177653396554,0.0,1.000177653396554,0.0,0
2026-03-05T21:09:32+00:00,1772744972.1233783,136188.98029156515,118781.36626933502,30.999312654476913,6.9998447929464,35.0,0.0,0.0,0.0,0.0,0
2026-03-05T21:09:33+00:00,1772744973.1236784,2047.385438378592,4094.770876757184,0.9996999210832969,0.9996999210832969,35.0,0.0,832.7500342623863,0.0,4.998499605416484,0
2026-03-05T21:09:34+00:00,1772744974.1232972,165439.07055325859,73756.11814139082,28.010678547620213,3.0011441301021655,35.0,0.0,306.1167012704209,0.0,2.000762753401444,0
2026-03-05T21:09:35+00:00,1772744975.1236148,597826.1462300352,163787.9852685028,41.98666614549022,13.995555381830073,35.0,4680.513592694886,7492.620541915457,19.99365054547153,21.993015600018687,0
2026-03-05T21:09:36+00:00,1772744976.1239457,425843.0778846493,221110.82890164483,36.98775982603108,13.995368582822572,35.0,5039.332359000613,10520.518497544625,24.991729612183164,24.991729612183164,0
2026-03-05T21:09:37+00:00,1772744977.1234276,442597.3023915522,901587.097464273,19.00984869032003,52.02695431034956,35.0,55.02850936671588,372.19282698942374,1.0005183521221068,3.0015550563663207,0
2026-03-05T21:09:38+00:00,1772744978.1238859,106447.22157100214,65505.98250523208,5.99725181627491,0.9995419693791516,35.0,1478.3225727117654,286.8685452118165,2.998625908137455,2.998625908137455,0
2026-03-05T21:09:39+00:00,1772744979.1238005,98312.39134123329,393249.56536493317,12.001024333646642,13.001109694783862,35.0,143.0122066426225,213.0181819222279,2.0001707222744405,2.0001707222744405,0
2026-03-05T21:09:40+00:00,1772744980.1235228,499850.8373912718,1356152.68177468,60.01667008892383,90.02500513338575,35.0,0.0,240.06668035569533,0.0,3.0008335044461916,0
2026-03-05T21:09:41+00:00,1772744981.1233213,475231.7419447764,303165.0767578746,53.010679727642504,12.0024180515417,35.0,0.0,148.02982263568094,0.0,2.000403008590283,0
2026-03-05T21:09:42+00:00,1772744982.1236026,192969.71107409778,683839.6127188186,4.998593726015878,28.991843610892094,35.0,2318.347770126164,4750.66347720549,7.997749961625405,5.998312471219053,0
2026-03-05T21:09:43+00:00,1772744983.1234472,11351268.542362599,573529.1544839677,233.03622522803514,76.01181595420888,35.0,51269.969861113896,14604.270217938923,37.005752504022745,44.006840815594614,0
2026-03-05T21:09:44+00:00,1772744984.1235392,589769.7237450205,798646.5009047153,23.997791493531107,26.997515430222496,35.0,16759.457634294788,20005.158933794868,37.99650319809092,38.99641117698805,0
2026-03-05T21:09:45+00:00,1772744985.123391,249893.05822997546,737389.352154026,8.001186546810178,42.00622937075343,35.0,952.1411990704112,3423.507693716405,13.001928138566539,15.002224775269083,0
2026-03-05T21:09:46+00:00,1772744986.1233313,0.0,12288.732465533349,0.0,2.000119216395402,35.0,0.0,0.0,0.0,0.0,0
2026-03-05T21:09:47+00:00,1772744987.1235247,4095.2081609204993,4095.2081609204993,0.9998066799122313,0.9998066799122313,35.0,0.0,147.9713886270102,0.0,1.9996133598244625,0
2026-03-05T21:09:48+00:00,1772744988.1232066,98335.27557220777,442508.74007493496,3.0009544547182547,24.007635637746038,35.0,0.0,0.0,0.0,0.0,0
2026-03-05T21:09:49+00:00,1772744989.1234155,0.0,4095.14470988134,0.0,0.999791188935874,35.0,253.946961989712,423.9114641088106,1.999582377871748,2.999373566807622,0
2026-03-05T21:09:50+00:00,1772744990.1236408,0.0,65521.237701027996,0.0,0.9997747451939086,35.0,0.0,0.0,0.0,0.0,0
2026-03-05T21:09:51+00:00,1772744991.1234748,81933.59600611216,200737.3102149748,1.0001659668714864,6.0009958012289175,35.0,0.0,0.0,0.0,0.0,0
2026-03-05T21:09:52+00:00,1772744992.1238112,0.0,69608.5830729685,0.0,1.9993274090351705,35.0,276.9068461513711,423.8574107154561,1.9993274090351705,2.998991113552756,0
2026-03-05T21:09:53+00:00,1772744993.1234977,4057336.057751642,299101.7745174147,22.00689961266295,12.00376342508888,35.0,288.0903222021331,444.1392467282886,3.00094085627222,3.00094085627222,0
2026-03-05T21:09:54+00:00,1772744994.12358,16382.652454591553,53243.62047742255,0.9999177523554414,3.999671009421766,35.0,0.0,0.0,0.0,0.0,0
2026-03-05T21:09:55+00:00,1772744995.123606,16383.574229814756,61438.403361805336,1.999948026100434,1.999948026100434,35.0,0.0,147.99615393143213,0.0,1.999948026100434,0
2026-03-05T21:09:56+00:00,1772744996.1232755,717036.943531927,1261985.0206161914,31.01024727886403,147.04859193525846,35.0,0.0,0.0,0.0,0.0,0
2026-03-05T21:09:57+00:00,1772744997.123609,4094.634244606923,0.0,0.999666563624737,0.0,35.0,0.0,0.0,0.0,0.0,0
2026-03-05T21:09:58+00:00,1772744998.1236103,3276796.0937546566,12287.985351579962,51.99993801124333,2.9999964237255767,35.0,0.0,0.0,0.0,0.0,0
2026-03-05T21:09:59+00:00,1772744999.123639,131068.21885908081,77821.75494757923,1.9999423043682985,2.9999134565524477,35.0,2631.9240725486807,11174.677625657867,10.99968267402564,18.999451891498836,0
2026-03-05T21:10:00+00:00,1772745000.12373,0.0,4095.627963482359,0.0,0.9999091707720603,35.0,0.0,0.0,0.0,0.0,0
2026-03-05T21:10:01+00:00,1772745001.1239069,180192.12282678188,188382.67386436288,4.999115623523556,5.998938748228268,35.0,0.0,0.0,0.0,0.0,0
2026-03-05T21:10:02+00:00,1772745002.1236746,590985.2384124312,4096.951392807148,251.058300682274,1.0002322736345577,35.0,0.0,0.0,0.0,0.0,0
2026-03-05T21:10:03+00:00,1772745003.123328,0.0,356475.5760420716,0.0,4.001387123317076,35.0,54.01872616478052,0.0,1.000346780829269,0.0,0
2026-03-05T21:10:04+00:00,1772745004.1235728,49139.9677899074,135134.91142224535,2.9992656121769654,10.997307244648873,35.0,2081.4903348508137,7526.157176156065,10.997307244648873,13.996572856825837,0
2026-03-05T21:10:05+00:00,1772745005.12359,0.0,0.0,0.0,0.0,35.0,703.9879152465111,2292.9606387219455,2.999948502470928,4.99991417078488,0
2026-03-05T21:10:06+00:00,1772745006.1235836,0.0,167937.08106164663,0.0,13.000083685459973,35.0,0.0,0.0,0.0,0.0,0
2026-03-05T21:10:07+00:00,1772745007.1233146,409710.18588296795,962818.9368249747,14.003766119046755,47.012643399656966,35.0,0.0,184.0494975646145,0.0,2.0005380170066793,0
2026-03-05T21:10:08+00:00,1772745008.123968,0.0,241506.23197088236,0.0,5.996082957433851,35.0,0.0,183.87987736130478,0.0,1.998694319144617,0
2026-03-05T21:10:09+00:00,1772745009.1233897,90164.12974897414,180328.25949794828,2.001156999045058,3.0017354985675873,35.0,108.06247794843316,120.0694199427035,2.001156999045058,2.001156999045058,0
2026-03-05T21:10:10+00:00,1772745010.123652,131037.63401283881,282549.89834018366,0.9997378083254914,3.9989512333019657,35.0,89.97640274929422,183.9517567318904,0.9997378083254914,1.9994756166509828,0
2026-03-05T21:10:11+00:00,1772745011.123776,65527.87600719363,307161.9187837201,1.9997520754148446,11.998512452489068,35.0,1032.8719469517673,903.8879380875097,7.999008301659378,11.998512452489068,0
2026-03-05T21:10:12+00:00,1772745012.1237202,0.0,32769.82822699669,0.0,1.0000557930602016,35.0,3873.2160865221613,15424.860552160551,15.000836895903024,28.001562205685648,0
2026-03-05T21:10:13+00:00,1772745013.123764,81916.40640764737,368623.82883441314,4.999780664529259,50.997762778198435,35.0,0.0,0.0,0.0,0.0,0
2026-03-05T21:10:14+00:00,1772745014.1236672,131084.6887282428,4096.396522757587,2.000193614627728,1.000096807313864,35.0,6562.635249593576,74691.22995742863,43.004162714496154,71.00687331928435,0
2026-03-05T21:10:15+00:00,1772745015.1233146,16389.7793816818,172092.68350765892,1.0003527454639771,9.003174709175795,35.0,0.0,0.0,0.0,0.0,0
2026-03-05T21:10:16+00:00,1772745016.1234872,245717.58544639035,622484.5497975223,2.999482244218632,11.997928976874528,35.0,59.989644884372645,59.989644884372645,0.9998274147395441,0.9998274147395441,0
2026-03-05T21:10:17+00:00,1772745017.1234074,147467.77828448423,327706.1739655205,2.0001597532075226,7.000559136226329,35.0,0.0,0.0,0.0,0.0,0
2026-03-05T21:10:18+00:00,1772745018.123413,0.0,4095.9765626341095,0.0,0.9999942779868431,35.0,4721.9729806538735,7913.954715987877,22.999868393697394,24.99985694967108,0
2026-03-05T21:10:19+00:00,1772745019.123637,98281.99711339724,315321.40740548284,0.9997761750630416,7.998209400504333,35.0,0.0,0.0,0.0,0.0,0
2026-03-05T21:10:20+00:00,1772745020.1234074,0.0,65551.05033051211,0.0,1.0002296498186052,35.0,0.0,134.0307730756931,0.0,1.0002296498186052,0
2026-03-05T21:10:21+00:00,1772745021.123338,229391.91516669118,540709.5143214863,5.00034692310205,20.0013876924082,35.0,110.0076323082451,132.00915876989413,2.00013876924082,2.00013876924082,0
2026-03-05T21:10:22+00:00,1772745022.123409,0.0,8191.418010099647,0.0,0.9999289563109921,35.0,54.996092597104564,0.0,0.9999289563109921,0.0,0
2026-03-05T21:10:23+00:00,1772745023.1237962,0.0,69605.04949751282,0.0,1.9992259161739667,35.0,2340.0939348816282,1942.2479775630088,12.994968455130785,10.995742538956817,0
2026-03-05T21:10:24+00:00,1772745024.1234415,12292.360922110582,65559.25825125644,1.0003548927498846,1.0003548927498846,35.0,55.01951910124365,66.02342292149238,1.0003548927498846,1.0003548927498846,0
2026-03-05T21:10:25+00:00,1772745025.1234632,942059.5609903216,151548.71198539957,43.999045392720525,6.999848130660084,35.0,53.99882843652064,0.0,0.9999783043800119,0.0,0
2026-03-05T21:10:26+00:00,1772745026.12342,147462.36355586138,569368.5703962425,3.000129466875435,33.00142413562978,35.0,0.0,148.00638703252145,0.0,2.00008631125029,0
2026-03-05T21:10:27+00:00,1772745027.1234224,0.0,77823.81445356738,0.0,3.9999904632795733,35.0,0.0,0.0,0.0,0.0,0
2026-03-05T21:10:28+00:00,1772745028.1238842,0.0,8188.2185432152255,0.0,1.9990767927771547,35.0,0.0,0.0,0.0,0.0,0
2026-03-05T21:10:29+00:00,1772745029.123337,49178.909255204366,504083.81986584474,3.0016424105959696,67.03668050331,35.0,0.0,0.0,0.0,0.0,0
2026-03-05T21:10:30+00:00,1772745030.123427,0.0,4095.6318690265125,0.0,0.9999101242740509,35.0,0.0,0.0,0.0,0.0,0
2026-03-05T21:10:31+00:00,1772745031.1234176,32768.30469033311,94208.87598470769,1.0000092984110447,5.0000464920552234,35.0,0.0,0.0,0.0,0.0,0
2026-03-05T21:10:32+00:00,1772745032.1234066,0.0,86016.94336972118,0.0,4.000043869499683,35.0,0.0,134.00146962823936,0.0,1.0000109673749207,0
2026-03-05T21:10:33+00:00,1772745033.1234136,0.0,69631.51855801625,0.0,1.999986171818022,35.0,0.0,0.0,0.0,0.0,0
2026-03-05T21:10:34+00:00,1772745034.1233072,131085.9389821973,856155.0389774761,4.000425383978189,30.00319037983642,35.0,0.0,0.0,0.0,0.0,0
2026-03-05T21:10:35+00:00,1772745035.1233,0.0,0.0,0.0,0.0,35.0,0.0,0.0,0.0,0.0,0
2026-03-05T21:10:36+00:00,1772745036.1234496,16381.551147325188,98289.30688395113,0.9998505338943596,9.998505338943596,35.0,1982.7036087125152,532.9203345656937,7.998804271154877,3.9994021355774385,0
2026-03-05T21:10:37+00:00,1772745037.1233978,65539.39080042928,401428.7686526293,3.00015521852551,38.00196610132313,35.0,3582.185330919459,18284.946005173475,12.00062087410204,25.001293487712584,0
2026-03-05T21:10:38+00:00,1772745038.123468,0.0,69627.11948272516,0.0,1.999859819701435,35.0,53.99621513193875,0.0,0.9999299098507175,0.0,0
2026-03-05T21:10:39+00:00,1772745039.1234102,16384.945367045122,65539.78146818049,1.0000577006253126,1.0000577006253126,35.0,0.0,0.0,0.0,0.0,0
2026-03-05T21:10:40+00:00,1772745040.1233997,0.0,4096.042969200765,0.0,1.0000104905275304,35.0,0.0,0.0,0.0,0.0,0
2026-03-05T21:10:41+00:00,1772745041.1236439,81900.0048816207,221130.01318037588,1.9995118379301928,8.997803270685868,35.0,394.9035879912131,563.8623382963144,4.998779594825482,4.998779594825482,0
2026-03-05T21:10:42+00:00,1772745042.1236088,0.0,65538.29695550262,0.0,1.0000350487595004,35.0,0.0,148.00518721640606,0.0,2.000070097519001,0
2026-03-05T21:10:43+00:00,1772745043.1234236,129047.90628413744,305208.5402593092,9.001667570043068,16.002964568965456,35.0,0.0,148.02742226293046,0.0,2.000370571120682,0
2026-03-05T21:10:44+00:00,1772745044.1238017,109526.58450817347,4094.4517573148964,6.997354077442449,0.9996220110632071,35.0,0.0,0.0,0.0,0.0,0
2026-03-05T21:10:45+00:00,1772745045.1233175,208997.20232532566,545031.9197895748,16.007751403594185,63.030521151652096,35.0,1205.583777583187,6235.019171699934,6.002906776347819,8.003875701797092,0
2026-03-05T21:10:46+00:00,1772745046.1236007,376725.2958480197,1228452.0516783253,4.998584194654644,21.993770456480433,35.0,41.98810723509901,279.92071490066,0.9997168389309288,2.999150516792786,0
2026-03-05T21:10:47+00:00,1772745047.1233194,0.0,12291.45800410386,0.0,3.000844239283169,35.0,0.0,306.0861124068833,0.0,2.0005628261887796,0
2026-03-05T21:10:48+00:00,1772745048.1235323,0.0,384942.0428399429,0.0,30.993401263397168,35.0,0.0,0.0,0.0,0.0,0
2026-03-05T21:10:49+00:00,1772745049.1238506,0.0,90083.32748551531,0.0,6.997772687306987,35.0,0.0,0.0,0.0,0.0,0
2026-03-05T21:10:50+00:00,1772745050.1235597,0.0,0.0,0.0,0.0,35.0,0.0,306.0890323208407,0.0,2.00058191059373,0
2026-03-05T21:10:51+00:00,1772745051.1232903,0.0,16388.41525202627,0.0,3.0008084567919195,35.0,0.0,0.0,0.0,0.0,0
2026-03-05T21:10:52+00:00,1772745052.1231709,0.0,4096.489316260206,0.0,1.0001194619775893,35.0,0.0,134.01600790499697,0.0,1.0001194619775893,0
2026-03-05T21:10:53+00:00,1772745053.123501,0.0,69609.01442599774,0.0,1.9993397985408357,35.0,0.0,0.0,0.0,0.0,0
2026-03-05T21:10:54+00:00,1772745054.1237273,0.0,0.0,0.0,0.0,35.0,0.0,0.0,0.0,0.0,0
2026-03-05T21:10:55+00:00,1772745055.1234558,0.0,4097.112606825632,0.0,1.000271632525789,35.0,0.0,0.0,0.0,0.0,0
2026-03-05T21:10:56+00:00,1772745056.1233654,32770.96120507639,98312.88361522918,1.0000903688072629,6.000542212843578,35.0,0.0,0.0,0.0,0.0,0
2026-03-05T21:10:57+00:00,1772745057.1236308,0.0,0.0,0.0,0.0,35.0,0.0,59.98408263111867,0.0,0.9997347105186445,0
2026-03-05T21:10:58+00:00,1772745058.1234229,0.0,4096.851739577511,0.0,1.0002079442327907,35.0,70.01455609629535,160.03327107724652,1.0002079442327907,2.0004158884655814,0
2026-03-05T21:10:59+00:00,1772745059.123388,0.0,143364.99040808668,0.0,4.000139241297061,35.0,55.00191456783459,60.00208861945592,1.0000348103242653,1.0000348103242653,0
2026-03-05T21:11:00+00:00,1772745060.1237662,0.0,69605.67987435324,0.0,1.9992440221264143,35.0,0.0,65.97505273017167,0.0,0.9996220110632071,0
2026-03-05T21:11:01+00:00,1772745061.1236887,0.0,4096.317407407142,0.0,1.0000774920427593,35.0,0.0,0.0,0.0,0.0,0
2026-03-05T21:11:02+00:00,1772745062.1238227,0.0,94195.37864427612,0.0,8.998794240388131,35.0,0.0,0.0,0.0,0.0,0
2026-03-05T21:11:03+00:00,1772745063.123565,180270.46119321583,528520.2157710191,3.000773390778406,13.00335136003976,35.0,0.0,0.0,0.0,0.0,0
2026-03-05T21:11:04+00:00,1772745064.1234844,0.0,290839.437435592,0.0,8.000644735794234,35.0,0.0,0.0,0.0,0.0,0
2026-03-05T21:11:05+00:00,1772745065.123344,0.0,0.0,0.0,0.0,35.0,54.007584206365955,0.0,1.000140448266036,0.0,0
2026-03-05T21:11:06+00:00,1772745066.123407,204787.11018631715,221170.07900122253,3.999748245826507,8.999433553109641,35.0,109.99307676022894,265.9832583474627,1.9998741229132535,2.9998111843698805,0
2026-03-05T21:11:07+00:00,1772745067.123449,155641.43191779865,69629.06164743623,2.999873405076814,1.9999156033845427,35.0,54.99767909307492,0.0,0.9999578016922713,0.0,0
2026-03-05T21:11:08+00:00,1772745068.123351,208916.4717325883,4096.40140652134,5.000489998194994,1.000097999638999,35.0,483.0473338256365,66.00646797617392,7.000685997472992,1.000097999638999,0
2026-03-05T21:11:09+00:00,1772745069.1234531,581572.6544933026,131058.6263646879,13.998571541638418,1.9997959345197738,35.0,737.9246998377965,406.958472674774,8.999081705338982,2.999693901779661,0
2026-03-05T21:11:10+00:00,1772745070.123388,570917.1600114544,4096.266618916265,36.00234333031873,1.0000650925088537,35.0,428.02785959378934,0.0,6.000390555053122,0.0,0
2026-03-05T21:11:11+00:00,1772745071.123289,0.0,12289.215940622176,0.0,3.000296860503461,35.0,5429.5372185577635,0.0,33.00326546553807,0.0,0
2026-03-05T21:11:12+00:00,1772745072.1235528,32759.361652853953,131037.44661141581,0.9997363785660996,1.9994727571321993,35.0,2992.210981048336,0.0,17.995254814189792,0.0,0
2026-03-05T21:11:13+00:00,1772745073.1235242,61441.75786279286,4096.117190852857,1.0000286110480607,1.0000286110480607,35.0,1651.0472368403484,0.0,9.000257499432548,0.0,0
2026-03-05T21:11:14+00:00,1772745074.1232514,0.0,4097.1174922969785,0.0,1.000272825267817,35.0,5002.364399164353,148.04037813963694,27.00736628223106,2.000545650535634,0
2026-03-05T21:11:15+00:00,1772745075.1234298,229335.1010438011,503718.1683640632,0.9998216947012815,5.998930168207688,35.0,2992.466332240935,0.0,17.996790504623064,0.0,0
2026-03-05T21:11:16+00:00,1772745076.1235917,32762.696171116782,90097.41447057115,0.9998381399876948,4.999190699938474,35.0,1650.7327691196842,0.0,8.998543259889253,0.0,0
2026-03-05T21:11:17+00:00,1772745077.1233969,0.0,69645.56611907942,0.0,2.0003896518577498,35.0,5003.9747141221615,0.0,29.00564995193737,0.0,0
2026-03-05T21:11:18+00:00,1772745078.1235702,28667.03113469245,147430.44583556117,2.999480099193546,14.99740049596773,35.0,2993.4811389951587,0.0,18.996707294892456,0.0,0
2026-03-05T21:11:19+00:00,1772745079.1234214,0.0,8193.218931344309,0.0,2.0002975906602316,35.0,1693.251910493886,60.00892771980695,10.001487953301158,1.0001487953301158,0
2026-03-05T21:11:20+00:00,1772745080.1237242,0.0,0.0,0.0,0.0,35.0,1.9993946001190779,0.0,1.9993946001190779,0.0,0
2026-03-05T21:11:21+00:00,1772745081.1236227,49156.99269458959,139278.14596800384,2.0002031532629228,9.000914189683153,35.0,1.0001015766314614,0.0,1.0001015766314614,0.0,0
2026-03-05T21:11:22+00:00,1772745082.1237442,65528.0322188302,69623.5342325071,1.9997568426156678,1.9997568426156678,35.0,0.0,0.0,0.0,0.0,0
2026-03-05T21:11:23+00:00,1772745083.123664,0.0,12288.987384020904,0.0,3.0002410605519785,35.0,376.03021292251464,2.0001607070346523,39.00313378717572,2.0001607070346523,0
2026-03-05T21:11:24+00:00,1772745084.123709,0.0,0.0,0.0,0.0,35.0,139.99369172865468,0.0,14.99932411378443,0.0,0
2026-03-05T21:11:25+00:00,1772745085.123434,196662.06173638868,4097.126286174765,4.0010998888425435,1.0002749722106359,35.0,1.0002749722106359,0.0,1.0002749722106359,0.0,0
2026-03-05T21:11:26+00:00,1772745086.123481,0.0,102395.190655575,0.0,7.999624269966797,35.0,840.9605013802595,204.99037191789918,5.999718202475098,2.999859101237549,0
2026-03-05T21:11:27+00:00,1772745087.123292,0.0,131096.78593617617,0.0,2.0003782033718287,35.0,893.1688678055215,701.1325602818259,5.000945508429571,5.000945508429571,0
2026-03-05T21:11:28+00:00,1772745088.1235635,147415.96790231686,339875.70377478615,4.9986425748127195,15.995656239400702,35.0,2.9991855448876317,1.9994570299250878,2.9991855448876317,1.9994570299250878,0
2026-03-05T21:11:29+00:00,1772745089.1235933,0.0,4095.8779333253706,0.0,0.9999701985657643,35.0,0.9999701985657643,0.0,0.9999701985657643,0.0,0
2026-03-05T21:11:30+00:00,1772745090.1233788,24581.274569299785,69646.94461301606,2.000429245548485,2.000429245548485,35.0,1.0002146227742426,0.0,1.0002146227742426,0.0,0
2026-03-05T21:11:31+00:00,1772745091.123597,32760.85312161296,159709.1589678632,0.9997818945804736,5.9986913674828415,35.0,0.9997818945804736,133.97077387378346,0.9997818945804736,0.9997818945804736,0
2026-03-05T21:11:32+00:00,1772745092.1235814,0.0,4096.063477546225,0.0,1.0000154974478088,35.0,1.0000154974478088,0.0,1.0000154974478088,0.0,0
2026-03-05T21:11:33+00:00,1772745093.1232717,344170.5916057815,1134943.4985095414,14.004337223542542,56.01734889417017,35.0,1.00030980168161,0.0,1.00030980168161,0.0,0
2026-03-05T21:11:34+00:00,1772745094.1234822,20475.68938404891,73712.48178257608,1.9995790414110266,11.997474248466158,35.0,0.9997895207055133,0.0,0.9997895207055133,0.0,0
2026-03-05T21:11:35+00:00,1772745095.1235256,0.0,65533.15637339116,0.0,0.9999566097014032,35.0,0.9999566097014032,0.0,0.9999566097014032,0.0,0
2026-03-05T21:11:36+00:00,1772745096.1236641,32763.461566169277,159721.8751350752,0.9998614979910058,7.998891983928046,35.0,108.98490328101963,230.96800603592231,2.999584493973017,2.999584493973017,0
2026-03-05T21:11:37+00:00,1772745097.1236444,0.0,65537.29690066403,0.0,2.000039578267335,35.0,1.0000197891336675,0.0,1.0000197891336675,0.0,0
2026-03-05T21:11:38+00:00,1772745098.1236923,0.0,4095.80372034364,0.0,0.9999520801620215,35.0,0.9999520801620215,0.0,0.9999520801620215,0.0,0
2026-03-05T21:11:39+00:00,1772745099.1233683,0.0,0.0,0.0,0.0,35.0,1.0003241158660559,0.0,1.0003241158660559,0.0,0
2026-03-05T21:11:40+00:00,1772745100.1236215,0.0,69614.37360363791,0.0,1.9994937271265487,35.0,0.9997468635632744,0.0,0.9997468635632744,0.0,0
2026-03-05T21:11:41+00:00,1772745101.123719,36860.40562393661,208875.6318689741,1.9998049926180885,5.999414977854266,35.0,0.9999024963090443,0.0,0.9999024963090443,0.0,0
2026-03-05T21:11:42+00:00,1772745102.1234164,0.0,77847.55302447989,0.0,3.000907934229025,35.0,1.0003026447430083,0.0,1.0003026447430083,0.0,0
2026-03-05T21:11:43+00:00,1772745103.1237338,4094.700607655337,4094.700607655337,0.9996827655408538,0.9996827655408538,35.0,0.9996827655408538,59.98096593245123,0.9996827655408538,0.9996827655408538,0
2026-03-05T21:11:44+00:00,1772745104.1234312,0.0,73750.31339161252,0.0,2.0006052894860167,35.0,109.03298827698791,291.08806962021544,3.000907934229025,4.001210578972033,0
2026-03-05T21:11:45+00:00,1772745105.1236637,0.0,4095.0480728456914,0.0,0.9997675959095926,35.0,108.9746679541456,119.97211150915112,2.999302787728778,1.9995351918191853,0
2026-03-05T21:11:46+00:00,1772745106.1234689,180259.11230820557,118807.14220313547,6.00116895557325,5.000974129644375,35.0,1707.3325678605895,4312.840089405308,12.0023379111465,11.002143085217625,0
2026-03-05T21:11:47+00:00,1772745107.1232898,32773.86823822186,94224.87118488784,2.0003581688367835,4.000716337673567,35.0,867.1552661907457,1559.2791926082728,7.0012535909287426,7.0012535909287426,0
2026-03-05T21:11:48+00:00,1772745108.1233344,415213.4880079609,1257415.9390228754,13.999375847987277,50.99772630338222,35.0,53.997592556522356,253.98867609919773,0.9999554177133769,2.9998662531401306,0
2026-03-05T21:11:49+00:00,1772745109.1233597,38399.029565540804,8191.792973982038,41.998938587310256,1.9999494565385836,35.0,3062.9225926888407,1421.9640635989329,16.99957038057796,13.999646195770085,0
2026-03-05T21:11:50+00:00,1772745110.1237788,81885.67844803057,216997.047887281,1.999162071485121,4.997905178712803,35.0,7271.952035027128,7659.789476895241,7.996648285940484,12.994553464653286,0
2026-03-05T21:11:51+00:00,1772745111.123612,77836.99044926513,307251.2780892044,2.0003338417265915,33.00550838848876,35.0,0.0,0.0,0.0,0.0,0
2026-03-05T21:11:52+00:00,1772745112.1232731,7170.429289822779,69655.59881542127,10.003389076203653,2.0006778152407305,35.0,55.01863991912009,0.0,1.0003389076203653,0.0,0
2026-03-05T21:11:53+00:00,1772745113.1233897,0.0,8191.045033211412,0.0,1.99976685381138,35.0,0.0,0.0,0.0,0.0,0
2026-03-05T21:11:54+00:00,1772745114.123633,16380.01659371243,0.0,0.9997568721748309,0.0,35.0,0.0,0.0,0.0,0.0,0
2026-03-05T21:11:55+00:00,1772745115.123567,4096.269548987274,4096.269548987274,1.0000658078582212,1.0000658078582212,35.0,592.038958252067,753.0495533172406,7.000460655007549,5.000329039291106,0
2026-03-05T21:11:56+00:00,1772745116.1236553,0.0,16382.554814986814,0.0,2.99973537872073,35.0,0.0,0.0,0.0,0.0,0
2026-03-05T21:11:57+00:00,1772745117.1233902,0.0,65553.37960770697,0.0,1.0002651917679897,35.0,4797.271859719278,5186.375019317026,11.002917109447885,14.003712684751855,0
2026-03-05T21:11:58+00:00,1772745118.123327,278545.59876815643,737326.5849745317,4.000252739662173,19.00120051339532,35.0,0.0,0.0,0.0,0.0,0
2026-03-05T21:11:59+00:00,1772745119.1233134,0.0,204802.78324094886,0.0,9.00012231039326,35.0,0.0,0.0,0.0,0.0,0
2026-03-05T21:12:00+00:00,1772745120.1237109,0.0,4094.3727170659663,0.0,0.9996027141274332,35.0,353.85936080111134,299.88081423822996,4.998013570637166,3.9984108565097327,0
2026-03-05T21:12:01+00:00,1772745121.1238017,49147.53556178831,196590.14224715324,0.9999091707720603,5.999455024632362,35.0,0.0,0.0,0.0,0.0,0
2026-03-05T21:12:02+00:00,1772745122.1233056,0.0,12294.099706050942,0.0,2.0009927906983958,35.0,0.0,0.0,0.0,0.0,0
2026-03-05T21:12:03+00:00,1772745123.1235588,4094.9631531551718,4094.9631531551718,0.9997468635632744,0.9997468635632744,35.0,0.0,133.96607971747875,0.0,0.9997468635632744,0
2026-03-05T21:12:04+00:00,1772745124.1233127,0.0,12291.024181593753,0.0,3.0007383255844124,35.0,0.0,0.0,0.0,0.0,0
2026-03-05T21:12:05+00:00,1772745125.1236148,65516.209103361616,0.0,0.9996980148828372,0.0,35.0,0.0,0.0,0.0,0.0,0
2026-03-05T21:12:06+00:00,1772745126.1235392,0.0,147467.14537360272,0.0,5.000377922010727,35.0,0.0,0.0,0.0,0.0,0
2026-03-05T21:12:07+00:00,1772745127.123374,0.0,126996.9829590775,0.0,15.002478770682355,35.0,0.0,0.0,0.0,0.0,0
2026-03-05T21:12:08+00:00,1772745128.123725,46063.83379856313,4094.5630043167225,8.996842538781861,0.9996491709757623,35.0,0.0,0.0,0.0,0.0,1
2026-03-05T21:12:09+00:00,1772745129.1234043,67605.67931525207,65557.02236630504,15.004811637795648,1.0003207758530432,35.0,0.0,0.0,0.0,0.0,1
2026-03-05T21:12:10+00:00,1772745130.123315,0.0,4096.365266945323,0.0,1.000089176500323,35.0,0.0,0.0,0.0,0.0,1
2026-03-05T21:12:11+00:00,1772745131.1236637,49134.873157368645,245674.3657868432,0.999651553494642,7.997212427957136,35.0,0.0,0.0,0.0,0.0,1
2026-03-05T21:12:12+00:00,1772745132.1234705,0.0,0.0,0.0,0.0,35.0,0.0,0.0,0.0,0.0,1
2026-03-05T21:12:13+00:00,1772745133.1235948,3071.618455597075,4095.4912741294334,2.9996273980440185,0.9998757993480062,35.0,149.98136990220092,497.9381480753071,2.9996273980440185,6.999130595436044,1
2026-03-05T21:12:14+00:00,1772745134.1233935,565361.7650799102,696460.1453882951,16.003220252488397,9.001811392024724,35.0,42.00845316278205,148.02978733551768,1.0002012657805248,2.0004025315610496,1
2026-03-05T21:12:15+00:00,1772745135.1235185,81909.76690343441,188392.46387789916,0.9998750842704397,4.999375421352198,35.0,2970096.9418226443,0.0,1.9997501685408794,0.0,1
2026-03-05T21:12:16+00:00,1772745136.1236877,0.0,8190.6135159501255,0.0,1.999661502917511,35.0,5727454.47259437,147.97495121589583,3.999323005835022,1.999661502917511,1
2026-03-05T21:12:17+00:00,1772745137.1238127,8190.976690343442,102387.20862929302,0.9998750842704397,2.999625252811319,35.0,4348902.685779727,0.0,2.999625252811319,0.0,1
2026-03-05T21:12:18+00:00,1772745138.123415,81952.59108589441,200783.8481604413,1.0003978404039846,5.001989202019923,35.0,5873351.72737724,0.0,4.001591361615938,0.0,1
2026-03-05T21:12:19+00:00,1772745139.1234815,16382.910228740258,53244.45824340584,0.9999334856408849,5.99960091384531,35.0,4361399.8849849915,119.9920182769062,4.9996674282044244,1.9998669712817698,1
2026-03-05T21:12:20+00:00,1772745140.123637,0.0,0.0,0.0,0.0,35.0,2815770.2915673014,897.8604285718372,8.998601177223312,11.998134902964416,1
2026-03-05T21:12:21+00:00,1772745141.12358,32769.867293902214,126983.2357638711,1.0000569852875432,7.000398897012802,35.0,0.0,148.00843382255638,0.0,2.0001139705750863,1
2026-03-05T21:12:22+00:00,1772745142.1234043,0.0,36870.47867746002,0.0,2.0003514907476143,35.0,0.0,0.0,0.0,0.0,1
2026-03-05T21:12:23+00:00,1772745143.1233957,0.0,24576.210939310506,0.0,6.000051498855104,35.0,0.0,282.0024204461899,0.0,3.000025749427552,1
2026-03-05T21:12:24+00:00,1772745144.1235416,1023.8506077356495,98289.65834262235,0.9998541091168452,1.9997082182336905,35.0,0.0,0.0,0.0,0.0,1
2026-03-05T21:12:25+00:00,1772745145.1234848,16384.92974025683,122886.97305192622,1.0000567468418475,7.0003972278929325,35.0,0.0,0.0,0.0,0.0,1
2026-03-05T21:12:26+00:00,1772745146.1233125,32773.6494113265,163868.2470566325,1.0001724063515167,8.001379250812134,35.0,0.0,0.0,0.0,0.0,1
2026-03-05T21:12:27+00:00,1772745147.123692,0.0,65511.134438031826,0.0,0.9996205816350071,35.0,0.0,147.94384608198106,0.0,1.9992411632700142,1
2026-03-05T21:12:28+00:00,1772745148.1232686,180300.34482679662,573682.9153579893,4.001694443066332,23.009743047631407,35.0,0.0,148.06269439345425,0.0,2.000847221533166,1
2026-03-05T21:12:29+00:00,1772745149.1233895,0.0,315353.8805843696,0.0,2.9996374091705205,35.0,0.0,0.0,0.0,0.0,1
2026-03-05T21:12:30+00:00,1772745150.1235485,0.0,4095.348736379822,0.0,0.99984100009273,35.0,0.0,0.0,0.0,0.0,1
2026-03-05T21:12:31+00:00,1772745151.1232448,0.0,139306.3136338161,0.0,4.001215350235987,35.0,0.0,0.0,0.0,0.0,1
2026-03-05T21:12:32+00:00,1772745152.123685,0.0,4094.1980586966624,0.0,0.9995600729239899,35.0,0.0,0.0,0.0,0.0,1
2026-03-05T21:12:33+00:00,1772745153.1237025,511.9909669562448,4095.9277356499583,0.9999823573364156,0.9999823573364156,35.0,0.0,0.0,0.0,0.0,1
2026-03-05T21:12:34+00:00,1772745154.1233304,9219.431208638354,4097.524981617046,13.00484002954629,1.0003723099650992,35.0,0.0,0.0,0.0,0.0,1
2026-03-05T21:12:35+00:00,1772745155.1236618,0.0,65514.288445248865,0.0,0.9996687079658335,35.0,54.98177893812085,213.92910350468838,0.9996687079658335,2.9990061238975008,1
2026-03-05T21:12:36+00:00,1772745156.1234705,36871.05017620118,192548.81758682837,2.0003824965386925,8.00152998615477,35.0,0.0,0.0,0.0,0.0,1
2026-03-05T21:12:37+00:00,1772745157.1234002,0.0,69636.8978054172,0.0,2.000140676855963,35.0,55.00386861353898,0.0,1.0000703384279814,0.0,1
2026-03-05T21:12:38+00:00,1772745158.123356,0.0,4096.18067203148,0.0,1.0000441093826855,35.0,0.0,0.0,0.0,0.0,1
2026-03-05T21:12:39+00:00,1772745159.12367,0.0,0.0,0.0,0.0,35.0,0.0,0.0,0.0,0.0,1
2026-03-05T21:12:40+00:00,1772745160.123685,0.0,86014.72853441974,0.0,5.999911309599591,35.0,0.0,0.0,0.0,0.0,1
2026-03-05T21:12:41+00:00,1772745161.1235695,167955.38114272905,32771.78168638616,46.00530876384776,7.000807855368137,35.0,883.101905184295,3925.4529760457053,6.000692447458403,5.000577039548669,1
2026-03-05T21:12:42+00:00,1772745162.1235251,295437.10141107143,0.0,18.00079826080239,0.0,35.0,558.0247460848741,1502.0666104291772,6.00026608693413,6.00026608693413,1
2026-03-05T21:12:43+00:00,1772745163.1234844,16384.667995983913,126981.17696887533,1.0000407712392525,9.000366941153272,35.0,54.00220164691964,60.00244627435515,1.0000407712392525,1.0000407712392525,1
2026-03-05T21:12:44+00:00,1772745164.1236262,0.0,4095.419027728677,0.0,0.9998581610665715,35.0,143.9795751935863,755.8927697663281,1.999716322133143,5.99914896639943,1
2026-03-05T21:12:45+00:00,1772745165.123447,0.0,94224.89365387624,0.0,3.0005379687672886,35.0,0.0,0.0,0.0,0.0,1
2026-03-05T21:12:46+00:00,1772745166.1236002,36858.34949905207,98288.9319974722,1.99969344070378,3.99938688140756,35.0,0.0,0.0,0.0,0.0,1
2026-03-05T21:12:47+00:00,1772745167.1234095,0.0,4096.781399040039,0.0,1.0001907712500095,35.0,0.0,0.0,0.0,0.0,1
2026-03-05T21:12:48+00:00,1772745168.1233296,0.0,4096.327174569006,0.0,1.0000798766037613,35.0,0.0,0.0,0.0,0.0,1
2026-03-05T21:12:49+00:00,1772745169.1239076,0.0,69591.78105609895,0.0,1.998844814341077,35.0,83.95148220232524,59.965344430232314,1.998844814341077,0.9994224071705385,1
2026-03-05T21:12:50+00:00,1772745170.1235743,0.0,0.0,0.0,0.0,35.0,5779074.218451832,0.0,5.001667101528152,0.0,1
2026-03-05T21:12:51+00:00,1772745171.1238427,0.0,73708.21234343083,0.0,2.9991948381929863,35.0,4352819.445051401,147.96027868418733,3.9989264509239817,1.9994632254619908,1
2026-03-05T21:12:52+00:00,1772745172.1232696,105532.48681695652,282786.08117941744,12.006881843555428,7.004014408740667,35.0,5824392.298579642,0.0,5.002867434814762,0.0,1
2026-03-05T21:12:53+00:00,1772745173.123304,5119.824224784763,69629.60945707277,1.9999313378065482,1.9999313378065482,35.0,5794841.0499212295,483.9833837491846,3.9998626756130964,5.999794013419645,1
2026-03-05T21:12:54+00:00,1772745174.1234004,4095.6045303738592,0.0,0.9999034497983055,0.0,35.0,7358567.460224774,519.9497938951188,4.999517248991527,6.999324148588138,1
2026-03-05T21:12:55+00:00,1772745175.1234052,0.0,4095.980468843132,0.0,0.9999952316511552,35.0,5689032.872577321,183.99912262381255,3.999980926604621,1.9999904633023105,1
2026-03-05T21:12:56+00:00,1772745176.1233962,180225.63282729327,491524.45316534524,7.00006341991662,38.00034427954736,35.0,5892265.3833705345,184.0016670378083,4.000036239952354,2.000018119976177,1
2026-03-05T21:12:57+00:00,1772745177.1233704,32768.84377172645,90114.32037224775,1.0000257498695817,5.000128749347908,35.0,4355614.153608463,2881.0741853742647,3.000077249608745,15.000386248043725,1
2026-03-05T21:12:58+00:00,1772745178.123719,196539.49262947458,761590.533939214,1.999303106989284,14.99477330241963,35.0,4352470.86809703,7755.296752011433,2.998954660483926,17.993727962903556,1
2026-03-05T21:12:59+00:00,1772745179.1235938,2274588.70970931,4096.51275949448,82.01026520472347,1.000125185423457,35.0,2796432.0287091904,2454.3072050291635,2.000250370846914,3.000375556270371,1
2026-03-05T21:13:00+00:00,1772745180.1234062,0.0,4096.768698922647,0.0,1.0001876706354118,35.0,5913003.488903467,698.1309941035174,4.000750682541647,2.0003753412708236,1
2026-03-05T21:13:01+00:00,1772745181.1234446,0.0,0.0,0.0,0.0,35.0,5789294.77565506,3993.8466946320927,8.999654544739316,7.999692928657171,1
2026-03-05T21:13:02+00:00,1772745182.123967,81877.22937356055,257913.27252671574,0.9994778976264717,6.996345283385302,35.0,5707585.499415107,119.9373477151766,10.994256873891187,1.9989557952529433,1
2026-03-05T21:13:03+00:00,1772745183.1232557,16395.66063682548,110670.70929857198,1.0007117087906177,5.003558543953088,35.0,5455517.978687865,160.1138734064988,5.003558543953088,2.0014234175812353,1
2026-03-05T21:13:04+00:00,1772745184.1236136,0.0,4094.534704067515,0.0,0.9996422617352332,35.0,6123246.696438943,2765.010495959655,14.994633926028497,2.9989267852056996,1
2026-03-05T21:13:05+00:00,1772745185.1238039,16380.883405457125,53237.87106773566,0.9998097781651077,3.999239112660431,35.0,5486930.067515879,0.0,32.99372267944856,0.0,1
2026-03-05T21:13:06+00:00,1772745186.1233332,0.0,8195.857284135553,0.0,1.0004708598798282,35.0,4684454.683672326,70.03296019158797,45.02118869459227,1.0004708598798282,1
2026-03-05T21:13:07+00:00,1772745187.1234274,114677.20023582145,274406.15770714416,1.9998116670588284,8.999152501764728,35.0,6380633.101716237,0.0,6.999340834705899,0.0,1
2026-03-05T21:13:08+00:00,1772745188.1234434,0.0,4095.93457135766,0.0,0.9999840262103662,35.0,6667424.494262429,0.0,48.999217284307946,0.0,1
2026-03-05T21:13:09+00:00,1772745189.1237664,147408.37866566374,278438.04859069816,1.9993540943151005,2.9990311414726505,35.0,5471281.463268583,0.0,8.997093424417953,0.0,1
2026-03-05T21:13:10+00:00,1772745190.1235516,0.0,4096.880071865261,0.0,1.0002148612952297,35.0,4680930.534747078,1368.2939302518741,11.002363474247526,3.000644583885689,1
2026-03-05T21:13:11+00:00,1772745191.1236742,32763.9848670431,4095.4981083803873,2.9996324035989166,0.9998774678663055,35.0,4025383.7007011985,0.0,8.99889721079675,0.0,1
2026-03-05T21:13:12+00:00,1772745192.1235764,16385.60171907063,36867.60386790892,1.0000977611737445,3.0002932835212337,35.0,5219204.185650853,1571.1535828039525,6.000586567042467,4.000391044694978,1
2026-03-05T21:13:13+00:00,1772745193.1238897,81894.34397507114,196546.42554017072,0.9996868161019425,5.998120896611655,35.0,5238037.017219394,0.0,5.998120896611655,0.0,1
2026-03-05T21:13:14+00:00,1772745194.1234627,229473.98715376673,483534.47293115134,2.000854380177235,7.002990330620323,35.0,5812662.051309084,0.0,12.00512628106341,0.0,1
2026-03-05T21:13:15+00:00,1772745195.123963,0.0,12281.853661814654,0.0,1.998999619435979,35.0,7479682.863038654,0.0,8.995498287461904,0.0,1
2026-03-05T21:13:16+00:00,1772745196.1236532,0.0,0.0,0.0,0.0,35.0,5011103.162124339,234.0725494180306,6.0018602414879645,3.0009301207439822,1
2026-03-05T21:13:17+00:00,1772745197.1236734,49151.00392643601,147453.01177930803,0.9999797348314617,6.999858143820232,35.0,4904708.603239233,0.0,4.999898674157309,0.0,1
2026-03-05T21:13:18+00:00,1772745198.1233277,81948.33010641439,184383.74273943237,1.0003458264943164,4.001383305977265,35.0,4350950.1536623975,141.0487615356986,6.002074958965897,1.0003458264943164,1
2026-03-05T21:13:19+00:00,1772745199.1234589,0.0,135150.27771455215,0.0,3.9994755478974953,35.0,6218420.577150957,0.0,6.999082208820617,0.0,1
2026-03-05T21:13:20+00:00,1772745200.123608,0.0,0.0,0.0,0.0,35.0,5461420.882766577,0.0,5.999104633450379,0.0,1
2026-03-05T21:13:21+00:00,1772745201.1234896,0.0,4096.48540908058,0.0,1.0001185080763135,35.0,5717044.435656671,194.02299056680482,9.00106657268682,2.000237016152627,1
2026-03-05T21:13:22+00:00,1772745202.1233838,0.0,12289.300918962483,0.0,3.000317607168575,35.0,5514337.735932053,126.01333950108015,6.00063521433715,2.0002117381123834,1
2026-03-05T21:13:23+00:00,1772745203.1235127,81909.43495647634,249823.77661725285,0.9998710321835491,4.999355160917745,35.0,6295637.960592108,147.98091276316526,5.999226193101294,1.9997420643670982,1
2026-03-05T21:13:24+00:00,1772745204.1235409,73725.92583960317,65534.15630186948,9.999718673991316,0.9999718673991315,35.0,5587596.801946967,59.99831204394789,7.999774939193052,0.9999718673991315,1
2026-03-05T21:13:25+00:00,1772745205.1233,0.0,94230.69101093317,0.0,7.001686025353815,35.0,4350715.664361239,242.05828830508904,34.008189266004244,3.0007225822944923,1
2026-03-05T21:13:26+00:00,1772745206.1233983,0.0,4095.597695767723,0.0,0.9999017811932918,35.0,4349198.784924652,147.98546361660718,38.996169466538376,1.9998035623865835,1
2026-03-05T21:13:27+00:00,1772745207.1234598,49148.97674846623,200691.6550562371,0.9999384917900844,5.999630950740507,35.0,0.0,0.0,0.0,0.0,1
2026-03-05T21:13:28+00:00,1772745208.1234336,311304.16427661665,921624.1705557731,2.000052453463049,9.00023604058372,35.0,1.0000262267315245,1008.0264365453768,1.0000262267315245,6.000157360389148,1
2026-03-05T21:13:29+00:00,1772745209.1233697,163850.46941895588,495647.6699923415,10.000639002621819,52.00332281363345,35.0,61.00389791599309,672.0429409761862,2.0001278005243637,3.0001917007865453,1
2026-03-05T21:13:30+00:00,1772745210.1233091,16384.992247588845,49154.976742766536,1.0000605619866239,4.000242247946495,35.0,1.0000605619866239,612.0370639358139,1.0000605619866239,2.0001211239732477,1
2026-03-05T21:13:31+00:00,1772745211.1233451,16383.410177484322,131067.28141987458,0.9999640000905958,1.9999280001811917,35.0,0.9999640000905958,0.0,0.9999640000905958,0.0,1
2026-03-05T21:13:32+00:00,1772745212.1236067,32759.43192843783,94183.36679425876,0.9997385232067209,5.998431139240325,35.0,0.0,611.8399762025132,0.0,1.9994770464134417,1
2026-03-05T21:13:33+00:00,1772745213.1233861,81938.07039144327,4096.9035195721635,3.0006617574991434,1.0002205858330477,35.0,0.0,0.0,0.0,0.0,1
2026-03-05T21:13:34+00:00,1772745214.1237266,196541.08528190074,69608.30103733984,2.9989789624313468,1.9993193082875647,35.0,0.0,133.95439365526684,0.0,0.9996596541437823,1
2026-03-05T21:13:35+00:00,1772745215.12337,0.0,65559.38334023404,0.0,1.0003568014562079,35.0,0.0,0.0,0.0,0.0,1
2026-03-05T21:13:36+00:00,1772745216.1237357,192441.61753814138,20472.51250405759,4.998171998060935,3.9985375984487486,35.0,0.0,611.7762525626586,0.0,1.9992687992243743,1
2026-03-05T21:13:37+00:00,1772745217.1235485,12290.300235196264,94225.63513650469,3.000561580858463,4.00074877447795,35.0,1.0001871936194875,480.08985293735407,1.0001871936194875,2.000374387238975,1
2026-03-05T21:13:38+00:00,1772745218.123766,20475.54784306696,4095.109568613392,4.99891304762377,0.999782609524754,35.0,0.999782609524754,0.0,0.999782609524754,0.0,1
2026-03-05T21:13:39+00:00,1772745219.1234088,8194.926826569128,65559.41461255302,2.0007145572678535,1.0003572786339268,35.0,1.0003572786339268,0.0,1.0003572786339268,0.0,1
2026-03-05T21:13:40+00:00,1772745220.123253,61449.566919135614,4096.6377946090415,8.001245692595784,1.000155711574473,35.0,777.1209878933655,120.01868538893675,5.000778557872365,2.000311423148946,1
2026-03-05T21:13:41+00:00,1772745221.1235626,24568.39688416585,77799.92346652519,5.998143770548303,3.9987625136988685,35.0,912.7175437517667,1259.6101918151435,4.998453142123585,8.997215655822455,1
2026-03-05T21:13:42+00:00,1772745222.1232846,98331.33572422373,290896.86818416184,6.001668440199202,11.00305880703187,35.0,1.0002780733665335,148.04115485824698,1.0002780733665335,2.000556146733067,1
2026-03-05T21:13:43+00:00,1772745223.1248596,16358.23589079509,4089.5589726987723,3.993709934276145,0.9984274835690362,35.0,0.0,0.0,0.0,0.0,1
2026-03-05T21:13:44+00:00,1772745224.1237152,8201.385741128306,4100.692870564153,2.002291440705153,1.0011457203525764,35.0,0.0,148.16956661218128,0.0,2.002291440705153,1
2026-03-05T21:13:45+00:00,1772745225.1234176,36874.97201468332,163888.76450970367,9.002678714522295,18.00535742904459,35.0,0.0,184.0547648302336,0.0,2.0005952698938434,1
2026-03-05T21:13:46+00:00,1772745226.1234226,12287.938476870533,0.0,2.99998497970472,0.0,35.0,0.9999949932349067,183.99907875522283,0.9999949932349067,1.9999899864698134,1
2026-03-05T21:13:47+00:00,1772745227.1236846,25163326.654359546,4094.9270389519197,12.996594606048573,0.999738046619121,35.0,0.999738046619121,0.0,0.999738046619121,0.0,1
2026-03-05T21:13:48+00:00,1772745228.1233306,29411501.188759163,102436.26772345765,17.00602100877715,8.002833415895129,35.0,7452.638618552339,5851.071581196326,4.001416707947564,15.005312654803367,1
2026-03-05T21:13:49+00:00,1772745229.1235359,33559830.89172416,102378.98380635804,19.995895274679302,2.9993842912018955,35.0,0.9997947637339651,0.0,0.9997947637339651,0.0,1
2026-03-05T21:13:50+00:00,1772745230.123765,29361592.664415717,0.0,15.996334915672788,0.0,35.0,0.9997709322295493,0.0,0.9997709322295493,0.0,1
2026-03-05T21:13:51+00:00,1772745231.123766,29360100.000026703,4095.9960937537253,13.999986648572303,0.9999990463265931,35.0,0.9999990463265931,0.0,0.9999990463265931,0.0,1
2026-03-05T21:13:52+00:00,1772745232.1234608,33814607.39923072,127014.7618291715,20.006105378838758,3.0009158068258137,35.0,0.0,0.0,0.0,0.0,1
2026-03-05T21:13:53+00:00,1772745233.1234365,29360842.01736397,16384.398447189717,14.000340470010743,3.000072957859445,35.0,0.0,0.0,0.0,0.0,1
2026-03-05T21:13:54+00:00,1772745234.1237166,29351905.303521242,0.0,13.996079112778302,0.0,35.0,0.0,59.9831961976213,0.0,0.9997199366270216,1
2026-03-05T21:13:55+00:00,1772745235.123775,33556567.875238076,69627.93285475983,19.99883181719894,1.999883181719894,35.0,0.0,0.0,0.0,0.0,1
2026-03-05T21:13:56+00:00,1772745236.1237316,29361402.05528404,69635.02161548949,14.000607516901034,2.000086788128719,35.0,6036.261926572474,420.01822550703105,3.000130182193079,5.000216970321798,1
2026-03-05T21:13:57+00:00,1772745237.123474,33563082.229427814,98329.34246902681,16.004124750818164,2.0005155938522705,35.0,108.02784206802262,4378.128377145695,2.0005155938522705,7.001804578482948,1
2026-03-05T21:13:58+00:00,1772745238.1233323,29536342.955674093,340016.1533038765,18.00254953251417,10.001416406952316,35.0,390.0552398711404,390.0552398711404,5.000708203476158,5.000708203476158,1
2026-03-05T21:13:59+00:00,1772745239.1233876,29358504.08982352,69628.14865053011,13.999225659286271,1.9998893798980388,35.0,587441.5067831102,0.0,7.999557519592155,0.0,1
2026-03-05T21:14:00+00:00,1772745240.1237123,8713458.512558436,691999.2897661539,11.996104551696918,24.991884482701913,35.0,3450523.5249364465,0.0,10.996429172388842,0.0,1
2026-03-05T21:14:01+00:00,1772745241.1237392,4276108.796072493,180219.14466205912,2.999919178279127,2.999919178279127,35.0,5144157.409714866,0.0,14.999595891395634,0.0,1
2026-03-05T21:14:02+00:00,1772745242.123624,4227558.829498922,389164.81473100546,3.000345508308533,12.001382033234131,35.0,3579232.1706815814,0.0,13.00149720267031,0.0,1
2026-03-05T21:14:03+00:00,1772745243.1233993,4195247.21206116,8193.842211056954,2.0004497585588266,2.0004497585588266,35.0,5115166.036232988,0.0,19.004272706308853,0.0,1
2026-03-05T21:14:04+00:00,1772745244.1238308,4196589.013930508,24565.39910593468,2.998705945548667,2.998705945548667,35.0,4671426.1038589515,0.0,14.993529727743336,0.0,1
2026-03-05T21:14:05+00:00,1772745245.1238537,8388416.004394431,0.0,3.999908449361053,0.0,35.0,6162370.95452222,0.0,5.999862674041579,0.0,1
2026-03-05T21:14:06+00:00,1772745246.1233137,4208864.863129375,4098.2131091814745,3.0016209295762755,1.0005403098587584,35.0,4359354.130054611,4851.6199625051195,5.002701549293793,11.005943408446344,1
2026-03-05T21:14:07+00:00,1772745247.1238277,4274027.019939664,200600.8850354823,3.997944934540065,6.996403635445113,35.0,5617152.612478136,59.96917401810097,9.994862336350161,0.9994862336350162,1
2026-03-05T21:14:08+00:00,1772745248.1235087,8481425.609194065,135211.13290019523,6.001914635129404,7.002233740984305,35.0,7441924.003962827,60.01914635129405,11.00351016440391,1.0003191058549008,1
2026-03-05T21:14:09+00:00,1772745249.1235838,4198084.7160612205,0.0,2.999774711362343,0.0,35.0,5383277.7058722135,0.0,6.999474326512134,0.0,1
2026-03-05T21:14:10+00:00,1772745250.1236632,4243119.124401945,4095.6748305038077,4.999603064579843,0.9999206129159687,35.0,4589807.599629718,4299.658635538665,3.9996824516638747,20.99833287123534,1
2026-03-05T21:14:11+00:00,1772745251.1232212,8605403.829836968,483541.7390098868,5.002211117604265,5.002211117604265,35.0,5920807.162818877,707.312652029243,12.005306682250236,6.002653341125118,1
2026-03-05T21:14:12+00:00,1772745252.1235838,4340186.09809513,278427.0327079895,3.998549987189647,4.998187483987058,35.0,4348001.264045092,411.85064868053365,5.99782498078447,5.99782498078447,1
2026-03-05T21:14:13+00:00,1772745253.1235492,4194449.005012924,12288.4248193738,2.000069143778288,3.0001037156674317,35.0,4349770.374580458,1905.065859448819,6.0002074313348635,14.000484006448016,1
2026-03-05T21:14:14+00:00,1772745254.1235118,4210845.619181206,24576.919956310543,3.0001122993543143,6.000224598708629,35.0,5888809.428247508,10052.37627770319,11.000411764299153,25.00093582795262,1
2026-03-05T21:14:15+00:00,1772745255.1236684,8809116.131183103,16381.433995691497,16.99733751994357,3.9993735341043695,35.0,7177929.641876528,3425.4634319603924,12.9979639858392,13.997807369365294,1
